elapsed_s,timestamp,raw,mv,phase,cycle_index,det_phase,event
0.000,14:59:51.588,27.0,967.0,,,unknown,
0.000,14:59:51.588,1055.0,966.0,,,unknown,
0.001,14:59:51.588,1129.0,967.0,,,unknown,
0.001,14:59:51.588,1132.0,968.0,,,unknown,
0.001,14:59:51.588,1131.0,976.0,,,unknown,
0.001,14:59:51.588,1135.0,972.0,,,unknown,
0.001,14:59:51.589,1139.0,974.0,,,unknown,
0.001,14:59:51.589,1141.0,975.0,,,unknown,
0.007,14:59:51.594,1141.0,978.0,,,unknown,
0.027,14:59:51.614,1077.0,982.0,,,unknown,
0.047,14:59:51.634,1146.0,981.0,,,unknown,
0.067,14:59:51.654,1143.0,981.0,,,unknown,
0.087,14:59:51.674,1149.0,981.0,,,unknown,
0.107,14:59:51.694,1149.0,983.0,,,unknown,
0.127,14:59:51.714,1149.0,992.0,,,unknown,
0.148,14:59:51.735,1151.0,988.0,,,unknown,
0.167,14:59:51.755,1148.0,986.0,,,unknown,
0.187,14:59:51.774,1157.0,989.0,,,unknown,
0.211,14:59:51.798,1158.0,995.0,,,unknown,
0.227,14:59:51.814,1159.0,990.0,,,unknown,
0.247,14:59:51.835,1159.0,993.0,,,unknown,
0.267,14:59:51.854,1161.0,998.0,,,unknown,
0.287,14:59:51.874,1161.0,996.0,,,unknown,
0.307,14:59:51.894,1159.0,995.0,,,unknown,
0.327,14:59:51.915,1132.0,997.0,,,unknown,
0.347,14:59:51.934,1160.0,995.0,,,unknown,
0.367,14:59:51.954,1161.0,997.0,,,unknown,
0.387,14:59:51.975,1164.0,996.0,,,unknown,
0.407,14:59:51.994,1163.0,996.0,,,unknown,
0.427,14:59:52.015,1165.0,994.0,,,unknown,
0.447,14:59:52.034,1164.0,997.0,,,unknown,
0.467,14:59:52.054,1165.0,998.0,,,unknown,
0.487,14:59:52.075,1165.0,997.0,,,unknown,
0.507,14:59:52.095,1165.0,998.0,,,unknown,
0.527,14:59:52.115,1167.0,1003.0,,,unknown,
0.547,14:59:52.134,1165.0,999.0,,,unknown,
0.567,14:59:52.154,1171.0,1000.0,,,unknown,
0.587,14:59:52.175,1167.0,1001.0,,,unknown,
0.607,14:59:52.195,1167.0,1001.0,,,unknown,
0.627,14:59:52.215,1171.0,1006.0,,,unknown,
0.647,14:59:52.234,1170.0,1001.0,,,unknown,
0.667,14:59:52.254,1172.0,1002.0,,,unknown,
0.687,14:59:52.274,1171.0,1002.0,,,unknown,
0.707,14:59:52.294,1169.0,1002.0,,,unknown,
0.727,14:59:52.314,1170.0,1001.0,,,unknown,
0.747,14:59:52.334,1171.0,1003.0,,,unknown,
0.767,14:59:52.354,1171.0,1001.0,,,unknown,
0.787,14:59:52.374,1172.0,1007.0,,,unknown,
0.807,14:59:52.394,1171.0,1003.0,,,unknown,
0.827,14:59:52.414,1172.0,999.0,,,unknown,
0.847,14:59:52.434,1169.0,1003.0,,,unknown,
0.867,14:59:52.454,1069.0,1003.0,,,unknown,
0.887,14:59:52.475,1171.0,1000.0,,,unknown,
0.907,14:59:52.495,1171.0,1001.0,,,unknown,
0.927,14:59:52.515,1169.0,1000.0,,,unknown,
0.947,14:59:52.535,1167.0,1001.0,,,unknown,
0.967,14:59:52.554,1167.0,999.0,,,unknown,
0.987,14:59:52.575,1165.0,999.0,,,unknown,
1.007,14:59:52.594,1167.0,996.0,,,unknown,
1.027,14:59:52.614,1165.0,998.0,,,unknown,
1.047,14:59:52.634,1163.0,999.0,,,unknown,
1.067,14:59:52.654,1163.0,996.0,,,unknown,
1.087,14:59:52.675,1162.0,996.0,,,unknown,
1.107,14:59:52.694,1163.0,995.0,,,unknown,
1.127,14:59:52.715,1161.0,996.0,,,unknown,
1.147,14:59:52.734,1161.0,993.0,,,unknown,
1.167,14:59:52.754,1163.0,994.0,,,unknown,
1.187,14:59:52.774,1159.0,994.0,,,unknown,
1.210,14:59:52.798,1161.0,993.0,,,unknown,
1.227,14:59:52.814,1159.0,993.0,,,unknown,
1.247,14:59:52.834,1159.0,993.0,,,unknown,
1.267,14:59:52.854,1160.0,992.0,,,unknown,
1.287,14:59:52.874,1157.0,988.0,,,unknown,
1.307,14:59:52.895,1157.0,990.0,,,unknown,
1.327,14:59:52.915,1157.0,993.0,,,unknown,
1.347,14:59:52.934,1159.0,989.0,,,unknown,
1.367,14:59:52.954,1159.0,991.0,,,unknown,
1.387,14:59:52.975,1159.0,992.0,,,unknown,
1.407,14:59:52.994,1159.0,993.0,,,unknown,
1.427,14:59:53.015,1135.0,993.0,,,unknown,
1.447,14:59:53.034,1160.0,992.0,,,unknown,
1.467,14:59:53.055,1161.0,992.0,,,unknown,
1.487,14:59:53.074,1159.0,992.0,,,unknown,
1.507,14:59:53.094,1157.0,989.0,,,unknown,
1.527,14:59:53.114,1149.0,986.0,,,unknown,
1.547,14:59:53.134,1158.0,998.0,,,unknown,
1.567,14:59:53.154,1158.0,989.0,,,unknown,
1.587,14:59:53.175,1160.0,987.0,,,unknown,
1.607,14:59:53.195,1157.0,990.0,,,unknown,
1.627,14:59:53.215,1157.0,994.0,,,unknown,
1.647,14:59:53.234,1174.0,989.0,,,unknown,
1.667,14:59:53.254,1157.0,990.0,,,unknown,
1.687,14:59:53.274,1157.0,988.0,,,unknown,
1.707,14:59:53.295,1151.0,988.0,,,unknown,
1.727,14:59:53.315,1151.0,993.0,,,unknown,
1.747,14:59:53.334,1151.0,983.0,,,unknown,
1.767,14:59:53.355,1151.0,985.0,,,unknown,
1.787,14:59:53.374,1149.0,986.0,,,unknown,
1.807,14:59:53.395,1157.0,985.0,,,unknown,
1.827,14:59:53.414,1150.0,985.0,,,unknown,
1.847,14:59:53.435,1149.0,984.0,,,unknown,
1.867,14:59:53.454,1149.0,984.0,,,unknown,
1.887,14:59:53.475,1148.0,982.0,,,unknown,
1.907,14:59:53.494,1146.0,983.0,,,unknown,
1.927,14:59:53.514,1147.0,983.0,,,unknown,
1.947,14:59:53.535,1149.0,983.0,,,unknown,
1.967,14:59:53.555,1149.0,983.0,,,unknown,
1.987,14:59:53.575,1149.0,982.0,,,unknown,
2.007,14:59:53.595,1149.0,983.0,,,unknown,
2.027,14:59:53.615,1148.0,980.0,,,unknown,
2.048,14:59:53.636,1147.0,983.0,,,unknown,
2.067,14:59:53.654,1146.0,982.0,,,unknown,
2.087,14:59:53.674,1147.0,985.0,,,unknown,
2.107,14:59:53.695,1146.0,981.0,,,unknown,
2.127,14:59:53.715,1144.0,982.0,,,unknown,
2.147,14:59:53.735,1145.0,982.0,,,unknown,
2.167,14:59:53.754,1146.0,980.0,,,unknown,
2.187,14:59:53.775,1145.0,981.0,,,unknown,
2.211,14:59:53.798,1144.0,980.0,,,unknown,
2.227,14:59:53.814,1145.0,981.0,,,unknown,
2.256,14:59:53.844,1143.0,979.0,,,unknown,
2.269,14:59:53.857,1135.0,982.0,,,unknown,
2.287,14:59:53.874,1143.0,980.0,,,unknown,
2.307,14:59:53.894,1143.0,979.0,,,unknown,
2.327,14:59:53.914,1143.0,970.0,,,unknown,
2.347,14:59:53.934,1143.0,979.0,,,unknown,
2.367,14:59:53.954,1143.0,979.0,,,unknown,
2.387,14:59:53.974,1143.0,979.0,,,unknown,
2.407,14:59:53.994,1141.0,980.0,,,unknown,
2.427,14:59:54.014,1143.0,977.0,,,unknown,
2.447,14:59:54.034,1143.0,981.0,,,unknown,
2.467,14:59:54.054,1139.0,978.0,,,unknown,
2.487,14:59:54.075,1141.0,983.0,,,unknown,
2.507,14:59:54.095,1141.0,977.0,,,unknown,
2.527,14:59:54.115,1143.0,977.0,,,unknown,
2.547,14:59:54.135,1139.0,978.0,,,unknown,
2.567,14:59:54.154,1141.0,977.0,,,unknown,
2.587,14:59:54.175,1135.0,976.0,,,unknown,
2.607,14:59:54.195,1141.0,980.0,,,unknown,
2.627,14:59:54.215,1140.0,975.0,,,unknown,
2.647,14:59:54.235,1136.0,976.0,,,unknown,
2.667,14:59:54.254,1135.0,974.0,,,unknown,
2.687,14:59:54.274,1139.0,975.0,,,unknown,
2.707,14:59:54.295,1139.0,974.0,,,unknown,
2.727,14:59:54.315,1135.0,974.0,,,unknown,
2.747,14:59:54.335,1135.0,973.0,,,unknown,
2.767,14:59:54.354,1135.0,974.0,,,unknown,
2.787,14:59:54.374,1135.0,973.0,,,unknown,
2.807,14:59:54.395,1142.0,972.0,,,unknown,
2.827,14:59:54.415,1127.0,974.0,,,unknown,
2.847,14:59:54.435,1135.0,974.0,,,unknown,
2.867,14:59:54.455,1135.0,975.0,,,unknown,
2.887,14:59:54.474,1139.0,975.0,,,unknown,
2.907,14:59:54.495,1139.0,973.0,,,unknown,
2.927,14:59:54.515,1145.0,984.0,,,unknown,
2.947,14:59:54.535,1141.0,978.0,,,unknown,
2.967,14:59:54.554,1143.0,981.0,,,unknown,
2.987,14:59:54.575,1145.0,981.0,,,unknown,
3.007,14:59:54.595,1144.0,982.0,,,unknown,
3.027,14:59:54.615,1144.0,981.0,,,unknown,
3.047,14:59:54.634,1139.0,982.0,,,unknown,
3.067,14:59:54.655,1147.0,982.0,,,unknown,
3.087,14:59:54.675,1149.0,984.0,,,unknown,
3.107,14:59:54.695,1150.0,983.0,,,unknown,
3.127,14:59:54.714,1149.0,981.0,,,unknown,
3.147,14:59:54.735,1158.0,987.0,,,unknown,
3.167,14:59:54.754,1159.0,983.0,,,unknown,
3.187,14:59:54.775,1157.0,989.0,,,unknown,
3.211,14:59:54.799,1158.0,992.0,,,unknown,
3.227,14:59:54.814,1159.0,981.0,,,unknown,
3.247,14:59:54.835,1160.0,995.0,,,unknown,
3.267,14:59:54.855,1161.0,993.0,,,unknown,
3.287,14:59:54.875,1163.0,994.0,,,unknown,
3.307,14:59:54.895,1161.0,994.0,,,unknown,
3.327,14:59:54.915,1162.0,997.0,,,unknown,
3.347,14:59:54.935,1163.0,996.0,,,unknown,
3.367,14:59:54.955,1171.0,994.0,,,unknown,
3.387,14:59:54.975,1165.0,997.0,,,unknown,
3.407,14:59:54.995,1165.0,999.0,,,unknown,
3.427,14:59:55.015,1167.0,998.0,,,unknown,
3.447,14:59:55.035,1167.0,998.0,,,unknown,
3.467,14:59:55.054,1167.0,999.0,,,unknown,
3.487,14:59:55.075,1171.0,1002.0,,,unknown,
3.507,14:59:55.095,1170.0,1002.0,,,unknown,
3.527,14:59:55.115,1172.0,1002.0,,,unknown,
3.547,14:59:55.135,1171.0,1002.0,,,unknown,
3.567,14:59:55.155,1171.0,1001.0,,,unknown,
3.587,14:59:55.175,1171.0,1005.0,,,unknown,
3.607,14:59:55.195,1173.0,1006.0,,,unknown,
3.627,14:59:55.215,1174.0,1003.0,,,unknown,
3.647,14:59:55.235,1171.0,994.0,,,unknown,
3.667,14:59:55.255,1174.0,1004.0,,,unknown,
3.687,14:59:55.275,1175.0,1004.0,,,unknown,
3.707,14:59:55.295,1173.0,1004.0,,,unknown,
3.727,14:59:55.315,1172.0,999.0,,,unknown,
3.747,14:59:55.335,1175.0,1003.0,,,unknown,
3.767,14:59:55.355,1173.0,1002.0,,,unknown,
3.787,14:59:55.375,1169.0,1000.0,,,unknown,
3.807,14:59:55.395,1171.0,1001.0,,,unknown,
3.827,14:59:55.415,1171.0,997.0,,,unknown,
3.847,14:59:55.435,1169.0,1003.0,,,unknown,
3.867,14:59:55.454,1165.0,999.0,,,unknown,
3.887,14:59:55.475,1167.0,1000.0,,,unknown,
3.907,14:59:55.495,1167.0,1000.0,,,unknown,
3.927,14:59:55.515,1173.0,999.0,,,unknown,
3.947,14:59:55.535,1171.0,999.0,,,unknown,
3.967,14:59:55.554,1163.0,999.0,,,unknown,
3.987,14:59:55.574,1165.0,995.0,,,unknown,
4.007,14:59:55.594,1164.0,998.0,,,unknown,
4.027,14:59:55.614,1164.0,998.0,,,unknown,
4.047,14:59:55.634,1166.0,997.0,,,unknown,
4.067,14:59:55.654,1163.0,997.0,,,unknown,
4.087,14:59:55.674,1163.0,995.0,,,unknown,
4.107,14:59:55.694,1163.0,995.0,,,unknown,
4.127,14:59:55.714,1163.0,996.0,,,unknown,
4.147,14:59:55.734,1163.0,995.0,,,unknown,
4.167,14:59:55.754,1163.0,996.0,,,unknown,
4.187,14:59:55.774,1147.0,995.0,,,unknown,
4.211,14:59:55.799,1161.0,995.0,,,unknown,
4.227,14:59:55.815,1161.0,995.0,,,unknown,
4.247,14:59:55.834,1160.0,990.0,,,unknown,
4.267,14:59:55.854,1158.0,997.0,,,unknown,
4.287,14:59:55.875,1161.0,996.0,,,unknown,
4.307,14:59:55.895,1161.0,994.0,,,unknown,
4.327,14:59:55.914,1161.0,995.0,,,unknown,
4.347,14:59:55.935,1159.0,992.0,,,unknown,
4.367,14:59:55.954,1160.0,994.0,,,unknown,
4.387,14:59:55.975,1159.0,993.0,,,unknown,
4.407,14:59:55.994,1160.0,992.0,,,unknown,
4.427,14:59:56.015,1148.0,993.0,,,unknown,
4.447,14:59:56.035,1159.0,994.0,,,unknown,
4.467,14:59:56.054,1161.0,994.0,,,unknown,
4.487,14:59:56.074,1159.0,992.0,,,unknown,
4.507,14:59:56.095,1160.0,994.0,,,unknown,
4.527,14:59:56.115,1159.0,1001.0,,,unknown,
4.547,14:59:56.135,1159.0,993.0,,,unknown,
4.567,14:59:56.154,1159.0,993.0,,,unknown,
4.587,14:59:56.174,1160.0,992.0,,,unknown,
4.607,14:59:56.195,1159.0,992.0,,,unknown,
4.627,14:59:56.215,1159.0,992.0,,,unknown,
4.647,14:59:56.235,1160.0,990.0,,,unknown,
4.667,14:59:56.254,1159.0,991.0,,,unknown,
4.687,14:59:56.274,1159.0,992.0,,,unknown,
4.707,14:59:56.295,1161.0,993.0,,,unknown,
4.727,14:59:56.315,1161.0,993.0,,,unknown,
4.748,14:59:56.336,1159.0,989.0,,,unknown,
4.767,14:59:56.354,1159.0,991.0,,,unknown,
4.787,14:59:56.375,1158.0,990.0,,,unknown,
4.807,14:59:56.395,1159.0,991.0,,,unknown,
4.827,14:59:56.415,1159.0,989.0,,,unknown,
4.847,14:59:56.435,1223.0,989.0,,,unknown,
4.867,14:59:56.454,1151.0,988.0,,,unknown,
4.887,14:59:56.475,1151.0,988.0,,,unknown,
4.907,14:59:56.495,1157.0,988.0,,,unknown,
4.927,14:59:56.514,1150.0,991.0,,,unknown,
4.947,14:59:56.535,1151.0,987.0,,,unknown,
4.968,14:59:56.556,1151.0,988.0,,,unknown,
4.987,14:59:56.575,1151.0,982.0,,,unknown,
5.007,14:59:56.595,1149.0,987.0,,,unknown,
5.027,14:59:56.615,1150.0,985.0,,,unknown,
5.047,14:59:56.634,1149.0,984.0,,,unknown,
5.067,14:59:56.654,1150.0,983.0,,,unknown,
5.087,14:59:56.675,1150.0,985.0,,,unknown,
5.107,14:59:56.695,1147.0,983.0,,,unknown,
5.127,14:59:56.715,1149.0,990.0,,,unknown,
5.147,14:59:56.735,1147.0,983.0,,,unknown,
5.167,14:59:56.755,1147.0,983.0,,,unknown,
5.187,14:59:56.775,1149.0,981.0,,,unknown,
5.211,14:59:56.799,1149.0,982.0,,,unknown,
5.227,14:59:56.815,1143.0,982.0,,,unknown,
5.247,14:59:56.835,1149.0,980.0,,,unknown,
5.267,14:59:56.854,1145.0,978.0,,,unknown,
5.287,14:59:56.875,1138.0,982.0,,,unknown,
5.307,14:59:56.895,1147.0,982.0,,,unknown,
5.327,14:59:56.915,1147.0,981.0,,,unknown,
5.347,14:59:56.934,1146.0,981.0,,,unknown,
5.367,14:59:56.955,1147.0,980.0,,,unknown,
5.387,14:59:56.975,1143.0,981.0,,,unknown,
5.407,14:59:56.995,1145.0,980.0,,,unknown,
5.427,14:59:57.015,1144.0,983.0,,,unknown,
5.447,14:59:57.035,1145.0,990.0,,,unknown,
5.467,14:59:57.054,1116.0,981.0,,,unknown,
5.487,14:59:57.075,1144.0,982.0,,,unknown,
5.507,14:59:57.094,1145.0,980.0,,,unknown,
5.527,14:59:57.115,1145.0,981.0,,,unknown,
5.548,14:59:57.136,1133.0,980.0,,,unknown,
5.567,14:59:57.154,1143.0,986.0,,,unknown,
5.587,14:59:57.174,1145.0,979.0,,,unknown,
5.607,14:59:57.194,1141.0,980.0,,,unknown,
5.627,14:59:57.214,1143.0,980.0,,,unknown,
5.647,14:59:57.234,1143.0,979.0,,,unknown,
5.667,14:59:57.254,1143.0,978.0,,,unknown,
5.687,14:59:57.275,1141.0,978.0,,,unknown,
5.707,14:59:57.295,1141.0,978.0,,,unknown,
5.727,14:59:57.315,1141.0,977.0,,,unknown,
5.747,14:59:57.335,1143.0,977.0,,,unknown,
5.767,14:59:57.355,1141.0,976.0,,,unknown,
5.787,14:59:57.375,1115.0,977.0,,,unknown,
5.807,14:59:57.395,1141.0,978.0,,,unknown,
5.827,14:59:57.414,1139.0,977.0,,,unknown,
5.847,14:59:57.434,1139.0,976.0,,,unknown,
5.867,14:59:57.454,1139.0,976.0,,,unknown,
5.887,14:59:57.475,1141.0,977.0,,,unknown,
5.907,14:59:57.495,1141.0,977.0,,,unknown,
5.927,14:59:57.515,1160.0,978.0,,,unknown,
5.948,14:59:57.535,1141.0,980.0,,,unknown,
5.967,14:59:57.554,1144.0,982.0,,,unknown,
5.987,14:59:57.575,1143.0,981.0,,,unknown,
6.007,14:59:57.595,1145.0,981.0,,,unknown,
6.027,14:59:57.615,1147.0,981.0,,,unknown,
6.047,14:59:57.635,1147.0,982.0,,,unknown,
6.067,14:59:57.654,1145.0,976.0,,,unknown,
6.087,14:59:57.675,1143.0,982.0,,,unknown,
6.107,14:59:57.695,1145.0,983.0,,,unknown,
6.127,14:59:57.715,1148.0,979.0,,,unknown,
6.147,14:59:57.734,1149.0,984.0,,,unknown,
6.167,14:59:57.754,1149.0,984.0,,,unknown,
6.187,14:59:57.775,1151.0,984.0,,,unknown,
6.211,14:59:57.799,1159.0,987.0,,,unknown,
6.227,14:59:57.815,1151.0,983.0,,,unknown,
6.247,14:59:57.835,1151.0,986.0,,,unknown,
6.267,14:59:57.854,1157.0,986.0,,,unknown,
6.287,14:59:57.875,1159.0,992.0,,,unknown,
6.307,14:59:57.895,1158.0,993.0,,,unknown,
6.327,14:59:57.915,1157.0,996.0,,,unknown,
6.347,14:59:57.935,1160.0,994.0,,,unknown,
6.367,14:59:57.955,1159.0,994.0,,,unknown,
6.387,14:59:57.975,1160.0,998.0,,,unknown,
6.407,14:59:57.995,1163.0,994.0,,,unknown,
6.427,14:59:58.015,1162.0,996.0,,,unknown,
6.447,14:59:58.035,1163.0,995.0,,,unknown,
6.467,14:59:58.054,1163.0,995.0,,,unknown,
6.487,14:59:58.075,1163.0,996.0,,,unknown,
6.507,14:59:58.095,1164.0,996.0,,,unknown,
6.527,14:59:58.115,1164.0,997.0,,,unknown,
6.547,14:59:58.134,1163.0,997.0,,,unknown,
6.567,14:59:58.155,1165.0,998.0,,,unknown,
6.587,14:59:58.174,1131.0,998.0,,,unknown,
6.607,14:59:58.195,1166.0,998.0,,,unknown,
6.627,14:59:58.215,1165.0,999.0,,,unknown,
6.647,14:59:58.234,1165.0,998.0,,,unknown,
6.667,14:59:58.254,1147.0,997.0,,,unknown,
6.687,14:59:58.275,1109.0,1000.0,,,unknown,
6.707,14:59:58.295,1165.0,999.0,,,unknown,
6.727,14:59:58.315,1173.0,1002.0,,,unknown,
6.747,14:59:58.335,1171.0,1002.0,,,unknown,
6.767,14:59:58.355,1173.0,1003.0,,,unknown,
6.787,14:59:58.375,1172.0,1004.0,,,unknown,
6.807,14:59:58.395,1173.0,1005.0,,,unknown,
6.827,14:59:58.415,1160.0,1006.0,,,unknown,
6.847,14:59:58.435,1173.0,1005.0,,,unknown,
6.867,14:59:58.455,1175.0,1000.0,,,unknown,
6.887,14:59:58.475,1173.0,1001.0,,,unknown,
6.907,14:59:58.495,1174.0,1004.0,,,unknown,
6.927,14:59:58.515,1171.0,1005.0,,,unknown,
6.947,14:59:58.535,1171.0,1002.0,,,unknown,
6.967,14:59:58.555,1171.0,1003.0,,,unknown,
6.987,14:59:58.575,1170.0,1000.0,,,unknown,
7.007,14:59:58.595,1170.0,997.0,,,unknown,
7.027,14:59:58.615,1166.0,998.0,,,unknown,
7.047,14:59:58.635,1165.0,998.0,,,unknown,
7.067,14:59:58.654,1162.0,997.0,,,unknown,
7.087,14:59:58.675,1165.0,996.0,,,unknown,
7.107,14:59:58.695,1163.0,996.0,,,unknown,
7.127,14:59:58.715,1163.0,989.0,,,unknown,
7.147,14:59:58.735,1162.0,995.0,,,unknown,
7.167,14:59:58.754,1163.0,997.0,,,unknown,
7.187,14:59:58.775,1162.0,994.0,,,unknown,
7.211,14:59:58.799,1163.0,994.0,,,unknown,
7.227,14:59:58.815,1157.0,996.0,,,unknown,
7.247,14:59:58.834,1161.0,989.0,,,unknown,
7.267,14:59:58.854,1160.0,995.0,,,unknown,
7.287,14:59:58.875,1161.0,995.0,,,unknown,
7.307,14:59:58.895,1161.0,991.0,,,unknown,
7.327,14:59:58.915,1161.0,994.0,,,unknown,
7.347,14:59:58.934,1160.0,993.0,,,unknown,
7.367,14:59:58.954,1160.0,992.0,,,unknown,
7.387,14:59:58.975,1160.0,993.0,,,unknown,
7.407,14:59:58.995,1159.0,991.0,,,unknown,
7.427,14:59:59.015,1159.0,992.0,,,unknown,
7.447,14:59:59.035,1159.0,994.0,,,unknown,
7.467,14:59:59.054,1157.0,991.0,,,unknown,
7.487,14:59:59.075,1160.0,993.0,,,unknown,
7.507,14:59:59.095,1161.0,992.0,,,unknown,
7.527,14:59:59.115,1159.0,993.0,,,unknown,
7.547,14:59:59.135,1159.0,993.0,,,unknown,
7.567,14:59:59.154,1159.0,993.0,,,unknown,
7.587,14:59:59.175,1164.0,991.0,,,unknown,
7.607,14:59:59.195,1173.0,992.0,,,unknown,
7.627,14:59:59.214,1159.0,992.0,,,unknown,
7.647,14:59:59.235,1159.0,991.0,,,unknown,
7.667,14:59:59.254,1159.0,992.0,,,unknown,
7.687,14:59:59.275,1159.0,991.0,,,unknown,
7.707,14:59:59.295,1159.0,996.0,,,unknown,
7.727,14:59:59.314,1160.0,994.0,,,unknown,
7.747,14:59:59.334,1159.0,991.0,,,unknown,
7.767,14:59:59.354,1161.0,994.0,,,unknown,
7.787,14:59:59.375,1161.0,993.0,,,unknown,
7.807,14:59:59.395,1159.0,993.0,,,unknown,
7.827,14:59:59.415,1148.0,992.0,,,unknown,
7.847,14:59:59.434,1159.0,992.0,,,unknown,
7.867,14:59:59.454,1158.0,992.0,,,unknown,
7.887,14:59:59.474,1159.0,992.0,,,unknown,
7.907,14:59:59.495,1157.0,991.0,,,unknown,
7.927,14:59:59.515,1158.0,990.0,,,unknown,
7.947,14:59:59.535,1157.0,990.0,,,unknown,
7.967,14:59:59.554,1152.0,987.0,,,unknown,
7.987,14:59:59.575,1152.0,990.0,,,unknown,
8.007,14:59:59.595,1151.0,989.0,,,unknown,
8.027,14:59:59.615,1157.0,990.0,,,unknown,
8.047,14:59:59.635,1157.0,986.0,,,unknown,
8.067,14:59:59.654,1158.0,987.0,,,unknown,
8.087,14:59:59.675,1159.0,990.0,,,unknown,
8.107,14:59:59.695,1161.0,988.0,,,unknown,
8.127,14:59:59.715,1151.0,983.0,,,unknown,
8.147,14:59:59.735,1151.0,982.0,,,unknown,
8.167,14:59:59.755,1149.0,982.0,,,unknown,
8.187,14:59:59.774,1149.0,985.0,,,unknown,
8.211,14:59:59.798,1151.0,985.0,,,unknown,
8.227,14:59:59.815,1149.0,983.0,,,unknown,
8.247,14:59:59.835,1135.0,987.0,,,unknown,
8.267,14:59:59.854,1149.0,984.0,,,unknown,
8.287,14:59:59.875,1149.0,983.0,,,unknown,
8.307,14:59:59.895,1149.0,983.0,,,unknown,
8.327,14:59:59.915,1151.0,983.0,,,unknown,
8.347,14:59:59.935,1149.0,985.0,,,unknown,
8.367,14:59:59.954,1149.0,982.0,,,unknown,
8.387,14:59:59.974,1148.0,988.0,,,unknown,
8.407,14:59:59.995,1148.0,981.0,,,unknown,
8.427,15:00:00.015,1141.0,983.0,,,unknown,
8.447,15:00:00.035,1147.0,981.0,,,unknown,
8.467,15:00:00.054,1147.0,987.0,,,unknown,
8.487,15:00:00.075,1145.0,983.0,,,unknown,
8.507,15:00:00.095,1144.0,982.0,,,unknown,
8.527,15:00:00.115,1169.0,980.0,,,unknown,
8.547,15:00:00.134,1145.0,980.0,,,unknown,
8.567,15:00:00.154,1145.0,980.0,,,unknown,
8.587,15:00:00.175,1144.0,986.0,,,unknown,
8.607,15:00:00.195,1145.0,980.0,,,unknown,
8.627,15:00:00.214,1133.0,980.0,,,unknown,
8.647,15:00:00.234,1144.0,979.0,,,unknown,
8.667,15:00:00.254,1141.0,981.0,,,unknown,
8.687,15:00:00.275,1143.0,977.0,,,unknown,
8.707,15:00:00.295,1140.0,977.0,,,unknown,
8.727,15:00:00.315,1142.0,979.0,,,unknown,
8.747,15:00:00.335,1141.0,978.0,,,unknown,
8.767,15:00:00.354,1140.0,977.0,,,unknown,
8.787,15:00:00.375,1141.0,979.0,,,unknown,
8.808,15:00:00.395,1142.0,977.0,,,unknown,
8.827,15:00:00.414,1139.0,976.0,,,unknown,
8.847,15:00:00.434,1172.0,977.0,,,unknown,
8.867,15:00:00.454,1140.0,977.0,,,unknown,
8.887,15:00:00.474,1139.0,976.0,,,unknown,
8.907,15:00:00.494,1107.0,976.0,,,unknown,
8.927,15:00:00.514,1142.0,976.0,,,unknown,
8.947,15:00:00.534,1140.0,977.0,,,unknown,
8.967,15:00:00.554,1139.0,979.0,,,unknown,
8.987,15:00:00.574,1141.0,976.0,,,unknown,
9.007,15:00:00.594,1143.0,977.0,,,unknown,
9.027,15:00:00.614,1145.0,972.0,,,unknown,
9.047,15:00:00.634,1143.0,980.0,,,unknown,
9.067,15:00:00.654,1161.0,981.0,,,unknown,
9.087,15:00:00.674,1143.0,981.0,,,unknown,
9.107,15:00:00.694,1143.0,981.0,,,unknown,
9.127,15:00:00.714,1146.0,980.0,,,unknown,
9.147,15:00:00.734,1146.0,982.0,,,unknown,
9.167,15:00:00.754,1147.0,983.0,,,unknown,
9.187,15:00:00.774,1145.0,982.0,,,unknown,
9.211,15:00:00.798,1148.0,983.0,,,unknown,
9.227,15:00:00.815,1149.0,983.0,,,unknown,
9.247,15:00:00.835,1149.0,985.0,,,unknown,
9.267,15:00:00.854,1159.0,986.0,,,unknown,
9.287,15:00:00.874,1157.0,987.0,,,unknown,
9.307,15:00:00.894,1143.0,987.0,,,unknown,
9.327,15:00:00.914,1158.0,988.0,,,unknown,
9.347,15:00:00.934,1151.0,987.0,,,unknown,
9.367,15:00:00.954,1187.0,990.0,,,unknown,
9.387,15:00:00.974,1158.0,989.0,,,unknown,
9.407,15:00:00.995,1161.0,992.0,,,unknown,
9.427,15:00:01.014,1160.0,992.0,,,unknown,
9.475,15:00:01.062,1159.0,990.0,,,unknown,
9.475,15:00:01.063,1159.0,993.0,,,unknown,
9.487,15:00:01.074,1161.0,993.0,,,unknown,
9.507,15:00:01.094,1160.0,994.0,,,unknown,
9.527,15:00:01.114,1159.0,991.0,,,unknown,
9.547,15:00:01.134,1158.0,993.0,,,unknown,
9.567,15:00:01.154,1161.0,994.0,,,unknown,
9.587,15:00:01.174,1163.0,994.0,,,unknown,
9.607,15:00:01.194,1161.0,995.0,,,unknown,
9.627,15:00:01.214,1161.0,992.0,,,unknown,
9.648,15:00:01.235,1157.0,994.0,,,unknown,
9.667,15:00:01.254,1160.0,993.0,,,unknown,
9.687,15:00:01.275,1161.0,994.0,,,unknown,
9.707,15:00:01.294,1163.0,995.0,,,unknown,
9.729,15:00:01.316,1162.0,991.0,,,unknown,
9.748,15:00:01.336,1162.0,994.0,,,unknown,
9.767,15:00:01.354,1162.0,995.0,,,unknown,
9.787,15:00:01.374,1162.0,995.0,,,unknown,
9.807,15:00:01.394,1163.0,995.0,,,unknown,
9.827,15:00:01.414,1165.0,993.0,,,unknown,
9.847,15:00:01.434,1171.0,996.0,,,unknown,
9.867,15:00:01.454,1163.0,998.0,,,unknown,
9.887,15:00:01.475,1163.0,996.0,,,unknown,
9.907,15:00:01.494,1163.0,996.0,,,unknown,
9.927,15:00:01.514,1166.0,996.0,,,unknown,
9.947,15:00:01.535,1151.0,996.0,,,unknown,
9.967,15:00:01.554,1163.0,996.0,,,unknown,
9.987,15:00:01.575,1163.0,997.0,,,unknown,
10.007,15:00:01.594,1165.0,996.0,,,unknown,
10.028,15:00:01.615,1165.0,998.0,,,unknown,
10.047,15:00:01.634,1165.0,995.0,,,unknown,
10.067,15:00:01.654,1161.0,996.0,,,unknown,
10.087,15:00:01.674,1163.0,995.0,,,unknown,
10.107,15:00:01.694,1171.0,995.0,,,unknown,
10.127,15:00:01.715,1157.0,995.0,,,unknown,
10.147,15:00:01.734,1161.0,992.0,,,unknown,
10.167,15:00:01.755,1171.0,1002.0,,,unknown,
10.187,15:00:01.775,1162.0,1000.0,,,unknown,
10.211,15:00:01.799,1163.0,993.0,,,unknown,
10.227,15:00:01.814,1160.0,999.0,,,unknown,
10.247,15:00:01.834,1161.0,993.0,,,unknown,
10.267,15:00:01.854,1163.0,993.0,,,unknown,
10.287,15:00:01.875,1159.0,993.0,,,unknown,
10.307,15:00:01.894,1151.0,993.0,,,unknown,
10.327,15:00:01.915,1159.0,992.0,,,unknown,
10.347,15:00:01.935,1152.0,991.0,,,unknown,
10.367,15:00:01.954,1151.0,990.0,,,unknown,
10.387,15:00:01.975,1151.0,986.0,,,unknown,
10.407,15:00:01.995,1149.0,987.0,,,unknown,
10.427,15:00:02.015,1149.0,993.0,,,unknown,
10.447,15:00:02.035,1151.0,986.0,,,unknown,
10.467,15:00:02.054,1149.0,978.0,,,unknown,
10.487,15:00:02.075,1149.0,985.0,,,unknown,
10.507,15:00:02.095,1150.0,984.0,,,unknown,
10.527,15:00:02.115,1151.0,980.0,,,unknown,
10.547,15:00:02.135,1149.0,983.0,,,unknown,
10.567,15:00:02.154,1149.0,984.0,,,unknown,
10.587,15:00:02.174,1149.0,983.0,,,unknown,
10.607,15:00:02.194,1147.0,983.0,,,unknown,
10.627,15:00:02.214,1149.0,990.0,,,unknown,
10.647,15:00:02.235,1147.0,984.0,,,unknown,
10.667,15:00:02.254,1173.0,983.0,,,unknown,
10.687,15:00:02.274,1147.0,984.0,,,unknown,
10.707,15:00:02.294,1147.0,983.0,,,unknown,
10.727,15:00:02.314,1149.0,984.0,,,unknown,
10.747,15:00:02.334,1117.0,984.0,,,unknown,
10.767,15:00:02.354,1148.0,983.0,,,unknown,
10.787,15:00:02.375,1148.0,983.0,,,unknown,
10.807,15:00:02.394,1147.0,984.0,,,unknown,
10.827,15:00:02.415,1151.0,982.0,,,unknown,
10.848,15:00:02.436,1147.0,981.0,,,unknown,
10.867,15:00:02.454,1149.0,983.0,,,unknown,
10.887,15:00:02.475,1149.0,982.0,,,unknown,
10.907,15:00:02.494,1163.0,983.0,,,unknown,
10.927,15:00:02.515,1149.0,982.0,,,unknown,
10.947,15:00:02.534,1149.0,983.0,,,unknown,
10.967,15:00:02.554,1148.0,983.0,,,unknown,
10.987,15:00:02.575,1151.0,985.0,,,unknown,
11.007,15:00:02.595,1149.0,984.0,,,unknown,
11.027,15:00:02.615,1149.0,983.0,,,unknown,
11.047,15:00:02.635,1149.0,983.0,,,unknown,
11.067,15:00:02.654,1143.0,982.0,,,unknown,
11.087,15:00:02.675,1148.0,982.0,,,unknown,
11.107,15:00:02.695,1147.0,985.0,,,unknown,
11.127,15:00:02.714,1156.0,983.0,,,unknown,
11.147,15:00:02.734,1149.0,983.0,,,unknown,
11.167,15:00:02.754,1146.0,982.0,,,unknown,
11.187,15:00:02.774,1148.0,979.0,,,unknown,
11.211,15:00:02.799,1147.0,989.0,,,unknown,
11.227,15:00:02.815,1149.0,983.0,,,unknown,
11.247,15:00:02.835,1143.0,984.0,,,unknown,
11.267,15:00:02.854,1147.0,981.0,,,unknown,
11.287,15:00:02.875,1145.0,982.0,,,unknown,
11.307,15:00:02.894,1147.0,982.0,,,unknown,
11.327,15:00:02.915,1147.0,980.0,,,unknown,
11.347,15:00:02.934,1147.0,982.0,,,unknown,
11.367,15:00:02.954,1147.0,985.0,,,unknown,
11.387,15:00:02.975,1145.0,980.0,,,unknown,
11.407,15:00:02.995,1149.0,981.0,,,unknown,
11.427,15:00:03.015,1146.0,983.0,,,unknown,
11.447,15:00:03.034,1215.0,978.0,,,unknown,
11.467,15:00:03.054,1145.0,977.0,,,unknown,
11.487,15:00:03.074,1144.0,982.0,,,unknown,
11.507,15:00:03.095,1144.0,981.0,,,unknown,
11.527,15:00:03.114,1144.0,981.0,,,unknown,
11.547,15:00:03.134,1143.0,981.0,,,unknown,
11.567,15:00:03.154,1144.0,980.0,,,unknown,
11.587,15:00:03.175,1141.0,979.0,,,unknown,
11.607,15:00:03.195,1159.0,983.0,,,unknown,
11.627,15:00:03.215,1159.0,980.0,,,unknown,
11.647,15:00:03.235,1143.0,979.0,,,unknown,
11.667,15:00:03.255,1144.0,978.0,,,unknown,
11.687,15:00:03.275,1141.0,979.0,,,unknown,
11.707,15:00:03.294,1141.0,978.0,,,unknown,
11.727,15:00:03.315,1143.0,977.0,,,unknown,
11.747,15:00:03.335,1135.0,977.0,,,unknown,
11.767,15:00:03.354,1142.0,977.0,,,unknown,
11.787,15:00:03.375,1141.0,976.0,,,unknown,
11.807,15:00:03.395,1144.0,978.0,,,unknown,
11.827,15:00:03.415,1136.0,975.0,,,unknown,
11.847,15:00:03.435,1138.0,973.0,,,unknown,
11.867,15:00:03.454,1139.0,980.0,,,unknown,
11.887,15:00:03.475,1141.0,980.0,,,unknown,
11.907,15:00:03.494,1135.0,975.0,,,unknown,
11.927,15:00:03.515,1135.0,974.0,,,unknown,
11.947,15:00:03.535,1139.0,974.0,,,unknown,
11.967,15:00:03.554,1135.0,973.0,,,unknown,
11.987,15:00:03.575,1135.0,973.0,,,unknown,
12.007,15:00:03.595,1139.0,972.0,,,exhale,
12.027,15:00:03.615,1135.0,973.0,,,exhale,
12.047,15:00:03.634,1142.0,973.0,,,exhale,
12.067,15:00:03.654,1138.0,973.0,,,exhale,
12.087,15:00:03.674,1116.0,973.0,,,exhale,
12.107,15:00:03.694,1135.0,975.0,,,exhale,
12.127,15:00:03.714,1143.0,972.0,,,exhale,
12.148,15:00:03.736,1141.0,976.0,,,exhale,
12.167,15:00:03.754,1140.0,978.0,,,exhale,
12.187,15:00:03.774,1141.0,981.0,,,exhale,
12.211,15:00:03.799,1142.0,978.0,,,exhale,
12.227,15:00:03.815,1143.0,979.0,,,exhale,
12.247,15:00:03.835,1143.0,980.0,,,exhale,
12.267,15:00:03.855,1140.0,981.0,,,exhale,
12.287,15:00:03.875,1144.0,981.0,,,exhale,
12.307,15:00:03.894,1145.0,982.0,,,exhale,
12.327,15:00:03.915,1144.0,981.0,,,exhale,
12.347,15:00:03.935,1146.0,983.0,,,exhale,
12.367,15:00:03.955,1147.0,983.0,,,exhale,
12.387,15:00:03.974,1147.0,979.0,,,exhale,
12.407,15:00:03.995,1147.0,984.0,,,exhale,
12.427,15:00:04.014,1150.0,985.0,,,exhale,
12.448,15:00:04.035,1148.0,983.0,,,exhale,
12.467,15:00:04.054,1151.0,986.0,,,exhale,
12.487,15:00:04.075,1151.0,987.0,,,exhale,
12.507,15:00:04.095,1158.0,989.0,,,exhale,
12.527,15:00:04.115,1151.0,987.0,,,exhale,
12.547,15:00:04.135,1158.0,989.0,,,exhale,
12.567,15:00:04.154,1160.0,991.0,,,exhale,
12.587,15:00:04.175,1159.0,993.0,,,exhale,
12.607,15:00:04.195,1159.0,992.0,,,exhale,
12.627,15:00:04.215,1160.0,994.0,,,exhale,
12.647,15:00:04.235,1160.0,993.0,,,exhale,
12.667,15:00:04.254,1159.0,993.0,,,exhale,
12.687,15:00:04.275,1163.0,990.0,,,exhale,
12.707,15:00:04.295,1159.0,994.0,,,exhale,
12.727,15:00:04.315,1162.0,995.0,,,exhale,
12.747,15:00:04.335,1161.0,996.0,,,exhale,
12.768,15:00:04.355,1162.0,994.0,,,exhale,
12.787,15:00:04.375,1176.0,995.0,,,exhale,
12.807,15:00:04.395,1161.0,995.0,,,exhale,
12.827,15:00:04.415,1163.0,995.0,,,exhale,
12.847,15:00:04.435,1171.0,994.0,,,exhale,
12.867,15:00:04.454,1159.0,995.0,,,exhale,
12.888,15:00:04.476,1160.0,998.0,,,exhale,
12.908,15:00:04.496,1161.0,992.0,,,exhale,
12.927,15:00:04.514,1161.0,993.0,,,exhale,
12.947,15:00:04.534,1160.0,993.0,,,exhale,
12.967,15:00:04.554,1157.0,990.0,,,exhale,
12.987,15:00:04.574,1158.0,990.0,,,exhale,
13.007,15:00:04.594,1158.0,991.0,,,exhale,
13.027,15:00:04.614,1159.0,991.0,,,exhale,
13.047,15:00:04.634,1157.0,990.0,,,exhale,
13.067,15:00:04.654,1158.0,989.0,,,exhale,
13.087,15:00:04.675,1066.0,992.0,,,exhale,
13.107,15:00:04.694,1151.0,990.0,,,exhale,
13.127,15:00:04.715,1151.0,987.0,,,exhale,
13.147,15:00:04.735,1152.0,987.0,,,exhale,
13.167,15:00:04.754,1151.0,982.0,,,exhale,
13.187,15:00:04.775,1157.0,982.0,,,exhale,
13.211,15:00:04.799,1151.0,985.0,,,exhale,
13.227,15:00:04.814,1151.0,978.0,,,exhale,
13.247,15:00:04.834,1151.0,985.0,,,exhale,
13.267,15:00:04.854,1151.0,982.0,,,exhale,
13.287,15:00:04.875,1150.0,978.0,,,exhale,
13.307,15:00:04.895,1147.0,980.0,,,exhale,
13.327,15:00:04.915,1149.0,981.0,,,exhale,
13.347,15:00:04.935,1148.0,983.0,,,exhale,
13.367,15:00:04.954,1144.0,987.0,,,exhale,
13.387,15:00:04.975,1147.0,983.0,,,exhale,
13.407,15:00:04.995,1148.0,978.0,,,exhale,
13.427,15:00:05.015,1114.0,982.0,,,exhale,
13.447,15:00:05.035,1147.0,982.0,,,exhale,
13.467,15:00:05.054,1145.0,980.0,,,exhale,
13.487,15:00:05.075,1147.0,981.0,,,exhale,
13.507,15:00:05.095,1144.0,982.0,,,exhale,
13.527,15:00:05.115,1147.0,980.0,,,exhale,
13.547,15:00:05.134,1145.0,982.0,,,exhale,
13.567,15:00:05.155,1145.0,981.0,,,exhale,
13.587,15:00:05.175,1144.0,982.0,,,exhale,
13.607,15:00:05.195,1145.0,981.0,,,exhale,
13.627,15:00:05.215,1145.0,982.0,,,exhale,
13.647,15:00:05.234,1144.0,981.0,,,exhale,
13.667,15:00:05.254,1145.0,982.0,,,exhale,
13.687,15:00:05.275,1147.0,981.0,,,exhale,
13.707,15:00:05.295,1144.0,981.0,,,exhale,
13.727,15:00:05.315,1143.0,979.0,,,exhale,
13.747,15:00:05.335,1144.0,982.0,,,exhale,
13.767,15:00:05.355,1141.0,981.0,,,exhale,
13.787,15:00:05.375,1145.0,979.0,,,exhale,
13.807,15:00:05.395,1145.0,981.0,,,exhale,
13.827,15:00:05.415,1144.0,981.0,,,exhale,
13.847,15:00:05.435,1145.0,973.0,,,exhale,
13.867,15:00:05.454,1144.0,981.0,,,exhale,
13.887,15:00:05.475,1142.0,981.0,,,exhale,
13.907,15:00:05.495,1131.0,981.0,,,exhale,
13.927,15:00:05.515,1144.0,980.0,,,exhale,
13.947,15:00:05.535,1145.0,982.0,,,exhale,
13.967,15:00:05.554,1149.0,984.0,,,exhale,
13.987,15:00:05.574,1148.0,981.0,,,exhale,
14.007,15:00:05.594,1145.0,981.0,,,exhale,
14.027,15:00:05.614,1145.0,978.0,,,exhale,
14.047,15:00:05.634,1145.0,981.0,,,exhale,
14.067,15:00:05.654,1148.0,983.0,,,exhale,
14.087,15:00:05.674,1147.0,980.0,,,exhale,
14.107,15:00:05.694,1145.0,982.0,,,exhale,
14.127,15:00:05.714,1147.0,980.0,,,exhale,
14.147,15:00:05.734,1143.0,982.0,,,exhale,
14.167,15:00:05.754,1143.0,986.0,,,exhale,
14.187,15:00:05.774,1145.0,979.0,,,exhale,
14.211,15:00:05.798,1144.0,978.0,,,exhale,
14.227,15:00:05.814,1143.0,981.0,,,exhale,
14.249,15:00:05.837,1148.0,981.0,,,exhale,
14.267,15:00:05.854,1143.0,981.0,,,exhale,
14.287,15:00:05.874,1167.0,980.0,,,exhale,
14.307,15:00:05.895,1143.0,979.0,,,exhale,
14.327,15:00:05.915,1150.0,979.0,,,exhale,
14.347,15:00:05.935,1142.0,979.0,,,exhale,
14.367,15:00:05.954,1130.0,977.0,,,exhale,
14.387,15:00:05.974,1143.0,979.0,,,exhale,
14.407,15:00:05.994,1142.0,977.0,,,exhale,
14.427,15:00:06.015,1139.0,978.0,,,exhale,
14.448,15:00:06.036,1142.0,982.0,,,exhale,
14.467,15:00:06.054,1139.0,976.0,,,exhale,
14.487,15:00:06.075,1144.0,977.0,,,exhale,
14.507,15:00:06.094,1141.0,977.0,,,exhale,
14.527,15:00:06.115,1139.0,977.0,,,exhale,
14.547,15:00:06.134,1141.0,969.0,,,exhale,
14.567,15:00:06.154,1139.0,975.0,,,exhale,
14.587,15:00:06.174,1135.0,976.0,,,exhale,
14.607,15:00:06.195,1139.0,976.0,,,exhale,
14.627,15:00:06.215,1139.0,983.0,,,exhale,
14.647,15:00:06.235,1140.0,975.0,,,exhale,
14.667,15:00:06.254,1140.0,981.0,,,exhale,
14.687,15:00:06.275,1135.0,971.0,,,exhale,
14.707,15:00:06.295,1139.0,972.0,,,exhale,
14.727,15:00:06.315,1135.0,973.0,,,exhale,
14.747,15:00:06.334,1135.0,973.0,,,exhale,
14.767,15:00:06.354,1135.0,971.0,,,exhale,
14.787,15:00:06.374,1134.0,974.0,,,exhale,
14.807,15:00:06.395,1135.0,972.0,,,exhale,
14.827,15:00:06.415,1135.0,974.0,,,exhale,
14.847,15:00:06.435,1132.0,970.0,,,exhale,
14.867,15:00:06.454,1131.0,965.0,,,exhale,
14.887,15:00:06.475,1127.0,970.0,,,exhale,
14.907,15:00:06.495,1133.0,970.0,,,exhale,
14.927,15:00:06.514,1099.0,970.0,,,exhale,
14.947,15:00:06.535,1132.0,971.0,,,exhale,
14.967,15:00:06.554,1132.0,973.0,,,exhale,
14.987,15:00:06.574,1135.0,971.0,,,exhale,
15.007,15:00:06.595,1127.0,972.0,,,exhale,
15.027,15:00:06.615,1135.0,973.0,,,exhale,
15.047,15:00:06.635,1135.0,973.0,,,exhale,
15.067,15:00:06.654,1140.0,974.0,,,exhale,
15.087,15:00:06.674,1139.0,975.0,,,exhale,
15.107,15:00:06.695,1139.0,977.0,,,exhale,
15.127,15:00:06.715,1134.0,976.0,,,exhale,
15.148,15:00:06.735,1141.0,978.0,,,exhale,
15.167,15:00:06.754,1140.0,980.0,,,exhale,
15.187,15:00:06.774,1143.0,979.0,,,exhale,
15.211,15:00:06.799,1134.0,980.0,,,exhale,
15.227,15:00:06.815,1146.0,981.0,,,exhale,
15.247,15:00:06.835,1145.0,982.0,,,exhale,
15.267,15:00:06.854,1145.0,988.0,,,exhale,
15.287,15:00:06.874,1149.0,982.0,,,inhale,inhale_onset
15.307,15:00:06.895,1146.0,982.0,,,inhale,
15.327,15:00:06.914,1148.0,983.0,,,inhale,
15.347,15:00:06.934,1149.0,983.0,,,inhale,
15.367,15:00:06.954,1149.0,982.0,,,inhale,
15.387,15:00:06.974,1150.0,984.0,,,inhale,
15.407,15:00:06.995,1151.0,983.0,,,inhale,
15.427,15:00:07.014,1151.0,988.0,,,inhale,
15.447,15:00:07.035,1156.0,986.0,,,inhale,
15.467,15:00:07.054,1150.0,996.0,,,inhale,
15.487,15:00:07.075,1169.0,992.0,,,inhale,
15.507,15:00:07.095,1159.0,988.0,,,inhale,
15.527,15:00:07.114,1157.0,991.0,,,inhale,
15.547,15:00:07.135,1159.0,984.0,,,inhale,
15.567,15:00:07.154,1157.0,990.0,,,inhale,
15.587,15:00:07.174,1159.0,992.0,,,inhale,
15.607,15:00:07.195,1161.0,987.0,,,inhale,
15.627,15:00:07.215,1157.0,989.0,,,inhale,
15.647,15:00:07.235,1157.0,992.0,,,inhale,
15.667,15:00:07.254,1158.0,988.0,,,inhale,
15.687,15:00:07.275,1159.0,992.0,,,inhale,
15.707,15:00:07.295,1160.0,992.0,,,inhale,
15.727,15:00:07.314,1151.0,992.0,,,inhale,
15.747,15:00:07.335,1151.0,993.0,,,inhale,
15.767,15:00:07.355,1159.0,993.0,,,inhale,
15.787,15:00:07.374,1160.0,993.0,,,inhale,
15.807,15:00:07.395,1160.0,991.0,,,inhale,
15.827,15:00:07.415,1157.0,995.0,,,inhale,
15.847,15:00:07.434,1157.0,990.0,,,inhale,
15.867,15:00:07.454,1159.0,1006.0,,,inhale,
15.887,15:00:07.475,1160.0,994.0,,,inhale,
15.907,15:00:07.495,1159.0,992.0,,,inhale,
15.927,15:00:07.514,1160.0,992.0,,,inhale,
15.947,15:00:07.534,1159.0,992.0,,,inhale,
15.967,15:00:07.555,1159.0,993.0,,,inhale,
15.987,15:00:07.574,1159.0,996.0,,,inhale,
16.007,15:00:07.595,1159.0,993.0,,,inhale,
16.027,15:00:07.614,1159.0,993.0,,,inhale,
16.047,15:00:07.634,1160.0,996.0,,,inhale,
16.067,15:00:07.655,1157.0,991.0,,,inhale,
16.087,15:00:07.674,1159.0,990.0,,,inhale,
16.107,15:00:07.694,1159.0,988.0,,,inhale,
16.127,15:00:07.714,1157.0,989.0,,,inhale,
16.147,15:00:07.734,1160.0,990.0,,,inhale,
16.167,15:00:07.755,1145.0,987.0,,,inhale,
16.187,15:00:07.774,1151.0,987.0,,,inhale,
16.211,15:00:07.799,1151.0,986.0,,,inhale,
16.227,15:00:07.814,1161.0,981.0,,,inhale,
16.247,15:00:07.834,1151.0,987.0,,,inhale,
16.267,15:00:07.854,1150.0,983.0,,,inhale,
16.287,15:00:07.874,1149.0,986.0,,,inhale,
16.307,15:00:07.894,1151.0,985.0,,,inhale,
16.327,15:00:07.914,1149.0,993.0,,,inhale,
16.347,15:00:07.934,1166.0,984.0,,,inhale,
16.367,15:00:07.954,1147.0,983.0,,,inhale,
16.387,15:00:07.974,1147.0,983.0,,,inhale,
16.407,15:00:07.994,1149.0,983.0,,,inhale,
16.427,15:00:08.015,1148.0,982.0,,,inhale,
16.447,15:00:08.034,1149.0,982.0,,,inhale,
16.467,15:00:08.055,1148.0,984.0,,,inhale,
16.487,15:00:08.075,1147.0,986.0,,,exhale,exhale_onset
16.507,15:00:08.095,1146.0,982.0,,,exhale,
16.527,15:00:08.115,1147.0,980.0,,,exhale,
16.547,15:00:08.135,1145.0,982.0,,,exhale,
16.567,15:00:08.154,1147.0,982.0,,,exhale,
16.587,15:00:08.174,1141.0,980.0,,,exhale,
16.607,15:00:08.194,1146.0,984.0,,,exhale,
16.627,15:00:08.214,1147.0,981.0,,,exhale,
16.647,15:00:08.234,1143.0,983.0,,,exhale,
16.667,15:00:08.254,1144.0,987.0,,,exhale,
16.687,15:00:08.274,1140.0,981.0,,,exhale,
16.707,15:00:08.295,1145.0,978.0,,,exhale,
16.727,15:00:08.315,1145.0,981.0,,,exhale,
16.748,15:00:08.336,1145.0,977.0,,,exhale,
16.767,15:00:08.354,1145.0,981.0,,,exhale,
16.787,15:00:08.375,1159.0,981.0,,,exhale,
16.807,15:00:08.395,1145.0,981.0,,,exhale,
16.827,15:00:08.415,1144.0,986.0,,,exhale,
16.847,15:00:08.434,1145.0,980.0,,,exhale,
16.867,15:00:08.454,1144.0,980.0,,,exhale,
16.887,15:00:08.474,1143.0,980.0,,,exhale,
16.907,15:00:08.495,1144.0,981.0,,,exhale,
16.927,15:00:08.514,1145.0,977.0,,,exhale,
16.947,15:00:08.535,1145.0,979.0,,,exhale,
16.970,15:00:08.557,1147.0,981.0,,,exhale,
16.987,15:00:08.574,1144.0,981.0,,,exhale,
17.007,15:00:08.595,1145.0,981.0,,,exhale,
17.027,15:00:08.614,1144.0,983.0,,,exhale,
17.047,15:00:08.635,1079.0,981.0,,,exhale,
17.067,15:00:08.655,1143.0,981.0,,,exhale,
17.087,15:00:08.674,1143.0,981.0,,,exhale,
17.107,15:00:08.695,1145.0,981.0,,,exhale,
17.128,15:00:08.715,1142.0,981.0,,,exhale,
17.147,15:00:08.735,1135.0,985.0,,,exhale,
17.167,15:00:08.755,1146.0,983.0,,,exhale,
17.187,15:00:08.774,1144.0,981.0,,,exhale,
17.211,15:00:08.799,1159.0,981.0,,,exhale,
17.227,15:00:08.814,1145.0,981.0,,,exhale,
17.249,15:00:08.837,1145.0,980.0,,,exhale,
17.267,15:00:08.855,1143.0,980.0,,,exhale,
17.287,15:00:08.874,1143.0,981.0,,,exhale,
17.307,15:00:08.895,1144.0,981.0,,,exhale,
17.327,15:00:08.915,1141.0,979.0,,,exhale,
17.347,15:00:08.935,1144.0,978.0,,,exhale,
17.367,15:00:08.954,1145.0,977.0,,,exhale,
17.387,15:00:08.974,1158.0,980.0,,,exhale,
17.407,15:00:08.995,1135.0,979.0,,,exhale,
17.427,15:00:09.015,1143.0,980.0,,,exhale,
17.447,15:00:09.034,1143.0,983.0,,,exhale,
17.467,15:00:09.054,1143.0,979.0,,,exhale,
17.487,15:00:09.074,1143.0,979.0,,,exhale,
17.507,15:00:09.095,1143.0,982.0,,,exhale,
17.527,15:00:09.114,1141.0,978.0,,,exhale,
17.547,15:00:09.134,1143.0,977.0,,,exhale,
17.567,15:00:09.154,1156.0,988.0,,,exhale,
17.587,15:00:09.175,1135.0,978.0,,,exhale,
17.607,15:00:09.194,1141.0,978.0,,,exhale,
17.627,15:00:09.215,1140.0,977.0,,,exhale,
17.647,15:00:09.235,1139.0,977.0,,,exhale,
17.667,15:00:09.254,1161.0,977.0,,,exhale,
17.687,15:00:09.274,1140.0,975.0,,,exhale,
17.707,15:00:09.295,1139.0,975.0,,,exhale,
17.727,15:00:09.314,1135.0,977.0,,,exhale,
17.747,15:00:09.335,1134.0,973.0,,,exhale,
17.767,15:00:09.355,1139.0,975.0,,,exhale,
17.787,15:00:09.375,1135.0,973.0,,,exhale,
17.807,15:00:09.395,1119.0,972.0,,,exhale,
17.827,15:00:09.414,1135.0,971.0,,,exhale,
17.847,15:00:09.435,1133.0,972.0,,,exhale,
17.867,15:00:09.454,1135.0,977.0,,,exhale,
17.887,15:00:09.475,1133.0,969.0,,,exhale,
17.907,15:00:09.495,1134.0,971.0,,,exhale,
17.927,15:00:09.515,1132.0,973.0,,,exhale,
17.947,15:00:09.535,1135.0,970.0,,,exhale,
17.967,15:00:09.555,1135.0,972.0,,,exhale,
17.987,15:00:09.575,1135.0,971.0,,,exhale,
18.007,15:00:09.595,1135.0,979.0,,,exhale,
18.027,15:00:09.615,1133.0,972.0,,,exhale,
18.047,15:00:09.635,1132.0,971.0,,,exhale,
18.067,15:00:09.654,1052.0,974.0,,,exhale,
18.087,15:00:09.675,1135.0,974.0,,,exhale,
18.107,15:00:09.695,1117.0,974.0,,,exhale,
18.127,15:00:09.715,1136.0,976.0,,,exhale,
18.147,15:00:09.735,1139.0,975.0,,,exhale,
18.167,15:00:09.754,1139.0,975.0,,,exhale,
18.187,15:00:09.775,1141.0,984.0,,,exhale,
18.211,15:00:09.799,1140.0,976.0,,,exhale,
18.227,15:00:09.815,1141.0,975.0,,,exhale,
18.247,15:00:09.834,1143.0,979.0,,,exhale,
18.267,15:00:09.855,1145.0,977.0,,,exhale,
18.287,15:00:09.874,1143.0,980.0,,,exhale,
18.307,15:00:09.895,1143.0,980.0,,,exhale,
18.327,15:00:09.915,1144.0,980.0,,,exhale,
18.347,15:00:09.935,1146.0,980.0,,,exhale,
18.367,15:00:09.954,1147.0,984.0,,,exhale,
18.387,15:00:09.975,1147.0,981.0,,,inhale,inhale_onset
18.407,15:00:09.994,1147.0,982.0,,,inhale,
18.427,15:00:10.014,1146.0,982.0,,,inhale,
18.447,15:00:10.035,1147.0,982.0,,,inhale,
18.467,15:00:10.054,1135.0,986.0,,,inhale,
18.487,15:00:10.075,1146.0,984.0,,,inhale,
18.507,15:00:10.094,1149.0,982.0,,,inhale,
18.527,15:00:10.114,1149.0,982.0,,,inhale,
18.547,15:00:10.135,1147.0,983.0,,,inhale,
18.567,15:00:10.154,1149.0,983.0,,,inhale,
18.587,15:00:10.175,1149.0,985.0,,,inhale,
18.607,15:00:10.195,1145.0,984.0,,,inhale,
18.627,15:00:10.215,1151.0,985.0,,,inhale,
18.647,15:00:10.235,1149.0,987.0,,,inhale,
18.667,15:00:10.254,1151.0,986.0,,,inhale,
18.687,15:00:10.275,1161.0,988.0,,,inhale,
18.707,15:00:10.295,1159.0,988.0,,,inhale,
18.728,15:00:10.315,1158.0,983.0,,,inhale,
18.747,15:00:10.335,1151.0,988.0,,,inhale,
18.767,15:00:10.355,1157.0,986.0,,,inhale,
18.787,15:00:10.375,1159.0,988.0,,,inhale,
18.807,15:00:10.394,1149.0,991.0,,,inhale,
18.827,15:00:10.415,1159.0,991.0,,,inhale,
18.848,15:00:10.435,1159.0,996.0,,,inhale,
18.867,15:00:10.454,1159.0,990.0,,,inhale,
18.887,15:00:10.474,1267.0,991.0,,,inhale,
18.907,15:00:10.494,1159.0,993.0,,,inhale,
18.927,15:00:10.515,1159.0,1001.0,,,inhale,
18.947,15:00:10.534,1160.0,991.0,,,inhale,
18.967,15:00:10.554,1159.0,993.0,,,inhale,
18.987,15:00:10.574,1158.0,993.0,,,inhale,
19.007,15:00:10.594,1159.0,996.0,,,inhale,
19.027,15:00:10.614,1159.0,991.0,,,inhale,
19.047,15:00:10.634,1159.0,991.0,,,inhale,
19.067,15:00:10.654,1151.0,989.0,,,inhale,
19.087,15:00:10.674,1151.0,987.0,,,inhale,
19.107,15:00:10.694,1151.0,988.0,,,inhale,
19.127,15:00:10.714,1151.0,985.0,,,inhale,
19.147,15:00:10.734,1151.0,985.0,,,inhale,
19.167,15:00:10.755,1151.0,986.0,,,inhale,
19.187,15:00:10.774,1159.0,986.0,,,inhale,
19.211,15:00:10.799,1149.0,984.0,,,inhale,
19.227,15:00:10.815,1149.0,983.0,,,inhale,
19.247,15:00:10.834,1149.0,984.0,,,inhale,
19.267,15:00:10.854,1147.0,983.0,,,inhale,
19.287,15:00:10.875,1149.0,984.0,,,inhale,
19.307,15:00:10.895,1147.0,982.0,,,inhale,
19.327,15:00:10.915,1148.0,983.0,,,inhale,
19.347,15:00:10.935,1157.0,982.0,,,inhale,
19.367,15:00:10.955,1147.0,983.0,,,inhale,
19.387,15:00:10.974,1172.0,982.0,,,inhale,
19.407,15:00:10.995,1147.0,982.0,,,inhale,
19.427,15:00:11.015,1145.0,976.0,,,inhale,
19.447,15:00:11.035,1144.0,981.0,,,inhale,
19.467,15:00:11.054,1144.0,981.0,,,inhale,
19.487,15:00:11.075,1145.0,980.0,,,inhale,
19.507,15:00:11.095,1145.0,981.0,,,inhale,
19.527,15:00:11.115,1146.0,979.0,,,inhale,
19.547,15:00:11.135,1145.0,981.0,,,inhale,
19.567,15:00:11.154,1144.0,985.0,,,inhale,
19.587,15:00:11.174,1143.0,979.0,,,inhale,
19.607,15:00:11.194,1144.0,981.0,,,exhale,exhale_onset
19.627,15:00:11.215,1145.0,979.0,,,exhale,
19.647,15:00:11.234,1143.0,975.0,,,exhale,
19.667,15:00:11.254,1141.0,980.0,,,exhale,
19.687,15:00:11.275,1145.0,980.0,,,exhale,
19.707,15:00:11.294,1143.0,980.0,,,exhale,
19.727,15:00:11.314,1143.0,985.0,,,exhale,
19.747,15:00:11.335,1143.0,980.0,,,exhale,
19.767,15:00:11.354,1143.0,980.0,,,exhale,
19.787,15:00:11.375,1143.0,982.0,,,exhale,
19.807,15:00:11.395,1119.0,978.0,,,exhale,
19.827,15:00:11.415,1140.0,980.0,,,exhale,
19.847,15:00:11.435,1143.0,980.0,,,exhale,
19.867,15:00:11.454,1147.0,979.0,,,exhale,
19.887,15:00:11.475,1143.0,980.0,,,exhale,
19.907,15:00:11.495,1145.0,981.0,,,exhale,
19.927,15:00:11.515,1145.0,978.0,,,exhale,
19.947,15:00:11.535,1145.0,982.0,,,exhale,
19.967,15:00:11.554,1142.0,980.0,,,exhale,
19.992,15:00:11.579,1145.0,981.0,,,exhale,
20.007,15:00:11.594,1145.0,980.0,,,exhale,
20.027,15:00:11.614,1143.0,980.0,,,exhale,
20.047,15:00:11.634,1143.0,984.0,,,exhale,
20.067,15:00:11.654,1157.0,981.0,,,exhale,
20.087,15:00:11.674,1142.0,980.0,,,exhale,
20.107,15:00:11.694,1145.0,981.0,,,exhale,
20.127,15:00:11.714,1143.0,982.0,,,exhale,
20.147,15:00:11.734,1145.0,980.0,,,exhale,
20.167,15:00:11.754,1143.0,981.0,,,exhale,
20.187,15:00:11.774,1143.0,981.0,,,exhale,
20.211,15:00:11.799,1145.0,979.0,,,exhale,
20.227,15:00:11.815,1143.0,986.0,,,exhale,
20.247,15:00:11.834,1143.0,982.0,,,exhale,
20.267,15:00:11.855,1139.0,984.0,,,exhale,
20.287,15:00:11.875,1145.0,981.0,,,exhale,
20.307,15:00:11.895,1145.0,977.0,,,exhale,
20.327,15:00:11.915,1147.0,986.0,,,exhale,
20.347,15:00:11.935,1143.0,975.0,,,exhale,
20.367,15:00:11.954,1144.0,980.0,,,exhale,
20.387,15:00:11.974,1143.0,981.0,,,exhale,
20.407,15:00:11.995,1148.0,978.0,,,exhale,
20.427,15:00:12.015,1143.0,976.0,,,exhale,
20.447,15:00:12.034,1145.0,980.0,,,exhale,
20.467,15:00:12.054,1143.0,983.0,,,exhale,
20.487,15:00:12.075,1141.0,978.0,,,exhale,
20.507,15:00:12.095,1141.0,976.0,,,exhale,
20.527,15:00:12.115,1141.0,976.0,,,exhale,
20.547,15:00:12.135,1140.0,978.0,,,exhale,
20.567,15:00:12.154,1139.0,977.0,,,exhale,
20.587,15:00:12.175,1139.0,977.0,,,exhale,
20.607,15:00:12.194,1141.0,975.0,,,exhale,
20.627,15:00:12.215,1141.0,977.0,,,exhale,
20.649,15:00:12.237,1139.0,977.0,,,exhale,
20.667,15:00:12.254,1140.0,977.0,,,exhale,
20.687,15:00:12.275,1139.0,976.0,,,exhale,
20.707,15:00:12.295,1139.0,978.0,,,exhale,
20.727,15:00:12.315,1139.0,977.0,,,exhale,
20.747,15:00:12.335,1139.0,979.0,,,exhale,
20.767,15:00:12.354,1139.0,975.0,,,exhale,
20.787,15:00:12.374,1135.0,971.0,,,exhale,
20.836,15:00:12.424,1137.0,975.0,,,exhale,
20.836,15:00:12.424,1139.0,975.0,,,exhale,
20.847,15:00:12.435,1138.0,975.0,,,exhale,
20.867,15:00:12.454,1135.0,973.0,,,exhale,
20.887,15:00:12.474,1139.0,976.0,,,exhale,
20.907,15:00:12.494,1135.0,974.0,,,exhale,
20.927,15:00:12.514,1135.0,972.0,,,exhale,
20.947,15:00:12.534,1133.0,974.0,,,exhale,
20.967,15:00:12.554,1133.0,975.0,,,exhale,
20.987,15:00:12.575,1133.0,974.0,,,exhale,
21.007,15:00:12.594,1133.0,971.0,,,exhale,
21.027,15:00:12.615,1132.0,971.0,,,exhale,
21.047,15:00:12.635,1135.0,965.0,,,exhale,
21.067,15:00:12.654,1131.0,970.0,,,exhale,
21.087,15:00:12.675,1133.0,971.0,,,exhale,
21.107,15:00:12.695,1131.0,968.0,,,exhale,
21.127,15:00:12.715,1135.0,970.0,,,exhale,
21.147,15:00:12.735,1133.0,971.0,,,exhale,
21.167,15:00:12.754,1131.0,978.0,,,exhale,
21.187,15:00:12.775,1135.0,972.0,,,exhale,
21.211,15:00:12.799,1135.0,972.0,,,exhale,
21.227,15:00:12.815,1139.0,973.0,,,exhale,
21.247,15:00:12.835,1134.0,975.0,,,exhale,
21.267,15:00:12.854,1136.0,974.0,,,exhale,
21.287,15:00:12.875,1139.0,976.0,,,exhale,
21.307,15:00:12.895,1140.0,974.0,,,exhale,
21.327,15:00:12.915,1140.0,976.0,,,exhale,
21.347,15:00:12.935,1141.0,977.0,,,exhale,
21.367,15:00:12.954,1129.0,978.0,,,exhale,
21.387,15:00:12.975,1143.0,984.0,,,exhale,
21.407,15:00:12.995,1143.0,976.0,,,exhale,
21.427,15:00:13.015,1144.0,981.0,,,exhale,
21.447,15:00:13.035,1144.0,981.0,,,exhale,
21.467,15:00:13.054,1143.0,981.0,,,exhale,
21.487,15:00:13.075,1150.0,981.0,,,inhale,inhale_onset
21.507,15:00:13.094,1129.0,982.0,,,inhale,
21.527,15:00:13.114,1145.0,981.0,,,inhale,
21.547,15:00:13.134,1147.0,981.0,,,inhale,
21.567,15:00:13.154,1144.0,988.0,,,inhale,
21.587,15:00:13.175,1147.0,976.0,,,inhale,
21.607,15:00:13.195,1159.0,981.0,,,inhale,
21.627,15:00:13.215,1144.0,982.0,,,inhale,
21.647,15:00:13.235,1145.0,982.0,,,inhale,
21.667,15:00:13.254,1145.0,976.0,,,inhale,
21.687,15:00:13.275,1147.0,981.0,,,inhale,
21.707,15:00:13.295,1145.0,982.0,,,inhale,
21.727,15:00:13.315,1145.0,981.0,,,inhale,
21.747,15:00:13.335,1145.0,983.0,,,inhale,
21.767,15:00:13.354,1148.0,982.0,,,inhale,
21.787,15:00:13.375,1146.0,985.0,,,inhale,
21.807,15:00:13.395,1147.0,982.0,,,inhale,
21.827,15:00:13.414,1148.0,983.0,,,inhale,
21.847,15:00:13.435,1147.0,982.0,,,inhale,
21.867,15:00:13.455,1149.0,984.0,,,inhale,
21.887,15:00:13.475,1147.0,982.0,,,inhale,
21.907,15:00:13.495,1145.0,981.0,,,inhale,
21.928,15:00:13.515,1145.0,982.0,,,inhale,
21.947,15:00:13.535,1147.0,982.0,,,inhale,
21.967,15:00:13.554,1148.0,981.0,,,inhale,
21.987,15:00:13.575,1146.0,981.0,,,inhale,
22.007,15:00:13.595,1145.0,981.0,,,inhale,
22.027,15:00:13.615,1146.0,982.0,,,inhale,
22.047,15:00:13.634,1145.0,983.0,,,inhale,
22.067,15:00:13.654,1146.0,981.0,,,inhale,
22.087,15:00:13.675,1145.0,981.0,,,inhale,
22.107,15:00:13.695,1145.0,981.0,,,inhale,
22.127,15:00:13.714,1144.0,978.0,,,inhale,
22.147,15:00:13.735,1145.0,981.0,,,inhale,
22.167,15:00:13.755,1144.0,981.0,,,inhale,
22.187,15:00:13.775,1145.0,984.0,,,inhale,
22.211,15:00:13.799,1145.0,981.0,,,inhale,
22.227,15:00:13.815,1231.0,980.0,,,inhale,
22.247,15:00:13.835,1142.0,978.0,,,inhale,
22.267,15:00:13.854,1143.0,979.0,,,inhale,
22.287,15:00:13.874,1141.0,978.0,,,inhale,
22.307,15:00:13.895,1143.0,979.0,,,inhale,
22.327,15:00:13.915,1141.0,978.0,,,inhale,
22.347,15:00:13.935,1143.0,978.0,,,inhale,
22.367,15:00:13.954,1141.0,977.0,,,inhale,
22.387,15:00:13.975,1136.0,980.0,,,inhale,
22.407,15:00:13.995,1131.0,978.0,,,inhale,
22.427,15:00:14.015,1139.0,976.0,,,inhale,
22.447,15:00:14.035,1139.0,979.0,,,inhale,
22.467,15:00:14.055,1139.0,976.0,,,inhale,
22.487,15:00:14.074,1135.0,973.0,,,inhale,
22.507,15:00:14.095,1135.0,973.0,,,inhale,
22.527,15:00:14.115,1136.0,973.0,,,inhale,
22.547,15:00:14.135,1135.0,974.0,,,inhale,
22.567,15:00:14.154,1135.0,972.0,,,inhale,
22.587,15:00:14.175,1135.0,973.0,,,inhale,
22.607,15:00:14.195,1141.0,973.0,,,inhale,
22.627,15:00:14.215,1133.0,972.0,,,inhale,
22.647,15:00:14.235,1135.0,973.0,,,inhale,
22.667,15:00:14.254,1135.0,972.0,,,inhale,
22.687,15:00:14.274,1133.0,972.0,,,inhale,
22.707,15:00:14.295,1135.0,972.0,,,exhale,exhale_onset
22.727,15:00:14.314,1133.0,976.0,,,exhale,
22.747,15:00:14.335,1267.0,972.0,,,exhale,
22.767,15:00:14.354,1135.0,971.0,,,exhale,
22.787,15:00:14.375,1133.0,972.0,,,exhale,
22.807,15:00:14.395,1134.0,974.0,,,exhale,
22.827,15:00:14.415,1133.0,970.0,,,exhale,
22.847,15:00:14.435,1135.0,974.0,,,exhale,
22.867,15:00:14.455,1133.0,971.0,,,exhale,
22.887,15:00:14.474,1131.0,968.0,,,exhale,
22.907,15:00:14.495,1132.0,973.0,,,exhale,
22.927,15:00:14.515,1135.0,971.0,,,exhale,
22.947,15:00:14.535,1135.0,972.0,,,exhale,
22.967,15:00:14.555,1133.0,971.0,,,exhale,
22.987,15:00:14.575,1133.0,969.0,,,exhale,
23.007,15:00:14.595,1133.0,971.0,,,exhale,
23.027,15:00:14.615,1133.0,976.0,,,exhale,
23.047,15:00:14.635,1133.0,969.0,,,exhale,
23.067,15:00:14.654,1140.0,971.0,,,exhale,
23.087,15:00:14.674,1133.0,971.0,,,exhale,
23.107,15:00:14.695,1133.0,970.0,,,exhale,
23.127,15:00:14.714,1133.0,970.0,,,exhale,
23.147,15:00:14.735,1133.0,971.0,,,exhale,
23.167,15:00:14.754,1135.0,975.0,,,exhale,
23.187,15:00:14.774,1129.0,973.0,,,exhale,
23.211,15:00:14.799,1135.0,971.0,,,exhale,
23.227,15:00:14.815,1133.0,974.0,,,exhale,
23.247,15:00:14.835,1132.0,971.0,,,exhale,
23.267,15:00:14.855,1135.0,971.0,,,exhale,
23.287,15:00:14.874,1135.0,972.0,,,exhale,
23.307,15:00:14.895,1139.0,972.0,,,exhale,
23.327,15:00:14.915,1133.0,973.0,,,exhale,
23.347,15:00:14.935,1133.0,974.0,,,exhale,
23.367,15:00:14.955,1133.0,971.0,,,exhale,
23.387,15:00:14.975,1134.0,970.0,,,exhale,
23.407,15:00:14.995,1134.0,970.0,,,exhale,
23.427,15:00:15.015,1127.0,971.0,,,exhale,
23.447,15:00:15.035,1133.0,970.0,,,exhale,
23.467,15:00:15.054,1132.0,971.0,,,exhale,
23.487,15:00:15.074,1132.0,970.0,,,exhale,
23.507,15:00:15.095,1131.0,969.0,,,exhale,
23.543,15:00:15.131,1132.0,967.0,,,exhale,
23.548,15:00:15.136,1131.0,969.0,,,exhale,
23.567,15:00:15.154,1131.0,968.0,,,exhale,
23.587,15:00:15.174,1133.0,969.0,,,exhale,
23.607,15:00:15.194,1129.0,969.0,,,exhale,
23.627,15:00:15.214,1130.0,969.0,,,exhale,
23.647,15:00:15.234,1144.0,968.0,,,exhale,
23.667,15:00:15.254,1129.0,968.0,,,exhale,
23.687,15:00:15.274,1143.0,967.0,,,exhale,
23.707,15:00:15.295,1131.0,967.0,,,exhale,
23.727,15:00:15.315,1127.0,967.0,,,exhale,
23.748,15:00:15.336,1129.0,966.0,,,exhale,
23.767,15:00:15.354,1127.0,966.0,,,exhale,
23.787,15:00:15.375,1128.0,966.0,,,exhale,
23.807,15:00:15.395,1128.0,962.0,,,exhale,
23.827,15:00:15.415,1128.0,966.0,,,exhale,
23.849,15:00:15.436,1128.0,965.0,,,exhale,
23.867,15:00:15.454,1127.0,966.0,,,exhale,
23.887,15:00:15.474,1127.0,964.0,,,exhale,
23.907,15:00:15.495,1126.0,969.0,,,exhale,
23.927,15:00:15.515,1047.0,965.0,,,exhale,
23.947,15:00:15.535,1125.0,965.0,,,exhale,
23.967,15:00:15.555,1128.0,965.0,,,exhale,
23.987,15:00:15.574,1127.0,964.0,,,exhale,
24.007,15:00:15.594,1124.0,965.0,,,exhale,
24.027,15:00:15.614,1127.0,959.0,,,exhale,
24.047,15:00:15.634,1127.0,964.0,,,exhale,
24.067,15:00:15.654,1128.0,962.0,,,exhale,
24.087,15:00:15.674,1129.0,968.0,,,exhale,
24.107,15:00:15.694,1127.0,965.0,,,exhale,
24.127,15:00:15.714,1130.0,973.0,,,exhale,
24.147,15:00:15.734,1129.0,967.0,,,exhale,
24.167,15:00:15.754,1131.0,967.0,,,exhale,
24.187,15:00:15.774,1135.0,967.0,,,exhale,
24.210,15:00:15.798,1131.0,967.0,,,exhale,
24.227,15:00:15.814,1131.0,966.0,,,exhale,
24.247,15:00:15.834,1131.0,969.0,,,exhale,
24.267,15:00:15.854,1131.0,968.0,,,exhale,
24.287,15:00:15.874,1133.0,969.0,,,exhale,
24.307,15:00:15.895,1133.0,971.0,,,exhale,
24.327,15:00:15.915,1135.0,973.0,,,inhale,inhale_onset
24.347,15:00:15.934,1133.0,970.0,,,inhale,
24.367,15:00:15.954,1133.0,971.0,,,inhale,
24.387,15:00:15.975,1135.0,976.0,,,inhale,
24.407,15:00:15.995,1139.0,972.0,,,inhale,
24.427,15:00:16.014,1047.0,976.0,,,inhale,
24.447,15:00:16.035,1139.0,975.0,,,inhale,
24.467,15:00:16.055,1177.0,973.0,,,inhale,
24.487,15:00:16.074,1141.0,977.0,,,inhale,
24.507,15:00:16.095,1139.0,977.0,,,inhale,
24.527,15:00:16.115,1141.0,977.0,,,inhale,
24.547,15:00:16.134,1140.0,978.0,,,inhale,
24.567,15:00:16.154,1143.0,980.0,,,inhale,
24.587,15:00:16.175,1142.0,979.0,,,inhale,
24.607,15:00:16.195,1145.0,979.0,,,inhale,
24.627,15:00:16.215,1145.0,978.0,,,inhale,
24.647,15:00:16.234,1145.0,981.0,,,inhale,
24.667,15:00:16.254,1141.0,981.0,,,inhale,
24.687,15:00:16.275,1143.0,980.0,,,inhale,
24.707,15:00:16.295,1145.0,979.0,,,inhale,
24.727,15:00:16.315,1143.0,981.0,,,inhale,
24.747,15:00:16.335,1145.0,981.0,,,inhale,
24.767,15:00:16.354,1143.0,979.0,,,inhale,
24.787,15:00:16.375,1140.0,980.0,,,inhale,
24.807,15:00:16.395,1148.0,981.0,,,inhale,
24.827,15:00:16.415,1142.0,980.0,,,inhale,
24.847,15:00:16.435,1145.0,980.0,,,inhale,
24.867,15:00:16.454,1145.0,981.0,,,inhale,
24.887,15:00:16.474,1145.0,980.0,,,inhale,
24.907,15:00:16.495,1145.0,984.0,,,inhale,
24.927,15:00:16.515,1144.0,983.0,,,inhale,
24.947,15:00:16.535,1145.0,980.0,,,inhale,
24.967,15:00:16.554,1143.0,979.0,,,inhale,
24.987,15:00:16.575,1143.0,978.0,,,inhale,
25.007,15:00:16.595,1141.0,979.0,,,inhale,
25.027,15:00:16.615,1141.0,978.0,,,inhale,
25.047,15:00:16.635,1140.0,978.0,,,inhale,
25.067,15:00:16.654,1141.0,976.0,,,inhale,
25.087,15:00:16.674,1141.0,974.0,,,inhale,
25.107,15:00:16.694,1141.0,981.0,,,inhale,
25.127,15:00:16.715,1139.0,986.0,,,inhale,
25.147,15:00:16.735,1139.0,979.0,,,inhale,
25.167,15:00:16.754,1141.0,976.0,,,inhale,
25.187,15:00:16.775,1140.0,978.0,,,inhale,
25.211,15:00:16.798,1140.0,976.0,,,inhale,
25.227,15:00:16.815,1135.0,976.0,,,inhale,
25.247,15:00:16.834,1140.0,976.0,,,inhale,
25.267,15:00:16.854,1135.0,976.0,,,inhale,
25.287,15:00:16.874,1135.0,974.0,,,inhale,
25.307,15:00:16.895,1139.0,976.0,,,inhale,
25.327,15:00:16.915,1139.0,976.0,,,inhale,
25.347,15:00:16.935,1139.0,975.0,,,inhale,
25.367,15:00:16.954,1139.0,972.0,,,inhale,
25.387,15:00:16.975,1139.0,975.0,,,inhale,
25.407,15:00:16.995,1143.0,973.0,,,inhale,
25.427,15:00:17.015,1141.0,973.0,,,inhale,
25.447,15:00:17.034,1134.0,974.0,,,inhale,
25.467,15:00:17.054,1139.0,978.0,,,inhale,
25.487,15:00:17.074,1131.0,973.0,,,inhale,
25.507,15:00:17.095,1134.0,972.0,,,inhale,
25.527,15:00:17.115,1133.0,972.0,,,inhale,
25.549,15:00:17.137,1133.0,971.0,,,exhale,exhale_onset
25.567,15:00:17.155,1134.0,970.0,,,exhale,
25.587,15:00:17.175,1134.0,970.0,,,exhale,
25.607,15:00:17.195,1134.0,970.0,,,exhale,
25.627,15:00:17.215,1132.0,969.0,,,exhale,
25.648,15:00:17.235,1132.0,968.0,,,exhale,
25.667,15:00:17.254,1129.0,970.0,,,exhale,
25.687,15:00:17.274,1133.0,971.0,,,exhale,
25.707,15:00:17.295,1131.0,971.0,,,exhale,
25.727,15:00:17.315,1133.0,971.0,,,exhale,
25.748,15:00:17.336,1132.0,970.0,,,exhale,
25.767,15:00:17.355,1131.0,971.0,,,exhale,
25.787,15:00:17.375,1139.0,970.0,,,exhale,
25.807,15:00:17.395,1132.0,970.0,,,exhale,
25.827,15:00:17.415,1135.0,970.0,,,exhale,
25.847,15:00:17.435,1134.0,974.0,,,exhale,
25.867,15:00:17.455,1131.0,963.0,,,exhale,
25.887,15:00:17.474,1132.0,970.0,,,exhale,
25.907,15:00:17.495,1021.0,973.0,,,exhale,
25.927,15:00:17.515,1133.0,967.0,,,exhale,
25.947,15:00:17.535,1135.0,971.0,,,exhale,
25.967,15:00:17.554,1133.0,969.0,,,exhale,
25.987,15:00:17.575,1133.0,970.0,,,exhale,
26.007,15:00:17.595,1131.0,970.0,,,exhale,
26.027,15:00:17.615,1131.0,970.0,,,exhale,
26.047,15:00:17.634,1133.0,972.0,,,exhale,
26.067,15:00:17.654,1131.0,969.0,,,exhale,
26.087,15:00:17.674,1131.0,969.0,,,exhale,
26.107,15:00:17.695,1131.0,967.0,,,exhale,
26.127,15:00:17.714,1143.0,970.0,,,exhale,
26.147,15:00:17.735,1133.0,969.0,,,exhale,
26.167,15:00:17.754,1129.0,969.0,,,exhale,
26.187,15:00:17.775,1131.0,969.0,,,exhale,
26.211,15:00:17.799,1131.0,968.0,,,exhale,
26.227,15:00:17.815,1131.0,970.0,,,exhale,
26.247,15:00:17.835,1132.0,969.0,,,exhale,
26.267,15:00:17.855,1135.0,969.0,,,exhale,
26.287,15:00:17.874,1129.0,971.0,,,exhale,
26.307,15:00:17.895,1131.0,969.0,,,exhale,
26.327,15:00:17.915,1130.0,968.0,,,exhale,
26.347,15:00:17.934,1131.0,970.0,,,exhale,
26.367,15:00:17.954,1131.0,968.0,,,exhale,
26.387,15:00:17.975,1132.0,968.0,,,exhale,
26.407,15:00:17.994,1133.0,968.0,,,exhale,
26.427,15:00:18.015,1132.0,969.0,,,exhale,
26.447,15:00:18.035,1131.0,969.0,,,exhale,
26.467,15:00:18.054,1131.0,973.0,,,exhale,
26.487,15:00:18.074,1133.0,970.0,,,exhale,
26.507,15:00:18.095,1135.0,968.0,,,exhale,
26.527,15:00:18.115,1131.0,970.0,,,exhale,
26.547,15:00:18.135,1134.0,972.0,,,exhale,
26.567,15:00:18.154,1131.0,968.0,,,exhale,
26.587,15:00:18.174,1131.0,969.0,,,exhale,
26.607,15:00:18.195,1131.0,968.0,,,exhale,
26.627,15:00:18.215,1125.0,970.0,,,exhale,
26.647,15:00:18.235,1130.0,971.0,,,exhale,
26.667,15:00:18.254,1132.0,970.0,,,exhale,
26.687,15:00:18.274,1131.0,969.0,,,exhale,
26.707,15:00:18.295,1125.0,971.0,,,exhale,
26.727,15:00:18.315,1129.0,968.0,,,exhale,
26.747,15:00:18.335,1129.0,972.0,,,exhale,
26.767,15:00:18.354,1129.0,968.0,,,exhale,
26.787,15:00:18.375,1131.0,969.0,,,exhale,
26.807,15:00:18.395,1131.0,967.0,,,exhale,
26.827,15:00:18.415,1130.0,967.0,,,exhale,
26.848,15:00:18.436,1129.0,968.0,,,exhale,
26.867,15:00:18.454,1136.0,966.0,,,exhale,
26.887,15:00:18.474,1129.0,966.0,,,exhale,
26.907,15:00:18.495,1129.0,967.0,,,exhale,
26.927,15:00:18.514,1129.0,965.0,,,exhale,
26.947,15:00:18.535,1129.0,967.0,,,exhale,
26.967,15:00:18.554,1129.0,966.0,,,exhale,
26.987,15:00:18.575,1125.0,966.0,,,exhale,
27.007,15:00:18.595,1129.0,965.0,,,exhale,
27.027,15:00:18.615,1128.0,966.0,,,exhale,
27.055,15:00:18.642,1126.0,965.0,,,exhale,
27.068,15:00:18.656,1127.0,965.0,,,exhale,
27.087,15:00:18.674,1125.0,964.0,,,exhale,
27.107,15:00:18.694,1127.0,965.0,,,exhale,
27.127,15:00:18.714,1126.0,970.0,,,exhale,
27.147,15:00:18.734,1127.0,964.0,,,exhale,
27.167,15:00:18.754,1126.0,964.0,,,exhale,
27.187,15:00:18.774,1127.0,964.0,,,exhale,
27.211,15:00:18.798,1126.0,964.0,,,exhale,
27.227,15:00:18.815,1127.0,963.0,,,exhale,
27.247,15:00:18.835,1127.0,964.0,,,exhale,
27.267,15:00:18.854,1127.0,964.0,,,exhale,
27.287,15:00:18.874,1127.0,965.0,,,exhale,
27.307,15:00:18.895,1128.0,964.0,,,exhale,
27.327,15:00:18.915,1127.0,964.0,,,exhale,
27.347,15:00:18.935,1127.0,964.0,,,exhale,
27.367,15:00:18.954,1126.0,965.0,,,exhale,
27.387,15:00:18.975,1126.0,965.0,,,exhale,
27.407,15:00:18.995,1125.0,964.0,,,exhale,
27.427,15:00:19.015,1127.0,965.0,,,exhale,
27.447,15:00:19.034,1134.0,964.0,,,exhale,
27.467,15:00:19.054,1127.0,964.0,,,exhale,
27.487,15:00:19.075,1127.0,966.0,,,exhale,
27.507,15:00:19.095,1129.0,966.0,,,exhale,
27.527,15:00:19.115,1129.0,963.0,,,exhale,
27.547,15:00:19.135,1129.0,964.0,,,exhale,
27.567,15:00:19.155,1165.0,967.0,,,exhale,
27.587,15:00:19.174,1131.0,967.0,,,exhale,
27.607,15:00:19.195,1129.0,967.0,,,exhale,
27.627,15:00:19.215,1131.0,967.0,,,exhale,
27.647,15:00:19.234,1131.0,968.0,,,exhale,
27.667,15:00:19.254,1133.0,969.0,,,exhale,
27.687,15:00:19.275,1141.0,969.0,,,exhale,
27.707,15:00:19.295,1124.0,970.0,,,exhale,
27.727,15:00:19.315,1131.0,970.0,,,inhale,inhale_onset
27.747,15:00:19.335,1133.0,967.0,,,inhale,
27.767,15:00:19.354,1135.0,973.0,,,inhale,
27.787,15:00:19.375,1126.0,973.0,,,inhale,
27.807,15:00:19.394,1132.0,972.0,,,inhale,
27.827,15:00:19.415,1131.0,972.0,,,inhale,
27.847,15:00:19.435,1139.0,980.0,,,inhale,
27.867,15:00:19.455,1135.0,973.0,,,inhale,
27.887,15:00:19.475,1135.0,977.0,,,inhale,
27.907,15:00:19.494,1134.0,973.0,,,inhale,
27.927,15:00:19.514,1136.0,978.0,,,inhale,
27.947,15:00:19.535,1141.0,972.0,,,inhale,
27.967,15:00:19.554,1139.0,985.0,,,inhale,
27.987,15:00:19.575,1080.0,975.0,,,inhale,
28.007,15:00:19.595,1139.0,973.0,,,inhale,
28.027,15:00:19.615,1141.0,976.0,,,inhale,
28.047,15:00:19.635,1141.0,976.0,,,inhale,
28.067,15:00:19.654,1139.0,979.0,,,inhale,
28.087,15:00:19.675,1141.0,975.0,,,inhale,
28.107,15:00:19.695,1139.0,977.0,,,inhale,
28.127,15:00:19.715,1143.0,977.0,,,inhale,
28.147,15:00:19.735,1141.0,974.0,,,inhale,
28.167,15:00:19.754,1139.0,977.0,,,inhale,
28.187,15:00:19.775,1141.0,977.0,,,inhale,
28.211,15:00:19.799,1139.0,977.0,,,inhale,
28.227,15:00:19.815,1141.0,977.0,,,inhale,
28.247,15:00:19.834,1141.0,977.0,,,inhale,
28.267,15:00:19.855,1139.0,977.0,,,inhale,
28.287,15:00:19.874,1142.0,977.0,,,inhale,
28.307,15:00:19.895,1139.0,977.0,,,inhale,
28.327,15:00:19.915,1128.0,975.0,,,inhale,
28.347,15:00:19.935,1139.0,975.0,,,inhale,
28.367,15:00:19.955,1135.0,975.0,,,inhale,
28.387,15:00:19.974,1140.0,971.0,,,inhale,
28.407,15:00:19.995,1135.0,975.0,,,inhale,
28.427,15:00:20.015,1139.0,977.0,,,inhale,
28.447,15:00:20.034,1139.0,976.0,,,inhale,
28.467,15:00:20.054,1135.0,973.0,,,inhale,
28.487,15:00:20.075,1135.0,974.0,,,inhale,
28.507,15:00:20.095,1138.0,974.0,,,inhale,
28.527,15:00:20.115,1136.0,973.0,,,inhale,
28.547,15:00:20.135,1135.0,973.0,,,inhale,
28.567,15:00:20.154,1135.0,973.0,,,inhale,
28.587,15:00:20.175,1139.0,974.0,,,inhale,
28.607,15:00:20.195,1135.0,973.0,,,inhale,
28.627,15:00:20.215,1135.0,972.0,,,inhale,
28.647,15:00:20.235,1135.0,972.0,,,inhale,
28.667,15:00:20.254,1131.0,973.0,,,inhale,
28.687,15:00:20.275,1135.0,973.0,,,inhale,
28.707,15:00:20.295,1139.0,974.0,,,inhale,
28.727,15:00:20.315,1133.0,974.0,,,inhale,
28.747,15:00:20.335,1135.0,970.0,,,inhale,
28.767,15:00:20.355,1119.0,972.0,,,inhale,
28.787,15:00:20.375,1135.0,973.0,,,inhale,
28.807,15:00:20.395,1135.0,972.0,,,inhale,
28.827,15:00:20.415,1135.0,972.0,,,inhale,
28.847,15:00:20.435,1135.0,971.0,,,inhale,
28.867,15:00:20.454,1135.0,971.0,,,inhale,
28.887,15:00:20.475,1133.0,972.0,,,inhale,
28.907,15:00:20.495,1135.0,971.0,,,inhale,
28.927,15:00:20.515,1134.0,972.0,,,exhale,exhale_onset
28.947,15:00:20.535,1133.0,970.0,,,exhale,
28.967,15:00:20.555,1133.0,963.0,,,exhale,
28.987,15:00:20.574,1133.0,970.0,,,exhale,
29.007,15:00:20.594,1134.0,971.0,,,exhale,
29.027,15:00:20.614,1132.0,976.0,,,exhale,
29.047,15:00:20.634,1133.0,969.0,,,exhale,
29.067,15:00:20.654,1129.0,969.0,,,exhale,
29.087,15:00:20.674,1131.0,969.0,,,exhale,
29.107,15:00:20.694,1129.0,969.0,,,exhale,
29.127,15:00:20.714,1131.0,969.0,,,exhale,
29.147,15:00:20.734,1127.0,968.0,,,exhale,
29.167,15:00:20.754,1130.0,968.0,,,exhale,
29.187,15:00:20.775,1131.0,965.0,,,exhale,
29.211,15:00:20.799,1129.0,967.0,,,exhale,
29.227,15:00:20.815,1131.0,965.0,,,exhale,
29.247,15:00:20.835,1129.0,967.0,,,exhale,
29.267,15:00:20.854,1127.0,965.0,,,exhale,
29.287,15:00:20.874,1125.0,966.0,,,exhale,
29.307,15:00:20.895,1131.0,967.0,,,exhale,
29.327,15:00:20.915,1127.0,965.0,,,exhale,
29.347,15:00:20.935,1128.0,969.0,,,exhale,
29.367,15:00:20.955,1129.0,966.0,,,exhale,
29.387,15:00:20.975,1131.0,967.0,,,exhale,
29.407,15:00:20.995,1128.0,966.0,,,exhale,
29.427,15:00:21.015,1127.0,967.0,,,exhale,
29.447,15:00:21.034,1130.0,966.0,,,exhale,
29.467,15:00:21.054,1127.0,966.0,,,exhale,
29.487,15:00:21.074,1128.0,965.0,,,exhale,
29.507,15:00:21.095,1127.0,972.0,,,exhale,
29.527,15:00:21.115,1129.0,965.0,,,exhale,
29.547,15:00:21.135,1127.0,964.0,,,exhale,
29.567,15:00:21.154,1128.0,967.0,,,exhale,
29.587,15:00:21.175,1125.0,966.0,,,exhale,
29.607,15:00:21.195,1127.0,965.0,,,exhale,
29.627,15:00:21.215,1127.0,965.0,,,exhale,
29.647,15:00:21.234,1128.0,966.0,,,exhale,
29.667,15:00:21.254,1125.0,966.0,,,exhale,
29.687,15:00:21.275,1127.0,967.0,,,exhale,
29.707,15:00:21.295,1127.0,966.0,,,exhale,
29.727,15:00:21.315,1129.0,965.0,,,exhale,
29.747,15:00:21.335,1119.0,965.0,,,exhale,
29.767,15:00:21.355,1126.0,965.0,,,exhale,
29.787,15:00:21.375,1127.0,965.0,,,exhale,
29.807,15:00:21.394,1126.0,969.0,,,exhale,
29.827,15:00:21.415,1129.0,966.0,,,exhale,
29.847,15:00:21.435,1135.0,966.0,,,exhale,
29.867,15:00:21.454,1127.0,966.0,,,exhale,
29.887,15:00:21.475,1143.0,964.0,,,exhale,
29.907,15:00:21.495,1127.0,966.0,,,exhale,
29.927,15:00:21.515,1129.0,966.0,,,exhale,
29.947,15:00:21.534,1129.0,969.0,,,exhale,
29.967,15:00:21.554,1125.0,965.0,,,exhale,
29.987,15:00:21.575,1097.0,966.0,,,exhale,
30.007,15:00:21.595,1129.0,965.0,,,exhale,
30.027,15:00:21.615,1135.0,964.0,,,exhale,
30.047,15:00:21.634,1129.0,967.0,,,exhale,
30.067,15:00:21.654,1130.0,966.0,,,exhale,
30.087,15:00:21.675,1128.0,967.0,,,exhale,
30.107,15:00:21.695,1126.0,965.0,,,exhale,
30.127,15:00:21.715,1129.0,966.0,,,exhale,
30.147,15:00:21.735,1130.0,966.0,,,exhale,
30.167,15:00:21.754,1129.0,974.0,,,exhale,
30.187,15:00:21.775,1127.0,966.0,,,exhale,
30.211,15:00:21.799,1129.0,965.0,,,exhale,
30.227,15:00:21.815,1048.0,966.0,,,exhale,
30.247,15:00:21.835,1128.0,966.0,,,exhale,
30.267,15:00:21.854,1127.0,965.0,,,exhale,
30.287,15:00:21.874,1131.0,966.0,,,exhale,
30.307,15:00:21.895,1131.0,965.0,,,exhale,
30.327,15:00:21.915,1127.0,965.0,,,inhale,inhale_onset
30.347,15:00:21.935,1133.0,966.0,,,inhale,
30.367,15:00:21.954,1117.0,966.0,,,inhale,
30.387,15:00:21.974,1128.0,964.0,,,inhale,
30.407,15:00:21.994,1127.0,963.0,,,inhale,
30.427,15:00:22.015,1129.0,965.0,,,inhale,
30.447,15:00:22.034,1129.0,964.0,,,inhale,
30.467,15:00:22.054,1127.0,964.0,,,inhale,
30.488,15:00:22.076,1123.0,964.0,,,inhale,
30.508,15:00:22.096,1124.0,964.0,,,inhale,
30.527,15:00:22.114,1123.0,964.0,,,inhale,
30.547,15:00:22.134,1125.0,965.0,,,inhale,
30.567,15:00:22.154,1127.0,965.0,,,inhale,
30.587,15:00:22.174,1124.0,965.0,,,inhale,
30.607,15:00:22.194,1125.0,963.0,,,inhale,
30.627,15:00:22.214,1125.0,964.0,,,inhale,
30.647,15:00:22.234,1126.0,963.0,,,inhale,
30.667,15:00:22.255,1123.0,968.0,,,inhale,
30.687,15:00:22.275,1123.0,965.0,,,inhale,
30.707,15:00:22.295,1123.0,963.0,,,inhale,
30.727,15:00:22.315,1125.0,963.0,,,inhale,
30.747,15:00:22.335,1125.0,966.0,,,inhale,
30.767,15:00:22.354,1123.0,960.0,,,inhale,
30.787,15:00:22.375,1124.0,961.0,,,inhale,
30.807,15:00:22.395,1123.0,964.0,,,inhale,
30.827,15:00:22.415,1122.0,962.0,,,inhale,
30.847,15:00:22.435,1123.0,961.0,,,inhale,
30.867,15:00:22.454,1123.0,963.0,,,inhale,
30.887,15:00:22.475,1123.0,963.0,,,inhale,
30.907,15:00:22.494,1123.0,963.0,,,inhale,
30.927,15:00:22.514,1123.0,963.0,,,inhale,
30.947,15:00:22.535,1123.0,964.0,,,inhale,
30.967,15:00:22.554,1123.0,963.0,,,inhale,
30.987,15:00:22.575,1124.0,962.0,,,inhale,
31.007,15:00:22.595,1124.0,962.0,,,inhale,
31.027,15:00:22.615,1127.0,962.0,,,inhale,
31.047,15:00:22.635,1124.0,963.0,,,inhale,
31.067,15:00:22.655,1121.0,961.0,,,inhale,
31.087,15:00:22.675,1125.0,963.0,,,inhale,
31.107,15:00:22.695,1124.0,963.0,,,inhale,
31.127,15:00:22.715,1124.0,963.0,,,inhale,
31.147,15:00:22.735,1126.0,963.0,,,inhale,
31.167,15:00:22.754,1123.0,956.0,,,inhale,
31.187,15:00:22.775,1127.0,962.0,,,inhale,
31.211,15:00:22.799,1123.0,963.0,,,inhale,
31.227,15:00:22.815,1123.0,962.0,,,inhale,
31.247,15:00:22.834,1124.0,964.0,,,inhale,
31.267,15:00:22.854,1123.0,962.0,,,inhale,
31.287,15:00:22.874,1125.0,962.0,,,inhale,
31.307,15:00:22.895,1123.0,964.0,,,inhale,
31.327,15:00:22.915,1122.0,969.0,,,inhale,
31.347,15:00:22.935,1122.0,961.0,,,inhale,
31.367,15:00:22.954,1119.0,961.0,,,inhale,
31.387,15:00:22.975,1119.0,960.0,,,inhale,
31.407,15:00:22.995,1121.0,960.0,,,inhale,
31.427,15:00:23.015,1116.0,960.0,,,inhale,
31.447,15:00:23.035,1123.0,962.0,,,inhale,
31.467,15:00:23.054,1121.0,960.0,,,inhale,
31.487,15:00:23.075,1123.0,961.0,,,inhale,
31.507,15:00:23.095,1117.0,960.0,,,inhale,
31.527,15:00:23.115,1125.0,958.0,,,inhale,
31.547,15:00:23.135,1123.0,963.0,,,inhale,
31.567,15:00:23.155,1123.0,960.0,,,inhale,
31.587,15:00:23.175,1122.0,962.0,,,inhale,
31.607,15:00:23.195,1119.0,967.0,,,inhale,
31.627,15:00:23.215,1125.0,963.0,,,inhale,
31.647,15:00:23.235,1125.0,962.0,,,inhale,
31.667,15:00:23.254,1127.0,963.0,,,inhale,
31.687,15:00:23.275,1126.0,964.0,,,inhale,
31.707,15:00:23.295,1087.0,964.0,,,inhale,
31.727,15:00:23.315,1191.0,964.0,,,inhale,
31.747,15:00:23.335,1127.0,964.0,,,inhale,
31.767,15:00:23.354,1127.0,967.0,,,inhale,
31.787,15:00:23.375,1129.0,967.0,,,inhale,
31.807,15:00:23.395,1129.0,967.0,,,inhale,
31.827,15:00:23.415,1127.0,967.0,,,inhale,
31.847,15:00:23.435,1133.0,966.0,,,inhale,
31.867,15:00:23.455,1127.0,967.0,,,inhale,
31.887,15:00:23.475,1131.0,967.0,,,inhale,
31.907,15:00:23.495,1129.0,961.0,,,inhale,
31.927,15:00:23.515,1131.0,967.0,,,inhale,
31.947,15:00:23.535,1131.0,968.0,,,inhale,
31.967,15:00:23.554,1131.0,967.0,,,inhale,
31.987,15:00:23.575,1131.0,967.0,,,inhale,
32.007,15:00:23.595,1131.0,975.0,,,inhale,
32.027,15:00:23.615,1131.0,970.0,,,unknown,
32.047,15:00:23.635,1133.0,971.0,,,unknown,
32.067,15:00:23.654,1139.0,972.0,,,unknown,
32.087,15:00:23.674,1131.0,971.0,,,unknown,
32.107,15:00:23.694,1135.0,974.0,,,unknown,
32.127,15:00:23.714,1135.0,972.0,,,unknown,
32.147,15:00:23.734,1139.0,974.0,,,unknown,
32.167,15:00:23.754,1139.0,971.0,,,unknown,
32.187,15:00:23.774,1135.0,973.0,,,unknown,
32.211,15:00:23.798,1141.0,973.0,,,unknown,
32.227,15:00:23.815,1135.0,970.0,,,unknown,
32.247,15:00:23.835,1141.0,976.0,,,unknown,
32.267,15:00:23.855,1141.0,971.0,,,unknown,
32.287,15:00:23.874,1135.0,983.0,,,unknown,
32.307,15:00:23.895,1146.0,979.0,,,inhale,
32.327,15:00:23.915,1143.0,978.0,,,inhale,
32.347,15:00:23.935,1143.0,981.0,,,inhale,
32.367,15:00:23.954,1141.0,979.0,,,inhale,
32.387,15:00:23.974,1159.0,980.0,,,inhale,
32.407,15:00:23.995,1144.0,976.0,,,inhale,
32.427,15:00:24.015,1144.0,980.0,,,inhale,
32.447,15:00:24.035,1145.0,981.0,,,inhale,
32.467,15:00:24.054,1145.0,981.0,,,inhale,
32.487,15:00:24.075,1145.0,981.0,,,inhale,
32.507,15:00:24.095,1147.0,973.0,,,inhale,
32.527,15:00:24.115,1145.0,982.0,,,inhale,
32.547,15:00:24.135,1147.0,981.0,,,inhale,
32.567,15:00:24.154,1145.0,982.0,,,inhale,
32.587,15:00:24.175,1146.0,981.0,,,inhale,
32.607,15:00:24.195,1146.0,983.0,,,inhale,
32.627,15:00:24.215,1147.0,983.0,,,inhale,
32.648,15:00:24.236,1146.0,985.0,,,inhale,
32.667,15:00:24.254,1158.0,982.0,,,inhale,
32.687,15:00:24.275,1147.0,987.0,,,inhale,
32.707,15:00:24.295,1146.0,978.0,,,inhale,
32.727,15:00:24.315,1059.0,984.0,,,inhale,
32.747,15:00:24.335,1147.0,982.0,,,inhale,
32.767,15:00:24.354,1148.0,983.0,,,inhale,
32.787,15:00:24.374,1147.0,982.0,,,inhale,
32.807,15:00:24.395,1147.0,983.0,,,inhale,
32.827,15:00:24.415,1151.0,982.0,,,inhale,
32.847,15:00:24.435,1145.0,982.0,,,inhale,
32.867,15:00:24.455,1145.0,982.0,,,inhale,
32.887,15:00:24.475,1148.0,982.0,,,inhale,
32.907,15:00:24.495,1147.0,982.0,,,inhale,
32.927,15:00:24.515,1135.0,980.0,,,inhale,
32.947,15:00:24.535,1147.0,979.0,,,inhale,
32.967,15:00:24.554,1148.0,983.0,,,inhale,
32.987,15:00:24.575,1145.0,981.0,,,inhale,
33.007,15:00:24.595,1147.0,982.0,,,inhale,
33.027,15:00:24.615,1146.0,980.0,,,inhale,
33.047,15:00:24.635,1147.0,981.0,,,inhale,
33.067,15:00:24.654,1147.0,982.0,,,inhale,
33.087,15:00:24.675,1147.0,982.0,,,inhale,
33.107,15:00:24.695,1147.0,990.0,,,inhale,
33.127,15:00:24.715,1147.0,983.0,,,inhale,
33.147,15:00:24.735,1147.0,981.0,,,inhale,
33.167,15:00:24.755,1147.0,980.0,,,inhale,
33.187,15:00:24.775,1147.0,982.0,,,inhale,
33.211,15:00:24.799,1145.0,982.0,,,inhale,
33.227,15:00:24.815,1145.0,986.0,,,inhale,
33.247,15:00:24.835,1145.0,986.0,,,inhale,
33.267,15:00:24.854,1147.0,988.0,,,inhale,
33.287,15:00:24.875,1165.0,981.0,,,inhale,
33.307,15:00:24.895,1145.0,980.0,,,inhale,
33.327,15:00:24.915,1145.0,982.0,,,inhale,
33.347,15:00:24.935,1149.0,981.0,,,inhale,
33.367,15:00:24.955,1145.0,984.0,,,inhale,
33.387,15:00:24.974,1145.0,981.0,,,inhale,
33.407,15:00:24.995,1151.0,982.0,,,inhale,
33.427,15:00:25.015,1145.0,981.0,,,inhale,
33.449,15:00:25.036,1147.0,981.0,,,inhale,
33.467,15:00:25.055,1147.0,982.0,,,inhale,
33.487,15:00:25.075,1144.0,976.0,,,inhale,
33.507,15:00:25.095,1143.0,980.0,,,inhale,
33.527,15:00:25.115,1141.0,980.0,,,exhale,exhale_onset
33.547,15:00:25.135,1145.0,978.0,,,exhale,
33.567,15:00:25.154,1144.0,980.0,,,exhale,
33.587,15:00:25.174,1141.0,979.0,,,exhale,
33.607,15:00:25.194,1139.0,979.0,,,exhale,
33.627,15:00:25.215,1143.0,979.0,,,exhale,
33.647,15:00:25.235,1141.0,976.0,,,exhale,
33.667,15:00:25.254,1143.0,979.0,,,exhale,
33.687,15:00:25.274,1141.0,978.0,,,exhale,
33.707,15:00:25.295,1141.0,978.0,,,exhale,
33.727,15:00:25.315,1141.0,976.0,,,exhale,
33.747,15:00:25.335,1138.0,973.0,,,exhale,
33.768,15:00:25.355,1141.0,977.0,,,exhale,
33.787,15:00:25.375,1141.0,977.0,,,exhale,
33.807,15:00:25.395,1141.0,982.0,,,exhale,
33.827,15:00:25.415,1141.0,976.0,,,exhale,
33.847,15:00:25.435,1141.0,978.0,,,exhale,
33.867,15:00:25.454,1139.0,984.0,,,exhale,
33.887,15:00:25.475,1141.0,976.0,,,exhale,
33.907,15:00:25.495,1134.0,976.0,,,exhale,
33.927,15:00:25.515,1135.0,982.0,,,exhale,
33.947,15:00:25.534,1139.0,976.0,,,exhale,
33.967,15:00:25.554,1139.0,975.0,,,exhale,
33.987,15:00:25.574,1139.0,975.0,,,exhale,
34.007,15:00:25.594,1140.0,976.0,,,exhale,
34.027,15:00:25.614,1139.0,976.0,,,exhale,
34.047,15:00:25.634,1139.0,976.0,,,exhale,
34.067,15:00:25.654,1143.0,976.0,,,exhale,
34.087,15:00:25.674,1139.0,973.0,,,exhale,
34.107,15:00:25.694,1139.0,975.0,,,exhale,
34.127,15:00:25.714,1141.0,975.0,,,exhale,
34.160,15:00:25.747,1135.0,972.0,,,exhale,
34.168,15:00:25.756,1139.0,975.0,,,exhale,
34.187,15:00:25.774,1139.0,974.0,,,exhale,
34.210,15:00:25.798,1140.0,974.0,,,exhale,
34.227,15:00:25.814,1139.0,976.0,,,exhale,
34.247,15:00:25.834,1140.0,973.0,,,exhale,
34.267,15:00:25.854,1133.0,976.0,,,exhale,
34.287,15:00:25.874,1137.0,974.0,,,exhale,
34.307,15:00:25.894,1136.0,973.0,,,exhale,
34.327,15:00:25.914,1129.0,974.0,,,exhale,
34.347,15:00:25.935,1140.0,976.0,,,exhale,
34.367,15:00:25.954,1136.0,974.0,,,exhale,
34.387,15:00:25.974,1139.0,968.0,,,exhale,
34.407,15:00:25.995,1135.0,973.0,,,exhale,
34.427,15:00:26.015,1139.0,974.0,,,exhale,
34.447,15:00:26.035,1134.0,971.0,,,exhale,
34.467,15:00:26.054,1135.0,973.0,,,exhale,
34.487,15:00:26.074,1134.0,973.0,,,exhale,
34.507,15:00:26.095,1135.0,971.0,,,exhale,
34.527,15:00:26.115,1135.0,968.0,,,exhale,
34.547,15:00:26.135,1135.0,972.0,,,exhale,
34.567,15:00:26.154,1135.0,972.0,,,exhale,
34.587,15:00:26.174,1135.0,973.0,,,exhale,
34.607,15:00:26.194,1133.0,972.0,,,exhale,
34.627,15:00:26.215,1135.0,973.0,,,exhale,
34.647,15:00:26.234,1135.0,973.0,,,exhale,
34.667,15:00:26.254,1136.0,970.0,,,exhale,
34.687,15:00:26.275,1133.0,972.0,,,exhale,
34.707,15:00:26.294,1135.0,972.0,,,exhale,
34.727,15:00:26.315,1133.0,973.0,,,exhale,
34.748,15:00:26.335,1133.0,971.0,,,exhale,
34.767,15:00:26.355,1135.0,978.0,,,exhale,
34.787,15:00:26.374,1135.0,971.0,,,exhale,
34.807,15:00:26.395,1134.0,971.0,,,exhale,
34.827,15:00:26.415,1130.0,973.0,,,exhale,
34.847,15:00:26.434,1133.0,971.0,,,exhale,
34.867,15:00:26.455,1143.0,970.0,,,exhale,
34.887,15:00:26.475,1135.0,973.0,,,exhale,
34.907,15:00:26.495,1135.0,972.0,,,exhale,
34.927,15:00:26.515,1135.0,971.0,,,exhale,
34.947,15:00:26.534,1135.0,970.0,,,exhale,
34.967,15:00:26.554,1133.0,973.0,,,exhale,
34.987,15:00:26.574,1134.0,971.0,,,exhale,
35.007,15:00:26.595,1135.0,975.0,,,exhale,
35.027,15:00:26.614,1130.0,978.0,,,exhale,
35.049,15:00:26.637,1139.0,976.0,,,exhale,
35.067,15:00:26.654,1140.0,975.0,,,exhale,
35.087,15:00:26.675,1135.0,975.0,,,exhale,
35.107,15:00:26.695,1135.0,975.0,,,exhale,
35.127,15:00:26.715,1139.0,971.0,,,exhale,
35.147,15:00:26.735,1139.0,972.0,,,exhale,
35.167,15:00:26.754,1139.0,973.0,,,exhale,
35.187,15:00:26.775,1139.0,973.0,,,exhale,
35.211,15:00:26.799,1135.0,974.0,,,exhale,
35.227,15:00:26.815,1139.0,974.0,,,exhale,
35.247,15:00:26.835,1135.0,976.0,,,exhale,
35.267,15:00:26.854,1139.0,968.0,,,exhale,
35.287,15:00:26.875,1135.0,976.0,,,exhale,
35.307,15:00:26.895,1139.0,967.0,,,exhale,
35.327,15:00:26.915,1139.0,974.0,,,exhale,
35.347,15:00:26.935,1132.0,972.0,,,exhale,
35.367,15:00:26.954,1141.0,978.0,,,exhale,
35.387,15:00:26.974,1103.0,973.0,,,inhale,inhale_onset
35.407,15:00:26.994,1135.0,973.0,,,inhale,
35.427,15:00:27.014,1135.0,973.0,,,inhale,
35.447,15:00:27.034,1134.0,976.0,,,inhale,
35.467,15:00:27.054,1132.0,971.0,,,inhale,
35.487,15:00:27.074,1139.0,971.0,,,inhale,
35.507,15:00:27.095,1133.0,976.0,,,inhale,
35.527,15:00:27.114,1132.0,972.0,,,inhale,
35.547,15:00:27.135,1133.0,972.0,,,inhale,
35.567,15:00:27.154,1135.0,972.0,,,inhale,
35.587,15:00:27.174,1134.0,972.0,,,inhale,
35.607,15:00:27.195,1133.0,973.0,,,inhale,
35.627,15:00:27.215,1134.0,977.0,,,inhale,
35.647,15:00:27.234,1134.0,971.0,,,inhale,
35.667,15:00:27.254,1132.0,966.0,,,inhale,
35.687,15:00:27.275,1133.0,969.0,,,inhale,
35.707,15:00:27.295,1131.0,970.0,,,inhale,
35.727,15:00:27.315,1132.0,971.0,,,inhale,
35.747,15:00:27.334,1114.0,970.0,,,inhale,
35.767,15:00:27.354,1133.0,969.0,,,inhale,
35.787,15:00:27.374,1131.0,969.0,,,inhale,
35.807,15:00:27.395,1130.0,968.0,,,inhale,
35.827,15:00:27.415,1129.0,969.0,,,inhale,
35.847,15:00:27.434,1132.0,966.0,,,inhale,
35.867,15:00:27.454,1133.0,970.0,,,inhale,
35.887,15:00:27.474,1135.0,970.0,,,inhale,
35.907,15:00:27.495,1133.0,970.0,,,inhale,
35.927,15:00:27.515,1071.0,968.0,,,inhale,
35.947,15:00:27.534,1131.0,970.0,,,inhale,
35.967,15:00:27.554,1133.0,969.0,,,inhale,
35.987,15:00:27.575,1131.0,970.0,,,inhale,
36.007,15:00:27.594,1131.0,968.0,,,inhale,
36.027,15:00:27.615,1139.0,969.0,,,inhale,
36.048,15:00:27.636,1132.0,970.0,,,inhale,
36.067,15:00:27.654,1131.0,968.0,,,inhale,
36.087,15:00:27.674,1131.0,968.0,,,inhale,
36.107,15:00:27.695,1127.0,969.0,,,inhale,
36.127,15:00:27.715,1131.0,969.0,,,inhale,
36.147,15:00:27.734,1131.0,966.0,,,inhale,
36.167,15:00:27.754,1131.0,965.0,,,inhale,
36.187,15:00:27.774,1131.0,968.0,,,inhale,
36.211,15:00:27.799,1132.0,969.0,,,inhale,
36.227,15:00:27.815,1131.0,968.0,,,inhale,
36.247,15:00:27.835,1131.0,967.0,,,inhale,
36.267,15:00:27.854,1131.0,967.0,,,inhale,
36.287,15:00:27.875,1129.0,966.0,,,inhale,
36.307,15:00:27.895,1129.0,967.0,,,inhale,
36.327,15:00:27.915,1098.0,962.0,,,inhale,
36.347,15:00:27.935,1127.0,967.0,,,inhale,
36.367,15:00:27.954,1127.0,966.0,,,inhale,
36.387,15:00:27.974,1122.0,969.0,,,inhale,
36.407,15:00:27.995,1128.0,966.0,,,inhale,
36.427,15:00:28.015,1128.0,966.0,,,inhale,
36.447,15:00:28.035,1129.0,966.0,,,inhale,
36.467,15:00:28.055,1127.0,965.0,,,inhale,
36.487,15:00:28.075,1127.0,965.0,,,inhale,
36.507,15:00:28.095,1132.0,966.0,,,inhale,
36.527,15:00:28.115,1127.0,965.0,,,inhale,
36.547,15:00:28.135,1129.0,965.0,,,inhale,
36.567,15:00:28.154,1125.0,965.0,,,inhale,
36.587,15:00:28.175,1127.0,965.0,,,inhale,
36.607,15:00:28.194,1126.0,965.0,,,inhale,
36.627,15:00:28.215,1127.0,965.0,,,inhale,
36.647,15:00:28.234,1127.0,962.0,,,inhale,
36.667,15:00:28.254,1126.0,964.0,,,inhale,
36.687,15:00:28.275,1125.0,965.0,,,inhale,
36.707,15:00:28.295,1127.0,965.0,,,inhale,
36.727,15:00:28.315,1125.0,966.0,,,inhale,
36.748,15:00:28.336,1127.0,964.0,,,inhale,
36.767,15:00:28.355,1125.0,964.0,,,inhale,
36.787,15:00:28.374,1124.0,964.0,,,inhale,
36.807,15:00:28.395,1125.0,964.0,,,inhale,
36.827,15:00:28.415,1126.0,971.0,,,inhale,
36.847,15:00:28.435,1127.0,963.0,,,inhale,
36.867,15:00:28.454,1125.0,965.0,,,inhale,
36.887,15:00:28.475,1127.0,964.0,,,inhale,
36.907,15:00:28.495,1127.0,965.0,,,inhale,
36.927,15:00:28.515,1127.0,965.0,,,inhale,
36.947,15:00:28.534,1127.0,959.0,,,inhale,
36.967,15:00:28.555,1126.0,963.0,,,inhale,
36.987,15:00:28.575,1123.0,965.0,,,inhale,
37.007,15:00:28.595,1125.0,965.0,,,inhale,
37.027,15:00:28.615,1125.0,961.0,,,inhale,
37.048,15:00:28.635,1123.0,964.0,,,inhale,
37.067,15:00:28.655,1126.0,965.0,,,inhale,
37.087,15:00:28.675,1126.0,965.0,,,inhale,
37.107,15:00:28.694,1127.0,964.0,,,inhale,
37.127,15:00:28.714,1125.0,965.0,,,inhale,
37.147,15:00:28.734,1125.0,964.0,,,inhale,
37.167,15:00:28.754,1125.0,958.0,,,inhale,
37.187,15:00:28.774,1125.0,964.0,,,inhale,
37.211,15:00:28.799,1126.0,963.0,,,inhale,
37.227,15:00:28.815,1117.0,963.0,,,inhale,
37.247,15:00:28.835,1112.0,963.0,,,inhale,
37.267,15:00:28.854,1123.0,964.0,,,inhale,
37.287,15:00:28.875,1125.0,963.0,,,inhale,
37.307,15:00:28.895,1123.0,963.0,,,inhale,
37.327,15:00:28.915,1119.0,963.0,,,inhale,
37.347,15:00:28.935,1119.0,963.0,,,inhale,
37.367,15:00:28.955,1123.0,963.0,,,inhale,
37.387,15:00:28.975,1123.0,962.0,,,inhale,
37.407,15:00:28.995,1125.0,962.0,,,inhale,
37.427,15:00:29.015,1123.0,956.0,,,inhale,
37.447,15:00:29.035,1125.0,963.0,,,inhale,
37.467,15:00:29.055,1123.0,963.0,,,inhale,
37.487,15:00:29.075,1124.0,962.0,,,inhale,
37.507,15:00:29.095,1125.0,964.0,,,inhale,
37.527,15:00:29.115,1125.0,962.0,,,inhale,
37.547,15:00:29.135,1124.0,962.0,,,inhale,
37.567,15:00:29.154,1125.0,962.0,,,inhale,
37.587,15:00:29.175,1123.0,961.0,,,inhale,
37.607,15:00:29.195,1123.0,963.0,,,inhale,
37.627,15:00:29.215,1123.0,963.0,,,inhale,
37.647,15:00:29.235,1122.0,960.0,,,inhale,
37.667,15:00:29.254,1123.0,967.0,,,inhale,
37.687,15:00:29.275,1123.0,961.0,,,inhale,
37.707,15:00:29.295,1123.0,961.0,,,inhale,
37.727,15:00:29.315,1123.0,968.0,,,inhale,
37.749,15:00:29.336,1123.0,963.0,,,inhale,
37.767,15:00:29.354,1123.0,961.0,,,inhale,
37.787,15:00:29.375,1123.0,967.0,,,inhale,
37.807,15:00:29.395,1124.0,961.0,,,inhale,
37.827,15:00:29.415,1119.0,968.0,,,inhale,
37.847,15:00:29.435,1123.0,961.0,,,inhale,
37.867,15:00:29.455,1123.0,960.0,,,inhale,
37.887,15:00:29.475,1125.0,961.0,,,inhale,
37.907,15:00:29.495,1119.0,961.0,,,inhale,
37.927,15:00:29.515,1123.0,962.0,,,inhale,
37.947,15:00:29.535,1118.0,962.0,,,inhale,
37.967,15:00:29.554,1123.0,962.0,,,inhale,
37.987,15:00:29.575,1122.0,962.0,,,inhale,
38.007,15:00:29.595,1107.0,960.0,,,inhale,
38.037,15:00:29.625,1119.0,960.0,,,inhale,
38.051,15:00:29.638,1119.0,962.0,,,inhale,
38.067,15:00:29.654,1123.0,961.0,,,inhale,
38.087,15:00:29.674,1119.0,960.0,,,inhale,
38.107,15:00:29.694,1124.0,960.0,,,inhale,
38.127,15:00:29.714,1119.0,962.0,,,inhale,
38.147,15:00:29.734,1123.0,960.0,,,inhale,
38.167,15:00:29.754,1123.0,962.0,,,inhale,
38.187,15:00:29.774,1119.0,960.0,,,inhale,
38.211,15:00:29.799,1123.0,962.0,,,inhale,
38.227,15:00:29.815,1117.0,960.0,,,inhale,
38.247,15:00:29.835,1123.0,961.0,,,inhale,
38.267,15:00:29.854,1119.0,960.0,,,inhale,
38.287,15:00:29.875,1124.0,959.0,,,inhale,
38.307,15:00:29.895,1117.0,959.0,,,inhale,
38.327,15:00:29.915,1123.0,969.0,,,inhale,
38.347,15:00:29.935,1119.0,958.0,,,inhale,
38.367,15:00:29.954,1123.0,953.0,,,inhale,
38.387,15:00:29.975,1122.0,962.0,,,inhale,
38.407,15:00:29.994,1119.0,960.0,,,inhale,
38.427,15:00:30.015,1119.0,961.0,,,inhale,
38.448,15:00:30.035,1123.0,962.0,,,inhale,
38.467,15:00:30.054,1119.0,959.0,,,inhale,
38.487,15:00:30.075,1124.0,956.0,,,inhale,
38.507,15:00:30.095,1119.0,951.0,,,inhale,
38.527,15:00:30.115,1122.0,965.0,,,inhale,
38.547,15:00:30.135,1126.0,960.0,,,inhale,
38.568,15:00:30.156,1119.0,958.0,,,inhale,
38.587,15:00:30.175,1119.0,959.0,,,inhale,
38.607,15:00:30.194,1117.0,963.0,,,inhale,
38.627,15:00:30.215,1115.0,960.0,,,inhale,
38.647,15:00:30.235,1121.0,959.0,,,inhale,
38.667,15:00:30.254,1122.0,960.0,,,inhale,
38.687,15:00:30.275,1122.0,960.0,,,inhale,
38.707,15:00:30.295,1119.0,959.0,,,inhale,
38.727,15:00:30.315,1117.0,959.0,,,inhale,
38.747,15:00:30.335,1215.0,959.0,,,inhale,
38.767,15:00:30.355,1119.0,959.0,,,inhale,
38.787,15:00:30.375,1122.0,959.0,,,inhale,
38.807,15:00:30.394,1118.0,960.0,,,inhale,
38.827,15:00:30.415,1119.0,960.0,,,inhale,
38.847,15:00:30.434,1119.0,960.0,,,inhale,
38.867,15:00:30.454,1103.0,961.0,,,inhale,
38.887,15:00:30.475,1118.0,957.0,,,inhale,
38.907,15:00:30.495,1125.0,960.0,,,inhale,
38.927,15:00:30.515,1116.0,961.0,,,inhale,
38.947,15:00:30.535,1117.0,958.0,,,inhale,
38.967,15:00:30.555,1119.0,959.0,,,inhale,
38.987,15:00:30.574,1119.0,961.0,,,inhale,
39.007,15:00:30.594,1119.0,959.0,,,inhale,
39.027,15:00:30.614,1119.0,960.0,,,inhale,
39.047,15:00:30.634,1117.0,958.0,,,inhale,
39.067,15:00:30.654,1119.0,958.0,,,inhale,
39.087,15:00:30.674,1123.0,959.0,,,inhale,
39.107,15:00:30.694,1119.0,959.0,,,inhale,
39.127,15:00:30.714,1117.0,959.0,,,inhale,
39.147,15:00:30.734,1119.0,960.0,,,inhale,
39.167,15:00:30.754,1119.0,959.0,,,inhale,
39.187,15:00:30.774,1119.0,959.0,,,inhale,
39.211,15:00:30.798,1125.0,960.0,,,inhale,
39.227,15:00:30.815,1116.0,959.0,,,inhale,
39.247,15:00:30.834,1119.0,959.0,,,inhale,
39.267,15:00:30.854,1118.0,958.0,,,inhale,
39.287,15:00:30.875,1123.0,960.0,,,inhale,
39.307,15:00:30.894,1117.0,958.0,,,inhale,
39.327,15:00:30.915,1122.0,958.0,,,inhale,
39.347,15:00:30.934,1122.0,958.0,,,inhale,
39.367,15:00:30.955,1076.0,959.0,,,inhale,
39.387,15:00:30.975,1123.0,958.0,,,inhale,
39.407,15:00:30.995,1117.0,959.0,,,inhale,
39.427,15:00:31.015,1122.0,956.0,,,inhale,
39.447,15:00:31.035,1117.0,956.0,,,inhale,
39.467,15:00:31.054,1117.0,959.0,,,inhale,
39.487,15:00:31.075,1115.0,959.0,,,inhale,
39.507,15:00:31.094,1119.0,959.0,,,inhale,
39.527,15:00:31.115,1122.0,959.0,,,inhale,
39.547,15:00:31.134,1116.0,958.0,,,inhale,
39.567,15:00:31.155,1119.0,959.0,,,inhale,
39.587,15:00:31.175,1100.0,958.0,,,inhale,
39.607,15:00:31.194,1116.0,965.0,,,inhale,
39.627,15:00:31.214,1117.0,959.0,,,inhale,
39.647,15:00:31.234,1121.0,959.0,,,inhale,
39.667,15:00:31.254,1117.0,958.0,,,unknown,
39.687,15:00:31.274,1119.0,959.0,,,unknown,
39.707,15:00:31.294,1117.0,952.0,,,unknown,
39.727,15:00:31.314,1117.0,958.0,,,unknown,
39.747,15:00:31.335,1117.0,959.0,,,unknown,
39.767,15:00:31.355,1118.0,958.0,,,unknown,
39.787,15:00:31.375,1117.0,958.0,,,unknown,
39.807,15:00:31.395,1117.0,959.0,,,unknown,
39.827,15:00:31.415,1117.0,960.0,,,unknown,
39.847,15:00:31.435,1116.0,955.0,,,unknown,
39.867,15:00:31.455,1117.0,958.0,,,unknown,
39.887,15:00:31.475,1119.0,959.0,,,unknown,
39.907,15:00:31.495,1117.0,958.0,,,unknown,
39.927,15:00:31.515,1117.0,957.0,,,unknown,
39.947,15:00:31.535,1118.0,956.0,,,unknown,
39.967,15:00:31.555,1117.0,958.0,,,unknown,
39.987,15:00:31.575,1117.0,961.0,,,unknown,
40.007,15:00:31.595,1119.0,958.0,,,unknown,
40.027,15:00:31.615,1119.0,959.0,,,unknown,
40.047,15:00:31.635,1117.0,966.0,,,unknown,
40.067,15:00:31.654,1117.0,954.0,,,unknown,
40.087,15:00:31.675,1113.0,958.0,,,unknown,
40.107,15:00:31.695,1119.0,959.0,,,unknown,
40.127,15:00:31.715,1116.0,958.0,,,unknown,
40.147,15:00:31.735,1117.0,958.0,,,unknown,
40.167,15:00:31.755,1117.0,956.0,,,unknown,
40.187,15:00:31.775,1116.0,958.0,,,unknown,
40.211,15:00:31.798,1119.0,958.0,,,unknown,
40.227,15:00:31.815,1123.0,960.0,,,unknown,
40.247,15:00:31.834,1119.0,959.0,,,unknown,
40.267,15:00:31.855,1119.0,959.0,,,unknown,
40.287,15:00:31.875,1117.0,960.0,,,unknown,
40.307,15:00:31.895,1125.0,958.0,,,unknown,
40.327,15:00:31.915,1113.0,953.0,,,unknown,
40.347,15:00:31.935,1117.0,959.0,,,unknown,
40.367,15:00:31.955,1119.0,959.0,,,unknown,
40.387,15:00:31.975,1117.0,959.0,,,unknown,
40.407,15:00:31.995,1115.0,958.0,,,unknown,
40.427,15:00:32.015,1116.0,958.0,,,unknown,
40.447,15:00:32.035,1117.0,957.0,,,unknown,
40.467,15:00:32.055,1117.0,957.0,,,unknown,
40.487,15:00:32.075,1117.0,955.0,,,unknown,
40.507,15:00:32.095,1139.0,956.0,,,unknown,
40.527,15:00:32.115,1117.0,958.0,,,unknown,
40.547,15:00:32.135,1114.0,956.0,,,unknown,
40.567,15:00:32.155,1117.0,955.0,,,unknown,
40.587,15:00:32.175,1112.0,958.0,,,unknown,
40.607,15:00:32.195,1116.0,958.0,,,unknown,
40.627,15:00:32.215,1116.0,956.0,,,unknown,
40.647,15:00:32.235,1107.0,957.0,,,unknown,
40.667,15:00:32.254,1117.0,958.0,,,unknown,
40.687,15:00:32.275,1115.0,958.0,,,unknown,
40.707,15:00:32.295,1119.0,958.0,,,unknown,
40.727,15:00:32.315,1113.0,958.0,,,unknown,
40.747,15:00:32.335,1117.0,958.0,,,unknown,
40.767,15:00:32.355,1117.0,958.0,,,unknown,
40.787,15:00:32.375,1116.0,955.0,,,unknown,
40.807,15:00:32.395,1117.0,956.0,,,unknown,
40.828,15:00:32.415,1115.0,958.0,,,unknown,
40.847,15:00:32.435,1116.0,967.0,,,unknown,
40.867,15:00:32.455,1117.0,957.0,,,unknown,
40.887,15:00:32.475,1118.0,958.0,,,unknown,
40.907,15:00:32.495,1117.0,958.0,,,unknown,
40.927,15:00:32.515,1135.0,957.0,,,unknown,
40.947,15:00:32.535,1112.0,956.0,,,unknown,
40.967,15:00:32.555,1115.0,959.0,,,unknown,
40.987,15:00:32.575,1127.0,957.0,,,unknown,
41.007,15:00:32.595,1119.0,958.0,,,unknown,
41.027,15:00:32.615,1117.0,948.0,,,unknown,
41.047,15:00:32.635,1116.0,957.0,,,unknown,
41.067,15:00:32.655,1117.0,957.0,,,unknown,
41.087,15:00:32.675,1114.0,956.0,,,unknown,
41.107,15:00:32.695,1116.0,958.0,,,unknown,
41.127,15:00:32.715,1117.0,956.0,,,unknown,
41.147,15:00:32.735,1129.0,957.0,,,unknown,
41.167,15:00:32.755,1115.0,958.0,,,unknown,
41.187,15:00:32.775,1117.0,959.0,,,unknown,
41.211,15:00:32.799,1117.0,962.0,,,unknown,
41.227,15:00:32.815,1117.0,957.0,,,unknown,
41.247,15:00:32.835,1115.0,957.0,,,unknown,
41.267,15:00:32.854,1117.0,957.0,,,unknown,
41.287,15:00:32.875,1117.0,958.0,,,unknown,
41.307,15:00:32.895,1117.0,957.0,,,unknown,
41.327,15:00:32.915,1116.0,956.0,,,unknown,
41.347,15:00:32.935,1119.0,957.0,,,unknown,
41.367,15:00:32.955,1115.0,958.0,,,unknown,
41.387,15:00:32.975,1117.0,957.0,,,unknown,
41.407,15:00:32.995,1115.0,966.0,,,unknown,
41.427,15:00:33.015,1117.0,957.0,,,unknown,
41.447,15:00:33.035,1118.0,957.0,,,unknown,
41.467,15:00:33.055,1132.0,957.0,,,unknown,
41.487,15:00:33.074,1117.0,956.0,,,unknown,
41.507,15:00:33.095,1115.0,958.0,,,unknown,
41.527,15:00:33.115,1115.0,957.0,,,unknown,
41.547,15:00:33.135,1116.0,957.0,,,unknown,
41.567,15:00:33.155,1117.0,958.0,,,unknown,
41.587,15:00:33.175,1116.0,961.0,,,unknown,
41.607,15:00:33.195,1117.0,957.0,,,unknown,
41.627,15:00:33.215,1115.0,956.0,,,unknown,
41.647,15:00:33.235,1117.0,961.0,,,unknown,
41.667,15:00:33.255,1115.0,961.0,,,unknown,
41.687,15:00:33.275,1117.0,956.0,,,unknown,
41.707,15:00:33.295,1115.0,957.0,,,unknown,
41.727,15:00:33.315,1119.0,958.0,,,unknown,
41.747,15:00:33.335,1117.0,957.0,,,unknown,
41.767,15:00:33.355,1115.0,954.0,,,unknown,
41.787,15:00:33.375,1117.0,958.0,,,unknown,
41.807,15:00:33.395,1117.0,957.0,,,unknown,
41.827,15:00:33.415,1115.0,954.0,,,unknown,
41.847,15:00:33.435,1115.0,957.0,,,unknown,
41.867,15:00:33.455,1117.0,958.0,,,unknown,
41.887,15:00:33.475,1117.0,958.0,,,unknown,
41.907,15:00:33.495,1117.0,957.0,,,unknown,
41.927,15:00:33.515,1117.0,957.0,,,unknown,
41.947,15:00:33.535,1117.0,956.0,,,unknown,
41.967,15:00:33.555,1119.0,957.0,,,unknown,
41.987,15:00:33.575,1115.0,957.0,,,unknown,
42.007,15:00:33.595,1115.0,961.0,,,unknown,
42.027,15:00:33.615,1116.0,956.0,,,unknown,
42.047,15:00:33.635,1117.0,957.0,,,unknown,
42.068,15:00:33.656,1179.0,953.0,,,unknown,
42.087,15:00:33.675,1113.0,957.0,,,unknown,
42.107,15:00:33.695,1117.0,957.0,,,unknown,
42.127,15:00:33.715,1115.0,957.0,,,unknown,
42.147,15:00:33.735,1117.0,959.0,,,unknown,
42.167,15:00:33.754,1115.0,957.0,,,unknown,
42.187,15:00:33.775,1101.0,958.0,,,unknown,
42.211,15:00:33.799,1115.0,957.0,,,unknown,
42.227,15:00:33.815,1115.0,958.0,,,unknown,
42.247,15:00:33.835,1115.0,958.0,,,unknown,
42.267,15:00:33.855,1116.0,958.0,,,unknown,
42.287,15:00:33.875,1115.0,958.0,,,unknown,
42.307,15:00:33.894,1115.0,954.0,,,unknown,
42.327,15:00:33.915,1113.0,956.0,,,unknown,
42.347,15:00:33.935,1115.0,957.0,,,unknown,
42.367,15:00:33.954,1115.0,957.0,,,unknown,
42.387,15:00:33.975,1117.0,958.0,,,unknown,
42.407,15:00:33.995,1117.0,953.0,,,unknown,
42.427,15:00:34.015,1115.0,959.0,,,unknown,
42.456,15:00:34.043,1129.0,956.0,,,unknown,
42.471,15:00:34.058,1116.0,957.0,,,unknown,
42.487,15:00:34.074,1127.0,957.0,,,unknown,
42.507,15:00:34.094,1115.0,959.0,,,unknown,
42.527,15:00:34.114,1109.0,956.0,,,unknown,
42.547,15:00:34.134,1115.0,957.0,,,unknown,
42.567,15:00:34.154,1115.0,957.0,,,unknown,
42.587,15:00:34.174,1115.0,957.0,,,unknown,
42.607,15:00:34.194,1117.0,968.0,,,unknown,
42.627,15:00:34.215,1115.0,960.0,,,unknown,
42.647,15:00:34.235,1115.0,958.0,,,unknown,
42.667,15:00:34.255,1115.0,963.0,,,unknown,
42.687,15:00:34.275,1115.0,956.0,,,unknown,
42.707,15:00:34.295,1116.0,955.0,,,unknown,
42.727,15:00:34.315,1117.0,959.0,,,unknown,
42.747,15:00:34.335,1115.0,957.0,,,unknown,
42.767,15:00:34.354,1115.0,956.0,,,unknown,
42.787,15:00:34.375,1115.0,957.0,,,unknown,
42.807,15:00:34.395,1115.0,956.0,,,unknown,
42.827,15:00:34.415,1189.0,956.0,,,unknown,
42.847,15:00:34.435,1115.0,957.0,,,unknown,
42.867,15:00:34.454,1117.0,958.0,,,unknown,
42.887,15:00:34.475,1116.0,957.0,,,unknown,
42.907,15:00:34.495,1099.0,957.0,,,unknown,
42.927,15:00:34.515,1115.0,951.0,,,unknown,
42.948,15:00:34.536,1117.0,958.0,,,unknown,
42.967,15:00:34.554,1115.0,957.0,,,unknown,
42.987,15:00:34.575,1109.0,957.0,,,unknown,
43.007,15:00:34.595,1096.0,956.0,,,unknown,
43.027,15:00:34.615,1115.0,956.0,,,unknown,
43.047,15:00:34.635,1115.0,956.0,,,unknown,
43.067,15:00:34.655,1117.0,954.0,,,unknown,
43.087,15:00:34.675,1115.0,958.0,,,unknown,
43.107,15:00:34.695,1115.0,957.0,,,unknown,
43.127,15:00:34.715,1115.0,956.0,,,unknown,
43.147,15:00:34.735,1115.0,955.0,,,unknown,
43.167,15:00:34.754,1115.0,956.0,,,unknown,
43.187,15:00:34.774,1115.0,959.0,,,unknown,
43.211,15:00:34.799,1115.0,957.0,,,unknown,
43.227,15:00:34.815,1116.0,956.0,,,unknown,
43.247,15:00:34.834,1117.0,957.0,,,unknown,
43.267,15:00:34.854,1111.0,957.0,,,unknown,
43.287,15:00:34.875,1127.0,956.0,,,unknown,
43.307,15:00:34.895,1115.0,955.0,,,unknown,
43.327,15:00:34.915,1115.0,959.0,,,unknown,
43.347,15:00:34.934,1116.0,958.0,,,unknown,
43.367,15:00:34.955,1115.0,957.0,,,unknown,
43.387,15:00:34.974,1115.0,957.0,,,unknown,
43.407,15:00:34.995,1114.0,956.0,,,unknown,
43.427,15:00:35.015,1115.0,957.0,,,unknown,
43.447,15:00:35.035,1114.0,958.0,,,unknown,
43.467,15:00:35.055,1115.0,957.0,,,unknown,
43.487,15:00:35.075,1113.0,956.0,,,unknown,
43.507,15:00:35.095,1115.0,956.0,,,unknown,
43.527,15:00:35.115,1118.0,955.0,,,unknown,
43.547,15:00:35.135,1119.0,955.0,,,unknown,
43.567,15:00:35.154,1106.0,956.0,,,unknown,
43.587,15:00:35.175,1115.0,953.0,,,unknown,
43.607,15:00:35.195,1119.0,957.0,,,unknown,
43.627,15:00:35.215,1115.0,957.0,,,unknown,
43.647,15:00:35.235,1115.0,958.0,,,unknown,
43.667,15:00:35.255,1115.0,956.0,,,unknown,
43.687,15:00:35.275,1115.0,956.0,,,unknown,
43.707,15:00:35.295,1117.0,957.0,,,unknown,
43.727,15:00:35.315,1115.0,960.0,,,unknown,
43.747,15:00:35.335,1116.0,956.0,,,unknown,
43.767,15:00:35.354,1115.0,955.0,,,unknown,
43.787,15:00:35.375,1115.0,957.0,,,unknown,
43.807,15:00:35.395,1115.0,957.0,,,unknown,
43.827,15:00:35.415,1117.0,957.0,,,unknown,
43.847,15:00:35.435,1109.0,957.0,,,unknown,
43.867,15:00:35.454,1115.0,956.0,,,unknown,
43.887,15:00:35.475,1099.0,956.0,,,unknown,
43.907,15:00:35.495,1117.0,960.0,,,unknown,
43.927,15:00:35.515,1115.0,956.0,,,unknown,
43.947,15:00:35.535,1115.0,953.0,,,unknown,
43.967,15:00:35.554,1117.0,957.0,,,unknown,
43.987,15:00:35.574,1113.0,958.0,,,unknown,
44.007,15:00:35.594,1115.0,956.0,,,unknown,
44.027,15:00:35.614,1115.0,956.0,,,unknown,
44.047,15:00:35.634,1113.0,952.0,,,unknown,
44.067,15:00:35.654,1113.0,954.0,,,unknown,
44.087,15:00:35.674,1115.0,955.0,,,unknown,
44.107,15:00:35.694,1101.0,956.0,,,unknown,
44.127,15:00:35.714,1116.0,956.0,,,unknown,
44.147,15:00:35.734,1113.0,953.0,,,unknown,
44.167,15:00:35.754,1115.0,957.0,,,unknown,
44.187,15:00:35.774,1117.0,956.0,,,unknown,
44.211,15:00:35.799,1115.0,957.0,,,unknown,
44.227,15:00:35.815,1114.0,957.0,,,unknown,
44.247,15:00:35.835,1115.0,955.0,,,unknown,
44.267,15:00:35.855,1115.0,956.0,,,unknown,
44.287,15:00:35.875,1115.0,957.0,,,unknown,
44.307,15:00:35.895,1115.0,956.0,,,unknown,
44.327,15:00:35.915,1117.0,956.0,,,unknown,
44.347,15:00:35.935,1115.0,960.0,,,unknown,
44.367,15:00:35.954,1112.0,957.0,,,unknown,
44.387,15:00:35.975,1115.0,957.0,,,unknown,
44.407,15:00:35.995,1113.0,956.0,,,unknown,
44.427,15:00:36.015,1114.0,957.0,,,unknown,
44.447,15:00:36.034,1128.0,957.0,,,unknown,
44.467,15:00:36.055,1118.0,957.0,,,unknown,
44.487,15:00:36.074,1115.0,955.0,,,unknown,
44.507,15:00:36.095,1115.0,956.0,,,unknown,
44.527,15:00:36.115,1115.0,956.0,,,unknown,
44.547,15:00:36.135,1115.0,956.0,,,unknown,
44.567,15:00:36.154,1115.0,956.0,,,unknown,
44.587,15:00:36.174,1113.0,956.0,,,unknown,
44.607,15:00:36.195,1115.0,956.0,,,unknown,
44.627,15:00:36.214,1111.0,956.0,,,unknown,
44.647,15:00:36.235,1115.0,957.0,,,unknown,
44.667,15:00:36.255,1115.0,959.0,,,unknown,
44.687,15:00:36.274,1115.0,957.0,,,unknown,
44.707,15:00:36.294,1114.0,958.0,,,unknown,
44.727,15:00:36.315,1114.0,957.0,,,unknown,
44.747,15:00:36.335,1114.0,956.0,,,unknown,
44.767,15:00:36.354,1115.0,955.0,,,unknown,
44.787,15:00:36.374,1115.0,956.0,,,unknown,
44.807,15:00:36.394,1117.0,954.0,,,unknown,
44.827,15:00:36.414,1115.0,955.0,,,unknown,
44.847,15:00:36.434,1116.0,955.0,,,unknown,
44.867,15:00:36.455,1115.0,956.0,,,unknown,
44.887,15:00:36.475,1114.0,962.0,,,unknown,
44.907,15:00:36.495,1131.0,957.0,,,unknown,
44.927,15:00:36.515,1113.0,955.0,,,unknown,
44.947,15:00:36.534,1118.0,955.0,,,unknown,
44.967,15:00:36.555,1115.0,956.0,,,unknown,
44.987,15:00:36.575,1114.0,955.0,,,unknown,
45.007,15:00:36.594,1100.0,956.0,,,unknown,
45.027,15:00:36.615,1115.0,956.0,,,unknown,
45.047,15:00:36.635,1115.0,957.0,,,unknown,
45.067,15:00:36.654,1114.0,956.0,,,unknown,
45.087,15:00:36.675,1115.0,956.0,,,unknown,
45.107,15:00:36.695,1115.0,962.0,,,unknown,
45.127,15:00:36.714,1114.0,952.0,,,unknown,
45.147,15:00:36.735,1115.0,955.0,,,unknown,
45.167,15:00:36.755,1115.0,956.0,,,unknown,
45.187,15:00:36.775,1241.0,956.0,,,unknown,
45.211,15:00:36.799,1113.0,955.0,,,unknown,
45.227,15:00:36.814,1117.0,955.0,,,unknown,
45.247,15:00:36.835,1115.0,954.0,,,unknown,
45.267,15:00:36.855,1116.0,956.0,,,unknown,
45.287,15:00:36.875,1115.0,960.0,,,unknown,
45.307,15:00:36.895,1117.0,957.0,,,unknown,
45.327,15:00:36.915,1117.0,956.0,,,unknown,
45.347,15:00:36.935,1115.0,957.0,,,unknown,
45.367,15:00:36.954,1116.0,957.0,,,unknown,
45.387,15:00:36.974,1118.0,958.0,,,unknown,
45.407,15:00:36.995,1118.0,958.0,,,unknown,
45.427,15:00:37.015,1117.0,956.0,,,unknown,
45.447,15:00:37.035,1119.0,960.0,,,unknown,
45.467,15:00:37.055,1119.0,960.0,,,unknown,
45.487,15:00:37.075,1123.0,962.0,,,unknown,
45.507,15:00:37.095,1125.0,960.0,,,unknown,
45.527,15:00:37.115,1124.0,963.0,,,unknown,
45.547,15:00:37.135,1125.0,964.0,,,unknown,
45.567,15:00:37.154,1127.0,971.0,,,unknown,
45.587,15:00:37.175,1127.0,965.0,,,unknown,
45.607,15:00:37.195,1128.0,967.0,,,unknown,
45.627,15:00:37.215,1129.0,963.0,,,unknown,
45.647,15:00:37.235,1131.0,967.0,,,unknown,
45.667,15:00:37.255,1130.0,969.0,,,unknown,
45.687,15:00:37.275,1131.0,971.0,,,unknown,
45.707,15:00:37.295,1131.0,971.0,,,unknown,
45.727,15:00:37.315,1135.0,971.0,,,unknown,
45.747,15:00:37.335,1134.0,972.0,,,unknown,
45.767,15:00:37.354,1136.0,973.0,,,unknown,
45.787,15:00:37.375,1139.0,973.0,,,unknown,
45.807,15:00:37.394,1096.0,975.0,,,unknown,
45.827,15:00:37.415,1135.0,976.0,,,unknown,
45.847,15:00:37.435,1135.0,976.0,,,inhale,
45.867,15:00:37.455,1139.0,977.0,,,inhale,
45.887,15:00:37.475,1141.0,982.0,,,inhale,
45.907,15:00:37.495,1140.0,978.0,,,inhale,
45.927,15:00:37.515,1143.0,975.0,,,inhale,
45.947,15:00:37.535,1143.0,980.0,,,inhale,
45.967,15:00:37.555,1143.0,979.0,,,inhale,
45.987,15:00:37.575,1145.0,982.0,,,inhale,
46.007,15:00:37.595,1143.0,981.0,,,inhale,
46.027,15:00:37.615,1144.0,980.0,,,inhale,
46.047,15:00:37.635,1143.0,979.0,,,inhale,
46.067,15:00:37.654,1145.0,981.0,,,inhale,
46.087,15:00:37.675,1146.0,983.0,,,inhale,
46.107,15:00:37.695,1146.0,980.0,,,inhale,
46.127,15:00:37.715,1147.0,982.0,,,inhale,
46.147,15:00:37.735,1148.0,985.0,,,inhale,
46.167,15:00:37.754,1149.0,983.0,,,inhale,
46.187,15:00:37.775,1151.0,984.0,,,inhale,
46.211,15:00:37.799,1149.0,993.0,,,inhale,
46.227,15:00:37.814,1158.0,988.0,,,inhale,
46.247,15:00:37.834,1156.0,989.0,,,inhale,
46.267,15:00:37.855,1163.0,987.0,,,inhale,
46.287,15:00:37.875,1161.0,989.0,,,inhale,
46.307,15:00:37.894,1159.0,990.0,,,inhale,
46.327,15:00:37.915,1159.0,992.0,,,inhale,
46.347,15:00:37.935,1160.0,993.0,,,inhale,
46.367,15:00:37.954,1161.0,994.0,,,inhale,
46.387,15:00:37.974,1161.0,995.0,,,inhale,
46.407,15:00:37.995,1163.0,995.0,,,inhale,
46.427,15:00:38.015,1163.0,997.0,,,inhale,
46.447,15:00:38.035,1151.0,997.0,,,inhale,
46.467,15:00:38.055,1167.0,999.0,,,inhale,
46.487,15:00:38.075,1167.0,997.0,,,inhale,
46.507,15:00:38.095,1172.0,1000.0,,,inhale,
46.527,15:00:38.115,1171.0,1001.0,,,inhale,
46.547,15:00:38.135,1171.0,1001.0,,,inhale,
46.567,15:00:38.155,1170.0,1000.0,,,inhale,
46.587,15:00:38.175,1167.0,1003.0,,,inhale,
46.607,15:00:38.195,1172.0,1000.0,,,inhale,
46.627,15:00:38.215,1171.0,1003.0,,,inhale,
46.647,15:00:38.235,1171.0,1008.0,,,inhale,
46.667,15:00:38.255,1167.0,1003.0,,,inhale,
46.687,15:00:38.275,1173.0,997.0,,,inhale,
46.707,15:00:38.295,1171.0,1003.0,,,inhale,
46.727,15:00:38.315,1169.0,1008.0,,,inhale,
46.747,15:00:38.335,1171.0,1003.0,,,inhale,
46.767,15:00:38.355,1171.0,1003.0,,,inhale,
46.787,15:00:38.375,1173.0,1004.0,,,inhale,
46.807,15:00:38.395,1163.0,1004.0,,,inhale,
46.827,15:00:38.415,1170.0,1001.0,,,inhale,
46.849,15:00:38.436,1171.0,1003.0,,,inhale,
46.867,15:00:38.455,1172.0,1003.0,,,inhale,
46.887,15:00:38.475,1175.0,1002.0,,,inhale,
46.907,15:00:38.495,1177.0,1002.0,,,inhale,
46.927,15:00:38.515,1173.0,1004.0,,,inhale,
46.947,15:00:38.535,1172.0,1003.0,,,inhale,
46.975,15:00:38.563,1171.0,1003.0,,,inhale,
46.988,15:00:38.576,1172.0,1004.0,,,inhale,
47.007,15:00:38.594,1177.0,1005.0,,,inhale,
47.027,15:00:38.614,1175.0,1005.0,,,inhale,
47.047,15:00:38.634,1173.0,1004.0,,,inhale,
47.067,15:00:38.654,1171.0,1004.0,,,inhale,
47.087,15:00:38.675,1173.0,1003.0,,,inhale,
47.107,15:00:38.695,1172.0,1002.0,,,inhale,
47.127,15:00:38.715,1171.0,1005.0,,,inhale,
47.147,15:00:38.735,1170.0,1001.0,,,exhale,exhale_onset
47.167,15:00:38.755,1171.0,1002.0,,,exhale,
47.187,15:00:38.775,1170.0,1001.0,,,exhale,
47.211,15:00:38.799,1187.0,1001.0,,,exhale,
47.227,15:00:38.815,1171.0,1000.0,,,exhale,
47.247,15:00:38.835,1169.0,1000.0,,,exhale,
47.267,15:00:38.855,1161.0,999.0,,,exhale,
47.287,15:00:38.874,1167.0,999.0,,,exhale,
47.307,15:00:38.895,1167.0,999.0,,,exhale,
47.327,15:00:38.915,1167.0,994.0,,,exhale,
47.347,15:00:38.935,1152.0,998.0,,,exhale,
47.367,15:00:38.955,1165.0,997.0,,,exhale,
47.387,15:00:38.975,1163.0,996.0,,,exhale,
47.407,15:00:38.994,1172.0,996.0,,,exhale,
47.427,15:00:39.015,1163.0,997.0,,,exhale,
47.447,15:00:39.035,1164.0,996.0,,,exhale,
47.467,15:00:39.054,1163.0,995.0,,,exhale,
47.487,15:00:39.075,1166.0,991.0,,,exhale,
47.507,15:00:39.095,1165.0,995.0,,,exhale,
47.527,15:00:39.115,1163.0,995.0,,,exhale,
47.547,15:00:39.135,1162.0,995.0,,,exhale,
47.567,15:00:39.155,1163.0,995.0,,,exhale,
47.587,15:00:39.175,1113.0,996.0,,,exhale,
47.607,15:00:39.194,1162.0,995.0,,,exhale,
47.627,15:00:39.215,1161.0,1001.0,,,exhale,
47.647,15:00:39.235,1173.0,994.0,,,exhale,
47.667,15:00:39.254,1163.0,993.0,,,exhale,
47.687,15:00:39.275,1161.0,994.0,,,exhale,
47.707,15:00:39.295,1160.0,995.0,,,exhale,
47.727,15:00:39.315,1161.0,995.0,,,exhale,
47.747,15:00:39.335,1162.0,994.0,,,exhale,
47.767,15:00:39.355,1160.0,998.0,,,exhale,
47.787,15:00:39.375,1161.0,994.0,,,exhale,
47.807,15:00:39.395,1156.0,995.0,,,exhale,
47.827,15:00:39.415,1175.0,994.0,,,exhale,
47.847,15:00:39.435,1159.0,994.0,,,exhale,
47.867,15:00:39.455,1161.0,997.0,,,exhale,
47.887,15:00:39.475,1165.0,995.0,,,exhale,
47.907,15:00:39.494,1161.0,991.0,,,exhale,
47.927,15:00:39.515,1161.0,994.0,,,exhale,
47.947,15:00:39.535,1160.0,995.0,,,exhale,
47.967,15:00:39.555,1157.0,996.0,,,exhale,
47.987,15:00:39.575,1161.0,994.0,,,exhale,
48.007,15:00:39.595,1163.0,991.0,,,exhale,
48.027,15:00:39.615,1167.0,991.0,,,exhale,
48.047,15:00:39.635,1163.0,995.0,,,exhale,
48.067,15:00:39.655,1163.0,996.0,,,exhale,
48.087,15:00:39.675,1163.0,996.0,,,exhale,
48.107,15:00:39.695,1162.0,995.0,,,exhale,
48.127,15:00:39.715,1163.0,996.0,,,exhale,
48.147,15:00:39.735,1161.0,995.0,,,exhale,
48.167,15:00:39.755,1164.0,995.0,,,exhale,
48.187,15:00:39.775,1164.0,995.0,,,exhale,
48.211,15:00:39.798,1163.0,991.0,,,exhale,
48.227,15:00:39.814,1163.0,995.0,,,exhale,
48.247,15:00:39.835,1163.0,999.0,,,exhale,
48.267,15:00:39.855,1165.0,997.0,,,exhale,
48.287,15:00:39.875,1163.0,995.0,,,exhale,
48.307,15:00:39.894,1166.0,995.0,,,exhale,
48.327,15:00:39.915,1162.0,991.0,,,exhale,
48.347,15:00:39.935,1165.0,995.0,,,exhale,
48.367,15:00:39.954,1162.0,996.0,,,exhale,
48.387,15:00:39.975,1163.0,995.0,,,exhale,
48.407,15:00:39.995,1162.0,999.0,,,exhale,
48.427,15:00:40.015,1163.0,997.0,,,exhale,
48.447,15:00:40.035,1163.0,1001.0,,,exhale,
48.467,15:00:40.054,1162.0,993.0,,,exhale,
48.487,15:00:40.075,1161.0,995.0,,,exhale,
48.507,15:00:40.094,1163.0,993.0,,,exhale,
48.527,15:00:40.115,1159.0,995.0,,,exhale,
48.547,15:00:40.135,1159.0,994.0,,,exhale,
48.567,15:00:40.154,1160.0,997.0,,,exhale,
48.587,15:00:40.175,1163.0,1001.0,,,exhale,
48.607,15:00:40.194,1160.0,993.0,,,exhale,
48.627,15:00:40.215,1161.0,994.0,,,exhale,
48.647,15:00:40.235,1160.0,1001.0,,,exhale,
48.667,15:00:40.255,1160.0,994.0,,,exhale,
48.687,15:00:40.275,1151.0,993.0,,,exhale,
48.707,15:00:40.295,1160.0,991.0,,,exhale,
48.727,15:00:40.315,1159.0,992.0,,,exhale,
48.747,15:00:40.335,1159.0,993.0,,,exhale,
48.767,15:00:40.355,1157.0,998.0,,,exhale,
48.787,15:00:40.375,1160.0,995.0,,,exhale,
48.807,15:00:40.395,1159.0,991.0,,,exhale,
48.827,15:00:40.415,1159.0,990.0,,,exhale,
48.847,15:00:40.435,1159.0,990.0,,,exhale,
48.867,15:00:40.455,1160.0,989.0,,,exhale,
48.887,15:00:40.475,1157.0,993.0,,,exhale,
48.907,15:00:40.495,1157.0,990.0,,,exhale,
48.927,15:00:40.515,1152.0,991.0,,,exhale,
48.947,15:00:40.535,1151.0,988.0,,,exhale,
48.967,15:00:40.554,1151.0,981.0,,,exhale,
48.987,15:00:40.574,1157.0,985.0,,,exhale,
49.007,15:00:40.594,1151.0,986.0,,,exhale,
49.027,15:00:40.614,1149.0,990.0,,,exhale,
49.047,15:00:40.634,1150.0,986.0,,,exhale,
49.067,15:00:40.654,1151.0,986.0,,,exhale,
49.087,15:00:40.674,1151.0,986.0,,,exhale,
49.107,15:00:40.694,1146.0,984.0,,,exhale,
49.127,15:00:40.714,1149.0,985.0,,,exhale,
49.147,15:00:40.734,1147.0,984.0,,,exhale,
49.167,15:00:40.754,1148.0,987.0,,,exhale,
49.187,15:00:40.774,1157.0,980.0,,,exhale,
49.211,15:00:40.799,1150.0,981.0,,,exhale,
49.227,15:00:40.815,1147.0,982.0,,,exhale,
49.247,15:00:40.834,1145.0,982.0,,,exhale,
49.267,15:00:40.854,1147.0,981.0,,,exhale,
49.287,15:00:40.875,1148.0,978.0,,,exhale,
49.307,15:00:40.894,1147.0,981.0,,,exhale,
49.327,15:00:40.915,1147.0,981.0,,,exhale,
49.347,15:00:40.935,1147.0,981.0,,,exhale,
49.367,15:00:40.954,1143.0,981.0,,,exhale,
49.387,15:00:40.975,1146.0,980.0,,,exhale,
49.407,15:00:40.994,1143.0,980.0,,,exhale,
49.427,15:00:41.015,1145.0,979.0,,,exhale,
49.447,15:00:41.035,1143.0,982.0,,,exhale,
49.467,15:00:41.054,1143.0,981.0,,,exhale,
49.487,15:00:41.075,1144.0,980.0,,,exhale,
49.507,15:00:41.095,1143.0,980.0,,,exhale,
49.527,15:00:41.115,1143.0,971.0,,,exhale,
49.547,15:00:41.135,1145.0,981.0,,,exhale,
49.567,15:00:41.155,1143.0,978.0,,,exhale,
49.587,15:00:41.174,1142.0,978.0,,,exhale,
49.607,15:00:41.194,1143.0,983.0,,,exhale,
49.627,15:00:41.215,1141.0,978.0,,,exhale,
49.647,15:00:41.235,1143.0,977.0,,,exhale,
49.667,15:00:41.255,1138.0,979.0,,,exhale,
49.687,15:00:41.275,1141.0,977.0,,,exhale,
49.707,15:00:41.295,1044.0,978.0,,,exhale,
49.727,15:00:41.315,1143.0,973.0,,,exhale,
49.747,15:00:41.335,1143.0,979.0,,,exhale,
49.767,15:00:41.354,1143.0,979.0,,,exhale,
49.787,15:00:41.375,1141.0,979.0,,,exhale,
49.807,15:00:41.395,1141.0,978.0,,,exhale,
49.827,15:00:41.415,1145.0,976.0,,,exhale,
49.847,15:00:41.435,1141.0,978.0,,,exhale,
49.867,15:00:41.455,1143.0,978.0,,,exhale,
49.887,15:00:41.474,1112.0,977.0,,,exhale,
49.907,15:00:41.495,1141.0,978.0,,,exhale,
49.927,15:00:41.515,1141.0,977.0,,,exhale,
49.947,15:00:41.535,1140.0,977.0,,,exhale,
49.967,15:00:41.554,1135.0,977.0,,,exhale,
49.987,15:00:41.575,1139.0,973.0,,,exhale,
50.007,15:00:41.594,1140.0,976.0,,,exhale,
50.027,15:00:41.615,1163.0,976.0,,,exhale,
50.047,15:00:41.635,1135.0,978.0,,,exhale,
50.067,15:00:41.654,1139.0,976.0,,,exhale,
50.087,15:00:41.675,1139.0,974.0,,,exhale,
50.107,15:00:41.695,1139.0,970.0,,,exhale,
50.127,15:00:41.715,1128.0,980.0,,,exhale,
50.147,15:00:41.735,1135.0,975.0,,,exhale,
50.167,15:00:41.755,1180.0,975.0,,,exhale,
50.187,15:00:41.775,1139.0,973.0,,,exhale,
50.211,15:00:41.799,1133.0,975.0,,,exhale,
50.227,15:00:41.815,1133.0,973.0,,,exhale,
50.247,15:00:41.835,1141.0,975.0,,,exhale,
50.267,15:00:41.855,1135.0,975.0,,,exhale,
50.287,15:00:41.875,1139.0,975.0,,,exhale,
50.307,15:00:41.894,1139.0,977.0,,,exhale,
50.327,15:00:41.915,1149.0,976.0,,,exhale,
50.347,15:00:41.935,1141.0,977.0,,,exhale,
50.367,15:00:41.954,1142.0,976.0,,,exhale,
50.387,15:00:41.974,1141.0,979.0,,,inhale,inhale_onset
50.407,15:00:41.995,1141.0,988.0,,,inhale,
50.427,15:00:42.015,1144.0,982.0,,,inhale,
50.447,15:00:42.035,1145.0,979.0,,,inhale,
50.475,15:00:42.062,1132.0,982.0,,,inhale,
50.487,15:00:42.074,1147.0,981.0,,,inhale,
50.507,15:00:42.094,1147.0,982.0,,,inhale,
50.527,15:00:42.114,1148.0,982.0,,,inhale,
50.547,15:00:42.134,1147.0,983.0,,,inhale,
50.567,15:00:42.154,1149.0,979.0,,,inhale,
50.587,15:00:42.174,1149.0,984.0,,,inhale,
50.607,15:00:42.194,1151.0,984.0,,,inhale,
50.627,15:00:42.214,1151.0,986.0,,,inhale,
50.648,15:00:42.235,1151.0,986.0,,,inhale,
50.667,15:00:42.254,1158.0,988.0,,,inhale,
50.687,15:00:42.274,1159.0,989.0,,,inhale,
50.707,15:00:42.294,1159.0,988.0,,,inhale,
50.727,15:00:42.315,1159.0,991.0,,,inhale,
50.747,15:00:42.335,1159.0,991.0,,,inhale,
50.767,15:00:42.354,1159.0,994.0,,,inhale,
50.787,15:00:42.374,1151.0,991.0,,,inhale,
50.807,15:00:42.394,1159.0,995.0,,,inhale,
50.827,15:00:42.414,1145.0,992.0,,,inhale,
50.847,15:00:42.435,1159.0,993.0,,,inhale,
50.867,15:00:42.454,1157.0,993.0,,,inhale,
50.887,15:00:42.475,1159.0,994.0,,,inhale,
50.907,15:00:42.495,1159.0,994.0,,,inhale,
50.927,15:00:42.515,1161.0,994.0,,,inhale,
50.947,15:00:42.535,1163.0,995.0,,,inhale,
50.967,15:00:42.555,1161.0,996.0,,,inhale,
50.987,15:00:42.575,1163.0,994.0,,,inhale,
51.007,15:00:42.595,1160.0,1001.0,,,inhale,
51.027,15:00:42.615,1178.0,998.0,,,inhale,
51.047,15:00:42.635,1164.0,999.0,,,inhale,
51.067,15:00:42.655,1199.0,996.0,,,inhale,
51.087,15:00:42.675,1171.0,998.0,,,inhale,
51.107,15:00:42.694,1165.0,998.0,,,inhale,
51.127,15:00:42.715,1166.0,1000.0,,,inhale,
51.147,15:00:42.735,1169.0,999.0,,,inhale,
51.167,15:00:42.754,1165.0,999.0,,,inhale,
51.187,15:00:42.775,1170.0,1002.0,,,inhale,
51.211,15:00:42.799,1167.0,996.0,,,inhale,
51.227,15:00:42.815,1170.0,1002.0,,,inhale,
51.247,15:00:42.835,1171.0,1002.0,,,inhale,
51.267,15:00:42.855,1171.0,1003.0,,,inhale,
51.287,15:00:42.875,1171.0,1003.0,,,inhale,
51.307,15:00:42.895,1173.0,1004.0,,,inhale,
51.327,15:00:42.915,1171.0,1002.0,,,inhale,
51.347,15:00:42.935,1174.0,1004.0,,,inhale,
51.368,15:00:42.955,1175.0,1005.0,,,inhale,
51.387,15:00:42.975,1174.0,1005.0,,,inhale,
51.407,15:00:42.994,1175.0,1006.0,,,inhale,
51.427,15:00:43.015,1173.0,1007.0,,,inhale,
51.447,15:00:43.035,1175.0,1006.0,,,inhale,
51.467,15:00:43.055,1176.0,1006.0,,,inhale,
51.487,15:00:43.075,1176.0,1010.0,,,inhale,
51.507,15:00:43.095,1187.0,1008.0,,,inhale,
51.527,15:00:43.115,1179.0,1012.0,,,inhale,
51.547,15:00:43.135,1179.0,1008.0,,,inhale,
51.567,15:00:43.155,1179.0,1006.0,,,inhale,
51.587,15:00:43.175,1179.0,1009.0,,,inhale,
51.607,15:00:43.195,1180.0,1009.0,,,inhale,
51.627,15:00:43.215,1181.0,1010.0,,,inhale,
51.647,15:00:43.235,1179.0,1009.0,,,inhale,
51.667,15:00:43.255,1177.0,1008.0,,,inhale,
51.687,15:00:43.275,1177.0,1008.0,,,inhale,
51.707,15:00:43.295,1177.0,1008.0,,,inhale,
51.727,15:00:43.315,1179.0,1009.0,,,inhale,
51.748,15:00:43.336,1178.0,1008.0,,,inhale,
51.767,15:00:43.355,1177.0,1008.0,,,inhale,
51.787,15:00:43.375,1180.0,1007.0,,,inhale,
51.807,15:00:43.395,1178.0,1008.0,,,inhale,
51.827,15:00:43.415,1173.0,1013.0,,,inhale,
51.847,15:00:43.435,1177.0,1006.0,,,inhale,
51.867,15:00:43.455,1177.0,1008.0,,,inhale,
51.887,15:00:43.475,1176.0,1011.0,,,inhale,
51.907,15:00:43.495,1176.0,1007.0,,,inhale,
51.927,15:00:43.515,1178.0,1007.0,,,inhale,
51.947,15:00:43.535,1176.0,1005.0,,,inhale,
51.967,15:00:43.555,1171.0,1005.0,,,inhale,
51.987,15:00:43.575,1177.0,1007.0,,,inhale,
52.007,15:00:43.595,1177.0,1007.0,,,inhale,
52.027,15:00:43.615,1175.0,1006.0,,,inhale,
52.048,15:00:43.636,1175.0,1006.0,,,inhale,
52.067,15:00:43.655,1174.0,1001.0,,,inhale,
52.087,15:00:43.675,1159.0,1006.0,,,inhale,
52.107,15:00:43.695,1173.0,1005.0,,,inhale,
52.127,15:00:43.715,1173.0,1005.0,,,exhale,exhale_onset
52.147,15:00:43.735,1175.0,1005.0,,,exhale,
52.167,15:00:43.755,1149.0,1002.0,,,exhale,
52.187,15:00:43.775,1173.0,1004.0,,,exhale,
52.211,15:00:43.799,1175.0,1004.0,,,exhale,
52.227,15:00:43.815,1173.0,998.0,,,exhale,
52.247,15:00:43.835,1167.0,1002.0,,,exhale,
52.267,15:00:43.855,1170.0,1002.0,,,exhale,
52.287,15:00:43.875,1170.0,1001.0,,,exhale,
52.307,15:00:43.895,1167.0,1003.0,,,exhale,
52.327,15:00:43.915,1167.0,1000.0,,,exhale,
52.347,15:00:43.935,1171.0,1003.0,,,exhale,
52.367,15:00:43.955,1167.0,1002.0,,,exhale,
52.387,15:00:43.975,1171.0,1003.0,,,exhale,
52.407,15:00:43.995,1171.0,1001.0,,,exhale,
52.427,15:00:44.015,1165.0,1003.0,,,exhale,
52.447,15:00:44.035,1171.0,999.0,,,exhale,
52.467,15:00:44.054,1171.0,999.0,,,exhale,
52.487,15:00:44.075,1173.0,1001.0,,,exhale,
52.507,15:00:44.095,1167.0,1001.0,,,exhale,
52.527,15:00:44.115,1173.0,1001.0,,,exhale,
52.547,15:00:44.135,1171.0,1000.0,,,exhale,
52.567,15:00:44.155,1176.0,1003.0,,,exhale,
52.587,15:00:44.175,1172.0,1003.0,,,exhale,
52.607,15:00:44.195,1135.0,1003.0,,,exhale,
52.627,15:00:44.215,1172.0,1002.0,,,exhale,
52.647,15:00:44.235,1171.0,996.0,,,exhale,
52.667,15:00:44.255,1171.0,1003.0,,,exhale,
52.687,15:00:44.275,1165.0,1001.0,,,exhale,
52.707,15:00:44.295,1180.0,1001.0,,,exhale,
52.727,15:00:44.315,1247.0,1002.0,,,exhale,
52.747,15:00:44.335,1171.0,1002.0,,,exhale,
52.767,15:00:44.355,1169.0,1000.0,,,exhale,
52.787,15:00:44.375,1171.0,1001.0,,,exhale,
52.807,15:00:44.395,1169.0,1000.0,,,exhale,
52.827,15:00:44.415,1169.0,1003.0,,,exhale,
52.847,15:00:44.435,1171.0,1003.0,,,exhale,
52.867,15:00:44.455,1171.0,1005.0,,,exhale,
52.887,15:00:44.475,1173.0,1000.0,,,exhale,
52.907,15:00:44.495,1171.0,1003.0,,,exhale,
52.927,15:00:44.515,1173.0,1004.0,,,exhale,
52.947,15:00:44.535,1169.0,1003.0,,,exhale,
52.967,15:00:44.555,1171.0,1002.0,,,exhale,
52.987,15:00:44.575,1171.0,1004.0,,,exhale,
53.007,15:00:44.595,1171.0,1006.0,,,exhale,
53.027,15:00:44.615,1171.0,1004.0,,,exhale,
53.047,15:00:44.635,1174.0,1002.0,,,exhale,
53.067,15:00:44.655,1173.0,1008.0,,,exhale,
53.087,15:00:44.675,1177.0,1003.0,,,exhale,
53.107,15:00:44.695,1175.0,1005.0,,,exhale,
53.127,15:00:44.715,1174.0,1008.0,,,exhale,
53.147,15:00:44.735,1175.0,1005.0,,,exhale,
53.167,15:00:44.754,1173.0,999.0,,,exhale,
53.187,15:00:44.775,1141.0,1004.0,,,exhale,
53.211,15:00:44.799,1173.0,1004.0,,,exhale,
53.227,15:00:44.815,1065.0,1009.0,,,exhale,
53.247,15:00:44.835,1173.0,1002.0,,,exhale,
53.267,15:00:44.855,1172.0,1004.0,,,exhale,
53.287,15:00:44.875,1167.0,1003.0,,,exhale,
53.307,15:00:44.895,1175.0,998.0,,,exhale,
53.327,15:00:44.915,1173.0,1000.0,,,exhale,
53.347,15:00:44.935,1172.0,1004.0,,,exhale,
53.367,15:00:44.955,1059.0,1004.0,,,exhale,
53.387,15:00:44.975,1173.0,1003.0,,,exhale,
53.407,15:00:44.995,1172.0,1001.0,,,exhale,
53.427,15:00:45.015,1171.0,1003.0,,,exhale,
53.447,15:00:45.035,1215.0,1002.0,,,exhale,
53.467,15:00:45.055,1167.0,1000.0,,,exhale,
53.487,15:00:45.075,1179.0,1000.0,,,exhale,
53.507,15:00:45.095,1171.0,1004.0,,,exhale,
53.527,15:00:45.115,1167.0,1000.0,,,exhale,
53.547,15:00:45.135,1166.0,999.0,,,exhale,
53.567,15:00:45.154,1166.0,999.0,,,exhale,
53.587,15:00:45.174,1166.0,996.0,,,exhale,
53.607,15:00:45.195,1165.0,1004.0,,,exhale,
53.627,15:00:45.215,1165.0,1003.0,,,exhale,
53.647,15:00:45.235,1165.0,997.0,,,exhale,
53.667,15:00:45.254,1165.0,997.0,,,exhale,
53.687,15:00:45.274,1163.0,996.0,,,exhale,
53.707,15:00:45.295,1164.0,999.0,,,exhale,
53.727,15:00:45.315,1163.0,995.0,,,exhale,
53.747,15:00:45.335,1164.0,995.0,,,exhale,
53.767,15:00:45.355,1162.0,1003.0,,,exhale,
53.787,15:00:45.375,1171.0,995.0,,,exhale,
53.807,15:00:45.395,1162.0,994.0,,,exhale,
53.827,15:00:45.415,1161.0,998.0,,,exhale,
53.847,15:00:45.435,1159.0,994.0,,,exhale,
53.867,15:00:45.455,1161.0,994.0,,,exhale,
53.887,15:00:45.475,1161.0,994.0,,,exhale,
53.907,15:00:45.494,1161.0,988.0,,,exhale,
53.927,15:00:45.515,1160.0,995.0,,,exhale,
53.947,15:00:45.535,1159.0,994.0,,,exhale,
53.967,15:00:45.554,1167.0,992.0,,,exhale,
53.987,15:00:45.574,1179.0,996.0,,,exhale,
54.007,15:00:45.594,1160.0,994.0,,,exhale,
54.027,15:00:45.614,1163.0,993.0,,,exhale,
54.047,15:00:45.634,1157.0,992.0,,,exhale,
54.067,15:00:45.654,1159.0,992.0,,,exhale,
54.087,15:00:45.674,1159.0,997.0,,,exhale,
54.107,15:00:45.694,1233.0,991.0,,,exhale,
54.127,15:00:45.714,1157.0,991.0,,,exhale,
54.147,15:00:45.734,1151.0,989.0,,,exhale,
54.167,15:00:45.754,1151.0,995.0,,,exhale,
54.187,15:00:45.774,1157.0,987.0,,,exhale,
54.211,15:00:45.798,1151.0,989.0,,,exhale,
54.229,15:00:45.817,1151.0,988.0,,,exhale,
54.247,15:00:45.834,1157.0,989.0,,,exhale,
54.267,15:00:45.855,1156.0,987.0,,,exhale,
54.287,15:00:45.874,1151.0,986.0,,,exhale,
54.307,15:00:45.894,1151.0,986.0,,,exhale,
54.327,15:00:45.914,1151.0,984.0,,,exhale,
54.347,15:00:45.934,1149.0,984.0,,,exhale,
54.367,15:00:45.955,1149.0,984.0,,,exhale,
54.387,15:00:45.975,1146.0,982.0,,,exhale,
54.407,15:00:45.994,1149.0,980.0,,,exhale,
54.427,15:00:46.015,1147.0,980.0,,,exhale,
54.451,15:00:46.038,1147.0,982.0,,,exhale,
54.470,15:00:46.058,1147.0,985.0,,,exhale,
54.487,15:00:46.074,1147.0,982.0,,,exhale,
54.507,15:00:46.094,1147.0,982.0,,,exhale,
54.527,15:00:46.114,1140.0,983.0,,,exhale,
54.547,15:00:46.134,1145.0,983.0,,,exhale,
54.567,15:00:46.154,1147.0,982.0,,,exhale,
54.587,15:00:46.174,1147.0,981.0,,,exhale,
54.607,15:00:46.194,1144.0,981.0,,,exhale,
54.627,15:00:46.215,1145.0,981.0,,,exhale,
54.647,15:00:46.235,1145.0,979.0,,,exhale,
54.667,15:00:46.254,1139.0,982.0,,,exhale,
54.687,15:00:46.274,1145.0,981.0,,,exhale,
54.707,15:00:46.295,1143.0,981.0,,,exhale,
54.727,15:00:46.315,1145.0,979.0,,,exhale,
54.747,15:00:46.335,1145.0,981.0,,,exhale,
54.767,15:00:46.354,1148.0,982.0,,,exhale,
54.787,15:00:46.375,1143.0,975.0,,,exhale,
54.807,15:00:46.394,1144.0,981.0,,,exhale,
54.827,15:00:46.415,1144.0,982.0,,,exhale,
54.847,15:00:46.435,1145.0,979.0,,,exhale,
54.867,15:00:46.454,1144.0,982.0,,,exhale,
54.887,15:00:46.475,1144.0,980.0,,,exhale,
54.907,15:00:46.495,1141.0,980.0,,,exhale,
54.927,15:00:46.515,1144.0,982.0,,,exhale,
54.947,15:00:46.535,1145.0,983.0,,,exhale,
54.967,15:00:46.554,1145.0,981.0,,,exhale,
54.987,15:00:46.575,1143.0,981.0,,,exhale,
55.007,15:00:46.595,1145.0,986.0,,,exhale,
55.027,15:00:46.615,1139.0,979.0,,,exhale,
55.047,15:00:46.635,1145.0,980.0,,,exhale,
55.067,15:00:46.654,1143.0,981.0,,,exhale,
55.087,15:00:46.674,1143.0,986.0,,,exhale,
55.107,15:00:46.695,1143.0,980.0,,,exhale,
55.127,15:00:46.715,1143.0,977.0,,,exhale,
55.147,15:00:46.735,1143.0,980.0,,,exhale,
55.167,15:00:46.754,1147.0,979.0,,,exhale,
55.187,15:00:46.775,1143.0,980.0,,,inhale,inhale_onset
55.211,15:00:46.799,1143.0,980.0,,,inhale,
55.227,15:00:46.815,1139.0,980.0,,,inhale,
55.247,15:00:46.834,1143.0,980.0,,,inhale,
55.267,15:00:46.855,1141.0,979.0,,,inhale,
55.287,15:00:46.874,1143.0,979.0,,,inhale,
55.307,15:00:46.895,1143.0,979.0,,,inhale,
55.327,15:00:46.915,1143.0,980.0,,,inhale,
55.347,15:00:46.935,1135.0,979.0,,,inhale,
55.367,15:00:46.954,1143.0,978.0,,,inhale,
55.387,15:00:46.975,1141.0,979.0,,,inhale,
55.407,15:00:46.995,1143.0,982.0,,,inhale,
55.427,15:00:47.015,1139.0,978.0,,,inhale,
55.447,15:00:47.035,1140.0,980.0,,,inhale,
55.467,15:00:47.054,1141.0,978.0,,,inhale,
55.487,15:00:47.074,1135.0,977.0,,,inhale,
55.507,15:00:47.095,1143.0,978.0,,,inhale,
55.527,15:00:47.115,1141.0,977.0,,,inhale,
55.547,15:00:47.135,1143.0,977.0,,,inhale,
55.567,15:00:47.155,1141.0,977.0,,,inhale,
55.587,15:00:47.175,1141.0,976.0,,,inhale,
55.607,15:00:47.194,1137.0,978.0,,,inhale,
55.627,15:00:47.215,1139.0,978.0,,,inhale,
55.647,15:00:47.235,1141.0,982.0,,,inhale,
55.667,15:00:47.254,1149.0,973.0,,,inhale,
55.687,15:00:47.275,1139.0,974.0,,,inhale,
55.707,15:00:47.295,1142.0,973.0,,,inhale,
55.727,15:00:47.315,1140.0,976.0,,,inhale,
55.747,15:00:47.335,1157.0,973.0,,,inhale,
55.767,15:00:47.354,1144.0,979.0,,,inhale,
55.787,15:00:47.375,1135.0,976.0,,,inhale,
55.807,15:00:47.395,1141.0,976.0,,,inhale,
55.827,15:00:47.415,1139.0,977.0,,,inhale,
55.848,15:00:47.436,1138.0,977.0,,,inhale,
55.867,15:00:47.455,1141.0,977.0,,,inhale,
55.887,15:00:47.474,1140.0,987.0,,,inhale,
55.907,15:00:47.495,1141.0,977.0,,,inhale,
55.927,15:00:47.515,1139.0,976.0,,,inhale,
55.947,15:00:47.535,1146.0,973.0,,,inhale,
55.967,15:00:47.554,1139.0,975.0,,,inhale,
55.987,15:00:47.575,1135.0,979.0,,,inhale,
56.007,15:00:47.595,1139.0,976.0,,,inhale,
56.027,15:00:47.615,1095.0,977.0,,,inhale,
56.047,15:00:47.635,1139.0,976.0,,,inhale,
56.067,15:00:47.654,1139.0,977.0,,,inhale,
56.087,15:00:47.674,1141.0,975.0,,,inhale,
56.107,15:00:47.695,1139.0,976.0,,,inhale,
56.127,15:00:47.715,1139.0,980.0,,,inhale,
56.147,15:00:47.735,1133.0,976.0,,,inhale,
56.167,15:00:47.754,1139.0,975.0,,,inhale,
56.187,15:00:47.775,1139.0,976.0,,,inhale,
56.211,15:00:47.798,1139.0,976.0,,,inhale,
56.227,15:00:47.814,1143.0,977.0,,,inhale,
56.247,15:00:47.835,1139.0,976.0,,,inhale,
56.267,15:00:47.854,1138.0,976.0,,,inhale,
56.287,15:00:47.875,1141.0,974.0,,,inhale,
56.307,15:00:47.895,1139.0,972.0,,,inhale,
56.327,15:00:47.915,1140.0,976.0,,,inhale,
56.347,15:00:47.935,1179.0,976.0,,,inhale,
56.367,15:00:47.954,1135.0,976.0,,,inhale,
56.387,15:00:47.975,1139.0,973.0,,,inhale,
56.407,15:00:47.994,1132.0,975.0,,,inhale,
56.427,15:00:48.015,1134.0,975.0,,,inhale,
56.447,15:00:48.035,1139.0,976.0,,,inhale,
56.467,15:00:48.054,1139.0,972.0,,,inhale,
56.487,15:00:48.075,1135.0,975.0,,,inhale,
56.507,15:00:48.095,1139.0,974.0,,,inhale,
56.527,15:00:48.115,1137.0,975.0,,,inhale,
56.547,15:00:48.135,1135.0,976.0,,,inhale,
56.567,15:00:48.154,1135.0,975.0,,,inhale,
56.587,15:00:48.175,1143.0,975.0,,,inhale,
56.607,15:00:48.195,1135.0,975.0,,,inhale,
56.627,15:00:48.215,1139.0,973.0,,,inhale,
56.647,15:00:48.234,1135.0,974.0,,,inhale,
56.667,15:00:48.254,1140.0,973.0,,,inhale,
56.687,15:00:48.274,1139.0,967.0,,,inhale,
56.707,15:00:48.295,1139.0,979.0,,,inhale,
56.727,15:00:48.315,1135.0,972.0,,,inhale,
56.747,15:00:48.334,1135.0,973.0,,,inhale,
56.767,15:00:48.355,1135.0,973.0,,,inhale,
56.787,15:00:48.374,1147.0,972.0,,,inhale,
56.807,15:00:48.395,1135.0,973.0,,,inhale,
56.827,15:00:48.415,1147.0,972.0,,,inhale,
56.847,15:00:48.435,1135.0,973.0,,,inhale,
56.867,15:00:48.454,1139.0,972.0,,,inhale,
56.887,15:00:48.474,1135.0,974.0,,,inhale,
56.907,15:00:48.494,1135.0,975.0,,,inhale,
56.927,15:00:48.514,1139.0,974.0,,,inhale,
56.947,15:00:48.535,1139.0,975.0,,,inhale,
56.967,15:00:48.555,1139.0,976.0,,,inhale,
56.987,15:00:48.575,1139.0,975.0,,,inhale,
57.007,15:00:48.595,1139.0,979.0,,,inhale,
57.027,15:00:48.615,1141.0,977.0,,,inhale,
57.047,15:00:48.635,1139.0,979.0,,,inhale,
57.068,15:00:48.656,1141.0,978.0,,,inhale,
57.087,15:00:48.675,1141.0,978.0,,,inhale,
57.107,15:00:48.695,1135.0,973.0,,,inhale,
57.128,15:00:48.715,1141.0,978.0,,,inhale,
57.147,15:00:48.735,1140.0,979.0,,,inhale,
57.167,15:00:48.754,1141.0,980.0,,,inhale,
57.187,15:00:48.775,1140.0,977.0,,,inhale,
57.211,15:00:48.799,1139.0,975.0,,,inhale,
57.227,15:00:48.815,1139.0,975.0,,,inhale,
57.247,15:00:48.835,1139.0,976.0,,,inhale,
57.267,15:00:48.855,1145.0,976.0,,,inhale,
57.287,15:00:48.874,1135.0,975.0,,,inhale,
57.307,15:00:48.895,1141.0,975.0,,,inhale,
57.327,15:00:48.915,1139.0,968.0,,,inhale,
57.347,15:00:48.935,1139.0,975.0,,,inhale,
57.367,15:00:48.954,1161.0,975.0,,,inhale,
57.387,15:00:48.975,1138.0,975.0,,,inhale,
57.407,15:00:48.995,1136.0,975.0,,,inhale,
57.427,15:00:49.015,1139.0,975.0,,,inhale,
57.447,15:00:49.035,1139.0,981.0,,,inhale,
57.467,15:00:49.054,1135.0,970.0,,,inhale,
57.487,15:00:49.075,1132.0,975.0,,,inhale,
57.507,15:00:49.095,1140.0,975.0,,,inhale,
57.527,15:00:49.115,1135.0,981.0,,,inhale,
57.547,15:00:49.135,1134.0,971.0,,,inhale,
57.567,15:00:49.155,1136.0,974.0,,,inhale,
57.587,15:00:49.175,1136.0,974.0,,,inhale,
57.607,15:00:49.195,1145.0,974.0,,,inhale,
57.627,15:00:49.215,1136.0,981.0,,,inhale,
57.647,15:00:49.235,1139.0,973.0,,,inhale,
57.667,15:00:49.255,1140.0,975.0,,,inhale,
57.687,15:00:49.275,1143.0,977.0,,,inhale,
57.707,15:00:49.295,1087.0,980.0,,,inhale,
57.727,15:00:49.315,1145.0,981.0,,,inhale,
57.747,15:00:49.335,1147.0,982.0,,,inhale,
57.767,15:00:49.355,1148.0,985.0,,,inhale,
57.787,15:00:49.375,1149.0,985.0,,,inhale,
57.807,15:00:49.395,1151.0,986.0,,,inhale,
57.827,15:00:49.415,1160.0,991.0,,,inhale,
57.847,15:00:49.435,1159.0,992.0,,,inhale,
57.867,15:00:49.455,1159.0,994.0,,,inhale,
57.887,15:00:49.475,1161.0,994.0,,,inhale,
57.907,15:00:49.495,1161.0,995.0,,,inhale,
57.927,15:00:49.515,1160.0,994.0,,,inhale,
57.947,15:00:49.535,1163.0,1001.0,,,inhale,
57.967,15:00:49.555,1165.0,997.0,,,inhale,
57.987,15:00:49.575,1159.0,998.0,,,inhale,
58.007,15:00:49.595,1165.0,998.0,,,inhale,
58.027,15:00:49.615,1169.0,999.0,,,inhale,
58.048,15:00:49.636,1171.0,1000.0,,,inhale,
58.067,15:00:49.655,1166.0,1008.0,,,inhale,
58.087,15:00:49.675,1172.0,1001.0,,,inhale,
58.107,15:00:49.695,1171.0,1000.0,,,inhale,
58.127,15:00:49.715,1171.0,1002.0,,,inhale,
58.147,15:00:49.735,1171.0,1005.0,,,inhale,
58.167,15:00:49.755,1173.0,1003.0,,,inhale,
58.187,15:00:49.775,1173.0,1001.0,,,inhale,
58.211,15:00:49.799,1172.0,1005.0,,,inhale,
58.227,15:00:49.815,1174.0,1004.0,,,inhale,
58.247,15:00:49.835,1173.0,1001.0,,,inhale,
58.267,15:00:49.855,1173.0,998.0,,,inhale,
58.287,15:00:49.875,1175.0,1005.0,,,inhale,
58.311,15:00:49.899,1175.0,1002.0,,,inhale,
58.341,15:00:49.929,1175.0,1006.0,,,inhale,
58.351,15:00:49.939,1175.0,1007.0,,,inhale,
58.368,15:00:49.955,1173.0,1005.0,,,inhale,
58.387,15:00:49.974,1181.0,1007.0,,,inhale,
58.407,15:00:49.995,1175.0,1005.0,,,inhale,
58.427,15:00:50.015,1172.0,1005.0,,,inhale,
58.447,15:00:50.035,1176.0,1005.0,,,inhale,
58.478,15:00:50.066,1173.0,1003.0,,,inhale,
58.491,15:00:50.079,1173.0,1005.0,,,inhale,
58.507,15:00:50.094,1180.0,1005.0,,,inhale,
58.527,15:00:50.114,1167.0,1004.0,,,inhale,
58.547,15:00:50.134,1173.0,1005.0,,,inhale,
58.567,15:00:50.154,1173.0,1004.0,,,inhale,
58.587,15:00:50.174,1148.0,998.0,,,inhale,
58.607,15:00:50.194,1170.0,1004.0,,,inhale,
58.627,15:00:50.215,1173.0,1004.0,,,inhale,
58.647,15:00:50.235,1173.0,1003.0,,,inhale,
58.667,15:00:50.255,1213.0,1004.0,,,inhale,
58.687,15:00:50.275,1173.0,1002.0,,,inhale,
58.707,15:00:50.295,1169.0,1000.0,,,inhale,
58.727,15:00:50.315,1182.0,1002.0,,,inhale,
58.747,15:00:50.335,1171.0,1001.0,,,inhale,
58.767,15:00:50.355,1167.0,1000.0,,,inhale,
58.787,15:00:50.375,1169.0,1004.0,,,inhale,
58.807,15:00:50.395,1169.0,1000.0,,,inhale,
58.827,15:00:50.415,1169.0,998.0,,,inhale,
58.847,15:00:50.434,1170.0,999.0,,,inhale,
58.867,15:00:50.455,1173.0,999.0,,,inhale,
58.887,15:00:50.475,1166.0,999.0,,,exhale,exhale_onset
58.907,15:00:50.494,1167.0,995.0,,,exhale,
58.927,15:00:50.515,1173.0,996.0,,,exhale,
58.947,15:00:50.535,1169.0,996.0,,,exhale,
58.967,15:00:50.554,1164.0,996.0,,,exhale,
58.987,15:00:50.575,1161.0,996.0,,,exhale,
59.007,15:00:50.594,1093.0,996.0,,,exhale,
59.027,15:00:50.614,1166.0,998.0,,,exhale,
59.047,15:00:50.634,1165.0,991.0,,,exhale,
59.067,15:00:50.654,1163.0,998.0,,,exhale,
59.087,15:00:50.674,1162.0,995.0,,,exhale,
59.107,15:00:50.694,1160.0,995.0,,,exhale,
59.127,15:00:50.714,1177.0,994.0,,,exhale,
59.147,15:00:50.734,1135.0,995.0,,,exhale,
59.167,15:00:50.754,1162.0,995.0,,,exhale,
59.187,15:00:50.774,1161.0,993.0,,,exhale,
59.211,15:00:50.798,1161.0,994.0,,,exhale,
59.227,15:00:50.814,1165.0,994.0,,,exhale,
59.247,15:00:50.835,1162.0,992.0,,,exhale,
59.267,15:00:50.855,1161.0,1000.0,,,exhale,
59.287,15:00:50.875,1133.0,994.0,,,exhale,
59.307,15:00:50.894,1159.0,995.0,,,exhale,
59.327,15:00:50.914,1161.0,992.0,,,exhale,
59.347,15:00:50.934,1163.0,994.0,,,exhale,
59.367,15:00:50.954,1162.0,994.0,,,exhale,
59.387,15:00:50.975,1161.0,995.0,,,exhale,
59.407,15:00:50.994,1161.0,995.0,,,exhale,
59.427,15:00:51.015,1161.0,993.0,,,exhale,
59.447,15:00:51.035,1161.0,993.0,,,exhale,
59.467,15:00:51.055,1159.0,994.0,,,exhale,
59.487,15:00:51.074,1161.0,998.0,,,exhale,
59.507,15:00:51.094,1160.0,994.0,,,exhale,
59.527,15:00:51.114,1161.0,991.0,,,exhale,
59.547,15:00:51.134,1159.0,995.0,,,exhale,
59.570,15:00:51.158,1160.0,994.0,,,exhale,
59.601,15:00:51.188,1162.0,993.0,,,exhale,
59.607,15:00:51.194,1162.0,994.0,,,exhale,
59.627,15:00:51.214,1163.0,994.0,,,exhale,
59.647,15:00:51.234,1161.0,993.0,,,exhale,
59.667,15:00:51.254,1161.0,995.0,,,exhale,
59.687,15:00:51.274,1163.0,995.0,,,exhale,
59.707,15:00:51.294,1157.0,993.0,,,exhale,
59.727,15:00:51.315,1161.0,995.0,,,exhale,
59.747,15:00:51.334,1214.0,994.0,,,exhale,
59.767,15:00:51.354,1163.0,993.0,,,exhale,
59.787,15:00:51.375,1163.0,996.0,,,exhale,
59.807,15:00:51.394,1162.0,995.0,,,exhale,
59.827,15:00:51.415,1161.0,991.0,,,exhale,
59.847,15:00:51.434,1161.0,993.0,,,exhale,
59.867,15:00:51.455,1161.0,994.0,,,exhale,
59.887,15:00:51.475,1162.0,991.0,,,exhale,
59.907,15:00:51.495,1160.0,993.0,,,exhale,
59.927,15:00:51.515,1235.0,988.0,,,exhale,
59.947,15:00:51.535,1160.0,994.0,,,exhale,
59.967,15:00:51.555,1160.0,996.0,,,exhale,
59.987,15:00:51.575,1159.0,994.0,,,exhale,
60.007,15:00:51.595,1159.0,993.0,,,exhale,
60.027,15:00:51.615,1161.0,991.0,,,exhale,
60.047,15:00:51.635,1189.0,1000.0,,,exhale,
60.067,15:00:51.655,1160.0,991.0,,,exhale,
60.087,15:00:51.675,1147.0,992.0,,,exhale,
60.107,15:00:51.695,1159.0,992.0,,,exhale,
60.127,15:00:51.714,1158.0,990.0,,,exhale,
60.147,15:00:51.734,1157.0,990.0,,,exhale,
60.167,15:00:51.754,1157.0,990.0,,,exhale,
60.187,15:00:51.775,1157.0,989.0,,,exhale,
60.211,15:00:51.799,1131.0,987.0,,,exhale,
60.227,15:00:51.814,1151.0,987.0,,,exhale,
60.247,15:00:51.835,1139.0,986.0,,,exhale,
60.267,15:00:51.855,1151.0,986.0,,,exhale,
60.287,15:00:51.875,1151.0,985.0,,,exhale,
60.307,15:00:51.894,1144.0,981.0,,,exhale,
60.327,15:00:51.915,1151.0,986.0,,,exhale,
60.347,15:00:51.935,1149.0,982.0,,,exhale,
60.367,15:00:51.954,1228.0,984.0,,,exhale,
60.387,15:00:51.975,1149.0,982.0,,,exhale,
60.407,15:00:51.995,1146.0,982.0,,,exhale,
60.427,15:00:52.015,1151.0,981.0,,,exhale,
60.447,15:00:52.035,1147.0,984.0,,,exhale,
60.467,15:00:52.054,1147.0,982.0,,,exhale,
60.487,15:00:52.075,1148.0,981.0,,,exhale,
60.507,15:00:52.094,1147.0,980.0,,,exhale,
60.527,15:00:52.115,1147.0,982.0,,,exhale,
60.547,15:00:52.135,1144.0,981.0,,,exhale,
60.567,15:00:52.154,1135.0,982.0,,,exhale,
60.587,15:00:52.175,1144.0,982.0,,,exhale,
60.607,15:00:52.194,1145.0,981.0,,,exhale,
60.627,15:00:52.214,1145.0,982.0,,,exhale,
60.649,15:00:52.236,1145.0,982.0,,,exhale,
60.667,15:00:52.254,1145.0,981.0,,,exhale,
60.687,15:00:52.275,1145.0,981.0,,,exhale,
60.707,15:00:52.295,1144.0,980.0,,,exhale,
60.727,15:00:52.315,1145.0,980.0,,,exhale,
60.747,15:00:52.335,1143.0,981.0,,,exhale,
60.767,15:00:52.354,1143.0,979.0,,,exhale,
60.787,15:00:52.375,1151.0,979.0,,,exhale,
60.807,15:00:52.395,1144.0,981.0,,,exhale,
60.827,15:00:52.415,1141.0,979.0,,,exhale,
60.847,15:00:52.434,1143.0,980.0,,,exhale,
60.867,15:00:52.455,1143.0,982.0,,,exhale,
60.887,15:00:52.474,1139.0,979.0,,,exhale,
60.907,15:00:52.495,1145.0,976.0,,,exhale,
60.927,15:00:52.515,1143.0,979.0,,,exhale,
60.947,15:00:52.534,1141.0,977.0,,,exhale,
60.967,15:00:52.555,1140.0,982.0,,,exhale,
60.987,15:00:52.575,1144.0,976.0,,,exhale,
61.007,15:00:52.595,1141.0,981.0,,,exhale,
61.027,15:00:52.615,1139.0,973.0,,,exhale,
61.047,15:00:52.634,1141.0,977.0,,,exhale,
61.067,15:00:52.655,1141.0,978.0,,,exhale,
61.087,15:00:52.675,1140.0,978.0,,,exhale,
61.107,15:00:52.695,1140.0,977.0,,,exhale,
61.127,15:00:52.715,1139.0,976.0,,,exhale,
61.147,15:00:52.735,1139.0,977.0,,,exhale,
61.167,15:00:52.754,1139.0,978.0,,,exhale,
61.187,15:00:52.775,1141.0,975.0,,,exhale,
61.211,15:00:52.799,1139.0,977.0,,,exhale,
61.227,15:00:52.815,1179.0,975.0,,,exhale,
61.249,15:00:52.837,1139.0,976.0,,,exhale,
61.267,15:00:52.854,1139.0,975.0,,,exhale,
61.287,15:00:52.875,1139.0,975.0,,,exhale,
61.307,15:00:52.895,1139.0,974.0,,,exhale,
61.327,15:00:52.915,1138.0,976.0,,,exhale,
61.347,15:00:52.935,1135.0,973.0,,,exhale,
61.367,15:00:52.955,1159.0,976.0,,,exhale,
61.387,15:00:52.975,1135.0,973.0,,,exhale,
61.407,15:00:52.995,1139.0,974.0,,,exhale,
61.427,15:00:53.015,1139.0,975.0,,,exhale,
61.447,15:00:53.035,1145.0,974.0,,,exhale,
61.467,15:00:53.055,1129.0,974.0,,,exhale,
61.487,15:00:53.075,1135.0,973.0,,,exhale,
61.507,15:00:53.095,1136.0,973.0,,,exhale,
61.527,15:00:53.115,1139.0,975.0,,,exhale,
61.547,15:00:53.135,1134.0,976.0,,,exhale,
61.567,15:00:53.154,1133.0,974.0,,,exhale,
61.587,15:00:53.175,1139.0,974.0,,,exhale,
61.607,15:00:53.194,1135.0,976.0,,,exhale,
61.627,15:00:53.215,1135.0,974.0,,,exhale,
61.647,15:00:53.235,1135.0,975.0,,,exhale,
61.667,15:00:53.254,1136.0,973.0,,,exhale,
61.687,15:00:53.275,1134.0,974.0,,,exhale,
61.707,15:00:53.295,1135.0,974.0,,,exhale,
61.727,15:00:53.315,1111.0,974.0,,,exhale,
61.747,15:00:53.335,1139.0,974.0,,,exhale,
61.767,15:00:53.354,1135.0,973.0,,,exhale,
61.787,15:00:53.375,1136.0,972.0,,,exhale,
61.807,15:00:53.395,1135.0,973.0,,,exhale,
61.827,15:00:53.415,1135.0,972.0,,,exhale,
61.847,15:00:53.435,1134.0,977.0,,,exhale,
61.867,15:00:53.455,1135.0,971.0,,,exhale,
61.887,15:00:53.475,1134.0,974.0,,,exhale,
61.907,15:00:53.494,1135.0,972.0,,,inhale,inhale_onset
61.927,15:00:53.515,1164.0,971.0,,,inhale,
61.947,15:00:53.535,1135.0,967.0,,,inhale,
61.967,15:00:53.555,1134.0,971.0,,,inhale,
61.987,15:00:53.575,1133.0,978.0,,,inhale,
62.007,15:00:53.595,1129.0,973.0,,,inhale,
62.027,15:00:53.615,1135.0,975.0,,,inhale,
62.047,15:00:53.635,1141.0,973.0,,,inhale,
62.067,15:00:53.655,1131.0,972.0,,,inhale,
62.087,15:00:53.675,1129.0,974.0,,,inhale,
62.107,15:00:53.695,1135.0,970.0,,,inhale,
62.127,15:00:53.715,1133.0,970.0,,,inhale,
62.147,15:00:53.735,1141.0,971.0,,,inhale,
62.167,15:00:53.755,1136.0,966.0,,,inhale,
62.187,15:00:53.775,1133.0,967.0,,,inhale,
62.211,15:00:53.799,1135.0,969.0,,,inhale,
62.227,15:00:53.815,1137.0,971.0,,,inhale,
62.249,15:00:53.837,1131.0,969.0,,,inhale,
62.267,15:00:53.854,1139.0,971.0,,,inhale,
62.287,15:00:53.875,1129.0,971.0,,,inhale,
62.307,15:00:53.895,1122.0,969.0,,,inhale,
62.327,15:00:53.915,1127.0,971.0,,,inhale,
62.347,15:00:53.935,1129.0,972.0,,,inhale,
62.367,15:00:53.955,1132.0,969.0,,,inhale,
62.387,15:00:53.975,1129.0,968.0,,,inhale,
62.407,15:00:53.995,1128.0,972.0,,,inhale,
62.427,15:00:54.015,1133.0,968.0,,,inhale,
62.447,15:00:54.035,1133.0,967.0,,,inhale,
62.467,15:00:54.055,1171.0,967.0,,,inhale,
62.497,15:00:54.084,1129.0,968.0,,,inhale,
62.509,15:00:54.096,1131.0,968.0,,,inhale,
62.527,15:00:54.114,1123.0,967.0,,,inhale,
62.547,15:00:54.134,1135.0,968.0,,,inhale,
62.567,15:00:54.154,1129.0,965.0,,,inhale,
62.587,15:00:54.174,1125.0,967.0,,,inhale,
62.607,15:00:54.194,1125.0,961.0,,,inhale,
62.627,15:00:54.214,1131.0,967.0,,,inhale,
62.648,15:00:54.235,1211.0,968.0,,,inhale,
62.667,15:00:54.254,1127.0,968.0,,,inhale,
62.687,15:00:54.275,1127.0,970.0,,,inhale,
62.707,15:00:54.295,1127.0,969.0,,,inhale,
62.727,15:00:54.315,1129.0,965.0,,,inhale,
62.747,15:00:54.335,1127.0,969.0,,,inhale,
62.767,15:00:54.355,1135.0,966.0,,,inhale,
62.787,15:00:54.374,1135.0,970.0,,,inhale,
62.807,15:00:54.395,1129.0,970.0,,,inhale,
62.827,15:00:54.415,1135.0,966.0,,,inhale,
62.847,15:00:54.435,1131.0,968.0,,,inhale,
62.867,15:00:54.454,1137.0,971.0,,,inhale,
62.887,15:00:54.475,1136.0,976.0,,,inhale,
62.907,15:00:54.495,1143.0,977.0,,,inhale,
62.927,15:00:54.515,1139.0,982.0,,,inhale,
62.947,15:00:54.535,1143.0,983.0,,,inhale,
62.967,15:00:54.554,1158.0,985.0,,,inhale,
62.987,15:00:54.574,1139.0,981.0,,,inhale,
63.007,15:00:54.595,1143.0,982.0,,,inhale,
63.027,15:00:54.615,1157.0,987.0,,,inhale,
63.047,15:00:54.635,1163.0,988.0,,,inhale,
63.067,15:00:54.654,1164.0,988.0,,,inhale,
63.087,15:00:54.675,1159.0,989.0,,,inhale,
63.107,15:00:54.695,1159.0,992.0,,,inhale,
63.127,15:00:54.715,1169.0,994.0,,,inhale,
63.147,15:00:54.735,1163.0,994.0,,,inhale,
63.167,15:00:54.755,1139.0,996.0,,,inhale,
63.187,15:00:54.774,1159.0,999.0,,,inhale,
63.211,15:00:54.799,1170.0,995.0,,,inhale,
63.227,15:00:54.815,1166.0,999.0,,,inhale,
63.247,15:00:54.835,1161.0,998.0,,,inhale,
63.267,15:00:54.854,1161.0,997.0,,,inhale,
63.287,15:00:54.875,1163.0,999.0,,,inhale,
63.307,15:00:54.895,1163.0,996.0,,,inhale,
63.327,15:00:54.915,1165.0,993.0,,,inhale,
63.347,15:00:54.935,1159.0,998.0,,,inhale,
63.367,15:00:54.954,1163.0,996.0,,,inhale,
63.387,15:00:54.975,1172.0,997.0,,,inhale,
63.407,15:00:54.995,1166.0,996.0,,,inhale,
63.427,15:00:55.015,1159.0,990.0,,,inhale,
63.447,15:00:55.035,1163.0,996.0,,,inhale,
63.467,15:00:55.055,1161.0,993.0,,,inhale,
63.487,15:00:55.075,1161.0,994.0,,,inhale,
63.507,15:00:55.094,1165.0,991.0,,,inhale,
63.527,15:00:55.115,1151.0,990.0,,,inhale,
63.547,15:00:55.135,1161.0,993.0,,,inhale,
63.567,15:00:55.154,1165.0,996.0,,,inhale,
63.587,15:00:55.175,1157.0,993.0,,,inhale,
