elapsed_s,timestamp,raw,mv,phase,cycle_index,det_phase,event
0.018,20:40:53.702,942.0,836.0,,,unknown,
0.038,20:40:53.722,971.0,836.0,,,unknown,
0.058,20:40:53.742,969.0,831.0,,,unknown,
0.078,20:40:53.761,972.0,838.0,,,unknown,
0.098,20:40:53.781,979.0,840.0,,,unknown,
0.118,20:40:53.802,975.0,840.0,,,unknown,
0.139,20:40:53.822,975.0,832.0,,,unknown,
0.158,20:40:53.842,987.0,838.0,,,unknown,
0.178,20:40:53.862,979.0,841.0,,,unknown,
0.198,20:40:53.882,981.0,842.0,,,unknown,
0.219,20:40:53.902,975.0,844.0,,,unknown,
0.239,20:40:53.922,966.0,846.0,,,unknown,
0.258,20:40:53.942,979.0,846.0,,,unknown,
0.279,20:40:53.962,1014.0,845.0,,,unknown,
0.299,20:40:53.982,984.0,846.0,,,unknown,
0.319,20:40:54.002,984.0,847.0,,,unknown,
0.339,20:40:54.022,983.0,847.0,,,unknown,
0.358,20:40:54.041,987.0,850.0,,,unknown,
0.379,20:40:54.062,988.0,848.0,,,unknown,
0.398,20:40:54.082,987.0,850.0,,,unknown,
0.418,20:40:54.102,943.0,849.0,,,unknown,
0.438,20:40:54.121,987.0,850.0,,,unknown,
0.458,20:40:54.142,988.0,851.0,,,unknown,
0.478,20:40:54.161,991.0,848.0,,,unknown,
0.498,20:40:54.182,991.0,853.0,,,unknown,
0.518,20:40:54.201,989.0,852.0,,,unknown,
0.539,20:40:54.222,991.0,859.0,,,unknown,
0.562,20:40:54.246,993.0,854.0,,,unknown,
0.578,20:40:54.261,995.0,855.0,,,unknown,
0.599,20:40:54.282,995.0,854.0,,,unknown,
0.618,20:40:54.301,991.0,854.0,,,unknown,
0.638,20:40:54.322,995.0,851.0,,,unknown,
0.670,20:40:54.353,995.0,856.0,,,unknown,
0.684,20:40:54.367,996.0,858.0,,,unknown,
0.698,20:40:54.381,997.0,858.0,,,unknown,
0.718,20:40:54.401,997.0,859.0,,,unknown,
0.738,20:40:54.421,999.0,859.0,,,unknown,
0.758,20:40:54.441,996.0,859.0,,,unknown,
0.778,20:40:54.461,999.0,859.0,,,unknown,
0.798,20:40:54.481,997.0,859.0,,,unknown,
0.818,20:40:54.501,997.0,859.0,,,unknown,
0.838,20:40:54.521,1002.0,859.0,,,unknown,
0.858,20:40:54.541,999.0,859.0,,,unknown,
0.879,20:40:54.562,1000.0,859.0,,,unknown,
0.898,20:40:54.582,999.0,860.0,,,unknown,
0.919,20:40:54.603,1003.0,859.0,,,unknown,
0.939,20:40:54.622,1003.0,860.0,,,unknown,
0.959,20:40:54.642,1005.0,861.0,,,unknown,
0.979,20:40:54.662,1003.0,860.0,,,unknown,
0.998,20:40:54.682,999.0,860.0,,,unknown,
1.019,20:40:54.702,999.0,860.0,,,unknown,
1.039,20:40:54.722,997.0,854.0,,,unknown,
1.059,20:40:54.742,997.0,859.0,,,unknown,
1.078,20:40:54.762,995.0,861.0,,,unknown,
1.098,20:40:54.782,996.0,858.0,,,unknown,
1.118,20:40:54.802,998.0,857.0,,,unknown,
1.139,20:40:54.822,991.0,849.0,,,unknown,
1.158,20:40:54.841,995.0,853.0,,,unknown,
1.178,20:40:54.861,990.0,853.0,,,unknown,
1.198,20:40:54.881,995.0,847.0,,,unknown,
1.218,20:40:54.901,989.0,855.0,,,unknown,
1.238,20:40:54.921,989.0,852.0,,,unknown,
1.258,20:40:54.941,987.0,851.0,,,unknown,
1.278,20:40:54.961,989.0,849.0,,,unknown,
1.298,20:40:54.982,987.0,833.0,,,unknown,
1.319,20:40:55.002,989.0,849.0,,,unknown,
1.339,20:40:55.022,987.0,848.0,,,unknown,
1.358,20:40:55.042,987.0,848.0,,,unknown,
1.378,20:40:55.062,987.0,846.0,,,unknown,
1.398,20:40:55.082,985.0,847.0,,,unknown,
1.418,20:40:55.102,984.0,847.0,,,unknown,
1.438,20:40:55.122,983.0,847.0,,,unknown,
1.458,20:40:55.141,986.0,854.0,,,unknown,
1.478,20:40:55.161,985.0,847.0,,,unknown,
1.498,20:40:55.181,985.0,847.0,,,unknown,
1.518,20:40:55.201,983.0,847.0,,,unknown,
1.538,20:40:55.221,983.0,846.0,,,unknown,
1.562,20:40:55.245,983.0,846.0,,,unknown,
1.578,20:40:55.261,985.0,844.0,,,unknown,
1.598,20:40:55.281,989.0,846.0,,,unknown,
1.618,20:40:55.301,986.0,844.0,,,unknown,
1.638,20:40:55.321,984.0,845.0,,,unknown,
1.659,20:40:55.342,982.0,845.0,,,unknown,
1.678,20:40:55.361,981.0,852.0,,,unknown,
1.698,20:40:55.381,984.0,845.0,,,unknown,
1.718,20:40:55.401,979.0,845.0,,,unknown,
1.739,20:40:55.422,969.0,846.0,,,unknown,
1.758,20:40:55.441,984.0,844.0,,,unknown,
1.778,20:40:55.461,980.0,846.0,,,unknown,
1.798,20:40:55.481,979.0,838.0,,,unknown,
1.818,20:40:55.501,983.0,844.0,,,unknown,
1.838,20:40:55.522,981.0,848.0,,,unknown,
1.858,20:40:55.542,980.0,844.0,,,unknown,
1.878,20:40:55.561,981.0,845.0,,,unknown,
1.898,20:40:55.581,981.0,851.0,,,unknown,
1.918,20:40:55.601,981.0,837.0,,,unknown,
1.939,20:40:55.622,981.0,841.0,,,unknown,
1.958,20:40:55.642,983.0,842.0,,,unknown,
1.978,20:40:55.662,979.0,845.0,,,unknown,
1.998,20:40:55.682,975.0,840.0,,,unknown,
2.018,20:40:55.701,981.0,842.0,,,unknown,
2.038,20:40:55.721,975.0,838.0,,,unknown,
2.058,20:40:55.742,941.0,845.0,,,unknown,
2.078,20:40:55.761,975.0,839.0,,,unknown,
2.099,20:40:55.782,975.0,845.0,,,unknown,
2.118,20:40:55.801,973.0,844.0,,,unknown,
2.138,20:40:55.822,973.0,838.0,,,unknown,
2.159,20:40:55.842,967.0,841.0,,,unknown,
2.178,20:40:55.862,989.0,832.0,,,unknown,
2.198,20:40:55.881,973.0,837.0,,,unknown,
2.218,20:40:55.901,999.0,836.0,,,unknown,
2.239,20:40:55.922,971.0,834.0,,,unknown,
2.259,20:40:55.942,969.0,842.0,,,unknown,
2.278,20:40:55.961,967.0,836.0,,,unknown,
2.298,20:40:55.981,971.0,834.0,,,unknown,
2.318,20:40:56.001,967.0,837.0,,,unknown,
2.338,20:40:56.022,969.0,834.0,,,unknown,
2.358,20:40:56.042,979.0,830.0,,,unknown,
2.379,20:40:56.062,967.0,832.0,,,unknown,
2.398,20:40:56.082,969.0,832.0,,,unknown,
2.418,20:40:56.102,966.0,830.0,,,unknown,
2.438,20:40:56.122,967.0,829.0,,,unknown,
2.458,20:40:56.142,959.0,830.0,,,unknown,
2.478,20:40:56.162,967.0,820.0,,,unknown,
2.498,20:40:56.181,967.0,830.0,,,unknown,
2.518,20:40:56.201,967.0,831.0,,,unknown,
2.538,20:40:56.221,959.0,832.0,,,unknown,
2.562,20:40:56.245,967.0,834.0,,,unknown,
2.578,20:40:56.261,965.0,835.0,,,unknown,
2.598,20:40:56.281,970.0,834.0,,,unknown,
2.618,20:40:56.301,971.0,833.0,,,unknown,
2.638,20:40:56.321,972.0,835.0,,,unknown,
2.658,20:40:56.341,971.0,835.0,,,unknown,
2.678,20:40:56.361,971.0,836.0,,,unknown,
2.698,20:40:56.381,973.0,838.0,,,unknown,
2.718,20:40:56.402,977.0,835.0,,,unknown,
2.738,20:40:56.422,979.0,842.0,,,unknown,
2.758,20:40:56.442,979.0,846.0,,,unknown,
2.778,20:40:56.461,979.0,844.0,,,unknown,
2.798,20:40:56.482,983.0,845.0,,,unknown,
2.818,20:40:56.502,981.0,851.0,,,unknown,
2.838,20:40:56.522,985.0,846.0,,,unknown,
2.858,20:40:56.542,987.0,848.0,,,unknown,
2.878,20:40:56.562,987.0,852.0,,,unknown,
2.898,20:40:56.582,989.0,854.0,,,unknown,
2.918,20:40:56.602,988.0,854.0,,,unknown,
2.938,20:40:56.622,991.0,854.0,,,unknown,
2.958,20:40:56.642,984.0,856.0,,,unknown,
2.978,20:40:56.661,995.0,850.0,,,unknown,
2.998,20:40:56.682,991.0,858.0,,,unknown,
3.018,20:40:56.702,999.0,859.0,,,unknown,
3.039,20:40:56.722,997.0,857.0,,,unknown,
3.059,20:40:56.742,1001.0,860.0,,,unknown,
3.078,20:40:56.762,997.0,861.0,,,unknown,
3.098,20:40:56.782,1001.0,869.0,,,unknown,
3.119,20:40:56.802,1003.0,860.0,,,unknown,
3.138,20:40:56.822,1006.0,863.0,,,unknown,
3.158,20:40:56.842,1007.0,865.0,,,unknown,
3.178,20:40:56.862,1007.0,872.0,,,unknown,
3.199,20:40:56.882,1007.0,867.0,,,unknown,
3.218,20:40:56.902,1012.0,870.0,,,unknown,
3.239,20:40:56.922,1010.0,869.0,,,unknown,
3.259,20:40:56.942,1011.0,871.0,,,unknown,
3.279,20:40:56.962,1013.0,872.0,,,unknown,
3.298,20:40:56.982,1013.0,879.0,,,unknown,
3.319,20:40:57.002,1017.0,873.0,,,unknown,
3.339,20:40:57.022,1014.0,873.0,,,unknown,
3.359,20:40:57.042,1015.0,875.0,,,unknown,
3.378,20:40:57.062,1017.0,873.0,,,unknown,
3.399,20:40:57.082,1014.0,871.0,,,unknown,
3.418,20:40:57.102,1017.0,872.0,,,unknown,
3.439,20:40:57.122,1012.0,872.0,,,unknown,
3.459,20:40:57.142,1011.0,871.0,,,unknown,
3.478,20:40:57.162,1013.0,879.0,,,unknown,
3.498,20:40:57.182,1013.0,872.0,,,unknown,
3.519,20:40:57.202,1013.0,872.0,,,unknown,
3.538,20:40:57.222,1013.0,882.0,,,unknown,
3.563,20:40:57.246,1012.0,870.0,,,unknown,
3.578,20:40:57.261,997.0,868.0,,,unknown,
3.599,20:40:57.282,1007.0,867.0,,,unknown,
3.619,20:40:57.302,1013.0,867.0,,,unknown,
3.639,20:40:57.322,1007.0,868.0,,,unknown,
3.659,20:40:57.342,1007.0,868.0,,,unknown,
3.678,20:40:57.362,1007.0,866.0,,,unknown,
3.698,20:40:57.381,1006.0,862.0,,,unknown,
3.718,20:40:57.402,1007.0,873.0,,,unknown,
3.739,20:40:57.422,1006.0,864.0,,,unknown,
3.758,20:40:57.442,1007.0,863.0,,,unknown,
3.778,20:40:57.461,1003.0,862.0,,,unknown,
3.798,20:40:57.482,1006.0,863.0,,,unknown,
3.818,20:40:57.502,1005.0,864.0,,,unknown,
3.839,20:40:57.522,1003.0,861.0,,,unknown,
3.859,20:40:57.542,1007.0,859.0,,,unknown,
3.879,20:40:57.562,1003.0,862.0,,,unknown,
3.898,20:40:57.582,1002.0,867.0,,,unknown,
3.919,20:40:57.602,1012.0,862.0,,,unknown,
3.938,20:40:57.622,1005.0,859.0,,,unknown,
3.959,20:40:57.642,1000.0,860.0,,,unknown,
3.979,20:40:57.662,1005.0,860.0,,,unknown,
3.998,20:40:57.681,999.0,860.0,,,unknown,
4.018,20:40:57.702,1001.0,861.0,,,unknown,
4.038,20:40:57.722,1001.0,862.0,,,unknown,
4.058,20:40:57.742,999.0,859.0,,,unknown,
4.078,20:40:57.762,998.0,859.0,,,unknown,
4.098,20:40:57.781,997.0,857.0,,,unknown,
4.118,20:40:57.802,998.0,857.0,,,unknown,
4.138,20:40:57.822,1001.0,855.0,,,unknown,
4.158,20:40:57.842,995.0,858.0,,,unknown,
4.178,20:40:57.861,995.0,859.0,,,unknown,
4.198,20:40:57.882,999.0,859.0,,,unknown,
4.219,20:40:57.902,1002.0,860.0,,,unknown,
4.238,20:40:57.922,998.0,859.0,,,unknown,
4.258,20:40:57.942,999.0,863.0,,,unknown,
4.278,20:40:57.961,999.0,859.0,,,unknown,
4.298,20:40:57.982,995.0,860.0,,,unknown,
4.318,20:40:58.001,923.0,859.0,,,unknown,
4.338,20:40:58.021,999.0,859.0,,,unknown,
4.358,20:40:58.042,995.0,855.0,,,unknown,
4.378,20:40:58.061,997.0,867.0,,,unknown,
4.398,20:40:58.081,995.0,859.0,,,unknown,
4.418,20:40:58.102,990.0,857.0,,,unknown,
4.438,20:40:58.121,995.0,857.0,,,unknown,
4.458,20:40:58.142,996.0,855.0,,,unknown,
4.478,20:40:58.161,995.0,856.0,,,unknown,
4.498,20:40:58.181,995.0,852.0,,,unknown,
4.518,20:40:58.201,997.0,856.0,,,unknown,
4.538,20:40:58.221,997.0,866.0,,,unknown,
4.562,20:40:58.245,993.0,862.0,,,unknown,
4.578,20:40:58.261,991.0,853.0,,,unknown,
4.598,20:40:58.281,991.0,853.0,,,unknown,
4.618,20:40:58.301,991.0,853.0,,,unknown,
4.639,20:40:58.322,995.0,857.0,,,unknown,
4.658,20:40:58.342,988.0,853.0,,,unknown,
4.678,20:40:58.361,995.0,853.0,,,unknown,
4.698,20:40:58.381,994.0,852.0,,,unknown,
4.718,20:40:58.401,989.0,852.0,,,unknown,
4.738,20:40:58.421,988.0,854.0,,,unknown,
4.758,20:40:58.442,987.0,842.0,,,unknown,
4.778,20:40:58.461,988.0,856.0,,,unknown,
4.798,20:40:58.481,989.0,849.0,,,unknown,
4.818,20:40:58.502,986.0,847.0,,,unknown,
4.838,20:40:58.522,984.0,846.0,,,unknown,
4.858,20:40:58.541,985.0,845.0,,,unknown,
4.878,20:40:58.561,985.0,851.0,,,unknown,
4.898,20:40:58.581,983.0,846.0,,,unknown,
4.918,20:40:58.602,983.0,845.0,,,unknown,
4.938,20:40:58.621,980.0,849.0,,,unknown,
4.958,20:40:58.642,981.0,845.0,,,unknown,
4.978,20:40:58.661,981.0,849.0,,,unknown,
4.998,20:40:58.682,979.0,843.0,,,unknown,
5.018,20:40:58.701,979.0,849.0,,,unknown,
5.038,20:40:58.722,976.0,843.0,,,unknown,
5.058,20:40:58.741,985.0,839.0,,,unknown,
5.078,20:40:58.761,978.0,845.0,,,unknown,
5.098,20:40:58.781,977.0,835.0,,,unknown,
5.118,20:40:58.801,980.0,842.0,,,unknown,
5.138,20:40:58.822,977.0,849.0,,,unknown,
5.158,20:40:58.841,975.0,841.0,,,unknown,
5.178,20:40:58.861,972.0,840.0,,,unknown,
5.198,20:40:58.881,974.0,838.0,,,unknown,
5.218,20:40:58.902,975.0,841.0,,,unknown,
5.238,20:40:58.921,973.0,835.0,,,unknown,
5.258,20:40:58.942,974.0,837.0,,,unknown,
5.278,20:40:58.961,971.0,835.0,,,unknown,
5.298,20:40:58.981,967.0,834.0,,,unknown,
5.318,20:40:59.001,968.0,835.0,,,unknown,
5.338,20:40:59.021,969.0,835.0,,,unknown,
5.358,20:40:59.042,971.0,836.0,,,unknown,
5.378,20:40:59.061,970.0,835.0,,,unknown,
5.398,20:40:59.082,969.0,836.0,,,unknown,
5.418,20:40:59.101,987.0,833.0,,,unknown,
5.438,20:40:59.122,971.0,836.0,,,unknown,
5.458,20:40:59.141,973.0,837.0,,,unknown,
5.478,20:40:59.162,975.0,837.0,,,unknown,
5.498,20:40:59.181,975.0,839.0,,,unknown,
5.518,20:40:59.201,969.0,843.0,,,unknown,
5.538,20:40:59.221,980.0,842.0,,,unknown,
5.562,20:40:59.246,982.0,842.0,,,unknown,
5.578,20:40:59.261,981.0,845.0,,,unknown,
5.598,20:40:59.281,984.0,846.0,,,unknown,
5.618,20:40:59.301,985.0,846.0,,,unknown,
5.638,20:40:59.322,985.0,839.0,,,unknown,
5.658,20:40:59.342,985.0,850.0,,,unknown,
5.678,20:40:59.361,985.0,850.0,,,unknown,
5.698,20:40:59.381,989.0,863.0,,,unknown,
5.718,20:40:59.402,999.0,851.0,,,unknown,
5.738,20:40:59.421,987.0,858.0,,,unknown,
5.758,20:40:59.441,996.0,852.0,,,unknown,
5.778,20:40:59.461,998.0,854.0,,,unknown,
5.798,20:40:59.481,997.0,857.0,,,unknown,
5.818,20:40:59.501,995.0,854.0,,,unknown,
5.838,20:40:59.522,1002.0,857.0,,,unknown,
5.858,20:40:59.541,1001.0,859.0,,,unknown,
5.878,20:40:59.561,999.0,859.0,,,unknown,
5.898,20:40:59.581,999.0,859.0,,,unknown,
5.918,20:40:59.602,1001.0,861.0,,,unknown,
5.939,20:40:59.622,1043.0,861.0,,,unknown,
5.958,20:40:59.642,1001.0,860.0,,,unknown,
5.978,20:40:59.662,1005.0,864.0,,,unknown,
5.998,20:40:59.682,1006.0,865.0,,,unknown,
6.018,20:40:59.702,1008.0,866.0,,,unknown,
6.039,20:40:59.722,1012.0,867.0,,,unknown,
6.058,20:40:59.742,1007.0,855.0,,,unknown,
6.078,20:40:59.762,1019.0,869.0,,,unknown,
6.098,20:40:59.781,1008.0,870.0,,,unknown,
6.118,20:40:59.801,1014.0,871.0,,,unknown,
6.139,20:40:59.822,1001.0,867.0,,,unknown,
6.158,20:40:59.842,1013.0,872.0,,,unknown,
6.178,20:40:59.861,1016.0,872.0,,,unknown,
6.198,20:40:59.882,1017.0,873.0,,,unknown,
6.218,20:40:59.902,1005.0,875.0,,,unknown,
6.239,20:40:59.922,1016.0,874.0,,,unknown,
6.259,20:40:59.942,1023.0,875.0,,,unknown,
6.279,20:40:59.962,1019.0,878.0,,,unknown,
6.299,20:40:59.982,1021.0,876.0,,,unknown,
6.318,20:41:00.001,1021.0,879.0,,,unknown,
6.338,20:41:00.022,1022.0,880.0,,,unknown,
6.358,20:41:00.042,1023.0,878.0,,,unknown,
6.378,20:41:00.062,1020.0,876.0,,,unknown,
6.398,20:41:00.082,1029.0,877.0,,,unknown,
6.418,20:41:00.102,1023.0,884.0,,,unknown,
6.438,20:41:00.121,1023.0,881.0,,,unknown,
6.458,20:41:00.142,1031.0,884.0,,,unknown,
6.478,20:41:00.162,1016.0,877.0,,,unknown,
6.499,20:41:00.182,1033.0,876.0,,,unknown,
6.518,20:41:00.201,1055.0,878.0,,,unknown,
6.538,20:41:00.222,1019.0,876.0,,,unknown,
6.563,20:41:00.246,1018.0,876.0,,,unknown,
6.578,20:41:00.262,1018.0,875.0,,,unknown,
6.599,20:41:00.282,1015.0,874.0,,,unknown,
6.618,20:41:00.302,1016.0,874.0,,,unknown,
6.639,20:41:00.322,1019.0,874.0,,,unknown,
6.658,20:41:00.342,1013.0,874.0,,,unknown,
6.678,20:41:00.362,1017.0,873.0,,,unknown,
6.703,20:41:00.386,1014.0,872.0,,,unknown,
6.720,20:41:00.403,1015.0,881.0,,,unknown,
6.738,20:41:00.421,1013.0,871.0,,,unknown,
6.758,20:41:00.441,1013.0,865.0,,,unknown,
6.778,20:41:00.461,1015.0,866.0,,,unknown,
6.798,20:41:00.481,1011.0,869.0,,,unknown,
6.818,20:41:00.501,1011.0,871.0,,,unknown,
6.838,20:41:00.521,1012.0,867.0,,,unknown,
6.858,20:41:00.542,1184.0,868.0,,,unknown,
6.878,20:41:00.561,1007.0,868.0,,,unknown,
6.898,20:41:00.582,1007.0,869.0,,,unknown,
6.918,20:41:00.602,1007.0,866.0,,,unknown,
6.939,20:41:00.622,1005.0,863.0,,,unknown,
6.958,20:41:00.642,1005.0,866.0,,,unknown,
6.978,20:41:00.662,1005.0,864.0,,,unknown,
6.998,20:41:00.681,1003.0,864.0,,,unknown,
7.018,20:41:00.701,1005.0,864.0,,,unknown,
7.038,20:41:00.722,1005.0,864.0,,,unknown,
7.058,20:41:00.742,1003.0,863.0,,,unknown,
7.078,20:41:00.762,1005.0,865.0,,,unknown,
7.098,20:41:00.782,1001.0,862.0,,,unknown,
7.118,20:41:00.801,1006.0,868.0,,,unknown,
7.138,20:41:00.822,1003.0,862.0,,,unknown,
7.159,20:41:00.842,1003.0,863.0,,,unknown,
7.178,20:41:00.862,1002.0,861.0,,,unknown,
7.198,20:41:00.882,1003.0,862.0,,,unknown,
7.218,20:41:00.901,1003.0,862.0,,,unknown,
7.238,20:41:00.922,1003.0,861.0,,,unknown,
7.258,20:41:00.941,1002.0,867.0,,,unknown,
7.278,20:41:00.962,1001.0,861.0,,,unknown,
7.298,20:41:00.982,1001.0,861.0,,,unknown,
7.318,20:41:01.002,1001.0,861.0,,,unknown,
7.338,20:41:01.021,999.0,860.0,,,unknown,
7.359,20:41:01.042,1001.0,859.0,,,unknown,
7.378,20:41:01.061,871.0,866.0,,,unknown,
7.398,20:41:01.081,998.0,859.0,,,unknown,
7.418,20:41:01.101,999.0,859.0,,,unknown,
7.438,20:41:01.122,999.0,871.0,,,unknown,
7.458,20:41:01.141,999.0,858.0,,,unknown,
7.478,20:41:01.161,983.0,858.0,,,unknown,
7.498,20:41:01.181,1001.0,855.0,,,unknown,
7.518,20:41:01.201,997.0,863.0,,,unknown,
7.538,20:41:01.221,996.0,856.0,,,unknown,
7.562,20:41:01.245,995.0,857.0,,,unknown,
7.578,20:41:01.261,995.0,855.0,,,unknown,
7.598,20:41:01.281,991.0,861.0,,,unknown,
7.618,20:41:01.301,995.0,853.0,,,unknown,
7.638,20:41:01.321,995.0,853.0,,,unknown,
7.658,20:41:01.341,995.0,854.0,,,unknown,
7.678,20:41:01.361,994.0,852.0,,,unknown,
7.698,20:41:01.381,989.0,852.0,,,unknown,
7.718,20:41:01.401,990.0,848.0,,,unknown,
7.738,20:41:01.422,987.0,849.0,,,unknown,
7.758,20:41:01.441,989.0,855.0,,,unknown,
7.778,20:41:01.461,989.0,850.0,,,unknown,
7.798,20:41:01.481,988.0,856.0,,,unknown,
7.818,20:41:01.501,987.0,852.0,,,unknown,
7.838,20:41:01.521,988.0,847.0,,,unknown,
7.858,20:41:01.541,989.0,851.0,,,unknown,
7.878,20:41:01.561,987.0,850.0,,,unknown,
7.898,20:41:01.581,985.0,847.0,,,unknown,
7.918,20:41:01.601,983.0,846.0,,,unknown,
7.938,20:41:01.621,983.0,846.0,,,unknown,
7.958,20:41:01.641,987.0,846.0,,,unknown,
7.978,20:41:01.661,983.0,844.0,,,unknown,
7.998,20:41:01.681,981.0,845.0,,,unknown,
8.018,20:41:01.701,981.0,845.0,,,unknown,
8.038,20:41:01.722,979.0,843.0,,,unknown,
8.058,20:41:01.741,981.0,844.0,,,unknown,
8.078,20:41:01.761,983.0,854.0,,,unknown,
8.098,20:41:01.781,975.0,841.0,,,unknown,
8.118,20:41:01.801,975.0,839.0,,,unknown,
8.138,20:41:01.821,975.0,848.0,,,unknown,
8.158,20:41:01.841,975.0,838.0,,,unknown,
8.178,20:41:01.861,973.0,838.0,,,unknown,
8.198,20:41:01.882,974.0,839.0,,,unknown,
8.218,20:41:01.901,973.0,839.0,,,unknown,
8.238,20:41:01.921,973.0,840.0,,,unknown,
8.258,20:41:01.941,974.0,837.0,,,unknown,
8.278,20:41:01.961,974.0,838.0,,,unknown,
8.298,20:41:01.981,973.0,846.0,,,unknown,
8.318,20:41:02.001,973.0,839.0,,,unknown,
8.338,20:41:02.021,973.0,840.0,,,unknown,
8.358,20:41:02.041,975.0,842.0,,,unknown,
8.378,20:41:02.061,979.0,844.0,,,unknown,
8.398,20:41:02.081,979.0,843.0,,,unknown,
8.418,20:41:02.101,981.0,845.0,,,unknown,
8.438,20:41:02.121,981.0,846.0,,,unknown,
8.458,20:41:02.141,983.0,847.0,,,unknown,
8.478,20:41:02.161,996.0,847.0,,,unknown,
8.498,20:41:02.181,987.0,848.0,,,unknown,
8.518,20:41:02.201,991.0,850.0,,,unknown,
8.538,20:41:02.221,997.0,852.0,,,unknown,
8.563,20:41:02.246,999.0,852.0,,,unknown,
8.578,20:41:02.261,995.0,852.0,,,unknown,
8.598,20:41:02.281,995.0,855.0,,,unknown,
8.619,20:41:02.302,997.0,857.0,,,unknown,
8.638,20:41:02.321,996.0,868.0,,,unknown,
8.658,20:41:02.341,999.0,858.0,,,unknown,
8.678,20:41:02.361,989.0,859.0,,,unknown,
8.698,20:41:02.382,1001.0,859.0,,,unknown,
8.718,20:41:02.402,1001.0,861.0,,,unknown,
8.738,20:41:02.422,1001.0,859.0,,,unknown,
8.758,20:41:02.442,1003.0,862.0,,,unknown,
8.778,20:41:02.462,1005.0,862.0,,,unknown,
8.798,20:41:02.481,1005.0,863.0,,,unknown,
8.818,20:41:02.501,999.0,863.0,,,unknown,
8.838,20:41:02.522,1001.0,864.0,,,unknown,
8.858,20:41:02.542,998.0,861.0,,,unknown,
8.878,20:41:02.561,1003.0,863.0,,,unknown,
8.898,20:41:02.581,1005.0,869.0,,,unknown,
8.918,20:41:02.601,1007.0,864.0,,,unknown,
8.938,20:41:02.622,1007.0,865.0,,,unknown,
8.958,20:41:02.642,1008.0,865.0,,,unknown,
8.978,20:41:02.661,999.0,866.0,,,unknown,
8.998,20:41:02.682,1007.0,869.0,,,unknown,
9.018,20:41:02.701,1019.0,870.0,,,unknown,
9.038,20:41:02.721,1013.0,869.0,,,unknown,
9.058,20:41:02.741,1011.0,876.0,,,unknown,
9.078,20:41:02.762,1013.0,876.0,,,unknown,
9.098,20:41:02.782,1012.0,873.0,,,unknown,
9.118,20:41:02.802,1017.0,875.0,,,unknown,
9.138,20:41:02.821,1015.0,874.0,,,unknown,
9.158,20:41:02.842,1019.0,876.0,,,unknown,
9.178,20:41:02.861,1019.0,877.0,,,unknown,
9.198,20:41:02.881,1022.0,877.0,,,unknown,
9.218,20:41:02.901,1023.0,877.0,,,unknown,
9.238,20:41:02.921,1023.0,878.0,,,unknown,
9.258,20:41:02.942,1001.0,878.0,,,unknown,
9.278,20:41:02.962,1035.0,876.0,,,unknown,
9.298,20:41:02.982,1032.0,881.0,,,unknown,
9.318,20:41:03.001,1021.0,878.0,,,unknown,
9.338,20:41:03.022,1021.0,879.0,,,unknown,
9.358,20:41:03.042,1021.0,877.0,,,unknown,
9.378,20:41:03.061,1023.0,877.0,,,unknown,
9.398,20:41:03.082,1020.0,876.0,,,unknown,
9.418,20:41:03.101,1019.0,876.0,,,unknown,
9.438,20:41:03.122,1021.0,874.0,,,unknown,
9.458,20:41:03.142,1018.0,875.0,,,unknown,
9.478,20:41:03.161,1018.0,875.0,,,unknown,
9.498,20:41:03.182,1015.0,872.0,,,unknown,
9.518,20:41:03.201,1017.0,879.0,,,unknown,
9.538,20:41:03.222,1014.0,883.0,,,unknown,
9.563,20:41:03.246,1015.0,873.0,,,unknown,
9.578,20:41:03.261,1007.0,874.0,,,unknown,
9.598,20:41:03.281,1015.0,872.0,,,unknown,
9.618,20:41:03.302,1016.0,871.0,,,unknown,
9.638,20:41:03.322,1013.0,860.0,,,unknown,
9.658,20:41:03.341,989.0,867.0,,,unknown,
9.678,20:41:03.361,1007.0,865.0,,,unknown,
9.698,20:41:03.381,1007.0,873.0,,,unknown,
9.718,20:41:03.402,1006.0,866.0,,,unknown,
9.738,20:41:03.421,999.0,869.0,,,unknown,
9.758,20:41:03.441,1006.0,859.0,,,unknown,
9.778,20:41:03.461,1007.0,865.0,,,unknown,
9.798,20:41:03.481,1103.0,863.0,,,unknown,
9.818,20:41:03.502,1003.0,863.0,,,unknown,
9.838,20:41:03.522,1003.0,862.0,,,unknown,
9.858,20:41:03.541,1001.0,863.0,,,unknown,
9.878,20:41:03.561,1004.0,860.0,,,unknown,
9.898,20:41:03.581,1000.0,863.0,,,unknown,
9.918,20:41:03.602,1003.0,862.0,,,unknown,
9.938,20:41:03.622,1061.0,862.0,,,unknown,
9.958,20:41:03.642,1003.0,865.0,,,unknown,
9.978,20:41:03.661,1007.0,862.0,,,unknown,
9.998,20:41:03.682,1004.0,862.0,,,unknown,
10.018,20:41:03.702,1005.0,868.0,,,unknown,
10.038,20:41:03.722,1003.0,863.0,,,unknown,
10.058,20:41:03.741,1004.0,863.0,,,unknown,
10.078,20:41:03.761,1003.0,863.0,,,unknown,
10.098,20:41:03.781,1003.0,872.0,,,unknown,
10.118,20:41:03.801,1003.0,856.0,,,unknown,
10.138,20:41:03.821,1001.0,855.0,,,unknown,
10.158,20:41:03.842,1002.0,861.0,,,unknown,
10.178,20:41:03.861,1001.0,861.0,,,unknown,
10.198,20:41:03.881,1001.0,857.0,,,unknown,
10.218,20:41:03.901,1000.0,858.0,,,unknown,
10.238,20:41:03.921,1000.0,858.0,,,unknown,
10.258,20:41:03.941,1001.0,859.0,,,unknown,
10.278,20:41:03.961,1001.0,857.0,,,unknown,
10.298,20:41:03.981,999.0,860.0,,,unknown,
10.318,20:41:04.001,973.0,859.0,,,unknown,
10.338,20:41:04.021,997.0,843.0,,,unknown,
10.358,20:41:04.041,996.0,862.0,,,unknown,
10.378,20:41:04.061,998.0,856.0,,,unknown,
10.398,20:41:04.081,995.0,857.0,,,unknown,
10.418,20:41:04.101,989.0,856.0,,,unknown,
10.438,20:41:04.121,995.0,854.0,,,unknown,
10.458,20:41:04.141,989.0,854.0,,,unknown,
10.478,20:41:04.161,997.0,854.0,,,unknown,
10.498,20:41:04.181,987.0,852.0,,,unknown,
10.518,20:41:04.201,986.0,852.0,,,unknown,
10.538,20:41:04.221,995.0,858.0,,,unknown,
10.562,20:41:04.245,985.0,847.0,,,unknown,
10.578,20:41:04.261,987.0,850.0,,,unknown,
10.598,20:41:04.281,989.0,848.0,,,unknown,
10.618,20:41:04.301,987.0,848.0,,,unknown,
10.638,20:41:04.321,985.0,846.0,,,unknown,
10.658,20:41:04.341,983.0,846.0,,,unknown,
10.678,20:41:04.361,984.0,841.0,,,unknown,
10.698,20:41:04.381,985.0,847.0,,,unknown,
10.718,20:41:04.401,983.0,843.0,,,unknown,
10.738,20:41:04.421,985.0,844.0,,,unknown,
10.758,20:41:04.441,981.0,854.0,,,unknown,
10.778,20:41:04.461,981.0,845.0,,,unknown,
10.803,20:41:04.486,979.0,845.0,,,unknown,
10.820,20:41:04.503,979.0,844.0,,,unknown,
10.838,20:41:04.521,979.0,843.0,,,unknown,
10.858,20:41:04.541,979.0,842.0,,,unknown,
10.878,20:41:04.561,978.0,833.0,,,unknown,
10.898,20:41:04.581,978.0,844.0,,,unknown,
10.918,20:41:04.601,979.0,840.0,,,unknown,
10.938,20:41:04.621,978.0,843.0,,,unknown,
10.958,20:41:04.641,975.0,842.0,,,unknown,
10.978,20:41:04.661,978.0,835.0,,,unknown,
10.998,20:41:04.681,973.0,839.0,,,unknown,
11.018,20:41:04.701,973.0,840.0,,,unknown,
11.038,20:41:04.721,978.0,839.0,,,unknown,
11.058,20:41:04.741,977.0,839.0,,,unknown,
11.078,20:41:04.761,974.0,839.0,,,unknown,
11.098,20:41:04.781,973.0,838.0,,,unknown,
11.118,20:41:04.801,973.0,836.0,,,unknown,
11.138,20:41:04.821,971.0,835.0,,,unknown,
11.158,20:41:04.841,972.0,837.0,,,unknown,
11.178,20:41:04.861,970.0,837.0,,,unknown,
11.198,20:41:04.881,972.0,837.0,,,unknown,
11.218,20:41:04.901,973.0,836.0,,,unknown,
11.238,20:41:04.921,979.0,836.0,,,unknown,
11.258,20:41:04.941,974.0,838.0,,,unknown,
11.278,20:41:04.961,975.0,838.0,,,unknown,
11.298,20:41:04.981,975.0,838.0,,,unknown,
11.318,20:41:05.001,979.0,843.0,,,unknown,
11.338,20:41:05.021,948.0,846.0,,,unknown,
11.358,20:41:05.041,984.0,850.0,,,unknown,
11.378,20:41:05.061,985.0,846.0,,,unknown,
11.398,20:41:05.081,988.0,849.0,,,unknown,
11.418,20:41:05.101,985.0,849.0,,,unknown,
11.438,20:41:05.121,985.0,842.0,,,unknown,
11.458,20:41:05.141,986.0,848.0,,,unknown,
11.478,20:41:05.161,988.0,848.0,,,unknown,
11.498,20:41:05.181,987.0,849.0,,,unknown,
11.518,20:41:05.201,987.0,852.0,,,unknown,
11.538,20:41:05.221,988.0,851.0,,,unknown,
11.562,20:41:05.246,995.0,851.0,,,unknown,
11.578,20:41:05.261,996.0,856.0,,,unknown,
11.598,20:41:05.281,996.0,858.0,,,unknown,
11.618,20:41:05.301,1000.0,849.0,,,unknown,
11.638,20:41:05.321,999.0,859.0,,,unknown,
11.658,20:41:05.342,1005.0,865.0,,,unknown,
11.678,20:41:05.361,1007.0,865.0,,,unknown,
11.698,20:41:05.381,1007.0,867.0,,,unknown,
11.718,20:41:05.401,1013.0,869.0,,,unknown,
11.738,20:41:05.422,1012.0,863.0,,,unknown,
11.758,20:41:05.442,1015.0,870.0,,,unknown,
11.778,20:41:05.461,1015.0,872.0,,,unknown,
11.798,20:41:05.481,1015.0,874.0,,,unknown,
11.818,20:41:05.501,1019.0,878.0,,,unknown,
11.838,20:41:05.521,1013.0,874.0,,,unknown,
11.858,20:41:05.542,1018.0,877.0,,,unknown,
11.878,20:41:05.561,1020.0,886.0,,,unknown,
11.898,20:41:05.581,1023.0,875.0,,,unknown,
11.918,20:41:05.601,1019.0,877.0,,,unknown,
11.938,20:41:05.622,1032.0,877.0,,,unknown,
11.958,20:41:05.641,1023.0,879.0,,,unknown,
11.979,20:41:05.662,1023.0,880.0,,,unknown,
11.998,20:41:05.681,1021.0,880.0,,,unknown,
12.018,20:41:05.702,1031.0,885.0,,,unknown,
12.039,20:41:05.722,1031.0,885.0,,,inhale,
12.058,20:41:05.742,1049.0,883.0,,,inhale,
12.078,20:41:05.761,1031.0,885.0,,,inhale,
12.098,20:41:05.781,1033.0,886.0,,,inhale,
12.118,20:41:05.801,1031.0,886.0,,,inhale,
12.138,20:41:05.821,1031.0,879.0,,,inhale,
12.158,20:41:05.841,1033.0,886.0,,,inhale,
12.178,20:41:05.861,1032.0,887.0,,,inhale,
12.199,20:41:05.882,1032.0,885.0,,,inhale,
12.218,20:41:05.901,1030.0,886.0,,,inhale,
12.238,20:41:05.921,1031.0,890.0,,,inhale,
12.258,20:41:05.941,1023.0,883.0,,,inhale,
12.278,20:41:05.961,966.0,878.0,,,inhale,
12.298,20:41:05.981,1021.0,880.0,,,inhale,
12.318,20:41:06.001,1019.0,877.0,,,inhale,
12.338,20:41:06.021,1019.0,877.0,,,inhale,
12.358,20:41:06.041,1018.0,877.0,,,inhale,
12.378,20:41:06.061,1018.0,873.0,,,inhale,
12.400,20:41:06.083,1005.0,875.0,,,inhale,
12.418,20:41:06.101,1013.0,873.0,,,inhale,
12.438,20:41:06.121,1015.0,869.0,,,inhale,
12.458,20:41:06.141,1013.0,873.0,,,inhale,
12.478,20:41:06.161,1012.0,862.0,,,inhale,
12.498,20:41:06.181,1013.0,872.0,,,inhale,
12.518,20:41:06.201,1011.0,870.0,,,inhale,
12.538,20:41:06.221,1007.0,866.0,,,inhale,
12.562,20:41:06.245,1011.0,868.0,,,inhale,
12.578,20:41:06.261,1012.0,867.0,,,inhale,
12.598,20:41:06.281,1005.0,866.0,,,inhale,
12.618,20:41:06.301,1007.0,867.0,,,inhale,
12.638,20:41:06.321,1011.0,866.0,,,inhale,
12.658,20:41:06.341,1007.0,867.0,,,inhale,
12.678,20:41:06.361,1007.0,865.0,,,inhale,
12.698,20:41:06.381,1005.0,865.0,,,inhale,
12.718,20:41:06.401,1004.0,859.0,,,inhale,
12.739,20:41:06.423,1019.0,865.0,,,inhale,
12.758,20:41:06.441,1006.0,864.0,,,inhale,
12.779,20:41:06.462,1004.0,863.0,,,inhale,
12.798,20:41:06.481,999.0,870.0,,,inhale,
12.818,20:41:06.501,1003.0,863.0,,,inhale,
12.838,20:41:06.521,1007.0,862.0,,,inhale,
12.858,20:41:06.541,1005.0,865.0,,,inhale,
12.878,20:41:06.561,1005.0,863.0,,,inhale,
12.898,20:41:06.582,1004.0,869.0,,,inhale,
12.918,20:41:06.601,1003.0,863.0,,,inhale,
12.938,20:41:06.621,1003.0,864.0,,,inhale,
12.958,20:41:06.641,1007.0,863.0,,,inhale,
12.978,20:41:06.661,1005.0,874.0,,,inhale,
12.998,20:41:06.681,1005.0,864.0,,,inhale,
13.018,20:41:06.701,1003.0,862.0,,,inhale,
13.038,20:41:06.721,1001.0,862.0,,,inhale,
13.058,20:41:06.741,1165.0,861.0,,,inhale,
13.078,20:41:06.761,999.0,861.0,,,inhale,
13.098,20:41:06.782,1001.0,862.0,,,inhale,
13.118,20:41:06.801,1001.0,860.0,,,inhale,
13.138,20:41:06.821,999.0,860.0,,,inhale,
13.158,20:41:06.841,1000.0,864.0,,,inhale,
13.178,20:41:06.861,999.0,859.0,,,inhale,
13.198,20:41:06.881,996.0,859.0,,,inhale,
13.218,20:41:06.901,998.0,859.0,,,inhale,
13.238,20:41:06.921,999.0,859.0,,,inhale,
13.258,20:41:06.941,997.0,858.0,,,inhale,
13.278,20:41:06.961,997.0,855.0,,,inhale,
13.298,20:41:06.981,987.0,857.0,,,inhale,
13.318,20:41:07.001,989.0,853.0,,,inhale,
13.338,20:41:07.021,995.0,856.0,,,inhale,
13.358,20:41:07.041,989.0,852.0,,,inhale,
13.378,20:41:07.061,989.0,850.0,,,inhale,
13.398,20:41:07.081,989.0,850.0,,,inhale,
13.418,20:41:07.101,988.0,852.0,,,inhale,
13.438,20:41:07.121,986.0,849.0,,,inhale,
13.458,20:41:07.141,987.0,848.0,,,inhale,
13.478,20:41:07.161,987.0,847.0,,,inhale,
13.498,20:41:07.181,988.0,848.0,,,inhale,
13.518,20:41:07.201,984.0,846.0,,,inhale,
13.538,20:41:07.221,985.0,848.0,,,inhale,
13.562,20:41:07.246,987.0,844.0,,,inhale,
13.578,20:41:07.261,984.0,847.0,,,inhale,
13.598,20:41:07.281,983.0,838.0,,,inhale,
13.618,20:41:07.301,983.0,844.0,,,inhale,
13.638,20:41:07.321,984.0,844.0,,,inhale,
13.658,20:41:07.341,982.0,842.0,,,inhale,
13.678,20:41:07.361,983.0,855.0,,,inhale,
13.698,20:41:07.381,980.0,845.0,,,inhale,
13.718,20:41:07.401,981.0,843.0,,,inhale,
13.738,20:41:07.421,981.0,844.0,,,inhale,
13.758,20:41:07.441,983.0,845.0,,,inhale,
13.778,20:41:07.461,942.0,842.0,,,inhale,
13.798,20:41:07.481,979.0,839.0,,,inhale,
13.818,20:41:07.501,979.0,840.0,,,inhale,
13.838,20:41:07.521,977.0,843.0,,,inhale,
13.858,20:41:07.541,973.0,838.0,,,inhale,
13.878,20:41:07.561,973.0,839.0,,,inhale,
13.898,20:41:07.581,991.0,837.0,,,inhale,
13.918,20:41:07.601,973.0,838.0,,,inhale,
13.938,20:41:07.621,972.0,839.0,,,inhale,
13.958,20:41:07.641,974.0,843.0,,,inhale,
13.978,20:41:07.661,979.0,843.0,,,inhale,
13.998,20:41:07.681,979.0,844.0,,,inhale,
14.018,20:41:07.701,983.0,849.0,,,inhale,
14.038,20:41:07.721,983.0,844.0,,,inhale,
14.058,20:41:07.741,985.0,854.0,,,inhale,
14.078,20:41:07.761,982.0,847.0,,,inhale,
14.098,20:41:07.781,987.0,846.0,,,inhale,
14.118,20:41:07.801,989.0,850.0,,,inhale,
14.138,20:41:07.821,998.0,852.0,,,inhale,
14.158,20:41:07.841,989.0,852.0,,,inhale,
14.178,20:41:07.861,995.0,853.0,,,inhale,
14.198,20:41:07.881,990.0,852.0,,,inhale,
14.218,20:41:07.901,995.0,859.0,,,inhale,
14.238,20:41:07.921,997.0,858.0,,,inhale,
14.258,20:41:07.942,1001.0,859.0,,,inhale,
14.278,20:41:07.961,1001.0,859.0,,,inhale,
14.298,20:41:07.981,1001.0,861.0,,,inhale,
14.318,20:41:08.001,1003.0,862.0,,,inhale,
14.338,20:41:08.022,1007.0,863.0,,,inhale,
14.358,20:41:08.041,1005.0,865.0,,,inhale,
14.378,20:41:08.061,1007.0,867.0,,,inhale,
14.398,20:41:08.081,1007.0,864.0,,,inhale,
14.418,20:41:08.101,1008.0,865.0,,,inhale,
14.438,20:41:08.121,1013.0,869.0,,,inhale,
14.458,20:41:08.141,1007.0,874.0,,,inhale,
14.478,20:41:08.161,1013.0,871.0,,,inhale,
14.498,20:41:08.182,1017.0,872.0,,,inhale,
14.518,20:41:08.201,1016.0,874.0,,,inhale,
14.538,20:41:08.222,1019.0,876.0,,,inhale,
14.563,20:41:08.246,1017.0,877.0,,,inhale,
14.578,20:41:08.261,1020.0,876.0,,,inhale,
14.598,20:41:08.282,1021.0,885.0,,,inhale,
14.618,20:41:08.301,1021.0,879.0,,,inhale,
14.638,20:41:08.321,1023.0,881.0,,,inhale,
14.658,20:41:08.342,1033.0,881.0,,,inhale,
14.678,20:41:08.362,1035.0,885.0,,,inhale,
14.698,20:41:08.382,1051.0,886.0,,,inhale,
14.718,20:41:08.401,1019.0,888.0,,,inhale,
14.738,20:41:08.421,1032.0,888.0,,,inhale,
14.758,20:41:08.441,1041.0,889.0,,,inhale,
14.778,20:41:08.462,1032.0,889.0,,,inhale,
14.798,20:41:08.481,1041.0,885.0,,,inhale,
14.818,20:41:08.501,1036.0,890.0,,,inhale,
14.838,20:41:08.521,1041.0,885.0,,,inhale,
14.858,20:41:08.541,1033.0,888.0,,,inhale,
14.878,20:41:08.561,1034.0,887.0,,,inhale,
14.898,20:41:08.581,1034.0,880.0,,,inhale,
14.918,20:41:08.601,1053.0,889.0,,,inhale,
14.938,20:41:08.621,1034.0,884.0,,,inhale,
14.958,20:41:08.641,1011.0,886.0,,,inhale,
14.978,20:41:08.661,1031.0,883.0,,,inhale,
14.998,20:41:08.681,981.0,885.0,,,inhale,
15.018,20:41:08.702,1030.0,882.0,,,inhale,
15.038,20:41:08.721,1031.0,878.0,,,inhale,
15.058,20:41:08.742,1023.0,879.0,,,inhale,
15.078,20:41:08.761,1055.0,877.0,,,inhale,
15.098,20:41:08.782,1020.0,878.0,,,inhale,
15.118,20:41:08.801,1019.0,877.0,,,inhale,
15.138,20:41:08.821,1019.0,878.0,,,inhale,
15.158,20:41:08.842,1018.0,877.0,,,inhale,
15.178,20:41:08.862,1018.0,874.0,,,inhale,
15.198,20:41:08.881,1015.0,872.0,,,inhale,
15.218,20:41:08.901,1017.0,874.0,,,exhale,exhale_onset
15.249,20:41:08.932,1013.0,874.0,,,exhale,
15.264,20:41:08.947,1016.0,873.0,,,exhale,
15.278,20:41:08.961,1015.0,873.0,,,exhale,
15.298,20:41:08.981,1016.0,872.0,,,exhale,
15.318,20:41:09.001,1011.0,871.0,,,exhale,
15.338,20:41:09.021,1012.0,872.0,,,exhale,
15.358,20:41:09.041,1013.0,871.0,,,exhale,
15.378,20:41:09.061,1013.0,870.0,,,exhale,
15.398,20:41:09.081,1013.0,865.0,,,exhale,
15.418,20:41:09.101,1007.0,867.0,,,exhale,
15.438,20:41:09.121,1018.0,868.0,,,exhale,
15.458,20:41:09.141,1022.0,872.0,,,exhale,
15.478,20:41:09.161,1010.0,867.0,,,exhale,
15.498,20:41:09.181,1011.0,866.0,,,exhale,
15.518,20:41:09.201,1008.0,866.0,,,exhale,
15.538,20:41:09.221,1005.0,867.0,,,exhale,
15.562,20:41:09.245,1007.0,866.0,,,exhale,
15.578,20:41:09.261,1006.0,864.0,,,exhale,
15.598,20:41:09.281,1007.0,865.0,,,exhale,
15.618,20:41:09.301,1007.0,865.0,,,exhale,
15.638,20:41:09.321,1007.0,866.0,,,exhale,
15.658,20:41:09.341,1007.0,867.0,,,exhale,
15.678,20:41:09.361,1021.0,867.0,,,exhale,
15.698,20:41:09.381,1002.0,863.0,,,exhale,
15.718,20:41:09.401,1005.0,866.0,,,exhale,
15.738,20:41:09.421,1003.0,865.0,,,exhale,
15.758,20:41:09.441,1005.0,864.0,,,exhale,
15.778,20:41:09.461,1003.0,864.0,,,exhale,
15.798,20:41:09.481,1002.0,863.0,,,exhale,
15.818,20:41:09.501,1001.0,864.0,,,exhale,
15.838,20:41:09.521,1005.0,860.0,,,exhale,
15.858,20:41:09.541,1006.0,862.0,,,exhale,
15.878,20:41:09.561,1002.0,864.0,,,exhale,
15.898,20:41:09.581,1007.0,863.0,,,exhale,
15.918,20:41:09.601,1003.0,862.0,,,exhale,
15.938,20:41:09.621,1003.0,861.0,,,exhale,
15.958,20:41:09.641,1000.0,867.0,,,exhale,
15.978,20:41:09.661,1003.0,862.0,,,exhale,
15.998,20:41:09.681,903.0,861.0,,,exhale,
16.018,20:41:09.701,999.0,860.0,,,exhale,
16.038,20:41:09.721,1000.0,859.0,,,exhale,
16.058,20:41:09.741,997.0,863.0,,,exhale,
16.078,20:41:09.761,999.0,862.0,,,exhale,
16.098,20:41:09.781,1001.0,858.0,,,exhale,
16.118,20:41:09.801,996.0,857.0,,,exhale,
16.138,20:41:09.821,996.0,860.0,,,exhale,
16.158,20:41:09.841,991.0,846.0,,,exhale,
16.178,20:41:09.861,994.0,852.0,,,exhale,
16.198,20:41:09.881,995.0,852.0,,,exhale,
16.218,20:41:09.901,995.0,850.0,,,exhale,
16.238,20:41:09.921,989.0,851.0,,,exhale,
16.258,20:41:09.941,987.0,854.0,,,exhale,
16.278,20:41:09.961,987.0,856.0,,,exhale,
16.298,20:41:09.981,988.0,853.0,,,exhale,
16.318,20:41:10.001,987.0,840.0,,,exhale,
16.338,20:41:10.021,987.0,848.0,,,exhale,
16.358,20:41:10.041,969.0,848.0,,,exhale,
16.378,20:41:10.061,987.0,847.0,,,exhale,
16.398,20:41:10.081,985.0,846.0,,,exhale,
16.418,20:41:10.101,985.0,851.0,,,exhale,
16.438,20:41:10.121,987.0,846.0,,,exhale,
16.458,20:41:10.141,983.0,846.0,,,exhale,
16.478,20:41:10.161,989.0,847.0,,,exhale,
16.498,20:41:10.181,954.0,847.0,,,exhale,
16.518,20:41:10.201,982.0,848.0,,,exhale,
16.538,20:41:10.221,981.0,843.0,,,exhale,
16.562,20:41:10.245,981.0,844.0,,,exhale,
16.578,20:41:10.261,981.0,846.0,,,exhale,
16.598,20:41:10.281,979.0,844.0,,,exhale,
16.618,20:41:10.301,979.0,840.0,,,exhale,
16.638,20:41:10.321,974.0,839.0,,,exhale,
16.658,20:41:10.341,979.0,841.0,,,exhale,
16.678,20:41:10.361,977.0,840.0,,,exhale,
16.698,20:41:10.381,972.0,839.0,,,exhale,
16.718,20:41:10.401,975.0,841.0,,,exhale,
16.738,20:41:10.421,972.0,840.0,,,exhale,
16.758,20:41:10.441,969.0,844.0,,,exhale,
16.778,20:41:10.461,974.0,839.0,,,exhale,
16.798,20:41:10.481,971.0,838.0,,,exhale,
16.818,20:41:10.501,991.0,841.0,,,exhale,
16.838,20:41:10.521,974.0,843.0,,,exhale,
16.858,20:41:10.541,973.0,844.0,,,exhale,
16.878,20:41:10.561,984.0,844.0,,,exhale,
16.898,20:41:10.581,983.0,847.0,,,exhale,
16.918,20:41:10.601,991.0,845.0,,,exhale,
16.938,20:41:10.621,987.0,847.0,,,exhale,
16.958,20:41:10.641,987.0,851.0,,,exhale,
16.978,20:41:10.661,991.0,852.0,,,exhale,
16.998,20:41:10.681,995.0,854.0,,,exhale,
17.018,20:41:10.701,999.0,857.0,,,exhale,
17.038,20:41:10.721,997.0,859.0,,,inhale,inhale_onset
17.058,20:41:10.741,1003.0,860.0,,,inhale,
17.078,20:41:10.761,1002.0,859.0,,,inhale,
17.098,20:41:10.781,1001.0,861.0,,,inhale,
17.118,20:41:10.801,1001.0,862.0,,,inhale,
17.138,20:41:10.821,1003.0,866.0,,,inhale,
17.158,20:41:10.841,1006.0,867.0,,,inhale,
17.178,20:41:10.861,1007.0,865.0,,,inhale,
17.198,20:41:10.881,1031.0,867.0,,,inhale,
17.218,20:41:10.901,1008.0,867.0,,,inhale,
17.238,20:41:10.921,1007.0,872.0,,,inhale,
17.258,20:41:10.941,1012.0,870.0,,,inhale,
17.278,20:41:10.961,1014.0,875.0,,,inhale,
17.298,20:41:10.981,1015.0,870.0,,,inhale,
17.318,20:41:11.001,1015.0,873.0,,,inhale,
17.338,20:41:11.021,1015.0,875.0,,,inhale,
17.358,20:41:11.041,1017.0,874.0,,,inhale,
17.378,20:41:11.061,1017.0,874.0,,,inhale,
17.398,20:41:11.081,1019.0,870.0,,,inhale,
17.418,20:41:11.101,1019.0,875.0,,,inhale,
17.438,20:41:11.121,1017.0,877.0,,,inhale,
17.458,20:41:11.141,1021.0,876.0,,,inhale,
17.478,20:41:11.161,1021.0,878.0,,,inhale,
17.498,20:41:11.181,1021.0,876.0,,,inhale,
17.518,20:41:11.201,1031.0,878.0,,,inhale,
17.538,20:41:11.221,1023.0,877.0,,,inhale,
17.562,20:41:11.245,1029.0,880.0,,,inhale,
17.578,20:41:11.261,1035.0,879.0,,,inhale,
17.598,20:41:11.281,1023.0,882.0,,,inhale,
17.618,20:41:11.301,1030.0,891.0,,,inhale,
17.638,20:41:11.321,1076.0,882.0,,,inhale,
17.658,20:41:11.341,1032.0,887.0,,,inhale,
17.678,20:41:11.361,1031.0,883.0,,,inhale,
17.698,20:41:11.381,1032.0,884.0,,,inhale,
17.718,20:41:11.401,1030.0,884.0,,,inhale,
17.738,20:41:11.421,1031.0,882.0,,,inhale,
17.758,20:41:11.441,1035.0,888.0,,,inhale,
17.778,20:41:11.461,1031.0,879.0,,,inhale,
17.798,20:41:11.481,1030.0,883.0,,,inhale,
17.818,20:41:11.501,1023.0,880.0,,,inhale,
17.838,20:41:11.521,1021.0,885.0,,,inhale,
17.858,20:41:11.541,1015.0,876.0,,,inhale,
17.878,20:41:11.561,1019.0,877.0,,,inhale,
17.898,20:41:11.581,1054.0,874.0,,,inhale,
17.918,20:41:11.601,1019.0,874.0,,,inhale,
17.938,20:41:11.621,1019.0,873.0,,,inhale,
17.958,20:41:11.641,1015.0,873.0,,,inhale,
17.978,20:41:11.661,1016.0,865.0,,,inhale,
17.998,20:41:11.681,1013.0,869.0,,,inhale,
18.018,20:41:11.701,1013.0,872.0,,,inhale,
18.038,20:41:11.721,1016.0,868.0,,,inhale,
18.058,20:41:11.741,1012.0,871.0,,,inhale,
18.078,20:41:11.761,1013.0,871.0,,,inhale,
18.098,20:41:11.781,1014.0,871.0,,,inhale,
18.118,20:41:11.801,1012.0,868.0,,,inhale,
18.138,20:41:11.821,1011.0,867.0,,,inhale,
18.158,20:41:11.841,1017.0,868.0,,,inhale,
18.178,20:41:11.861,1013.0,873.0,,,inhale,
18.198,20:41:11.881,1011.0,867.0,,,inhale,
18.218,20:41:11.901,1005.0,868.0,,,inhale,
18.238,20:41:11.921,1008.0,868.0,,,exhale,exhale_onset
18.258,20:41:11.941,1005.0,864.0,,,exhale,
18.278,20:41:11.961,1006.0,867.0,,,exhale,
18.298,20:41:11.981,1005.0,865.0,,,exhale,
18.318,20:41:12.001,1007.0,865.0,,,exhale,
18.338,20:41:12.021,1004.0,866.0,,,exhale,
18.358,20:41:12.041,1007.0,868.0,,,exhale,
18.378,20:41:12.061,1005.0,864.0,,,exhale,
18.398,20:41:12.081,1003.0,864.0,,,exhale,
18.418,20:41:12.101,1005.0,864.0,,,exhale,
18.438,20:41:12.121,1003.0,864.0,,,exhale,
18.458,20:41:12.141,1005.0,860.0,,,exhale,
18.478,20:41:12.161,1005.0,863.0,,,exhale,
18.498,20:41:12.181,1002.0,863.0,,,exhale,
18.518,20:41:12.201,1003.0,862.0,,,exhale,
18.538,20:41:12.221,1005.0,865.0,,,exhale,
18.562,20:41:12.245,1003.0,862.0,,,exhale,
18.578,20:41:12.261,1001.0,860.0,,,exhale,
18.603,20:41:12.286,1001.0,861.0,,,exhale,
18.619,20:41:12.302,999.0,859.0,,,exhale,
18.638,20:41:12.321,1001.0,863.0,,,exhale,
18.658,20:41:12.341,1005.0,859.0,,,exhale,
18.678,20:41:12.361,996.0,865.0,,,exhale,
18.698,20:41:12.381,999.0,860.0,,,exhale,
18.718,20:41:12.401,998.0,859.0,,,exhale,
18.738,20:41:12.421,1000.0,861.0,,,exhale,
18.758,20:41:12.441,995.0,861.0,,,exhale,
18.778,20:41:12.461,1001.0,853.0,,,exhale,
18.798,20:41:12.481,990.0,854.0,,,exhale,
18.818,20:41:12.501,995.0,857.0,,,exhale,
18.838,20:41:12.521,995.0,856.0,,,exhale,
18.858,20:41:12.541,991.0,854.0,,,exhale,
18.878,20:41:12.561,991.0,854.0,,,exhale,
18.898,20:41:12.581,989.0,851.0,,,exhale,
18.918,20:41:12.601,988.0,854.0,,,exhale,
18.938,20:41:12.621,985.0,850.0,,,exhale,
18.958,20:41:12.641,989.0,851.0,,,exhale,
18.978,20:41:12.661,985.0,864.0,,,exhale,
18.998,20:41:12.681,989.0,847.0,,,exhale,
19.018,20:41:12.701,987.0,848.0,,,exhale,
19.038,20:41:12.721,985.0,844.0,,,exhale,
19.058,20:41:12.741,983.0,846.0,,,exhale,
19.078,20:41:12.761,979.0,841.0,,,exhale,
19.098,20:41:12.781,981.0,846.0,,,exhale,
19.118,20:41:12.801,981.0,845.0,,,exhale,
19.138,20:41:12.821,981.0,847.0,,,exhale,
19.158,20:41:12.841,981.0,846.0,,,exhale,
19.178,20:41:12.861,975.0,844.0,,,exhale,
19.198,20:41:12.881,979.0,843.0,,,exhale,
19.218,20:41:12.901,985.0,847.0,,,exhale,
19.238,20:41:12.921,978.0,843.0,,,exhale,
19.258,20:41:12.941,989.0,841.0,,,exhale,
19.278,20:41:12.961,977.0,841.0,,,exhale,
19.298,20:41:12.981,973.0,840.0,,,exhale,
19.318,20:41:13.001,974.0,837.0,,,exhale,
19.338,20:41:13.021,978.0,838.0,,,exhale,
19.358,20:41:13.041,973.0,837.0,,,exhale,
19.378,20:41:13.061,971.0,837.0,,,exhale,
19.398,20:41:13.081,968.0,836.0,,,exhale,
19.418,20:41:13.101,971.0,836.0,,,exhale,
19.438,20:41:13.121,973.0,837.0,,,exhale,
19.458,20:41:13.141,978.0,842.0,,,exhale,
19.478,20:41:13.161,981.0,842.0,,,exhale,
19.498,20:41:13.181,965.0,845.0,,,exhale,
19.518,20:41:13.201,981.0,845.0,,,exhale,
19.538,20:41:13.221,985.0,846.0,,,exhale,
19.562,20:41:13.245,985.0,849.0,,,exhale,
19.578,20:41:13.261,987.0,849.0,,,exhale,
19.598,20:41:13.281,987.0,857.0,,,exhale,
19.618,20:41:13.301,987.0,843.0,,,exhale,
19.638,20:41:13.321,988.0,849.0,,,exhale,
19.658,20:41:13.341,991.0,855.0,,,exhale,
19.678,20:41:13.361,990.0,854.0,,,exhale,
19.698,20:41:13.381,989.0,853.0,,,inhale,inhale_onset
19.718,20:41:13.401,991.0,854.0,,,inhale,
19.738,20:41:13.421,989.0,854.0,,,inhale,
19.758,20:41:13.441,998.0,859.0,,,inhale,
19.778,20:41:13.461,891.0,858.0,,,inhale,
19.798,20:41:13.481,1002.0,859.0,,,inhale,
19.818,20:41:13.501,999.0,860.0,,,inhale,
19.838,20:41:13.521,1000.0,860.0,,,inhale,
19.858,20:41:13.541,1039.0,861.0,,,inhale,
19.878,20:41:13.561,1003.0,862.0,,,inhale,
19.898,20:41:13.581,1003.0,868.0,,,inhale,
19.918,20:41:13.601,1133.0,861.0,,,inhale,
19.938,20:41:13.621,1005.0,865.0,,,inhale,
19.958,20:41:13.641,1007.0,871.0,,,inhale,
19.978,20:41:13.661,1011.0,864.0,,,inhale,
19.998,20:41:13.681,1014.0,868.0,,,inhale,
20.018,20:41:13.701,1013.0,870.0,,,inhale,
20.038,20:41:13.721,1015.0,869.0,,,inhale,
20.058,20:41:13.741,1011.0,873.0,,,inhale,
20.078,20:41:13.761,1016.0,873.0,,,inhale,
20.098,20:41:13.781,1014.0,873.0,,,inhale,
20.118,20:41:13.801,1017.0,871.0,,,inhale,
20.138,20:41:13.821,1017.0,871.0,,,inhale,
20.158,20:41:13.841,1016.0,873.0,,,inhale,
20.178,20:41:13.861,1016.0,875.0,,,inhale,
20.198,20:41:13.881,1021.0,876.0,,,inhale,
20.218,20:41:13.901,1031.0,877.0,,,inhale,
20.238,20:41:13.921,1033.0,879.0,,,inhale,
20.258,20:41:13.941,1032.0,891.0,,,inhale,
20.278,20:41:13.961,1031.0,889.0,,,inhale,
20.298,20:41:13.981,1033.0,897.0,,,inhale,
20.318,20:41:14.001,1035.0,889.0,,,inhale,
20.338,20:41:14.021,1039.0,891.0,,,inhale,
20.358,20:41:14.041,1043.0,892.0,,,inhale,
20.378,20:41:14.061,1041.0,894.0,,,inhale,
20.398,20:41:14.081,1043.0,894.0,,,inhale,
20.418,20:41:14.101,1046.0,898.0,,,inhale,
20.438,20:41:14.121,1048.0,900.0,,,inhale,
20.458,20:41:14.141,1048.0,899.0,,,inhale,
20.478,20:41:14.161,1047.0,898.0,,,inhale,
20.498,20:41:14.181,1045.0,896.0,,,inhale,
20.518,20:41:14.201,1045.0,897.0,,,inhale,
20.538,20:41:14.221,1045.0,896.0,,,inhale,
20.562,20:41:14.245,1041.0,897.0,,,inhale,
20.578,20:41:14.261,1043.0,894.0,,,inhale,
20.598,20:41:14.281,1045.0,895.0,,,inhale,
20.618,20:41:14.301,1041.0,893.0,,,inhale,
20.638,20:41:14.321,1042.0,892.0,,,inhale,
20.658,20:41:14.341,1039.0,891.0,,,inhale,
20.678,20:41:14.361,1037.0,891.0,,,inhale,
20.698,20:41:14.381,1035.0,890.0,,,inhale,
20.718,20:41:14.401,1021.0,892.0,,,inhale,
20.738,20:41:14.421,1032.0,888.0,,,inhale,
20.758,20:41:14.441,1031.0,885.0,,,inhale,
20.778,20:41:14.461,1023.0,877.0,,,inhale,
20.798,20:41:14.481,1021.0,879.0,,,inhale,
20.818,20:41:14.501,1020.0,877.0,,,inhale,
20.838,20:41:14.521,999.0,879.0,,,inhale,
20.858,20:41:14.541,1023.0,878.0,,,inhale,
20.878,20:41:14.561,1017.0,872.0,,,inhale,
20.898,20:41:14.581,1018.0,876.0,,,exhale,exhale_onset
20.918,20:41:14.601,1019.0,876.0,,,exhale,
20.938,20:41:14.621,1017.0,876.0,,,exhale,
20.958,20:41:14.641,1019.0,877.0,,,exhale,
20.978,20:41:14.661,1017.0,876.0,,,exhale,
20.998,20:41:14.681,1018.0,872.0,,,exhale,
21.018,20:41:14.701,1017.0,874.0,,,exhale,
21.038,20:41:14.721,1018.0,875.0,,,exhale,
21.058,20:41:14.741,1020.0,878.0,,,exhale,
21.078,20:41:14.761,1016.0,874.0,,,exhale,
21.098,20:41:14.781,1015.0,873.0,,,exhale,
21.118,20:41:14.801,1011.0,875.0,,,exhale,
21.138,20:41:14.821,1016.0,874.0,,,exhale,
21.158,20:41:14.841,1015.0,873.0,,,exhale,
21.178,20:41:14.861,1007.0,873.0,,,exhale,
21.198,20:41:14.881,1016.0,875.0,,,exhale,
21.218,20:41:14.901,1013.0,870.0,,,exhale,
21.238,20:41:14.921,1015.0,877.0,,,exhale,
21.258,20:41:14.941,1013.0,873.0,,,exhale,
21.278,20:41:14.961,1011.0,868.0,,,exhale,
21.298,20:41:14.981,1011.0,871.0,,,exhale,
21.318,20:41:15.001,1033.0,872.0,,,exhale,
21.338,20:41:15.021,1011.0,871.0,,,exhale,
21.358,20:41:15.041,1015.0,871.0,,,exhale,
21.378,20:41:15.061,1014.0,868.0,,,exhale,
21.398,20:41:15.081,1011.0,869.0,,,exhale,
21.418,20:41:15.101,1016.0,868.0,,,exhale,
21.438,20:41:15.121,1007.0,869.0,,,exhale,
21.458,20:41:15.141,1011.0,868.0,,,exhale,
21.478,20:41:15.161,1007.0,868.0,,,exhale,
21.498,20:41:15.181,1007.0,861.0,,,exhale,
21.518,20:41:15.201,1011.0,865.0,,,exhale,
21.538,20:41:15.221,1011.0,867.0,,,exhale,
21.562,20:41:15.245,1007.0,864.0,,,exhale,
21.578,20:41:15.261,1007.0,864.0,,,exhale,
21.598,20:41:15.281,1011.0,864.0,,,exhale,
21.618,20:41:15.301,1003.0,866.0,,,exhale,
21.638,20:41:15.321,1003.0,863.0,,,exhale,
21.658,20:41:15.341,1003.0,863.0,,,exhale,
21.678,20:41:15.361,909.0,870.0,,,exhale,
21.698,20:41:15.381,1003.0,860.0,,,exhale,
21.718,20:41:15.401,995.0,861.0,,,exhale,
21.738,20:41:15.421,1000.0,859.0,,,exhale,
21.758,20:41:15.441,999.0,860.0,,,exhale,
21.778,20:41:15.461,999.0,858.0,,,exhale,
21.798,20:41:15.481,999.0,859.0,,,exhale,
21.818,20:41:15.501,1000.0,858.0,,,exhale,
21.838,20:41:15.521,1000.0,866.0,,,exhale,
21.858,20:41:15.541,997.0,860.0,,,exhale,
21.878,20:41:15.561,995.0,858.0,,,exhale,
21.898,20:41:15.581,996.0,857.0,,,exhale,
21.918,20:41:15.601,997.0,858.0,,,exhale,
21.938,20:41:15.621,995.0,853.0,,,exhale,
21.958,20:41:15.641,995.0,854.0,,,exhale,
21.978,20:41:15.661,997.0,854.0,,,exhale,
21.998,20:41:15.681,989.0,853.0,,,exhale,
22.018,20:41:15.701,969.0,852.0,,,exhale,
22.038,20:41:15.721,989.0,852.0,,,exhale,
22.058,20:41:15.741,991.0,848.0,,,exhale,
22.078,20:41:15.761,986.0,850.0,,,exhale,
22.098,20:41:15.781,985.0,858.0,,,exhale,
22.118,20:41:15.801,985.0,847.0,,,exhale,
22.143,20:41:15.826,985.0,847.0,,,exhale,
22.158,20:41:15.841,982.0,843.0,,,exhale,
22.178,20:41:15.861,983.0,847.0,,,exhale,
22.198,20:41:15.881,981.0,844.0,,,exhale,
22.218,20:41:15.901,981.0,845.0,,,exhale,
22.238,20:41:15.921,983.0,845.0,,,exhale,
22.258,20:41:15.941,983.0,846.0,,,exhale,
22.278,20:41:15.961,987.0,845.0,,,exhale,
22.298,20:41:15.981,987.0,850.0,,,exhale,
22.318,20:41:16.001,989.0,853.0,,,exhale,
22.338,20:41:16.021,994.0,852.0,,,exhale,
22.358,20:41:16.041,995.0,855.0,,,exhale,
22.378,20:41:16.061,997.0,857.0,,,exhale,
22.398,20:41:16.081,999.0,859.0,,,exhale,
22.418,20:41:16.101,999.0,860.0,,,exhale,
22.438,20:41:16.121,999.0,860.0,,,exhale,
22.458,20:41:16.141,1000.0,861.0,,,exhale,
22.478,20:41:16.161,1003.0,864.0,,,exhale,
22.498,20:41:16.181,1002.0,860.0,,,exhale,
22.518,20:41:16.201,1002.0,861.0,,,exhale,
22.538,20:41:16.221,1001.0,862.0,,,inhale,inhale_onset
22.561,20:41:16.245,1004.0,862.0,,,inhale,
22.578,20:41:16.261,1017.0,865.0,,,inhale,
22.598,20:41:16.281,957.0,858.0,,,inhale,
22.618,20:41:16.301,991.0,863.0,,,inhale,
22.638,20:41:16.321,1006.0,864.0,,,inhale,
22.658,20:41:16.341,1007.0,866.0,,,inhale,
22.678,20:41:16.361,1011.0,868.0,,,inhale,
22.698,20:41:16.381,1012.0,872.0,,,inhale,
22.718,20:41:16.401,1013.0,869.0,,,inhale,
22.738,20:41:16.421,1015.0,869.0,,,inhale,
22.758,20:41:16.441,1012.0,872.0,,,inhale,
22.778,20:41:16.461,1012.0,871.0,,,inhale,
22.798,20:41:16.481,1013.0,872.0,,,inhale,
22.818,20:41:16.501,1015.0,870.0,,,inhale,
22.838,20:41:16.521,1013.0,875.0,,,inhale,
22.858,20:41:16.541,1016.0,874.0,,,inhale,
22.878,20:41:16.561,1017.0,872.0,,,inhale,
22.898,20:41:16.581,1019.0,878.0,,,inhale,
22.918,20:41:16.601,1019.0,876.0,,,inhale,
22.938,20:41:16.621,1019.0,876.0,,,inhale,
22.958,20:41:16.641,1015.0,877.0,,,inhale,
22.978,20:41:16.661,1021.0,877.0,,,inhale,
22.998,20:41:16.681,1021.0,881.0,,,inhale,
23.018,20:41:16.701,1019.0,874.0,,,inhale,
23.038,20:41:16.721,1021.0,874.0,,,inhale,
23.058,20:41:16.741,1022.0,878.0,,,inhale,
23.078,20:41:16.761,1031.0,874.0,,,inhale,
23.098,20:41:16.781,1020.0,880.0,,,inhale,
23.118,20:41:16.801,1039.0,880.0,,,inhale,
23.140,20:41:16.823,1007.0,879.0,,,inhale,
23.158,20:41:16.841,1023.0,880.0,,,inhale,
23.178,20:41:16.861,1032.0,878.0,,,inhale,
23.198,20:41:16.881,1019.0,877.0,,,inhale,
23.218,20:41:16.901,1019.0,876.0,,,inhale,
23.238,20:41:16.921,1031.0,882.0,,,inhale,
23.258,20:41:16.941,1019.0,873.0,,,inhale,
23.278,20:41:16.961,1015.0,890.0,,,inhale,
23.298,20:41:16.981,1019.0,874.0,,,inhale,
23.318,20:41:17.001,1022.0,873.0,,,inhale,
23.338,20:41:17.021,1017.0,873.0,,,inhale,
23.358,20:41:17.041,1013.0,872.0,,,inhale,
23.378,20:41:17.061,1005.0,869.0,,,inhale,
23.398,20:41:17.081,1015.0,872.0,,,inhale,
23.418,20:41:17.101,1012.0,871.0,,,inhale,
23.438,20:41:17.121,1012.0,871.0,,,inhale,
23.458,20:41:17.141,1013.0,869.0,,,inhale,
23.478,20:41:17.161,1011.0,876.0,,,inhale,
23.498,20:41:17.181,1011.0,866.0,,,inhale,
23.518,20:41:17.201,1007.0,864.0,,,inhale,
23.538,20:41:17.221,1007.0,868.0,,,inhale,
23.562,20:41:17.245,1011.0,867.0,,,inhale,
23.578,20:41:17.261,1011.0,868.0,,,inhale,
23.598,20:41:17.281,1011.0,867.0,,,inhale,
23.618,20:41:17.301,1011.0,871.0,,,inhale,
23.638,20:41:17.321,1013.0,869.0,,,inhale,
23.658,20:41:17.341,1007.0,868.0,,,inhale,
23.678,20:41:17.361,1007.0,867.0,,,inhale,
23.698,20:41:17.381,1007.0,869.0,,,inhale,
23.718,20:41:17.401,1008.0,867.0,,,inhale,
23.738,20:41:17.421,1007.0,863.0,,,exhale,exhale_onset
23.758,20:41:17.441,1007.0,871.0,,,exhale,
23.778,20:41:17.461,1011.0,869.0,,,exhale,
23.798,20:41:17.481,1012.0,868.0,,,exhale,
23.818,20:41:17.501,1005.0,865.0,,,exhale,
23.838,20:41:17.521,997.0,875.0,,,exhale,
23.858,20:41:17.541,1007.0,865.0,,,exhale,
23.878,20:41:17.561,1005.0,865.0,,,exhale,
23.898,20:41:17.581,1007.0,864.0,,,exhale,
23.918,20:41:17.601,1003.0,870.0,,,exhale,
23.938,20:41:17.621,1003.0,861.0,,,exhale,
23.958,20:41:17.641,1003.0,864.0,,,exhale,
23.978,20:41:17.661,1003.0,863.0,,,exhale,
23.998,20:41:17.681,1002.0,864.0,,,exhale,
24.018,20:41:17.701,1004.0,870.0,,,exhale,
24.038,20:41:17.721,1007.0,862.0,,,exhale,
24.058,20:41:17.741,1003.0,865.0,,,exhale,
24.078,20:41:17.761,1007.0,862.0,,,exhale,
24.098,20:41:17.781,1002.0,862.0,,,exhale,
24.118,20:41:17.801,1004.0,862.0,,,exhale,
24.138,20:41:17.821,1000.0,861.0,,,exhale,
24.158,20:41:17.841,1004.0,861.0,,,exhale,
24.178,20:41:17.861,999.0,864.0,,,exhale,
24.198,20:41:17.881,1001.0,863.0,,,exhale,
24.218,20:41:17.901,959.0,861.0,,,exhale,
24.238,20:41:17.921,1003.0,860.0,,,exhale,
24.258,20:41:17.941,1000.0,861.0,,,exhale,
24.278,20:41:17.961,1001.0,860.0,,,exhale,
24.298,20:41:17.981,1000.0,859.0,,,exhale,
24.318,20:41:18.001,997.0,861.0,,,exhale,
24.338,20:41:18.021,999.0,857.0,,,exhale,
24.358,20:41:18.041,997.0,858.0,,,exhale,
24.378,20:41:18.061,997.0,858.0,,,exhale,
24.398,20:41:18.081,997.0,858.0,,,exhale,
24.418,20:41:18.101,996.0,858.0,,,exhale,
24.438,20:41:18.121,981.0,856.0,,,exhale,
24.458,20:41:18.141,996.0,856.0,,,exhale,
24.478,20:41:18.161,999.0,853.0,,,exhale,
24.498,20:41:18.181,991.0,856.0,,,exhale,
24.518,20:41:18.201,989.0,853.0,,,exhale,
24.538,20:41:18.221,989.0,853.0,,,exhale,
24.562,20:41:18.245,989.0,852.0,,,exhale,
24.578,20:41:18.261,999.0,859.0,,,exhale,
24.598,20:41:18.281,989.0,851.0,,,exhale,
24.618,20:41:18.301,1109.0,851.0,,,exhale,
24.638,20:41:18.321,989.0,847.0,,,exhale,
24.658,20:41:18.341,987.0,854.0,,,exhale,
24.678,20:41:18.361,988.0,837.0,,,exhale,
24.698,20:41:18.381,1005.0,846.0,,,exhale,
24.718,20:41:18.401,985.0,849.0,,,exhale,
24.738,20:41:18.421,1008.0,849.0,,,exhale,
24.758,20:41:18.441,984.0,846.0,,,exhale,
24.778,20:41:18.461,984.0,841.0,,,exhale,
24.798,20:41:18.481,983.0,846.0,,,exhale,
24.818,20:41:18.501,981.0,840.0,,,exhale,
24.838,20:41:18.521,979.0,840.0,,,exhale,
24.858,20:41:18.541,979.0,842.0,,,exhale,
24.878,20:41:18.561,979.0,842.0,,,exhale,
24.898,20:41:18.581,979.0,841.0,,,exhale,
24.918,20:41:18.601,977.0,841.0,,,exhale,
24.938,20:41:18.621,1013.0,842.0,,,exhale,
24.958,20:41:18.641,979.0,843.0,,,exhale,
24.978,20:41:18.661,981.0,846.0,,,exhale,
24.998,20:41:18.681,983.0,843.0,,,exhale,
25.018,20:41:18.701,985.0,847.0,,,exhale,
25.038,20:41:18.721,985.0,847.0,,,exhale,
25.058,20:41:18.741,986.0,845.0,,,exhale,
25.078,20:41:18.761,987.0,848.0,,,exhale,
25.098,20:41:18.781,995.0,851.0,,,exhale,
25.118,20:41:18.801,988.0,858.0,,,exhale,
25.139,20:41:18.822,989.0,851.0,,,exhale,
25.158,20:41:18.841,892.0,849.0,,,exhale,
25.178,20:41:18.861,989.0,853.0,,,exhale,
25.198,20:41:18.881,995.0,856.0,,,exhale,
25.218,20:41:18.901,997.0,858.0,,,exhale,
25.238,20:41:18.921,996.0,860.0,,,inhale,inhale_onset
25.258,20:41:18.941,999.0,858.0,,,inhale,
25.278,20:41:18.961,998.0,862.0,,,inhale,
25.298,20:41:18.981,1096.0,867.0,,,inhale,
25.320,20:41:19.003,999.0,860.0,,,inhale,
25.338,20:41:19.021,1049.0,861.0,,,inhale,
25.358,20:41:19.041,1003.0,862.0,,,inhale,
25.378,20:41:19.061,1005.0,866.0,,,inhale,
25.398,20:41:19.081,1003.0,864.0,,,inhale,
25.418,20:41:19.101,1005.0,861.0,,,inhale,
25.438,20:41:19.121,1005.0,863.0,,,inhale,
25.458,20:41:19.141,1007.0,866.0,,,inhale,
25.478,20:41:19.161,1004.0,869.0,,,inhale,
25.498,20:41:19.181,1012.0,869.0,,,inhale,
25.518,20:41:19.201,1007.0,870.0,,,inhale,
25.538,20:41:19.221,1007.0,872.0,,,inhale,
25.562,20:41:19.245,1012.0,872.0,,,inhale,
25.578,20:41:19.261,1015.0,872.0,,,inhale,
25.598,20:41:19.281,1017.0,873.0,,,inhale,
25.618,20:41:19.301,1015.0,874.0,,,inhale,
25.638,20:41:19.321,1016.0,870.0,,,inhale,
25.658,20:41:19.341,1017.0,874.0,,,inhale,
25.678,20:41:19.361,1017.0,875.0,,,inhale,
25.698,20:41:19.381,1015.0,876.0,,,inhale,
25.718,20:41:19.401,1019.0,876.0,,,inhale,
25.738,20:41:19.421,1019.0,876.0,,,inhale,
25.758,20:41:19.441,1019.0,877.0,,,inhale,
25.778,20:41:19.461,1021.0,872.0,,,inhale,
25.798,20:41:19.481,1023.0,881.0,,,inhale,
25.818,20:41:19.501,1030.0,877.0,,,inhale,
25.838,20:41:19.521,1021.0,888.0,,,inhale,
25.858,20:41:19.541,1021.0,877.0,,,inhale,
25.878,20:41:19.561,1018.0,876.0,,,inhale,
25.898,20:41:19.581,1031.0,883.0,,,inhale,
25.918,20:41:19.601,1031.0,884.0,,,inhale,
25.938,20:41:19.621,1033.0,886.0,,,inhale,
25.958,20:41:19.641,1033.0,886.0,,,inhale,
25.978,20:41:19.661,1033.0,886.0,,,inhale,
25.998,20:41:19.681,1033.0,888.0,,,inhale,
26.018,20:41:19.701,1033.0,882.0,,,inhale,
26.038,20:41:19.721,1021.0,886.0,,,inhale,
26.058,20:41:19.741,1023.0,880.0,,,inhale,
26.078,20:41:19.761,1029.0,880.0,,,inhale,
26.098,20:41:19.781,1023.0,879.0,,,inhale,
26.118,20:41:19.801,1031.0,881.0,,,inhale,
26.138,20:41:19.821,1023.0,881.0,,,inhale,
26.158,20:41:19.841,1031.0,880.0,,,inhale,
26.178,20:41:19.861,1032.0,882.0,,,inhale,
26.198,20:41:19.881,1023.0,885.0,,,inhale,
26.218,20:41:19.901,1031.0,886.0,,,inhale,
26.238,20:41:19.921,1021.0,887.0,,,inhale,
26.258,20:41:19.941,1031.0,886.0,,,inhale,
26.278,20:41:19.961,1032.0,883.0,,,inhale,
26.298,20:41:19.981,1031.0,885.0,,,inhale,
26.318,20:41:20.001,1022.0,877.0,,,inhale,
26.338,20:41:20.021,1021.0,879.0,,,inhale,
26.358,20:41:20.041,1021.0,883.0,,,inhale,
26.378,20:41:20.061,1017.0,876.0,,,inhale,
26.398,20:41:20.081,1017.0,875.0,,,inhale,
26.418,20:41:20.101,1017.0,874.0,,,inhale,
26.438,20:41:20.121,1017.0,874.0,,,inhale,
26.458,20:41:20.141,1012.0,876.0,,,exhale,exhale_onset
26.478,20:41:20.161,1017.0,875.0,,,exhale,
26.498,20:41:20.181,1013.0,873.0,,,exhale,
26.518,20:41:20.201,1014.0,872.0,,,exhale,
26.538,20:41:20.221,1017.0,872.0,,,exhale,
26.562,20:41:20.245,1007.0,869.0,,,exhale,
26.578,20:41:20.261,1015.0,872.0,,,exhale,
26.598,20:41:20.281,1011.0,869.0,,,exhale,
26.618,20:41:20.301,1013.0,871.0,,,exhale,
26.638,20:41:20.321,1011.0,870.0,,,exhale,
26.658,20:41:20.341,1015.0,873.0,,,exhale,
26.678,20:41:20.361,1012.0,869.0,,,exhale,
26.698,20:41:20.381,1007.0,867.0,,,exhale,
26.718,20:41:20.401,1011.0,875.0,,,exhale,
26.738,20:41:20.421,1013.0,869.0,,,exhale,
26.758,20:41:20.441,1011.0,862.0,,,exhale,
26.778,20:41:20.461,1011.0,869.0,,,exhale,
26.798,20:41:20.481,1007.0,876.0,,,exhale,
26.818,20:41:20.501,1011.0,868.0,,,exhale,
26.838,20:41:20.521,1005.0,870.0,,,exhale,
26.858,20:41:20.541,1011.0,869.0,,,exhale,
26.878,20:41:20.561,1011.0,867.0,,,exhale,
26.898,20:41:20.581,1012.0,874.0,,,exhale,
26.918,20:41:20.601,1004.0,873.0,,,exhale,
26.938,20:41:20.621,1005.0,867.0,,,exhale,
26.958,20:41:20.641,1011.0,867.0,,,exhale,
26.978,20:41:20.661,1007.0,864.0,,,exhale,
26.998,20:41:20.681,1005.0,865.0,,,exhale,
27.018,20:41:20.701,1015.0,863.0,,,exhale,
27.038,20:41:20.721,1004.0,864.0,,,exhale,
27.058,20:41:20.741,1006.0,863.0,,,exhale,
27.078,20:41:20.761,981.0,865.0,,,exhale,
27.098,20:41:20.781,1005.0,860.0,,,exhale,
27.118,20:41:20.801,1007.0,859.0,,,exhale,
27.138,20:41:20.821,1003.0,869.0,,,exhale,
27.158,20:41:20.841,1004.0,859.0,,,exhale,
27.178,20:41:20.861,1003.0,862.0,,,exhale,
27.198,20:41:20.881,1003.0,862.0,,,exhale,
27.218,20:41:20.901,1003.0,855.0,,,exhale,
27.238,20:41:20.921,1003.0,860.0,,,exhale,
27.258,20:41:20.941,1003.0,862.0,,,exhale,
27.278,20:41:20.961,1001.0,861.0,,,exhale,
27.298,20:41:20.981,1005.0,861.0,,,exhale,
27.318,20:41:21.001,1003.0,859.0,,,exhale,
27.338,20:41:21.021,999.0,862.0,,,exhale,
27.358,20:41:21.041,1000.0,859.0,,,exhale,
27.378,20:41:21.061,1000.0,860.0,,,exhale,
27.398,20:41:21.081,1000.0,860.0,,,exhale,
27.418,20:41:21.101,1001.0,861.0,,,exhale,
27.438,20:41:21.121,1002.0,859.0,,,exhale,
27.458,20:41:21.141,997.0,864.0,,,exhale,
27.478,20:41:21.161,997.0,857.0,,,exhale,
27.498,20:41:21.181,997.0,859.0,,,exhale,
27.518,20:41:21.201,997.0,855.0,,,exhale,
27.538,20:41:21.221,991.0,854.0,,,exhale,
27.561,20:41:21.244,997.0,853.0,,,exhale,
27.578,20:41:21.261,995.0,857.0,,,exhale,
27.598,20:41:21.281,995.0,854.0,,,exhale,
27.618,20:41:21.301,995.0,852.0,,,exhale,
27.638,20:41:21.321,1000.0,853.0,,,exhale,
27.658,20:41:21.341,991.0,852.0,,,exhale,
27.678,20:41:21.361,964.0,850.0,,,exhale,
27.698,20:41:21.381,990.0,851.0,,,exhale,
27.718,20:41:21.401,990.0,850.0,,,exhale,
27.738,20:41:21.421,963.0,849.0,,,exhale,
27.758,20:41:21.441,989.0,849.0,,,exhale,
27.778,20:41:21.461,986.0,849.0,,,exhale,
27.798,20:41:21.481,987.0,853.0,,,exhale,
27.818,20:41:21.501,985.0,847.0,,,exhale,
27.838,20:41:21.521,987.0,846.0,,,exhale,
27.858,20:41:21.541,984.0,846.0,,,exhale,
27.878,20:41:21.561,979.0,845.0,,,exhale,
27.898,20:41:21.581,979.0,845.0,,,exhale,
27.918,20:41:21.601,979.0,842.0,,,exhale,
27.938,20:41:21.621,979.0,844.0,,,exhale,
27.958,20:41:21.641,981.0,844.0,,,exhale,
27.978,20:41:21.661,983.0,849.0,,,exhale,
27.998,20:41:21.681,984.0,846.0,,,exhale,
28.018,20:41:21.701,973.0,846.0,,,exhale,
28.038,20:41:21.721,985.0,844.0,,,exhale,
28.058,20:41:21.741,984.0,848.0,,,exhale,
28.078,20:41:21.761,975.0,848.0,,,exhale,
28.098,20:41:21.781,989.0,851.0,,,exhale,
28.118,20:41:21.801,989.0,853.0,,,exhale,
28.138,20:41:21.821,1031.0,862.0,,,exhale,
28.158,20:41:21.841,996.0,854.0,,,exhale,
28.178,20:41:21.861,935.0,855.0,,,exhale,
28.198,20:41:21.881,997.0,853.0,,,exhale,
28.218,20:41:21.901,999.0,861.0,,,exhale,
28.238,20:41:21.921,997.0,858.0,,,exhale,
28.258,20:41:21.941,1003.0,859.0,,,inhale,inhale_onset
28.278,20:41:21.961,999.0,860.0,,,inhale,
28.298,20:41:21.981,1001.0,860.0,,,inhale,
28.318,20:41:22.001,1000.0,861.0,,,inhale,
28.338,20:41:22.021,1001.0,861.0,,,inhale,
28.358,20:41:22.041,1003.0,860.0,,,inhale,
28.378,20:41:22.061,1001.0,863.0,,,inhale,
28.398,20:41:22.081,1001.0,862.0,,,inhale,
28.418,20:41:22.101,1002.0,861.0,,,inhale,
28.438,20:41:22.121,1003.0,865.0,,,inhale,
28.458,20:41:22.141,1007.0,866.0,,,inhale,
28.478,20:41:22.161,1008.0,859.0,,,inhale,
28.498,20:41:22.181,1005.0,866.0,,,inhale,
28.518,20:41:22.201,1007.0,867.0,,,inhale,
28.538,20:41:22.221,1007.0,865.0,,,inhale,
28.562,20:41:22.245,1007.0,868.0,,,inhale,
28.578,20:41:22.261,1007.0,865.0,,,inhale,
28.598,20:41:22.281,1011.0,866.0,,,inhale,
28.618,20:41:22.301,1007.0,866.0,,,inhale,
28.638,20:41:22.321,1007.0,869.0,,,inhale,
28.658,20:41:22.341,1013.0,870.0,,,inhale,
28.678,20:41:22.361,1011.0,871.0,,,inhale,
28.698,20:41:22.381,1011.0,873.0,,,inhale,
28.718,20:41:22.401,1007.0,867.0,,,inhale,
28.738,20:41:22.421,1013.0,869.0,,,inhale,
28.764,20:41:22.447,1008.0,875.0,,,inhale,
28.778,20:41:22.461,1011.0,869.0,,,inhale,
28.798,20:41:22.481,1011.0,866.0,,,inhale,
28.818,20:41:22.501,1011.0,874.0,,,inhale,
28.838,20:41:22.521,1011.0,869.0,,,inhale,
28.858,20:41:22.541,1011.0,869.0,,,inhale,
28.878,20:41:22.561,1013.0,867.0,,,inhale,
28.898,20:41:22.581,1007.0,866.0,,,inhale,
28.918,20:41:22.601,1001.0,865.0,,,inhale,
28.938,20:41:22.621,1004.0,864.0,,,inhale,
28.958,20:41:22.641,1005.0,864.0,,,inhale,
28.978,20:41:22.661,1003.0,858.0,,,inhale,
28.998,20:41:22.681,1002.0,861.0,,,inhale,
29.018,20:41:22.701,1001.0,860.0,,,inhale,
29.038,20:41:22.721,984.0,861.0,,,inhale,
29.058,20:41:22.741,1000.0,862.0,,,inhale,
29.078,20:41:22.761,998.0,847.0,,,inhale,
29.098,20:41:22.781,1007.0,859.0,,,inhale,
29.118,20:41:22.801,1000.0,859.0,,,inhale,
29.138,20:41:22.821,999.0,859.0,,,inhale,
29.158,20:41:22.841,999.0,850.0,,,inhale,
29.178,20:41:22.861,999.0,857.0,,,inhale,
29.198,20:41:22.881,999.0,865.0,,,inhale,
29.218,20:41:22.901,997.0,857.0,,,inhale,
29.238,20:41:22.921,999.0,858.0,,,inhale,
29.258,20:41:22.941,999.0,850.0,,,inhale,
29.278,20:41:22.961,997.0,859.0,,,inhale,
29.298,20:41:22.981,995.0,856.0,,,inhale,
29.318,20:41:23.001,996.0,858.0,,,inhale,
29.338,20:41:23.021,996.0,857.0,,,inhale,
29.358,20:41:23.041,996.0,857.0,,,inhale,
29.378,20:41:23.061,995.0,856.0,,,inhale,
29.398,20:41:23.081,995.0,859.0,,,inhale,
29.418,20:41:23.101,981.0,857.0,,,inhale,
29.438,20:41:23.121,995.0,866.0,,,inhale,
29.458,20:41:23.141,995.0,858.0,,,inhale,
29.478,20:41:23.161,994.0,856.0,,,exhale,exhale_onset
29.498,20:41:23.181,995.0,859.0,,,exhale,
29.518,20:41:23.201,969.0,856.0,,,exhale,
29.538,20:41:23.221,991.0,856.0,,,exhale,
29.562,20:41:23.245,996.0,854.0,,,exhale,
29.578,20:41:23.261,995.0,855.0,,,exhale,
29.598,20:41:23.281,990.0,856.0,,,exhale,
29.618,20:41:23.301,994.0,854.0,,,exhale,
29.638,20:41:23.321,989.0,852.0,,,exhale,
29.658,20:41:23.341,989.0,851.0,,,exhale,
29.678,20:41:23.361,988.0,854.0,,,exhale,
29.698,20:41:23.381,999.0,854.0,,,exhale,
29.718,20:41:23.401,983.0,848.0,,,exhale,
29.738,20:41:23.421,987.0,851.0,,,exhale,
29.758,20:41:23.441,985.0,849.0,,,exhale,
29.778,20:41:23.461,987.0,844.0,,,exhale,
29.798,20:41:23.481,987.0,848.0,,,exhale,
29.818,20:41:23.501,983.0,851.0,,,exhale,
29.838,20:41:23.521,979.0,839.0,,,exhale,
29.858,20:41:23.541,986.0,846.0,,,exhale,
29.878,20:41:23.561,983.0,846.0,,,exhale,
29.898,20:41:23.581,971.0,843.0,,,exhale,
29.918,20:41:23.601,931.0,845.0,,,exhale,
29.938,20:41:23.621,982.0,843.0,,,exhale,
29.958,20:41:23.641,983.0,847.0,,,exhale,
29.978,20:41:23.661,981.0,846.0,,,exhale,
29.998,20:41:23.681,981.0,847.0,,,exhale,
30.018,20:41:23.701,983.0,845.0,,,exhale,
30.038,20:41:23.721,979.0,844.0,,,exhale,
30.058,20:41:23.741,979.0,845.0,,,exhale,
30.078,20:41:23.761,981.0,842.0,,,exhale,
30.098,20:41:23.781,981.0,838.0,,,exhale,
30.118,20:41:23.801,981.0,843.0,,,exhale,
30.138,20:41:23.821,939.0,843.0,,,exhale,
30.158,20:41:23.841,979.0,842.0,,,exhale,
30.178,20:41:23.861,979.0,842.0,,,exhale,
30.198,20:41:23.881,979.0,841.0,,,exhale,
30.218,20:41:23.901,977.0,841.0,,,exhale,
30.238,20:41:23.921,956.0,843.0,,,exhale,
30.258,20:41:23.941,975.0,840.0,,,exhale,
30.278,20:41:23.961,975.0,834.0,,,exhale,
30.298,20:41:23.981,975.0,838.0,,,exhale,
30.318,20:41:24.001,975.0,842.0,,,exhale,
30.338,20:41:24.021,1063.0,841.0,,,exhale,
30.358,20:41:24.041,972.0,838.0,,,exhale,
30.378,20:41:24.061,971.0,838.0,,,exhale,
30.398,20:41:24.081,970.0,832.0,,,exhale,
30.418,20:41:24.101,971.0,835.0,,,exhale,
30.438,20:41:24.121,969.0,836.0,,,exhale,
30.458,20:41:24.141,971.0,835.0,,,exhale,
30.478,20:41:24.161,969.0,837.0,,,exhale,
30.498,20:41:24.181,969.0,834.0,,,exhale,
30.518,20:41:24.201,971.0,835.0,,,exhale,
30.538,20:41:24.221,968.0,836.0,,,exhale,
30.562,20:41:24.245,971.0,835.0,,,exhale,
30.578,20:41:24.261,1005.0,837.0,,,exhale,
30.598,20:41:24.281,974.0,844.0,,,exhale,
30.618,20:41:24.301,979.0,841.0,,,exhale,
30.638,20:41:24.321,979.0,841.0,,,exhale,
30.658,20:41:24.341,969.0,845.0,,,exhale,
30.678,20:41:24.361,981.0,845.0,,,exhale,
30.698,20:41:24.381,983.0,846.0,,,exhale,
30.718,20:41:24.401,984.0,845.0,,,exhale,
30.738,20:41:24.421,984.0,847.0,,,inhale,inhale_onset
30.758,20:41:24.441,985.0,855.0,,,inhale,
30.778,20:41:24.461,986.0,848.0,,,inhale,
30.798,20:41:24.481,986.0,849.0,,,inhale,
30.818,20:41:24.501,969.0,850.0,,,inhale,
30.838,20:41:24.521,995.0,851.0,,,inhale,
30.858,20:41:24.541,989.0,853.0,,,inhale,
30.878,20:41:24.561,983.0,851.0,,,inhale,
30.898,20:41:24.581,991.0,855.0,,,inhale,
30.918,20:41:24.601,997.0,855.0,,,inhale,
30.938,20:41:24.621,994.0,856.0,,,inhale,
30.958,20:41:24.641,997.0,858.0,,,inhale,
30.978,20:41:24.661,997.0,857.0,,,inhale,
30.998,20:41:24.681,997.0,859.0,,,inhale,
31.018,20:41:24.701,997.0,858.0,,,inhale,
31.038,20:41:24.721,999.0,858.0,,,inhale,
31.058,20:41:24.741,1001.0,861.0,,,inhale,
31.078,20:41:24.761,998.0,856.0,,,inhale,
31.098,20:41:24.781,997.0,858.0,,,inhale,
31.118,20:41:24.801,996.0,870.0,,,inhale,
31.138,20:41:24.821,999.0,865.0,,,inhale,
31.158,20:41:24.841,999.0,859.0,,,inhale,
31.178,20:41:24.861,999.0,856.0,,,inhale,
31.198,20:41:24.881,999.0,860.0,,,inhale,
31.218,20:41:24.901,997.0,858.0,,,inhale,
31.238,20:41:24.921,1001.0,858.0,,,inhale,
31.258,20:41:24.941,1054.0,862.0,,,inhale,
31.278,20:41:24.961,995.0,857.0,,,inhale,
31.298,20:41:24.981,997.0,856.0,,,inhale,
31.318,20:41:25.001,995.0,855.0,,,inhale,
31.338,20:41:25.021,995.0,853.0,,,inhale,
31.358,20:41:25.041,991.0,855.0,,,inhale,
31.378,20:41:25.061,990.0,853.0,,,inhale,
31.398,20:41:25.081,990.0,854.0,,,inhale,
31.418,20:41:25.101,995.0,853.0,,,inhale,
31.438,20:41:25.121,995.0,852.0,,,inhale,
31.458,20:41:25.141,989.0,850.0,,,inhale,
31.478,20:41:25.161,989.0,858.0,,,inhale,
31.498,20:41:25.181,987.0,849.0,,,inhale,
31.518,20:41:25.201,985.0,849.0,,,inhale,
31.538,20:41:25.221,985.0,846.0,,,inhale,
31.562,20:41:25.245,983.0,847.0,,,inhale,
31.578,20:41:25.261,986.0,846.0,,,inhale,
31.598,20:41:25.281,983.0,847.0,,,inhale,
31.618,20:41:25.301,991.0,847.0,,,inhale,
31.638,20:41:25.321,984.0,852.0,,,inhale,
31.658,20:41:25.341,985.0,846.0,,,inhale,
31.678,20:41:25.361,1004.0,847.0,,,inhale,
31.698,20:41:25.381,984.0,848.0,,,inhale,
31.718,20:41:25.401,983.0,846.0,,,inhale,
31.738,20:41:25.421,983.0,844.0,,,inhale,
31.758,20:41:25.441,979.0,845.0,,,inhale,
31.778,20:41:25.461,983.0,845.0,,,inhale,
31.798,20:41:25.481,984.0,845.0,,,inhale,
31.818,20:41:25.501,983.0,848.0,,,inhale,
31.838,20:41:25.521,987.0,845.0,,,inhale,
31.858,20:41:25.541,985.0,845.0,,,inhale,
31.878,20:41:25.561,1055.0,846.0,,,inhale,
31.898,20:41:25.581,985.0,847.0,,,inhale,
31.918,20:41:25.601,981.0,845.0,,,inhale,
31.938,20:41:25.621,989.0,845.0,,,exhale,exhale_onset
31.958,20:41:25.641,981.0,845.0,,,exhale,
31.978,20:41:25.661,981.0,842.0,,,exhale,
31.998,20:41:25.681,974.0,844.0,,,exhale,
32.018,20:41:25.701,981.0,842.0,,,exhale,
32.038,20:41:25.721,983.0,842.0,,,exhale,
32.058,20:41:25.741,979.0,844.0,,,exhale,
32.085,20:41:25.768,978.0,841.0,,,exhale,
32.098,20:41:25.781,975.0,841.0,,,exhale,
32.118,20:41:25.801,987.0,841.0,,,exhale,
32.138,20:41:25.821,975.0,842.0,,,exhale,
32.158,20:41:25.841,974.0,843.0,,,exhale,
32.178,20:41:25.861,971.0,836.0,,,exhale,
32.198,20:41:25.881,972.0,840.0,,,exhale,
32.218,20:41:25.901,971.0,839.0,,,exhale,
32.238,20:41:25.921,971.0,838.0,,,exhale,
32.258,20:41:25.941,973.0,837.0,,,exhale,
32.278,20:41:25.961,970.0,838.0,,,exhale,
32.298,20:41:25.981,972.0,835.0,,,exhale,
32.318,20:41:26.001,971.0,841.0,,,exhale,
32.338,20:41:26.021,969.0,833.0,,,exhale,
32.358,20:41:26.041,970.0,835.0,,,exhale,
32.378,20:41:26.061,973.0,834.0,,,exhale,
32.398,20:41:26.081,973.0,833.0,,,exhale,
32.418,20:41:26.101,969.0,834.0,,,exhale,
32.438,20:41:26.121,969.0,838.0,,,exhale,
32.458,20:41:26.141,969.0,832.0,,,exhale,
32.478,20:41:26.161,967.0,833.0,,,exhale,
32.498,20:41:26.181,969.0,824.0,,,exhale,
32.518,20:41:26.201,969.0,827.0,,,exhale,
32.538,20:41:26.221,966.0,834.0,,,exhale,
32.561,20:41:26.244,969.0,833.0,,,exhale,
32.578,20:41:26.261,969.0,833.0,,,exhale,
32.598,20:41:26.281,968.0,834.0,,,exhale,
32.618,20:41:26.301,967.0,833.0,,,exhale,
32.638,20:41:26.321,967.0,825.0,,,exhale,
32.658,20:41:26.341,968.0,833.0,,,exhale,
32.678,20:41:26.361,968.0,832.0,,,exhale,
32.698,20:41:26.381,966.0,825.0,,,exhale,
32.718,20:41:26.401,963.0,824.0,,,exhale,
32.738,20:41:26.421,959.0,826.0,,,exhale,
32.758,20:41:26.441,957.0,825.0,,,exhale,
32.778,20:41:26.461,960.0,827.0,,,exhale,
32.798,20:41:26.481,965.0,826.0,,,exhale,
32.818,20:41:26.501,959.0,825.0,,,exhale,
32.838,20:41:26.521,959.0,825.0,,,exhale,
32.858,20:41:26.541,965.0,827.0,,,exhale,
32.878,20:41:26.561,960.0,826.0,,,exhale,
32.898,20:41:26.581,965.0,826.0,,,exhale,
32.918,20:41:26.601,965.0,829.0,,,exhale,
32.938,20:41:26.621,965.0,830.0,,,exhale,
32.958,20:41:26.641,967.0,834.0,,,exhale,
32.978,20:41:26.661,968.0,834.0,,,exhale,
32.998,20:41:26.681,972.0,833.0,,,exhale,
33.018,20:41:26.701,970.0,834.0,,,exhale,
33.038,20:41:26.721,969.0,834.0,,,exhale,
33.058,20:41:26.741,973.0,838.0,,,exhale,
33.078,20:41:26.761,975.0,837.0,,,exhale,
33.098,20:41:26.781,1062.0,840.0,,,exhale,
33.118,20:41:26.801,975.0,840.0,,,exhale,
33.138,20:41:26.821,976.0,841.0,,,exhale,
33.158,20:41:26.841,981.0,847.0,,,inhale,inhale_onset
33.178,20:41:26.861,981.0,845.0,,,inhale,
33.198,20:41:26.881,981.0,846.0,,,inhale,
33.218,20:41:26.901,983.0,846.0,,,inhale,
33.238,20:41:26.921,983.0,849.0,,,inhale,
33.258,20:41:26.941,1005.0,844.0,,,inhale,
33.278,20:41:26.961,985.0,851.0,,,inhale,
33.298,20:41:26.981,986.0,847.0,,,inhale,
33.318,20:41:27.001,985.0,849.0,,,inhale,
33.338,20:41:27.021,989.0,847.0,,,inhale,
33.358,20:41:27.041,989.0,855.0,,,inhale,
33.378,20:41:27.061,988.0,852.0,,,inhale,
33.398,20:41:27.081,987.0,850.0,,,inhale,
33.418,20:41:27.101,978.0,852.0,,,inhale,
33.438,20:41:27.121,1001.0,852.0,,,inhale,
33.458,20:41:27.141,995.0,853.0,,,inhale,
33.478,20:41:27.161,996.0,854.0,,,inhale,
33.498,20:41:27.181,995.0,860.0,,,inhale,
33.518,20:41:27.201,997.0,863.0,,,inhale,
33.538,20:41:27.221,994.0,852.0,,,inhale,
33.562,20:41:27.245,995.0,853.0,,,inhale,
33.578,20:41:27.261,990.0,854.0,,,inhale,
33.598,20:41:27.281,991.0,853.0,,,inhale,
33.618,20:41:27.301,987.0,852.0,,,inhale,
33.638,20:41:27.321,988.0,849.0,,,inhale,
33.658,20:41:27.341,989.0,852.0,,,inhale,
33.678,20:41:27.361,990.0,861.0,,,inhale,
33.698,20:41:27.381,989.0,852.0,,,inhale,
33.718,20:41:27.401,941.0,851.0,,,inhale,
33.738,20:41:27.421,989.0,853.0,,,inhale,
33.758,20:41:27.441,989.0,850.0,,,inhale,
33.778,20:41:27.461,975.0,850.0,,,inhale,
33.798,20:41:27.481,989.0,848.0,,,inhale,
33.818,20:41:27.501,986.0,848.0,,,inhale,
33.838,20:41:27.521,986.0,848.0,,,inhale,
33.858,20:41:27.541,984.0,854.0,,,inhale,
33.878,20:41:27.561,984.0,846.0,,,inhale,
33.898,20:41:27.581,975.0,846.0,,,inhale,
33.918,20:41:27.601,984.0,845.0,,,inhale,
33.938,20:41:27.621,979.0,842.0,,,inhale,
33.958,20:41:27.641,984.0,850.0,,,inhale,
33.978,20:41:27.661,980.0,837.0,,,inhale,
33.998,20:41:27.681,982.0,845.0,,,inhale,
34.018,20:41:27.701,986.0,844.0,,,inhale,
34.038,20:41:27.721,975.0,845.0,,,inhale,
34.058,20:41:27.741,979.0,843.0,,,inhale,
34.078,20:41:27.761,977.0,843.0,,,inhale,
34.098,20:41:27.781,979.0,843.0,,,inhale,
34.118,20:41:27.801,979.0,844.0,,,inhale,
34.138,20:41:27.821,979.0,843.0,,,inhale,
34.158,20:41:27.841,979.0,846.0,,,inhale,
34.178,20:41:27.861,979.0,842.0,,,inhale,
34.198,20:41:27.881,979.0,837.0,,,inhale,
34.218,20:41:27.901,979.0,837.0,,,inhale,
34.238,20:41:27.921,977.0,832.0,,,inhale,
34.258,20:41:27.941,974.0,841.0,,,inhale,
34.278,20:41:27.961,975.0,840.0,,,inhale,
34.298,20:41:27.981,975.0,841.0,,,inhale,
34.318,20:41:28.001,975.0,842.0,,,inhale,
34.338,20:41:28.021,984.0,841.0,,,inhale,
34.358,20:41:28.041,975.0,837.0,,,exhale,exhale_onset
34.378,20:41:28.061,973.0,847.0,,,exhale,
34.398,20:41:28.081,974.0,841.0,,,exhale,
34.418,20:41:28.101,972.0,840.0,,,exhale,
34.438,20:41:28.121,973.0,837.0,,,exhale,
34.458,20:41:28.141,971.0,835.0,,,exhale,
34.478,20:41:28.161,973.0,836.0,,,exhale,
34.498,20:41:28.181,971.0,838.0,,,exhale,
34.518,20:41:28.201,972.0,836.0,,,exhale,
34.538,20:41:28.221,972.0,835.0,,,exhale,
34.562,20:41:28.245,973.0,835.0,,,exhale,
34.578,20:41:28.261,972.0,837.0,,,exhale,
34.598,20:41:28.281,967.0,835.0,,,exhale,
34.618,20:41:28.301,970.0,836.0,,,exhale,
34.638,20:41:28.321,968.0,834.0,,,exhale,
34.658,20:41:28.341,968.0,832.0,,,exhale,
34.678,20:41:28.361,967.0,833.0,,,exhale,
34.698,20:41:28.381,968.0,833.0,,,exhale,
34.718,20:41:28.401,967.0,834.0,,,exhale,
34.738,20:41:28.421,968.0,837.0,,,exhale,
34.758,20:41:28.441,983.0,832.0,,,exhale,
34.778,20:41:28.461,966.0,840.0,,,exhale,
34.798,20:41:28.481,967.0,832.0,,,exhale,
34.818,20:41:28.501,965.0,837.0,,,exhale,
34.838,20:41:28.521,1097.0,831.0,,,exhale,
34.858,20:41:28.541,965.0,831.0,,,exhale,
34.878,20:41:28.561,965.0,831.0,,,exhale,
34.898,20:41:28.581,959.0,830.0,,,exhale,
34.918,20:41:28.601,959.0,828.0,,,exhale,
34.938,20:41:28.621,960.0,828.0,,,exhale,
34.958,20:41:28.641,959.0,826.0,,,exhale,
34.978,20:41:28.661,957.0,826.0,,,exhale,
34.998,20:41:28.681,959.0,825.0,,,exhale,
35.018,20:41:28.701,959.0,825.0,,,exhale,
35.038,20:41:28.721,959.0,827.0,,,exhale,
35.058,20:41:28.741,955.0,826.0,,,exhale,
35.078,20:41:28.761,957.0,823.0,,,exhale,
35.098,20:41:28.781,955.0,823.0,,,exhale,
35.118,20:41:28.801,956.0,823.0,,,exhale,
35.138,20:41:28.821,956.0,824.0,,,exhale,
35.158,20:41:28.841,955.0,824.0,,,exhale,
35.178,20:41:28.861,948.0,823.0,,,exhale,
35.198,20:41:28.881,957.0,821.0,,,exhale,
35.218,20:41:28.901,956.0,836.0,,,exhale,
35.238,20:41:28.921,955.0,825.0,,,exhale,
35.258,20:41:28.941,953.0,822.0,,,exhale,
35.278,20:41:28.961,949.0,822.0,,,exhale,
35.298,20:41:28.981,953.0,822.0,,,exhale,
35.318,20:41:29.001,955.0,827.0,,,exhale,
35.338,20:41:29.021,951.0,817.0,,,exhale,
35.358,20:41:29.041,952.0,819.0,,,exhale,
35.378,20:41:29.061,951.0,820.0,,,exhale,
35.398,20:41:29.081,959.0,822.0,,,exhale,
35.418,20:41:29.101,955.0,819.0,,,exhale,
35.438,20:41:29.121,951.0,819.0,,,exhale,
35.458,20:41:29.141,950.0,819.0,,,exhale,
35.478,20:41:29.161,951.0,816.0,,,exhale,
35.498,20:41:29.181,951.0,820.0,,,exhale,
35.518,20:41:29.201,951.0,821.0,,,exhale,
35.538,20:41:29.221,951.0,814.0,,,exhale,
35.570,20:41:29.253,952.0,820.0,,,exhale,
35.580,20:41:29.264,953.0,821.0,,,exhale,
35.597,20:41:29.281,953.0,821.0,,,exhale,
35.617,20:41:29.301,955.0,825.0,,,exhale,
35.637,20:41:29.321,955.0,826.0,,,exhale,
35.658,20:41:29.341,958.0,824.0,,,exhale,
35.677,20:41:29.361,959.0,825.0,,,exhale,
35.698,20:41:29.381,959.0,827.0,,,exhale,
35.718,20:41:29.401,967.0,829.0,,,exhale,
35.738,20:41:29.421,965.0,832.0,,,exhale,
35.758,20:41:29.441,967.0,833.0,,,inhale,inhale_onset
35.778,20:41:29.461,952.0,839.0,,,inhale,
35.798,20:41:29.481,969.0,834.0,,,inhale,
35.818,20:41:29.501,966.0,828.0,,,inhale,
35.838,20:41:29.521,969.0,837.0,,,inhale,
35.858,20:41:29.541,971.0,835.0,,,inhale,
35.878,20:41:29.561,973.0,846.0,,,inhale,
35.898,20:41:29.581,977.0,839.0,,,inhale,
35.918,20:41:29.601,979.0,840.0,,,inhale,
35.938,20:41:29.621,975.0,841.0,,,inhale,
35.958,20:41:29.641,981.0,842.0,,,inhale,
35.978,20:41:29.661,981.0,844.0,,,inhale,
35.998,20:41:29.681,979.0,844.0,,,inhale,
36.018,20:41:29.701,974.0,844.0,,,inhale,
36.038,20:41:29.721,979.0,843.0,,,inhale,
36.058,20:41:29.741,981.0,841.0,,,inhale,
36.078,20:41:29.761,1075.0,844.0,,,inhale,
36.098,20:41:29.781,980.0,836.0,,,inhale,
36.118,20:41:29.801,984.0,844.0,,,inhale,
36.138,20:41:29.821,981.0,848.0,,,inhale,
36.158,20:41:29.841,984.0,843.0,,,inhale,
36.178,20:41:29.861,981.0,846.0,,,inhale,
36.198,20:41:29.881,984.0,846.0,,,inhale,
36.218,20:41:29.901,984.0,844.0,,,inhale,
36.238,20:41:29.921,985.0,844.0,,,inhale,
36.258,20:41:29.941,983.0,846.0,,,inhale,
36.278,20:41:29.961,983.0,846.0,,,inhale,
36.298,20:41:29.981,983.0,844.0,,,inhale,
36.318,20:41:30.001,985.0,845.0,,,inhale,
36.338,20:41:30.021,983.0,846.0,,,inhale,
36.358,20:41:30.041,984.0,847.0,,,inhale,
36.377,20:41:30.061,985.0,854.0,,,inhale,
36.397,20:41:30.081,983.0,846.0,,,inhale,
36.417,20:41:30.101,985.0,845.0,,,inhale,
36.438,20:41:30.121,979.0,847.0,,,inhale,
36.458,20:41:30.141,988.0,846.0,,,inhale,
36.478,20:41:30.161,985.0,847.0,,,inhale,
36.498,20:41:30.181,983.0,847.0,,,inhale,
36.518,20:41:30.201,983.0,846.0,,,inhale,
36.538,20:41:30.221,984.0,847.0,,,inhale,
36.562,20:41:30.245,983.0,845.0,,,inhale,
36.578,20:41:30.261,981.0,845.0,,,inhale,
36.598,20:41:30.281,980.0,832.0,,,inhale,
36.618,20:41:30.301,981.0,843.0,,,inhale,
36.638,20:41:30.321,977.0,843.0,,,inhale,
36.658,20:41:30.341,979.0,842.0,,,inhale,
36.678,20:41:30.361,975.0,843.0,,,inhale,
36.698,20:41:30.381,979.0,842.0,,,inhale,
36.718,20:41:30.401,975.0,841.0,,,inhale,
36.738,20:41:30.421,977.0,839.0,,,inhale,
36.758,20:41:30.441,973.0,838.0,,,inhale,
36.778,20:41:30.461,973.0,837.0,,,inhale,
36.798,20:41:30.481,973.0,838.0,,,inhale,
36.818,20:41:30.501,972.0,837.0,,,inhale,
36.838,20:41:30.521,972.0,833.0,,,inhale,
36.858,20:41:30.541,972.0,837.0,,,inhale,
36.878,20:41:30.561,973.0,836.0,,,inhale,
36.898,20:41:30.581,971.0,834.0,,,inhale,
36.918,20:41:30.601,972.0,837.0,,,inhale,
36.938,20:41:30.621,972.0,837.0,,,inhale,
36.958,20:41:30.641,975.0,836.0,,,inhale,
36.978,20:41:30.661,966.0,832.0,,,exhale,exhale_onset
36.998,20:41:30.681,973.0,834.0,,,exhale,
37.018,20:41:30.701,969.0,836.0,,,exhale,
37.038,20:41:30.721,973.0,836.0,,,exhale,
37.058,20:41:30.741,965.0,836.0,,,exhale,
37.078,20:41:30.761,971.0,835.0,,,exhale,
37.098,20:41:30.781,970.0,833.0,,,exhale,
37.118,20:41:30.801,959.0,835.0,,,exhale,
37.138,20:41:30.821,978.0,836.0,,,exhale,
37.158,20:41:30.841,969.0,829.0,,,exhale,
37.178,20:41:30.861,971.0,835.0,,,exhale,
37.198,20:41:30.881,971.0,835.0,,,exhale,
37.218,20:41:30.901,969.0,835.0,,,exhale,
37.238,20:41:30.921,965.0,833.0,,,exhale,
37.258,20:41:30.941,968.0,833.0,,,exhale,
37.278,20:41:30.961,969.0,833.0,,,exhale,
37.298,20:41:30.981,967.0,832.0,,,exhale,
37.318,20:41:31.001,967.0,829.0,,,exhale,
37.338,20:41:31.021,965.0,833.0,,,exhale,
37.358,20:41:31.041,967.0,832.0,,,exhale,
37.378,20:41:31.061,967.0,828.0,,,exhale,
37.398,20:41:31.081,811.0,832.0,,,exhale,
37.418,20:41:31.101,965.0,831.0,,,exhale,
37.438,20:41:31.121,960.0,827.0,,,exhale,
37.458,20:41:31.141,965.0,827.0,,,exhale,
37.478,20:41:31.161,959.0,829.0,,,exhale,
37.498,20:41:31.181,965.0,829.0,,,exhale,
37.518,20:41:31.201,956.0,826.0,,,exhale,
37.537,20:41:31.221,959.0,827.0,,,exhale,
37.561,20:41:31.244,959.0,823.0,,,exhale,
37.577,20:41:31.261,964.0,829.0,,,exhale,
37.597,20:41:31.281,960.0,830.0,,,exhale,
37.617,20:41:31.301,957.0,823.0,,,exhale,
37.637,20:41:31.321,959.0,824.0,,,exhale,
37.657,20:41:31.341,959.0,826.0,,,exhale,
37.678,20:41:31.361,964.0,823.0,,,exhale,
37.698,20:41:31.381,960.0,826.0,,,exhale,
37.718,20:41:31.401,959.0,825.0,,,exhale,
37.738,20:41:31.421,955.0,830.0,,,exhale,
37.758,20:41:31.441,956.0,822.0,,,exhale,
37.778,20:41:31.461,956.0,827.0,,,exhale,
37.798,20:41:31.481,975.0,825.0,,,exhale,
37.818,20:41:31.501,959.0,822.0,,,exhale,
37.838,20:41:31.521,951.0,824.0,,,exhale,
37.858,20:41:31.541,958.0,824.0,,,exhale,
37.878,20:41:31.561,954.0,823.0,,,exhale,
37.898,20:41:31.581,955.0,824.0,,,exhale,
37.918,20:41:31.601,975.0,823.0,,,exhale,
37.938,20:41:31.621,955.0,822.0,,,exhale,
37.958,20:41:31.641,955.0,822.0,,,exhale,
37.978,20:41:31.661,953.0,822.0,,,exhale,
37.998,20:41:31.681,952.0,820.0,,,exhale,
38.018,20:41:31.701,949.0,820.0,,,exhale,
38.038,20:41:31.721,949.0,821.0,,,exhale,
38.058,20:41:31.741,1001.0,818.0,,,exhale,
38.078,20:41:31.761,967.0,818.0,,,exhale,
38.098,20:41:31.781,916.0,821.0,,,exhale,
38.118,20:41:31.801,949.0,818.0,,,exhale,
38.138,20:41:31.821,951.0,817.0,,,exhale,
38.158,20:41:31.841,951.0,816.0,,,exhale,
38.178,20:41:31.861,951.0,816.0,,,exhale,
38.198,20:41:31.881,949.0,816.0,,,exhale,
38.218,20:41:31.901,947.0,816.0,,,exhale,
38.238,20:41:31.921,948.0,817.0,,,exhale,
38.258,20:41:31.941,948.0,816.0,,,exhale,
38.278,20:41:31.961,947.0,816.0,,,exhale,
38.298,20:41:31.981,957.0,813.0,,,exhale,
38.318,20:41:32.001,953.0,813.0,,,exhale,
38.338,20:41:32.021,947.0,818.0,,,exhale,
38.358,20:41:32.041,949.0,816.0,,,exhale,
38.378,20:41:32.061,950.0,816.0,,,exhale,
38.398,20:41:32.081,951.0,819.0,,,exhale,
38.418,20:41:32.101,952.0,820.0,,,exhale,
38.438,20:41:32.121,943.0,820.0,,,exhale,
38.458,20:41:32.141,1030.0,821.0,,,exhale,
38.478,20:41:32.161,954.0,822.0,,,exhale,
38.498,20:41:32.181,954.0,823.0,,,exhale,
38.518,20:41:32.201,957.0,824.0,,,exhale,
38.538,20:41:32.221,957.0,826.0,,,exhale,
38.561,20:41:32.245,957.0,829.0,,,exhale,
38.578,20:41:32.261,960.0,827.0,,,inhale,inhale_onset
38.598,20:41:32.281,967.0,826.0,,,inhale,
38.618,20:41:32.301,966.0,829.0,,,inhale,
38.638,20:41:32.321,969.0,832.0,,,inhale,
38.657,20:41:32.341,965.0,830.0,,,inhale,
38.678,20:41:32.361,968.0,835.0,,,inhale,
38.698,20:41:32.381,969.0,834.0,,,inhale,
38.718,20:41:32.401,969.0,834.0,,,inhale,
38.738,20:41:32.421,966.0,841.0,,,inhale,
38.758,20:41:32.441,967.0,834.0,,,inhale,
38.778,20:41:32.461,969.0,835.0,,,inhale,
38.798,20:41:32.481,971.0,835.0,,,inhale,
38.818,20:41:32.501,972.0,834.0,,,inhale,
38.838,20:41:32.521,970.0,835.0,,,inhale,
38.858,20:41:32.541,971.0,833.0,,,inhale,
38.878,20:41:32.561,973.0,838.0,,,inhale,
38.898,20:41:32.581,974.0,840.0,,,inhale,
38.918,20:41:32.601,975.0,840.0,,,inhale,
38.941,20:41:32.624,972.0,839.0,,,inhale,
38.957,20:41:32.641,979.0,842.0,,,inhale,
38.977,20:41:32.661,975.0,842.0,,,inhale,
38.997,20:41:32.681,979.0,840.0,,,inhale,
39.017,20:41:32.701,981.0,844.0,,,inhale,
39.037,20:41:32.721,979.0,842.0,,,inhale,
39.057,20:41:32.741,981.0,843.0,,,inhale,
39.078,20:41:32.761,972.0,838.0,,,inhale,
39.098,20:41:32.781,980.0,846.0,,,inhale,
39.118,20:41:32.801,982.0,844.0,,,inhale,
39.138,20:41:32.821,977.0,844.0,,,inhale,
39.158,20:41:32.841,981.0,844.0,,,inhale,
39.178,20:41:32.861,985.0,846.0,,,inhale,
39.198,20:41:32.881,981.0,845.0,,,inhale,
39.218,20:41:32.901,980.0,846.0,,,inhale,
39.238,20:41:32.921,983.0,845.0,,,inhale,
39.258,20:41:32.941,979.0,843.0,,,inhale,
39.278,20:41:32.961,984.0,843.0,,,inhale,
39.298,20:41:32.981,980.0,844.0,,,inhale,
39.318,20:41:33.001,981.0,845.0,,,inhale,
39.338,20:41:33.021,979.0,841.0,,,inhale,
39.358,20:41:33.041,975.0,845.0,,,inhale,
39.378,20:41:33.061,969.0,844.0,,,inhale,
39.398,20:41:33.081,977.0,843.0,,,inhale,
39.418,20:41:33.101,979.0,842.0,,,inhale,
39.438,20:41:33.121,980.0,843.0,,,inhale,
39.458,20:41:33.141,979.0,843.0,,,inhale,
39.478,20:41:33.161,975.0,841.0,,,inhale,
39.498,20:41:33.181,975.0,844.0,,,inhale,
39.517,20:41:33.201,979.0,840.0,,,inhale,
39.538,20:41:33.221,977.0,856.0,,,inhale,
39.562,20:41:33.245,974.0,839.0,,,inhale,
39.578,20:41:33.261,975.0,839.0,,,inhale,
39.598,20:41:33.281,974.0,837.0,,,inhale,
39.618,20:41:33.301,979.0,840.0,,,inhale,
39.638,20:41:33.321,975.0,840.0,,,inhale,
39.658,20:41:33.341,973.0,837.0,,,inhale,
39.678,20:41:33.361,973.0,836.0,,,inhale,
39.698,20:41:33.381,970.0,836.0,,,inhale,
39.718,20:41:33.401,971.0,836.0,,,inhale,
39.738,20:41:33.421,1115.0,834.0,,,inhale,
39.758,20:41:33.441,971.0,833.0,,,inhale,
39.778,20:41:33.461,969.0,835.0,,,inhale,
39.798,20:41:33.481,972.0,834.0,,,exhale,exhale_onset
39.818,20:41:33.501,967.0,825.0,,,exhale,
39.838,20:41:33.521,969.0,833.0,,,exhale,
39.858,20:41:33.541,973.0,834.0,,,exhale,
39.878,20:41:33.561,968.0,831.0,,,exhale,
39.898,20:41:33.581,969.0,833.0,,,exhale,
39.917,20:41:33.601,965.0,843.0,,,exhale,
39.938,20:41:33.621,969.0,842.0,,,exhale,
39.958,20:41:33.641,967.0,833.0,,,exhale,
39.978,20:41:33.661,967.0,834.0,,,exhale,
39.998,20:41:33.681,967.0,833.0,,,exhale,
40.018,20:41:33.701,967.0,832.0,,,exhale,
40.038,20:41:33.721,967.0,831.0,,,exhale,
40.058,20:41:33.741,967.0,834.0,,,exhale,
40.078,20:41:33.761,969.0,832.0,,,exhale,
40.098,20:41:33.781,959.0,831.0,,,exhale,
40.118,20:41:33.801,966.0,831.0,,,exhale,
40.138,20:41:33.821,959.0,831.0,,,exhale,
40.158,20:41:33.841,965.0,831.0,,,exhale,
40.178,20:41:33.861,965.0,831.0,,,exhale,
40.198,20:41:33.881,953.0,831.0,,,exhale,
40.218,20:41:33.901,966.0,830.0,,,exhale,
40.238,20:41:33.921,959.0,831.0,,,exhale,
40.258,20:41:33.941,963.0,829.0,,,exhale,
40.278,20:41:33.961,975.0,829.0,,,exhale,
40.298,20:41:33.981,965.0,827.0,,,exhale,
40.318,20:41:34.001,964.0,829.0,,,exhale,
40.338,20:41:34.021,959.0,828.0,,,exhale,
40.358,20:41:34.041,959.0,827.0,,,exhale,
40.377,20:41:34.061,956.0,824.0,,,exhale,
40.397,20:41:34.081,963.0,826.0,,,exhale,
40.418,20:41:34.101,958.0,826.0,,,exhale,
40.438,20:41:34.121,959.0,825.0,,,exhale,
40.458,20:41:34.141,959.0,827.0,,,exhale,
40.478,20:41:34.161,957.0,825.0,,,exhale,
40.498,20:41:34.181,957.0,826.0,,,exhale,
40.518,20:41:34.201,959.0,825.0,,,exhale,
40.538,20:41:34.221,960.0,824.0,,,exhale,
40.562,20:41:34.245,957.0,827.0,,,exhale,
40.578,20:41:34.261,957.0,827.0,,,exhale,
40.598,20:41:34.281,957.0,824.0,,,exhale,
40.617,20:41:34.301,957.0,824.0,,,exhale,
40.638,20:41:34.321,956.0,825.0,,,exhale,
40.657,20:41:34.341,957.0,826.0,,,exhale,
40.678,20:41:34.361,957.0,823.0,,,exhale,
40.698,20:41:34.381,957.0,824.0,,,exhale,
40.717,20:41:34.401,955.0,823.0,,,exhale,
40.738,20:41:34.421,973.0,825.0,,,exhale,
40.757,20:41:34.441,953.0,823.0,,,exhale,
40.778,20:41:34.461,955.0,824.0,,,exhale,
40.798,20:41:34.481,953.0,822.0,,,exhale,
40.818,20:41:34.501,955.0,822.0,,,exhale,
40.838,20:41:34.521,952.0,816.0,,,exhale,
40.858,20:41:34.541,953.0,822.0,,,exhale,
40.878,20:41:34.561,955.0,817.0,,,exhale,
40.898,20:41:34.581,955.0,821.0,,,exhale,
40.917,20:41:34.601,953.0,822.0,,,exhale,
40.938,20:41:34.621,953.0,822.0,,,exhale,
40.958,20:41:34.641,954.0,821.0,,,exhale,
40.978,20:41:34.661,953.0,818.0,,,exhale,
40.998,20:41:34.681,951.0,820.0,,,exhale,
41.018,20:41:34.701,951.0,818.0,,,exhale,
41.038,20:41:34.721,951.0,815.0,,,exhale,
41.058,20:41:34.741,985.0,817.0,,,exhale,
41.078,20:41:34.761,951.0,818.0,,,exhale,
41.098,20:41:34.781,941.0,817.0,,,exhale,
41.118,20:41:34.801,915.0,817.0,,,exhale,
41.138,20:41:34.821,948.0,813.0,,,exhale,
41.157,20:41:34.841,949.0,813.0,,,exhale,
41.178,20:41:34.861,949.0,817.0,,,exhale,
41.198,20:41:34.881,949.0,815.0,,,exhale,
41.218,20:41:34.901,947.0,818.0,,,exhale,
41.238,20:41:34.921,949.0,817.0,,,exhale,
41.258,20:41:34.941,948.0,814.0,,,exhale,
41.278,20:41:34.961,944.0,811.0,,,exhale,
41.298,20:41:34.981,947.0,814.0,,,exhale,
41.318,20:41:35.001,947.0,814.0,,,exhale,
41.338,20:41:35.021,949.0,816.0,,,exhale,
41.357,20:41:35.041,948.0,814.0,,,exhale,
41.378,20:41:35.061,947.0,813.0,,,exhale,
41.398,20:41:35.081,943.0,814.0,,,exhale,
41.418,20:41:35.101,942.0,812.0,,,exhale,
41.438,20:41:35.121,948.0,820.0,,,exhale,
41.458,20:41:35.141,943.0,813.0,,,exhale,
41.478,20:41:35.161,939.0,818.0,,,exhale,
41.498,20:41:35.181,943.0,813.0,,,exhale,
41.518,20:41:35.201,943.0,820.0,,,exhale,
41.538,20:41:35.221,941.0,810.0,,,exhale,
41.561,20:41:35.244,943.0,813.0,,,exhale,
41.578,20:41:35.261,942.0,813.0,,,exhale,
41.598,20:41:35.281,941.0,809.0,,,exhale,
41.618,20:41:35.301,942.0,816.0,,,exhale,
41.638,20:41:35.321,941.0,810.0,,,exhale,
41.657,20:41:35.341,941.0,807.0,,,exhale,
41.678,20:41:35.361,941.0,810.0,,,exhale,
41.698,20:41:35.381,940.0,815.0,,,exhale,
41.718,20:41:35.401,934.0,812.0,,,exhale,
41.738,20:41:35.421,941.0,812.0,,,exhale,
41.758,20:41:35.441,946.0,813.0,,,exhale,
41.778,20:41:35.461,942.0,812.0,,,exhale,
41.798,20:41:35.481,943.0,808.0,,,exhale,
41.818,20:41:35.501,951.0,815.0,,,exhale,
41.837,20:41:35.521,951.0,816.0,,,exhale,
41.858,20:41:35.541,936.0,811.0,,,exhale,
41.878,20:41:35.561,949.0,814.0,,,exhale,
41.898,20:41:35.581,951.0,817.0,,,exhale,
41.918,20:41:35.601,951.0,820.0,,,exhale,
41.938,20:41:35.621,953.0,822.0,,,inhale,inhale_onset
41.957,20:41:35.641,955.0,822.0,,,inhale,
41.978,20:41:35.661,959.0,831.0,,,inhale,
41.998,20:41:35.681,957.0,825.0,,,inhale,
42.017,20:41:35.701,959.0,826.0,,,inhale,
42.038,20:41:35.721,969.0,827.0,,,inhale,
42.058,20:41:35.741,959.0,830.0,,,inhale,
42.078,20:41:35.761,965.0,832.0,,,inhale,
42.098,20:41:35.781,966.0,833.0,,,inhale,
42.118,20:41:35.801,967.0,833.0,,,inhale,
42.138,20:41:35.821,965.0,834.0,,,inhale,
42.157,20:41:35.841,969.0,847.0,,,inhale,
42.178,20:41:35.861,971.0,835.0,,,inhale,
42.198,20:41:35.881,973.0,839.0,,,inhale,
42.218,20:41:35.901,975.0,844.0,,,inhale,
42.238,20:41:35.921,975.0,839.0,,,inhale,
42.258,20:41:35.941,975.0,841.0,,,inhale,
42.278,20:41:35.961,982.0,841.0,,,inhale,
42.298,20:41:35.981,978.0,841.0,,,inhale,
42.317,20:41:36.001,979.0,846.0,,,inhale,
42.339,20:41:36.022,989.0,838.0,,,inhale,
42.357,20:41:36.041,985.0,846.0,,,inhale,
42.377,20:41:36.060,981.0,845.0,,,inhale,
42.397,20:41:36.080,987.0,845.0,,,inhale,
42.417,20:41:36.100,982.0,846.0,,,inhale,
42.437,20:41:36.120,985.0,847.0,,,inhale,
42.458,20:41:36.141,985.0,844.0,,,inhale,
42.477,20:41:36.161,988.0,848.0,,,inhale,
42.498,20:41:36.181,987.0,846.0,,,inhale,
42.517,20:41:36.201,989.0,852.0,,,inhale,
42.537,20:41:36.220,990.0,851.0,,,inhale,
42.561,20:41:36.244,989.0,848.0,,,inhale,
42.577,20:41:36.260,987.0,856.0,,,inhale,
42.597,20:41:36.280,988.0,847.0,,,inhale,
42.617,20:41:36.300,986.0,848.0,,,inhale,
42.637,20:41:36.320,985.0,846.0,,,inhale,
42.657,20:41:36.340,985.0,846.0,,,inhale,
42.677,20:41:36.361,984.0,846.0,,,inhale,
42.697,20:41:36.381,985.0,845.0,,,inhale,
42.717,20:41:36.401,985.0,851.0,,,inhale,
42.738,20:41:36.421,983.0,847.0,,,inhale,
42.757,20:41:36.441,983.0,846.0,,,inhale,
42.778,20:41:36.461,981.0,849.0,,,inhale,
42.797,20:41:36.481,979.0,843.0,,,inhale,
42.817,20:41:36.501,981.0,846.0,,,inhale,
42.838,20:41:36.521,981.0,842.0,,,inhale,
42.858,20:41:36.541,978.0,844.0,,,inhale,
42.877,20:41:36.561,975.0,842.0,,,inhale,
42.897,20:41:36.581,979.0,840.0,,,inhale,
42.918,20:41:36.601,979.0,841.0,,,inhale,
42.938,20:41:36.621,975.0,843.0,,,inhale,
42.957,20:41:36.641,977.0,840.0,,,inhale,
42.978,20:41:36.661,957.0,836.0,,,inhale,
42.997,20:41:36.681,979.0,843.0,,,inhale,
43.018,20:41:36.701,974.0,841.0,,,inhale,
43.038,20:41:36.721,972.0,847.0,,,inhale,
43.058,20:41:36.741,973.0,838.0,,,inhale,
43.077,20:41:36.761,973.0,839.0,,,inhale,
43.097,20:41:36.781,974.0,841.0,,,inhale,
43.117,20:41:36.801,973.0,839.0,,,inhale,
43.138,20:41:36.821,973.0,835.0,,,inhale,
43.158,20:41:36.841,971.0,840.0,,,exhale,exhale_onset
43.177,20:41:36.861,973.0,838.0,,,exhale,
43.197,20:41:36.881,972.0,838.0,,,exhale,
43.218,20:41:36.901,973.0,838.0,,,exhale,
43.237,20:41:36.921,971.0,837.0,,,exhale,
43.258,20:41:36.941,971.0,835.0,,,exhale,
43.278,20:41:36.961,970.0,836.0,,,exhale,
43.298,20:41:36.981,971.0,836.0,,,exhale,
43.318,20:41:37.001,971.0,836.0,,,exhale,
43.337,20:41:37.021,977.0,837.0,,,exhale,
43.357,20:41:37.041,971.0,836.0,,,exhale,
43.378,20:41:37.061,968.0,837.0,,,exhale,
43.398,20:41:37.081,971.0,836.0,,,exhale,
43.417,20:41:37.101,969.0,835.0,,,exhale,
43.438,20:41:37.121,969.0,835.0,,,exhale,
43.458,20:41:37.141,972.0,837.0,,,exhale,
43.478,20:41:37.161,970.0,841.0,,,exhale,
43.498,20:41:37.181,969.0,835.0,,,exhale,
43.518,20:41:37.201,969.0,835.0,,,exhale,
43.538,20:41:37.221,969.0,835.0,,,exhale,
43.561,20:41:37.244,975.0,834.0,,,exhale,
43.577,20:41:37.261,968.0,834.0,,,exhale,
43.598,20:41:37.281,969.0,833.0,,,exhale,
43.617,20:41:37.301,970.0,834.0,,,exhale,
43.637,20:41:37.321,967.0,831.0,,,exhale,
43.657,20:41:37.341,967.0,833.0,,,exhale,
43.678,20:41:37.361,965.0,829.0,,,exhale,
43.697,20:41:37.381,965.0,835.0,,,exhale,
43.718,20:41:37.401,967.0,833.0,,,exhale,
43.738,20:41:37.421,967.0,833.0,,,exhale,
43.757,20:41:37.441,969.0,832.0,,,exhale,
43.778,20:41:37.461,965.0,826.0,,,exhale,
43.798,20:41:37.481,965.0,829.0,,,exhale,
43.818,20:41:37.501,965.0,829.0,,,exhale,
43.837,20:41:37.521,959.0,827.0,,,exhale,
43.858,20:41:37.541,965.0,828.0,,,exhale,
43.878,20:41:37.561,959.0,827.0,,,exhale,
43.897,20:41:37.581,959.0,829.0,,,exhale,
43.917,20:41:37.601,959.0,829.0,,,exhale,
43.937,20:41:37.621,959.0,826.0,,,exhale,
43.957,20:41:37.641,965.0,826.0,,,exhale,
43.977,20:41:37.661,965.0,826.0,,,exhale,
43.997,20:41:37.681,957.0,824.0,,,exhale,
44.018,20:41:37.701,957.0,826.0,,,exhale,
44.037,20:41:37.721,957.0,824.0,,,exhale,
44.058,20:41:37.741,951.0,824.0,,,exhale,
44.077,20:41:37.761,957.0,821.0,,,exhale,
44.097,20:41:37.781,957.0,823.0,,,exhale,
44.118,20:41:37.801,1077.0,822.0,,,exhale,
44.138,20:41:37.821,953.0,822.0,,,exhale,
44.157,20:41:37.840,955.0,823.0,,,exhale,
44.177,20:41:37.861,955.0,822.0,,,exhale,
44.197,20:41:37.881,956.0,821.0,,,exhale,
44.218,20:41:37.901,955.0,821.0,,,exhale,
44.237,20:41:37.921,952.0,820.0,,,exhale,
44.258,20:41:37.941,951.0,819.0,,,exhale,
44.277,20:41:37.961,953.0,824.0,,,exhale,
44.297,20:41:37.981,953.0,820.0,,,exhale,
44.318,20:41:38.001,953.0,821.0,,,exhale,
44.338,20:41:38.021,949.0,819.0,,,exhale,
44.357,20:41:38.041,953.0,821.0,,,exhale,
44.378,20:41:38.061,952.0,820.0,,,exhale,
44.397,20:41:38.081,967.0,821.0,,,exhale,
44.418,20:41:38.101,951.0,821.0,,,exhale,
44.437,20:41:38.121,953.0,822.0,,,exhale,
44.457,20:41:38.141,953.0,827.0,,,exhale,
44.477,20:41:38.160,955.0,828.0,,,exhale,
44.497,20:41:38.180,955.0,820.0,,,exhale,
44.517,20:41:38.201,953.0,820.0,,,exhale,
44.537,20:41:38.221,951.0,818.0,,,exhale,
44.562,20:41:38.245,949.0,816.0,,,exhale,
44.577,20:41:38.261,955.0,820.0,,,exhale,
44.598,20:41:38.281,951.0,819.0,,,exhale,
44.618,20:41:38.301,951.0,819.0,,,exhale,
44.637,20:41:38.321,951.0,823.0,,,exhale,
44.657,20:41:38.341,954.0,819.0,,,exhale,
44.677,20:41:38.361,949.0,818.0,,,exhale,
44.697,20:41:38.381,950.0,822.0,,,exhale,
44.718,20:41:38.401,952.0,817.0,,,exhale,
44.738,20:41:38.421,948.0,822.0,,,exhale,
44.757,20:41:38.440,947.0,815.0,,,exhale,
44.777,20:41:38.461,972.0,813.0,,,exhale,
44.797,20:41:38.481,949.0,817.0,,,exhale,
44.817,20:41:38.501,939.0,811.0,,,exhale,
44.837,20:41:38.521,947.0,811.0,,,exhale,
44.858,20:41:38.541,947.0,815.0,,,exhale,
44.877,20:41:38.561,887.0,814.0,,,exhale,
44.897,20:41:38.581,947.0,814.0,,,exhale,
44.917,20:41:38.601,949.0,813.0,,,exhale,
44.938,20:41:38.621,948.0,815.0,,,exhale,
44.957,20:41:38.641,949.0,817.0,,,exhale,
44.978,20:41:38.661,951.0,819.0,,,exhale,
44.998,20:41:38.681,952.0,814.0,,,exhale,
45.017,20:41:38.701,953.0,814.0,,,exhale,
45.038,20:41:38.721,955.0,822.0,,,exhale,
45.058,20:41:38.741,955.0,829.0,,,exhale,
45.077,20:41:38.761,955.0,823.0,,,exhale,
45.097,20:41:38.780,957.0,825.0,,,exhale,
45.117,20:41:38.801,959.0,825.0,,,exhale,
45.137,20:41:38.821,959.0,827.0,,,inhale,inhale_onset
45.157,20:41:38.840,959.0,829.0,,,inhale,
45.177,20:41:38.860,968.0,829.0,,,inhale,
45.197,20:41:38.881,968.0,833.0,,,inhale,
45.217,20:41:38.901,967.0,833.0,,,inhale,
45.237,20:41:38.921,965.0,835.0,,,inhale,
45.258,20:41:38.941,970.0,839.0,,,inhale,
45.277,20:41:38.961,968.0,833.0,,,inhale,
45.297,20:41:38.981,969.0,837.0,,,inhale,
45.317,20:41:39.001,967.0,835.0,,,inhale,
45.338,20:41:39.021,971.0,834.0,,,inhale,
45.357,20:41:39.041,971.0,837.0,,,inhale,
45.378,20:41:39.061,971.0,838.0,,,inhale,
45.398,20:41:39.081,973.0,836.0,,,inhale,
45.417,20:41:39.101,971.0,837.0,,,inhale,
45.437,20:41:39.121,973.0,839.0,,,inhale,
45.457,20:41:39.141,975.0,840.0,,,inhale,
45.478,20:41:39.161,974.0,839.0,,,inhale,
45.498,20:41:39.181,973.0,833.0,,,inhale,
45.518,20:41:39.201,977.0,839.0,,,inhale,
45.538,20:41:39.221,975.0,848.0,,,inhale,
45.561,20:41:39.244,959.0,839.0,,,inhale,
45.578,20:41:39.261,977.0,847.0,,,inhale,
45.598,20:41:39.281,977.0,841.0,,,inhale,
45.617,20:41:39.301,983.0,840.0,,,inhale,
45.637,20:41:39.321,977.0,849.0,,,inhale,
45.657,20:41:39.341,979.0,843.0,,,inhale,
45.685,20:41:39.369,981.0,834.0,,,inhale,
45.703,20:41:39.386,979.0,837.0,,,inhale,
45.717,20:41:39.400,980.0,843.0,,,inhale,
45.737,20:41:39.420,979.0,844.0,,,inhale,
45.757,20:41:39.440,981.0,843.0,,,inhale,
45.777,20:41:39.460,979.0,843.0,,,inhale,
45.797,20:41:39.480,983.0,845.0,,,inhale,
45.817,20:41:39.500,975.0,844.0,,,inhale,
45.837,20:41:39.521,981.0,846.0,,,inhale,
45.857,20:41:39.541,935.0,845.0,,,inhale,
45.877,20:41:39.561,981.0,843.0,,,inhale,
45.897,20:41:39.581,983.0,836.0,,,inhale,
45.918,20:41:39.601,982.0,846.0,,,inhale,
45.937,20:41:39.621,977.0,845.0,,,inhale,
45.957,20:41:39.641,984.0,838.0,,,inhale,
45.977,20:41:39.661,983.0,848.0,,,inhale,
45.998,20:41:39.681,983.0,845.0,,,inhale,
46.017,20:41:39.701,985.0,844.0,,,inhale,
46.038,20:41:39.721,979.0,844.0,,,inhale,
46.057,20:41:39.741,980.0,844.0,,,inhale,
46.077,20:41:39.761,978.0,848.0,,,inhale,
46.098,20:41:39.781,979.0,842.0,,,inhale,
46.117,20:41:39.801,977.0,840.0,,,inhale,
46.138,20:41:39.821,965.0,840.0,,,inhale,
46.158,20:41:39.841,973.0,838.0,,,inhale,
46.177,20:41:39.861,972.0,837.0,,,inhale,
46.197,20:41:39.881,971.0,836.0,,,inhale,
46.217,20:41:39.901,971.0,836.0,,,inhale,
46.238,20:41:39.921,979.0,835.0,,,inhale,
46.257,20:41:39.941,969.0,835.0,,,inhale,
46.278,20:41:39.961,971.0,851.0,,,inhale,
46.297,20:41:39.981,969.0,834.0,,,inhale,
46.317,20:41:40.001,971.0,839.0,,,inhale,
46.338,20:41:40.021,967.0,836.0,,,exhale,exhale_onset
46.357,20:41:40.041,970.0,840.0,,,exhale,
46.377,20:41:40.061,967.0,835.0,,,exhale,
46.397,20:41:40.081,971.0,836.0,,,exhale,
46.417,20:41:40.100,967.0,834.0,,,exhale,
46.438,20:41:40.121,968.0,834.0,,,exhale,
46.457,20:41:40.141,965.0,833.0,,,exhale,
46.477,20:41:40.161,967.0,836.0,,,exhale,
46.498,20:41:40.181,967.0,833.0,,,exhale,
46.517,20:41:40.201,966.0,832.0,,,exhale,
46.538,20:41:40.221,965.0,833.0,,,exhale,
46.562,20:41:40.245,968.0,832.0,,,exhale,
46.577,20:41:40.261,905.0,832.0,,,exhale,
46.598,20:41:40.281,793.0,830.0,,,exhale,
46.618,20:41:40.301,964.0,830.0,,,exhale,
46.638,20:41:40.321,967.0,832.0,,,exhale,
46.657,20:41:40.341,965.0,826.0,,,exhale,
46.677,20:41:40.361,966.0,829.0,,,exhale,
46.697,20:41:40.381,965.0,829.0,,,exhale,
46.718,20:41:40.401,933.0,835.0,,,exhale,
46.737,20:41:40.420,967.0,825.0,,,exhale,
46.758,20:41:40.441,969.0,827.0,,,exhale,
46.777,20:41:40.461,964.0,837.0,,,exhale,
46.797,20:41:40.481,959.0,826.0,,,exhale,
46.817,20:41:40.501,959.0,827.0,,,exhale,
46.838,20:41:40.521,957.0,825.0,,,exhale,
46.858,20:41:40.541,959.0,825.0,,,exhale,
46.877,20:41:40.561,957.0,825.0,,,exhale,
46.898,20:41:40.581,957.0,821.0,,,exhale,
46.917,20:41:40.601,957.0,825.0,,,exhale,
46.938,20:41:40.621,957.0,816.0,,,exhale,
46.957,20:41:40.641,957.0,826.0,,,exhale,
46.977,20:41:40.661,951.0,827.0,,,exhale,
46.998,20:41:40.681,957.0,825.0,,,exhale,
47.017,20:41:40.700,957.0,826.0,,,exhale,
47.037,20:41:40.721,957.0,825.0,,,exhale,
47.058,20:41:40.741,956.0,826.0,,,exhale,
47.077,20:41:40.761,955.0,829.0,,,exhale,
47.098,20:41:40.781,955.0,823.0,,,exhale,
47.117,20:41:40.801,957.0,822.0,,,exhale,
47.137,20:41:40.821,957.0,824.0,,,exhale,
47.158,20:41:40.841,955.0,824.0,,,exhale,
47.177,20:41:40.861,956.0,829.0,,,exhale,
47.197,20:41:40.881,955.0,820.0,,,exhale,
47.217,20:41:40.901,953.0,823.0,,,exhale,
47.238,20:41:40.921,956.0,824.0,,,exhale,
47.257,20:41:40.941,955.0,818.0,,,exhale,
47.277,20:41:40.960,956.0,823.0,,,exhale,
47.297,20:41:40.981,953.0,822.0,,,exhale,
47.317,20:41:41.001,953.0,818.0,,,exhale,
47.338,20:41:41.021,955.0,821.0,,,exhale,
47.358,20:41:41.041,942.0,819.0,,,exhale,
47.377,20:41:41.061,951.0,819.0,,,exhale,
47.397,20:41:41.081,949.0,819.0,,,exhale,
47.417,20:41:41.101,949.0,816.0,,,exhale,
47.438,20:41:41.121,951.0,821.0,,,exhale,
47.457,20:41:41.141,949.0,817.0,,,exhale,
47.477,20:41:41.161,951.0,816.0,,,exhale,
47.497,20:41:41.181,951.0,815.0,,,exhale,
47.517,20:41:41.200,948.0,817.0,,,exhale,
47.537,20:41:41.220,948.0,816.0,,,exhale,
47.561,20:41:41.244,951.0,816.0,,,exhale,
47.577,20:41:41.260,949.0,817.0,,,exhale,
47.597,20:41:41.280,949.0,815.0,,,exhale,
47.617,20:41:41.300,947.0,816.0,,,exhale,
47.637,20:41:41.320,951.0,816.0,,,exhale,
47.657,20:41:41.340,949.0,816.0,,,exhale,
47.677,20:41:41.360,951.0,819.0,,,exhale,
47.697,20:41:41.380,951.0,820.0,,,exhale,
47.717,20:41:41.400,953.0,821.0,,,exhale,
47.737,20:41:41.421,957.0,823.0,,,exhale,
47.757,20:41:41.441,957.0,822.0,,,exhale,
47.777,20:41:41.460,958.0,828.0,,,exhale,
47.797,20:41:41.481,959.0,825.0,,,exhale,
47.817,20:41:41.501,959.0,827.0,,,exhale,
47.837,20:41:41.521,965.0,829.0,,,exhale,
47.857,20:41:41.541,966.0,828.0,,,inhale,inhale_onset
47.877,20:41:41.561,969.0,830.0,,,inhale,
47.897,20:41:41.580,967.0,833.0,,,inhale,
47.917,20:41:41.601,968.0,833.0,,,inhale,
47.937,20:41:41.621,969.0,826.0,,,inhale,
47.957,20:41:41.641,971.0,834.0,,,inhale,
47.977,20:41:41.660,975.0,836.0,,,inhale,
47.997,20:41:41.681,939.0,838.0,,,inhale,
48.017,20:41:41.701,979.0,841.0,,,inhale,
48.037,20:41:41.721,979.0,843.0,,,inhale,
48.057,20:41:41.741,981.0,843.0,,,inhale,
48.077,20:41:41.761,986.0,846.0,,,inhale,
48.097,20:41:41.781,984.0,844.0,,,inhale,
48.117,20:41:41.801,984.0,846.0,,,inhale,
48.138,20:41:41.821,985.0,847.0,,,inhale,
48.157,20:41:41.841,985.0,848.0,,,inhale,
48.177,20:41:41.861,987.0,846.0,,,inhale,
48.197,20:41:41.881,990.0,852.0,,,inhale,
48.217,20:41:41.900,991.0,856.0,,,inhale,
48.237,20:41:41.921,997.0,853.0,,,inhale,
48.257,20:41:41.941,994.0,855.0,,,inhale,
48.277,20:41:41.961,996.0,855.0,,,inhale,
48.297,20:41:41.981,995.0,858.0,,,inhale,
48.317,20:41:42.000,998.0,859.0,,,inhale,
48.337,20:41:42.020,997.0,860.0,,,inhale,
48.357,20:41:42.041,995.0,858.0,,,inhale,
48.377,20:41:42.061,995.0,848.0,,,inhale,
48.397,20:41:42.081,997.0,858.0,,,inhale,
48.417,20:41:42.100,997.0,858.0,,,inhale,
48.437,20:41:42.121,999.0,857.0,,,inhale,
48.457,20:41:42.141,994.0,859.0,,,inhale,
48.477,20:41:42.161,999.0,858.0,,,inhale,
48.497,20:41:42.180,999.0,858.0,,,inhale,
48.517,20:41:42.200,997.0,859.0,,,inhale,
48.537,20:41:42.221,995.0,858.0,,,inhale,
48.562,20:41:42.245,997.0,858.0,,,inhale,
48.577,20:41:42.261,995.0,859.0,,,inhale,
48.597,20:41:42.281,995.0,856.0,,,inhale,
48.617,20:41:42.301,991.0,853.0,,,inhale,
48.637,20:41:42.321,995.0,855.0,,,inhale,
48.657,20:41:42.341,989.0,854.0,,,inhale,
48.677,20:41:42.360,991.0,853.0,,,inhale,
48.697,20:41:42.381,991.0,853.0,,,inhale,
48.717,20:41:42.401,989.0,854.0,,,inhale,
48.737,20:41:42.421,990.0,853.0,,,inhale,
48.757,20:41:42.441,987.0,850.0,,,inhale,
48.777,20:41:42.461,991.0,850.0,,,inhale,
48.797,20:41:42.480,991.0,849.0,,,inhale,
48.817,20:41:42.501,983.0,853.0,,,inhale,
48.837,20:41:42.521,985.0,847.0,,,inhale,
48.857,20:41:42.541,989.0,848.0,,,inhale,
48.877,20:41:42.560,987.0,849.0,,,inhale,
48.897,20:41:42.580,987.0,847.0,,,inhale,
48.917,20:41:42.601,985.0,849.0,,,inhale,
48.937,20:41:42.621,985.0,857.0,,,inhale,
48.957,20:41:42.641,984.0,855.0,,,inhale,
48.977,20:41:42.660,986.0,848.0,,,inhale,
48.997,20:41:42.680,986.0,847.0,,,inhale,
49.017,20:41:42.701,997.0,847.0,,,inhale,
49.037,20:41:42.721,985.0,847.0,,,inhale,
49.057,20:41:42.741,985.0,847.0,,,inhale,
49.077,20:41:42.761,985.0,848.0,,,exhale,exhale_onset
49.097,20:41:42.781,986.0,847.0,,,exhale,
49.119,20:41:42.802,985.0,849.0,,,exhale,
49.139,20:41:42.822,985.0,848.0,,,exhale,
49.157,20:41:42.840,985.0,848.0,,,exhale,
49.177,20:41:42.860,985.0,845.0,,,exhale,
49.197,20:41:42.880,985.0,845.0,,,exhale,
49.217,20:41:42.900,985.0,847.0,,,exhale,
49.237,20:41:42.920,983.0,848.0,,,exhale,
49.257,20:41:42.940,983.0,846.0,,,exhale,
49.277,20:41:42.960,983.0,846.0,,,exhale,
49.297,20:41:42.980,981.0,847.0,,,exhale,
49.317,20:41:43.000,981.0,846.0,,,exhale,
49.337,20:41:43.021,981.0,846.0,,,exhale,
49.357,20:41:43.041,981.0,847.0,,,exhale,
49.377,20:41:43.061,981.0,853.0,,,exhale,
49.397,20:41:43.080,981.0,844.0,,,exhale,
49.417,20:41:43.100,964.0,843.0,,,exhale,
49.438,20:41:43.121,981.0,844.0,,,exhale,
49.457,20:41:43.140,980.0,845.0,,,exhale,
49.477,20:41:43.161,981.0,844.0,,,exhale,
49.497,20:41:43.181,981.0,844.0,,,exhale,
49.517,20:41:43.200,979.0,844.0,,,exhale,
49.537,20:41:43.221,979.0,843.0,,,exhale,
49.561,20:41:43.244,979.0,842.0,,,exhale,
49.577,20:41:43.260,975.0,842.0,,,exhale,
49.597,20:41:43.280,978.0,843.0,,,exhale,
49.617,20:41:43.300,979.0,841.0,,,exhale,
49.637,20:41:43.321,975.0,846.0,,,exhale,
49.657,20:41:43.341,974.0,842.0,,,exhale,
49.677,20:41:43.361,971.0,839.0,,,exhale,
49.697,20:41:43.380,960.0,839.0,,,exhale,
49.717,20:41:43.401,973.0,841.0,,,exhale,
49.737,20:41:43.421,974.0,838.0,,,exhale,
49.757,20:41:43.441,978.0,838.0,,,exhale,
49.777,20:41:43.460,877.0,839.0,,,exhale,
49.797,20:41:43.481,971.0,838.0,,,exhale,
49.817,20:41:43.500,969.0,833.0,,,exhale,
49.837,20:41:43.521,971.0,834.0,,,exhale,
49.857,20:41:43.541,971.0,833.0,,,exhale,
49.877,20:41:43.560,966.0,834.0,,,exhale,
49.897,20:41:43.581,969.0,833.0,,,exhale,
49.917,20:41:43.601,960.0,834.0,,,exhale,
49.938,20:41:43.621,969.0,834.0,,,exhale,
49.957,20:41:43.640,967.0,833.0,,,exhale,
49.977,20:41:43.661,969.0,833.0,,,exhale,
49.997,20:41:43.681,967.0,836.0,,,exhale,
50.017,20:41:43.701,965.0,832.0,,,exhale,
50.039,20:41:43.722,967.0,832.0,,,exhale,
50.057,20:41:43.741,965.0,831.0,,,exhale,
50.077,20:41:43.760,965.0,832.0,,,exhale,
50.097,20:41:43.781,966.0,831.0,,,exhale,
50.117,20:41:43.801,967.0,826.0,,,exhale,
50.137,20:41:43.821,958.0,827.0,,,exhale,
50.157,20:41:43.841,959.0,829.0,,,exhale,
50.177,20:41:43.861,959.0,831.0,,,exhale,
50.197,20:41:43.881,952.0,826.0,,,exhale,
50.217,20:41:43.900,955.0,823.0,,,exhale,
50.237,20:41:43.920,957.0,823.0,,,exhale,
50.258,20:41:43.941,955.0,821.0,,,exhale,
50.277,20:41:43.960,954.0,819.0,,,exhale,
50.297,20:41:43.981,957.0,822.0,,,exhale,
50.317,20:41:44.000,953.0,823.0,,,exhale,
50.338,20:41:44.021,953.0,821.0,,,exhale,
50.357,20:41:44.041,953.0,821.0,,,exhale,
50.377,20:41:44.060,955.0,824.0,,,exhale,
50.397,20:41:44.081,955.0,823.0,,,exhale,
50.417,20:41:44.100,957.0,823.0,,,exhale,
50.437,20:41:44.121,957.0,824.0,,,exhale,
50.457,20:41:44.141,955.0,828.0,,,exhale,
50.477,20:41:44.161,986.0,825.0,,,exhale,
50.497,20:41:44.181,957.0,823.0,,,exhale,
50.517,20:41:44.200,958.0,824.0,,,exhale,
50.537,20:41:44.221,957.0,823.0,,,exhale,
50.562,20:41:44.245,955.0,823.0,,,exhale,
50.577,20:41:44.261,955.0,823.0,,,exhale,
50.597,20:41:44.281,956.0,822.0,,,exhale,
50.618,20:41:44.301,1085.0,824.0,,,exhale,
50.637,20:41:44.321,955.0,823.0,,,exhale,
50.657,20:41:44.340,956.0,823.0,,,exhale,
50.677,20:41:44.360,888.0,823.0,,,exhale,
50.697,20:41:44.381,952.0,823.0,,,exhale,
50.717,20:41:44.401,951.0,828.0,,,exhale,
50.737,20:41:44.421,953.0,819.0,,,exhale,
50.758,20:41:44.441,951.0,821.0,,,exhale,
50.777,20:41:44.460,954.0,820.0,,,exhale,
50.797,20:41:44.481,951.0,819.0,,,exhale,
50.817,20:41:44.501,949.0,819.0,,,exhale,
50.837,20:41:44.520,951.0,819.0,,,exhale,
50.857,20:41:44.541,951.0,817.0,,,exhale,
50.877,20:41:44.561,947.0,821.0,,,exhale,
50.897,20:41:44.581,951.0,819.0,,,exhale,
50.917,20:41:44.600,952.0,820.0,,,exhale,
50.937,20:41:44.621,953.0,822.0,,,exhale,
50.958,20:41:44.641,958.0,829.0,,,exhale,
50.977,20:41:44.661,953.0,822.0,,,exhale,
50.997,20:41:44.680,956.0,822.0,,,exhale,
51.017,20:41:44.700,959.0,825.0,,,exhale,
51.038,20:41:44.721,953.0,831.0,,,inhale,inhale_onset
51.057,20:41:44.740,959.0,826.0,,,inhale,
51.077,20:41:44.760,955.0,826.0,,,inhale,
51.097,20:41:44.781,965.0,827.0,,,inhale,
51.117,20:41:44.801,967.0,831.0,,,inhale,
51.137,20:41:44.820,967.0,834.0,,,inhale,
51.157,20:41:44.841,968.0,834.0,,,inhale,
51.177,20:41:44.861,969.0,838.0,,,inhale,
51.197,20:41:44.881,973.0,836.0,,,inhale,
51.217,20:41:44.901,973.0,838.0,,,inhale,
51.237,20:41:44.921,984.0,839.0,,,inhale,
51.257,20:41:44.941,979.0,841.0,,,inhale,
51.277,20:41:44.960,974.0,841.0,,,inhale,
51.297,20:41:44.980,979.0,841.0,,,inhale,
51.317,20:41:45.001,979.0,837.0,,,inhale,
51.337,20:41:45.021,979.0,841.0,,,inhale,
51.357,20:41:45.041,981.0,844.0,,,inhale,
51.377,20:41:45.060,979.0,844.0,,,inhale,
51.397,20:41:45.080,981.0,845.0,,,inhale,
51.417,20:41:45.100,984.0,845.0,,,inhale,
51.437,20:41:45.121,979.0,844.0,,,inhale,
51.457,20:41:45.141,981.0,844.0,,,inhale,
51.477,20:41:45.161,983.0,847.0,,,inhale,
51.497,20:41:45.181,987.0,847.0,,,inhale,
51.517,20:41:45.200,985.0,843.0,,,inhale,
51.537,20:41:45.221,988.0,848.0,,,inhale,
51.561,20:41:45.244,985.0,855.0,,,inhale,
51.577,20:41:45.260,989.0,850.0,,,inhale,
51.597,20:41:45.280,984.0,850.0,,,inhale,
51.617,20:41:45.301,989.0,850.0,,,inhale,
51.637,20:41:45.321,984.0,851.0,,,inhale,
51.657,20:41:45.341,988.0,851.0,,,inhale,
51.677,20:41:45.361,989.0,847.0,,,inhale,
51.697,20:41:45.380,991.0,865.0,,,inhale,
51.717,20:41:45.400,996.0,855.0,,,inhale,
51.737,20:41:45.421,995.0,857.0,,,inhale,
51.757,20:41:45.441,998.0,856.0,,,inhale,
51.777,20:41:45.460,995.0,858.0,,,inhale,
51.798,20:41:45.481,1003.0,858.0,,,inhale,
51.817,20:41:45.501,998.0,860.0,,,inhale,
51.837,20:41:45.521,999.0,860.0,,,inhale,
51.857,20:41:45.541,999.0,859.0,,,inhale,
51.877,20:41:45.561,998.0,859.0,,,inhale,
51.897,20:41:45.580,998.0,857.0,,,inhale,
51.917,20:41:45.601,997.0,860.0,,,inhale,
51.938,20:41:45.621,1001.0,870.0,,,inhale,
51.957,20:41:45.641,996.0,859.0,,,inhale,
51.977,20:41:45.660,999.0,859.0,,,inhale,
51.997,20:41:45.681,1000.0,860.0,,,inhale,
52.017,20:41:45.700,999.0,856.0,,,inhale,
52.037,20:41:45.721,1001.0,850.0,,,inhale,
52.057,20:41:45.740,999.0,862.0,,,inhale,
52.077,20:41:45.761,1000.0,868.0,,,inhale,
52.097,20:41:45.781,1001.0,863.0,,,inhale,
52.117,20:41:45.800,999.0,859.0,,,inhale,
52.137,20:41:45.821,997.0,859.0,,,inhale,
52.158,20:41:45.841,1000.0,859.0,,,inhale,
52.177,20:41:45.860,998.0,856.0,,,inhale,
52.197,20:41:45.880,995.0,856.0,,,inhale,
52.217,20:41:45.901,997.0,857.0,,,inhale,
52.237,20:41:45.920,995.0,856.0,,,inhale,
52.257,20:41:45.941,991.0,859.0,,,inhale,
52.277,20:41:45.960,990.0,854.0,,,inhale,
52.297,20:41:45.981,987.0,851.0,,,inhale,
52.317,20:41:46.000,991.0,845.0,,,inhale,
52.337,20:41:46.020,989.0,853.0,,,exhale,exhale_onset
52.357,20:41:46.040,990.0,851.0,,,exhale,
52.377,20:41:46.060,988.0,851.0,,,exhale,
52.397,20:41:46.080,995.0,849.0,,,exhale,
52.417,20:41:46.100,987.0,850.0,,,exhale,
52.437,20:41:46.121,989.0,849.0,,,exhale,
52.457,20:41:46.141,985.0,850.0,,,exhale,
52.477,20:41:46.160,987.0,847.0,,,exhale,
52.497,20:41:46.180,988.0,847.0,,,exhale,
52.517,20:41:46.200,985.0,848.0,,,exhale,
52.537,20:41:46.220,987.0,848.0,,,exhale,
52.561,20:41:46.244,986.0,848.0,,,exhale,
52.582,20:41:46.266,985.0,850.0,,,exhale,
52.597,20:41:46.280,985.0,837.0,,,exhale,
52.617,20:41:46.300,985.0,845.0,,,exhale,
52.637,20:41:46.320,985.0,855.0,,,exhale,
52.657,20:41:46.340,986.0,847.0,,,exhale,
52.677,20:41:46.360,985.0,844.0,,,exhale,
52.697,20:41:46.380,984.0,847.0,,,exhale,
52.717,20:41:46.400,983.0,845.0,,,exhale,
52.737,20:41:46.420,985.0,846.0,,,exhale,
52.757,20:41:46.440,982.0,846.0,,,exhale,
52.777,20:41:46.460,1113.0,846.0,,,exhale,
52.797,20:41:46.480,984.0,846.0,,,exhale,
52.817,20:41:46.500,983.0,845.0,,,exhale,
52.838,20:41:46.521,970.0,846.0,,,exhale,
52.857,20:41:46.540,982.0,849.0,,,exhale,
52.877,20:41:46.560,981.0,846.0,,,exhale,
52.897,20:41:46.580,982.0,845.0,,,exhale,
52.917,20:41:46.601,985.0,845.0,,,exhale,
52.938,20:41:46.621,973.0,845.0,,,exhale,
52.957,20:41:46.641,979.0,843.0,,,exhale,
52.977,20:41:46.660,979.0,844.0,,,exhale,
52.997,20:41:46.680,981.0,844.0,,,exhale,
53.017,20:41:46.701,981.0,844.0,,,exhale,
53.037,20:41:46.720,979.0,843.0,,,exhale,
53.057,20:41:46.740,988.0,844.0,,,exhale,
53.077,20:41:46.760,981.0,837.0,,,exhale,
53.097,20:41:46.780,979.0,837.0,,,exhale,
53.117,20:41:46.800,979.0,842.0,,,exhale,
53.137,20:41:46.820,980.0,838.0,,,exhale,
53.157,20:41:46.840,979.0,843.0,,,exhale,
53.177,20:41:46.860,979.0,841.0,,,exhale,
53.197,20:41:46.881,973.0,842.0,,,exhale,
53.217,20:41:46.900,975.0,839.0,,,exhale,
53.237,20:41:46.920,973.0,840.0,,,exhale,
53.257,20:41:46.940,978.0,839.0,,,exhale,
53.277,20:41:46.960,973.0,835.0,,,exhale,
53.297,20:41:46.980,971.0,837.0,,,exhale,
53.317,20:41:47.001,975.0,837.0,,,exhale,
53.337,20:41:47.020,973.0,836.0,,,exhale,
53.357,20:41:47.040,973.0,836.0,,,exhale,
53.377,20:41:47.060,965.0,835.0,,,exhale,
53.397,20:41:47.080,973.0,836.0,,,exhale,
53.417,20:41:47.100,973.0,834.0,,,exhale,
53.437,20:41:47.120,968.0,836.0,,,exhale,
53.457,20:41:47.141,969.0,833.0,,,exhale,
53.477,20:41:47.160,974.0,832.0,,,exhale,
53.497,20:41:47.180,973.0,834.0,,,exhale,
53.517,20:41:47.201,1135.0,834.0,,,exhale,
53.537,20:41:47.220,967.0,832.0,,,exhale,
53.561,20:41:47.245,967.0,834.0,,,exhale,
53.577,20:41:47.260,965.0,830.0,,,exhale,
53.597,20:41:47.280,966.0,835.0,,,exhale,
53.617,20:41:47.301,965.0,830.0,,,exhale,
53.637,20:41:47.320,965.0,829.0,,,exhale,
53.657,20:41:47.341,967.0,828.0,,,exhale,
53.677,20:41:47.360,965.0,827.0,,,exhale,
53.697,20:41:47.380,957.0,825.0,,,exhale,
53.717,20:41:47.400,957.0,827.0,,,exhale,
53.738,20:41:47.421,959.0,823.0,,,exhale,
53.757,20:41:47.441,958.0,826.0,,,exhale,
53.777,20:41:47.460,956.0,825.0,,,exhale,
53.797,20:41:47.480,958.0,825.0,,,exhale,
53.817,20:41:47.500,957.0,824.0,,,exhale,
53.837,20:41:47.521,955.0,823.0,,,exhale,
53.857,20:41:47.540,955.0,823.0,,,exhale,
53.877,20:41:47.560,955.0,824.0,,,exhale,
53.897,20:41:47.580,955.0,819.0,,,exhale,
53.917,20:41:47.600,957.0,821.0,,,exhale,
53.937,20:41:47.620,951.0,823.0,,,exhale,
53.957,20:41:47.640,953.0,821.0,,,exhale,
53.977,20:41:47.660,952.0,821.0,,,exhale,
53.997,20:41:47.680,952.0,821.0,,,exhale,
54.017,20:41:47.700,951.0,820.0,,,exhale,
54.038,20:41:47.721,953.0,812.0,,,exhale,
54.057,20:41:47.740,953.0,828.0,,,exhale,
54.077,20:41:47.760,951.0,819.0,,,exhale,
54.097,20:41:47.780,951.0,819.0,,,exhale,
54.117,20:41:47.800,949.0,818.0,,,exhale,
54.137,20:41:47.820,951.0,820.0,,,exhale,
54.157,20:41:47.840,935.0,820.0,,,exhale,
54.177,20:41:47.860,953.0,805.0,,,exhale,
54.197,20:41:47.880,951.0,821.0,,,exhale,
54.217,20:41:47.900,953.0,822.0,,,exhale,
54.237,20:41:47.920,955.0,822.0,,,exhale,
54.257,20:41:47.940,955.0,822.0,,,exhale,
54.277,20:41:47.960,957.0,823.0,,,exhale,
54.297,20:41:47.980,957.0,826.0,,,exhale,
54.317,20:41:48.001,959.0,816.0,,,exhale,
54.337,20:41:48.020,957.0,835.0,,,exhale,
54.357,20:41:48.040,959.0,824.0,,,exhale,
54.377,20:41:48.060,958.0,826.0,,,exhale,
54.397,20:41:48.080,958.0,830.0,,,exhale,
54.417,20:41:48.100,965.0,830.0,,,inhale,inhale_onset
54.437,20:41:48.120,967.0,832.0,,,inhale,
54.457,20:41:48.140,967.0,832.0,,,inhale,
54.477,20:41:48.160,967.0,832.0,,,inhale,
54.497,20:41:48.180,969.0,836.0,,,inhale,
54.517,20:41:48.201,969.0,826.0,,,inhale,
54.537,20:41:48.220,971.0,838.0,,,inhale,
54.561,20:41:48.245,973.0,837.0,,,inhale,
54.577,20:41:48.260,971.0,831.0,,,inhale,
54.597,20:41:48.280,971.0,839.0,,,inhale,
54.617,20:41:48.300,975.0,842.0,,,inhale,
54.637,20:41:48.320,977.0,840.0,,,inhale,
54.657,20:41:48.340,981.0,847.0,,,inhale,
54.677,20:41:48.360,979.0,845.0,,,inhale,
54.697,20:41:48.380,983.0,844.0,,,inhale,
54.717,20:41:48.400,983.0,843.0,,,inhale,
54.737,20:41:48.420,981.0,853.0,,,inhale,
54.757,20:41:48.440,925.0,846.0,,,inhale,
54.777,20:41:48.460,983.0,845.0,,,inhale,
54.797,20:41:48.480,985.0,847.0,,,inhale,
54.817,20:41:48.500,989.0,848.0,,,inhale,
54.837,20:41:48.520,987.0,849.0,,,inhale,
54.857,20:41:48.540,989.0,850.0,,,inhale,
54.877,20:41:48.560,989.0,852.0,,,inhale,
54.897,20:41:48.580,990.0,857.0,,,inhale,
54.917,20:41:48.600,997.0,863.0,,,inhale,
54.937,20:41:48.620,995.0,857.0,,,inhale,
54.957,20:41:48.640,1001.0,859.0,,,inhale,
54.977,20:41:48.660,997.0,860.0,,,inhale,
54.997,20:41:48.681,1004.0,858.0,,,inhale,
55.017,20:41:48.701,1007.0,863.0,,,inhale,
55.038,20:41:48.721,1012.0,864.0,,,inhale,
55.057,20:41:48.741,1004.0,864.0,,,inhale,
55.077,20:41:48.761,1006.0,865.0,,,inhale,
55.097,20:41:48.781,1006.0,862.0,,,inhale,
55.117,20:41:48.801,1017.0,864.0,,,inhale,
55.137,20:41:48.820,1003.0,864.0,,,inhale,
55.157,20:41:48.841,1004.0,861.0,,,inhale,
55.177,20:41:48.860,879.0,864.0,,,inhale,
55.197,20:41:48.881,1007.0,862.0,,,inhale,
55.217,20:41:48.900,957.0,867.0,,,inhale,
55.237,20:41:48.921,1012.0,866.0,,,inhale,
55.257,20:41:48.940,1015.0,870.0,,,inhale,
55.277,20:41:48.961,1011.0,878.0,,,inhale,
55.297,20:41:48.981,1016.0,873.0,,,inhale,
55.317,20:41:49.001,1013.0,871.0,,,inhale,
55.337,20:41:49.021,1013.0,870.0,,,inhale,
55.357,20:41:49.040,1015.0,878.0,,,inhale,
55.377,20:41:49.060,1017.0,875.0,,,inhale,
55.397,20:41:49.081,1021.0,876.0,,,inhale,
55.417,20:41:49.100,1019.0,877.0,,,inhale,
55.437,20:41:49.121,1020.0,873.0,,,inhale,
55.457,20:41:49.140,1033.0,885.0,,,inhale,
55.477,20:41:49.160,1031.0,881.0,,,inhale,
55.497,20:41:49.180,1031.0,891.0,,,inhale,
55.517,20:41:49.200,1033.0,886.0,,,inhale,
55.537,20:41:49.221,1032.0,881.0,,,inhale,
55.562,20:41:49.245,1020.0,880.0,,,inhale,
55.577,20:41:49.260,1031.0,870.0,,,inhale,
55.597,20:41:49.280,1021.0,887.0,,,inhale,
55.617,20:41:49.301,1023.0,872.0,,,inhale,
55.637,20:41:49.321,1019.0,877.0,,,inhale,
55.657,20:41:49.341,1019.0,882.0,,,inhale,
55.677,20:41:49.360,1023.0,876.0,,,inhale,
55.697,20:41:49.381,1019.0,876.0,,,inhale,
55.717,20:41:49.401,1018.0,874.0,,,inhale,
55.737,20:41:49.421,1017.0,884.0,,,inhale,
55.757,20:41:49.440,1015.0,873.0,,,inhale,
55.777,20:41:49.461,1021.0,873.0,,,inhale,
55.797,20:41:49.480,1016.0,874.0,,,inhale,
55.817,20:41:49.500,1016.0,872.0,,,inhale,
55.837,20:41:49.520,1015.0,873.0,,,inhale,
55.857,20:41:49.540,1036.0,873.0,,,inhale,
55.877,20:41:49.560,1017.0,872.0,,,exhale,exhale_onset
55.897,20:41:49.580,1015.0,870.0,,,exhale,
55.917,20:41:49.601,1016.0,872.0,,,exhale,
55.937,20:41:49.620,1039.0,881.0,,,exhale,
55.957,20:41:49.641,1012.0,871.0,,,exhale,
55.977,20:41:49.660,1014.0,872.0,,,exhale,
56.007,20:41:49.690,1115.0,869.0,,,exhale,
56.017,20:41:49.700,1007.0,865.0,,,exhale,
56.037,20:41:49.720,1005.0,865.0,,,exhale,
56.057,20:41:49.740,1013.0,857.0,,,exhale,
56.077,20:41:49.760,1013.0,865.0,,,exhale,
56.097,20:41:49.780,1007.0,867.0,,,exhale,
56.117,20:41:49.800,1011.0,866.0,,,exhale,
56.137,20:41:49.820,1005.0,865.0,,,exhale,
56.157,20:41:49.840,1007.0,860.0,,,exhale,
56.177,20:41:49.860,1005.0,865.0,,,exhale,
56.197,20:41:49.880,1005.0,864.0,,,exhale,
56.217,20:41:49.900,1007.0,864.0,,,exhale,
56.237,20:41:49.921,1005.0,868.0,,,exhale,
56.257,20:41:49.940,1005.0,858.0,,,exhale,
56.277,20:41:49.960,1005.0,860.0,,,exhale,
56.297,20:41:49.981,1007.0,867.0,,,exhale,
56.317,20:41:50.000,1005.0,864.0,,,exhale,
56.337,20:41:50.020,999.0,865.0,,,exhale,
56.357,20:41:50.041,1004.0,862.0,,,exhale,
56.377,20:41:50.060,999.0,858.0,,,exhale,
56.397,20:41:50.080,952.0,865.0,,,exhale,
56.417,20:41:50.100,1003.0,861.0,,,exhale,
56.437,20:41:50.120,1003.0,866.0,,,exhale,
56.457,20:41:50.140,1000.0,862.0,,,exhale,
56.477,20:41:50.160,1013.0,858.0,,,exhale,
56.497,20:41:50.180,1006.0,862.0,,,exhale,
56.517,20:41:50.200,1000.0,859.0,,,exhale,
56.537,20:41:50.221,1001.0,860.0,,,exhale,
56.561,20:41:50.245,999.0,859.0,,,exhale,
56.577,20:41:50.260,999.0,859.0,,,exhale,
56.597,20:41:50.280,985.0,857.0,,,exhale,
56.617,20:41:50.300,999.0,859.0,,,exhale,
56.637,20:41:50.320,998.0,858.0,,,exhale,
56.657,20:41:50.340,999.0,858.0,,,exhale,
56.677,20:41:50.360,997.0,860.0,,,exhale,
56.697,20:41:50.380,996.0,851.0,,,exhale,
56.717,20:41:50.400,997.0,856.0,,,exhale,
56.737,20:41:50.420,997.0,858.0,,,exhale,
56.757,20:41:50.440,996.0,857.0,,,exhale,
56.777,20:41:50.460,997.0,857.0,,,exhale,
56.797,20:41:50.480,996.0,856.0,,,exhale,
56.817,20:41:50.500,996.0,860.0,,,exhale,
56.837,20:41:50.520,991.0,853.0,,,exhale,
56.857,20:41:50.540,994.0,850.0,,,exhale,
56.877,20:41:50.560,989.0,852.0,,,exhale,
56.897,20:41:50.580,988.0,851.0,,,exhale,
56.917,20:41:50.600,989.0,849.0,,,exhale,
56.937,20:41:50.620,985.0,849.0,,,exhale,
56.957,20:41:50.640,985.0,848.0,,,exhale,
56.977,20:41:50.660,985.0,847.0,,,exhale,
56.997,20:41:50.680,985.0,848.0,,,exhale,
57.017,20:41:50.700,984.0,847.0,,,exhale,
57.037,20:41:50.720,983.0,848.0,,,exhale,
57.057,20:41:50.740,985.0,849.0,,,exhale,
57.077,20:41:50.760,984.0,846.0,,,exhale,
57.097,20:41:50.780,983.0,839.0,,,exhale,
57.117,20:41:50.800,981.0,846.0,,,exhale,
57.137,20:41:50.820,975.0,854.0,,,exhale,
57.157,20:41:50.840,981.0,848.0,,,exhale,
57.177,20:41:50.860,981.0,836.0,,,exhale,
57.197,20:41:50.880,977.0,842.0,,,exhale,
57.217,20:41:50.900,979.0,841.0,,,exhale,
57.237,20:41:50.920,975.0,841.0,,,exhale,
57.257,20:41:50.940,974.0,840.0,,,exhale,
57.277,20:41:50.960,977.0,839.0,,,exhale,
57.297,20:41:50.980,841.0,836.0,,,exhale,
57.317,20:41:51.000,977.0,839.0,,,exhale,
57.337,20:41:51.020,973.0,840.0,,,exhale,
57.357,20:41:51.040,968.0,841.0,,,exhale,
57.377,20:41:51.060,975.0,843.0,,,exhale,
57.397,20:41:51.080,979.0,841.0,,,exhale,
57.417,20:41:51.100,981.0,852.0,,,exhale,
57.437,20:41:51.120,979.0,843.0,,,exhale,
57.457,20:41:51.140,983.0,839.0,,,exhale,
57.477,20:41:51.160,983.0,846.0,,,exhale,
57.497,20:41:51.180,988.0,846.0,,,exhale,
57.517,20:41:51.200,984.0,847.0,,,exhale,
57.537,20:41:51.220,983.0,847.0,,,exhale,
57.561,20:41:51.244,988.0,849.0,,,exhale,
57.577,20:41:51.260,987.0,848.0,,,exhale,
57.597,20:41:51.280,989.0,854.0,,,exhale,
57.617,20:41:51.300,989.0,850.0,,,exhale,
57.637,20:41:51.320,989.0,850.0,,,exhale,
57.657,20:41:51.340,989.0,848.0,,,exhale,
57.677,20:41:51.360,989.0,857.0,,,inhale,inhale_onset
57.697,20:41:51.380,990.0,851.0,,,inhale,
57.717,20:41:51.400,1035.0,852.0,,,inhale,
57.738,20:41:51.421,989.0,852.0,,,inhale,
57.757,20:41:51.440,989.0,854.0,,,inhale,
57.777,20:41:51.460,1014.0,854.0,,,inhale,
57.797,20:41:51.480,995.0,854.0,,,inhale,
57.817,20:41:51.500,989.0,853.0,,,inhale,
57.837,20:41:51.520,997.0,855.0,,,inhale,
57.857,20:41:51.540,996.0,857.0,,,inhale,
57.877,20:41:51.560,991.0,865.0,,,inhale,
57.897,20:41:51.580,995.0,856.0,,,inhale,
57.917,20:41:51.600,997.0,857.0,,,inhale,
57.937,20:41:51.620,997.0,865.0,,,inhale,
57.957,20:41:51.640,995.0,857.0,,,inhale,
57.977,20:41:51.660,999.0,858.0,,,inhale,
57.997,20:41:51.680,1000.0,860.0,,,inhale,
58.017,20:41:51.700,998.0,859.0,,,inhale,
58.037,20:41:51.721,1001.0,859.0,,,inhale,
58.057,20:41:51.740,999.0,861.0,,,inhale,
58.077,20:41:51.760,1001.0,858.0,,,inhale,
58.097,20:41:51.780,999.0,860.0,,,inhale,
58.117,20:41:51.800,1001.0,860.0,,,inhale,
58.137,20:41:51.820,1001.0,861.0,,,inhale,
58.157,20:41:51.840,1001.0,861.0,,,inhale,
58.177,20:41:51.860,999.0,859.0,,,inhale,
58.197,20:41:51.880,985.0,859.0,,,inhale,
58.217,20:41:51.900,998.0,858.0,,,inhale,
58.237,20:41:51.920,999.0,859.0,,,inhale,
58.257,20:41:51.940,999.0,858.0,,,inhale,
58.277,20:41:51.960,995.0,851.0,,,inhale,
58.297,20:41:51.980,998.0,858.0,,,inhale,
58.317,20:41:52.000,995.0,858.0,,,inhale,
58.337,20:41:52.020,995.0,844.0,,,inhale,
58.357,20:41:52.040,995.0,852.0,,,inhale,
58.377,20:41:52.060,995.0,853.0,,,inhale,
58.397,20:41:52.080,990.0,853.0,,,inhale,
58.417,20:41:52.100,991.0,852.0,,,inhale,
58.437,20:41:52.120,991.0,851.0,,,inhale,
58.457,20:41:52.140,989.0,848.0,,,inhale,
58.477,20:41:52.160,987.0,852.0,,,inhale,
58.496,20:41:52.180,984.0,849.0,,,inhale,
58.517,20:41:52.200,989.0,851.0,,,inhale,
58.536,20:41:52.220,987.0,849.0,,,inhale,
58.561,20:41:52.244,988.0,841.0,,,inhale,
58.576,20:41:52.259,987.0,853.0,,,inhale,
58.596,20:41:52.280,1007.0,848.0,,,inhale,
58.616,20:41:52.299,989.0,849.0,,,inhale,
58.636,20:41:52.319,985.0,846.0,,,inhale,
58.656,20:41:52.339,985.0,849.0,,,inhale,
58.676,20:41:52.359,987.0,849.0,,,inhale,
58.696,20:41:52.379,987.0,851.0,,,inhale,
58.716,20:41:52.399,987.0,848.0,,,inhale,
58.736,20:41:52.419,985.0,847.0,,,inhale,
58.756,20:41:52.439,986.0,847.0,,,inhale,
58.776,20:41:52.459,985.0,847.0,,,inhale,
58.796,20:41:52.479,987.0,848.0,,,inhale,
58.816,20:41:52.499,983.0,848.0,,,inhale,
58.836,20:41:52.519,985.0,847.0,,,inhale,
58.856,20:41:52.539,986.0,845.0,,,inhale,
58.876,20:41:52.559,985.0,834.0,,,inhale,
58.896,20:41:52.579,985.0,842.0,,,inhale,
58.915,20:41:52.599,983.0,846.0,,,inhale,
58.935,20:41:52.619,986.0,846.0,,,inhale,
58.955,20:41:52.639,985.0,854.0,,,inhale,
58.975,20:41:52.658,983.0,847.0,,,inhale,
58.995,20:41:52.678,983.0,846.0,,,inhale,
59.015,20:41:52.698,983.0,845.0,,,inhale,
59.035,20:41:52.718,978.0,846.0,,,inhale,
59.055,20:41:52.738,981.0,847.0,,,inhale,
59.075,20:41:52.758,981.0,837.0,,,inhale,
59.095,20:41:52.778,986.0,845.0,,,inhale,
59.115,20:41:52.798,981.0,845.0,,,inhale,
59.135,20:41:52.818,979.0,851.0,,,inhale,
59.155,20:41:52.838,983.0,846.0,,,inhale,
59.175,20:41:52.858,982.0,844.0,,,inhale,
59.195,20:41:52.878,983.0,846.0,,,inhale,
59.215,20:41:52.898,981.0,843.0,,,inhale,
59.235,20:41:52.918,981.0,850.0,,,inhale,
59.255,20:41:52.938,975.0,839.0,,,inhale,
59.275,20:41:52.958,999.0,849.0,,,inhale,
59.295,20:41:52.978,979.0,841.0,,,inhale,
59.314,20:41:52.998,982.0,841.0,,,inhale,
59.334,20:41:53.018,979.0,841.0,,,inhale,
59.354,20:41:53.038,975.0,841.0,,,inhale,
59.374,20:41:53.057,979.0,842.0,,,inhale,
59.394,20:41:53.077,980.0,845.0,,,inhale,
59.414,20:41:53.097,975.0,836.0,,,inhale,
59.434,20:41:53.117,973.0,837.0,,,inhale,
59.454,20:41:53.137,975.0,840.0,,,inhale,
59.474,20:41:53.157,975.0,838.0,,,inhale,
59.494,20:41:53.177,973.0,838.0,,,inhale,
59.514,20:41:53.197,974.0,838.0,,,inhale,
59.534,20:41:53.217,979.0,838.0,,,inhale,
59.558,20:41:53.241,980.0,834.0,,,inhale,
59.574,20:41:53.257,973.0,838.0,,,inhale,
59.594,20:41:53.277,971.0,834.0,,,inhale,
59.614,20:41:53.297,974.0,836.0,,,inhale,
59.634,20:41:53.317,972.0,841.0,,,inhale,
59.654,20:41:53.337,972.0,852.0,,,inhale,
59.674,20:41:53.357,971.0,838.0,,,inhale,
59.694,20:41:53.377,971.0,828.0,,,inhale,
59.714,20:41:53.397,971.0,836.0,,,inhale,
59.734,20:41:53.417,971.0,841.0,,,inhale,
59.753,20:41:53.437,969.0,835.0,,,inhale,
59.773,20:41:53.456,973.0,835.0,,,inhale,
59.793,20:41:53.476,971.0,835.0,,,inhale,
59.813,20:41:53.496,969.0,834.0,,,inhale,
59.833,20:41:53.516,968.0,835.0,,,inhale,
59.853,20:41:53.536,1005.0,834.0,,,inhale,
59.873,20:41:53.556,968.0,833.0,,,inhale,
59.893,20:41:53.576,968.0,835.0,,,inhale,
59.913,20:41:53.596,969.0,838.0,,,inhale,
59.933,20:41:53.616,969.0,835.0,,,inhale,
59.953,20:41:53.636,967.0,834.0,,,inhale,
59.973,20:41:53.656,971.0,831.0,,,inhale,
59.993,20:41:53.676,968.0,833.0,,,inhale,
60.013,20:41:53.696,971.0,833.0,,,inhale,
60.033,20:41:53.716,972.0,834.0,,,inhale,
60.053,20:41:53.736,967.0,833.0,,,inhale,
60.073,20:41:53.756,967.0,828.0,,,inhale,
60.093,20:41:53.776,967.0,832.0,,,inhale,
60.113,20:41:53.796,967.0,830.0,,,inhale,
60.133,20:41:53.816,965.0,831.0,,,inhale,
60.152,20:41:53.836,965.0,831.0,,,inhale,
60.172,20:41:53.856,965.0,830.0,,,inhale,
60.192,20:41:53.876,966.0,829.0,,,inhale,
60.212,20:41:53.895,964.0,827.0,,,inhale,
60.232,20:41:53.915,964.0,828.0,,,inhale,
60.252,20:41:53.935,965.0,835.0,,,inhale,
60.272,20:41:53.955,909.0,833.0,,,inhale,
60.296,20:41:53.980,960.0,824.0,,,inhale,
60.314,20:41:53.997,959.0,831.0,,,inhale,
60.332,20:41:54.015,959.0,820.0,,,inhale,
60.352,20:41:54.035,965.0,825.0,,,inhale,
60.372,20:41:54.055,970.0,828.0,,,inhale,
60.392,20:41:54.075,957.0,828.0,,,inhale,
60.412,20:41:54.095,959.0,832.0,,,inhale,
60.432,20:41:54.115,966.0,827.0,,,inhale,
60.452,20:41:54.135,959.0,826.0,,,inhale,
60.472,20:41:54.155,969.0,825.0,,,inhale,
60.492,20:41:54.175,959.0,826.0,,,inhale,
60.512,20:41:54.195,958.0,825.0,,,inhale,
60.532,20:41:54.215,959.0,821.0,,,inhale,
60.556,20:41:54.239,959.0,838.0,,,inhale,
60.571,20:41:54.255,957.0,827.0,,,inhale,
60.592,20:41:54.275,1001.0,826.0,,,inhale,
60.611,20:41:54.295,959.0,825.0,,,inhale,
60.631,20:41:54.315,959.0,830.0,,,inhale,
60.651,20:41:54.335,957.0,823.0,,,inhale,
60.671,20:41:54.354,933.0,824.0,,,inhale,
60.691,20:41:54.374,957.0,823.0,,,inhale,
60.711,20:41:54.394,953.0,824.0,,,inhale,
60.731,20:41:54.414,955.0,823.0,,,inhale,
60.751,20:41:54.434,954.0,822.0,,,inhale,
60.771,20:41:54.454,959.0,823.0,,,inhale,
60.791,20:41:54.474,953.0,823.0,,,inhale,
60.811,20:41:54.494,954.0,822.0,,,inhale,
60.831,20:41:54.514,954.0,826.0,,,inhale,
60.851,20:41:54.534,955.0,822.0,,,inhale,
60.871,20:41:54.554,969.0,823.0,,,inhale,
60.896,20:41:54.579,951.0,824.0,,,inhale,
60.912,20:41:54.595,955.0,821.0,,,inhale,
60.931,20:41:54.614,953.0,817.0,,,inhale,
60.951,20:41:54.634,953.0,822.0,,,inhale,
60.971,20:41:54.654,954.0,811.0,,,inhale,
60.991,20:41:54.674,955.0,812.0,,,inhale,
61.010,20:41:54.694,953.0,819.0,,,inhale,
61.031,20:41:54.714,956.0,822.0,,,inhale,
61.050,20:41:54.734,955.0,822.0,,,inhale,
61.070,20:41:54.754,953.0,823.0,,,inhale,
61.090,20:41:54.774,955.0,822.0,,,inhale,
61.110,20:41:54.793,955.0,819.0,,,inhale,
61.130,20:41:54.813,955.0,822.0,,,inhale,
61.150,20:41:54.833,957.0,822.0,,,inhale,
61.170,20:41:54.853,955.0,814.0,,,inhale,
61.190,20:41:54.873,955.0,820.0,,,inhale,
61.210,20:41:54.893,956.0,819.0,,,inhale,
61.230,20:41:54.913,955.0,824.0,,,inhale,
61.250,20:41:54.933,955.0,823.0,,,inhale,
61.270,20:41:54.953,954.0,823.0,,,inhale,
61.290,20:41:54.973,955.0,824.0,,,inhale,
61.310,20:41:54.993,953.0,823.0,,,inhale,
61.330,20:41:55.013,953.0,822.0,,,inhale,
61.350,20:41:55.033,956.0,823.0,,,inhale,
61.370,20:41:55.053,958.0,826.0,,,inhale,
61.390,20:41:55.073,957.0,831.0,,,inhale,
61.410,20:41:55.093,965.0,829.0,,,inhale,
61.430,20:41:55.113,971.0,831.0,,,inhale,
61.450,20:41:55.133,965.0,833.0,,,inhale,
61.470,20:41:55.153,969.0,836.0,,,inhale,
61.489,20:41:55.173,973.0,839.0,,,inhale,
61.509,20:41:55.193,977.0,843.0,,,inhale,
61.530,20:41:55.213,979.0,845.0,,,inhale,
61.554,20:41:55.237,981.0,845.0,,,inhale,
61.569,20:41:55.252,987.0,846.0,,,inhale,
61.589,20:41:55.272,985.0,846.0,,,inhale,
61.609,20:41:55.292,984.0,846.0,,,inhale,
61.629,20:41:55.312,987.0,847.0,,,inhale,
61.649,20:41:55.332,986.0,848.0,,,inhale,
61.669,20:41:55.352,988.0,848.0,,,inhale,
61.689,20:41:55.372,988.0,853.0,,,inhale,
61.709,20:41:55.392,985.0,850.0,,,inhale,
61.729,20:41:55.412,988.0,853.0,,,inhale,
61.749,20:41:55.432,991.0,853.0,,,inhale,
61.769,20:41:55.452,991.0,856.0,,,inhale,
61.789,20:41:55.472,991.0,854.0,,,inhale,
61.809,20:41:55.492,983.0,856.0,,,inhale,
61.829,20:41:55.512,996.0,853.0,,,inhale,
61.849,20:41:55.532,998.0,857.0,,,inhale,
61.869,20:41:55.552,997.0,858.0,,,inhale,
61.889,20:41:55.572,997.0,858.0,,,inhale,
61.909,20:41:55.592,1015.0,857.0,,,inhale,
61.929,20:41:55.612,999.0,858.0,,,inhale,
61.949,20:41:55.632,1001.0,859.0,,,inhale,
61.969,20:41:55.652,997.0,860.0,,,inhale,
61.989,20:41:55.672,1000.0,860.0,,,inhale,
62.009,20:41:55.692,1002.0,860.0,,,inhale,
62.029,20:41:55.712,1000.0,860.0,,,inhale,
62.048,20:41:55.732,1000.0,862.0,,,inhale,
62.068,20:41:55.752,1001.0,860.0,,,inhale,
62.088,20:41:55.772,1001.0,865.0,,,inhale,
62.108,20:41:55.791,999.0,860.0,,,inhale,
62.128,20:41:55.812,1001.0,860.0,,,inhale,
62.148,20:41:55.832,1001.0,860.0,,,inhale,
62.168,20:41:55.851,1003.0,860.0,,,inhale,
62.188,20:41:55.871,999.0,859.0,,,inhale,
62.208,20:41:55.891,1000.0,858.0,,,inhale,
62.228,20:41:55.911,996.0,858.0,,,inhale,
62.248,20:41:55.931,995.0,857.0,,,inhale,
62.268,20:41:55.951,995.0,857.0,,,inhale,
62.288,20:41:55.971,995.0,852.0,,,inhale,
62.308,20:41:55.991,991.0,852.0,,,inhale,
62.328,20:41:56.011,991.0,852.0,,,inhale,
62.348,20:41:56.031,990.0,852.0,,,inhale,
62.368,20:41:56.051,989.0,850.0,,,inhale,
62.388,20:41:56.071,985.0,850.0,,,inhale,
62.408,20:41:56.091,988.0,846.0,,,inhale,
62.428,20:41:56.111,989.0,851.0,,,exhale,exhale_onset
62.448,20:41:56.131,990.0,852.0,,,exhale,
62.467,20:41:56.151,989.0,847.0,,,exhale,
62.488,20:41:56.171,987.0,849.0,,,exhale,
62.507,20:41:56.190,989.0,854.0,,,exhale,
62.527,20:41:56.210,979.0,848.0,,,exhale,
62.551,20:41:56.234,985.0,850.0,,,exhale,
62.567,20:41:56.250,987.0,849.0,,,exhale,
62.587,20:41:56.270,984.0,852.0,,,exhale,
62.607,20:41:56.290,985.0,846.0,,,exhale,
62.627,20:41:56.310,985.0,847.0,,,exhale,
62.647,20:41:56.330,984.0,844.0,,,exhale,
62.667,20:41:56.350,985.0,843.0,,,exhale,
62.687,20:41:56.370,983.0,846.0,,,exhale,
62.707,20:41:56.390,983.0,845.0,,,exhale,
62.727,20:41:56.410,982.0,846.0,,,exhale,
62.747,20:41:56.430,983.0,847.0,,,exhale,
62.767,20:41:56.450,979.0,846.0,,,exhale,
62.787,20:41:56.470,979.0,845.0,,,exhale,
62.807,20:41:56.490,981.0,841.0,,,exhale,
62.827,20:41:56.510,979.0,845.0,,,exhale,
62.847,20:41:56.530,983.0,843.0,,,exhale,
62.867,20:41:56.550,981.0,846.0,,,exhale,
62.887,20:41:56.570,979.0,844.0,,,exhale,
62.907,20:41:56.590,979.0,842.0,,,exhale,
62.927,20:41:56.610,981.0,842.0,,,exhale,
62.947,20:41:56.630,974.0,840.0,,,exhale,
62.967,20:41:56.650,979.0,839.0,,,exhale,
62.987,20:41:56.670,975.0,839.0,,,exhale,
63.007,20:41:56.690,975.0,839.0,,,exhale,
63.026,20:41:56.709,972.0,833.0,,,exhale,
63.046,20:41:56.730,972.0,838.0,,,exhale,
63.066,20:41:56.749,974.0,843.0,,,exhale,
63.086,20:41:56.769,968.0,836.0,,,exhale,
63.106,20:41:56.789,973.0,831.0,,,exhale,
63.126,20:41:56.809,971.0,834.0,,,exhale,
63.146,20:41:56.829,971.0,836.0,,,exhale,
63.166,20:41:56.849,971.0,837.0,,,exhale,
63.186,20:41:56.869,967.0,833.0,,,exhale,
63.206,20:41:56.889,969.0,835.0,,,exhale,
63.226,20:41:56.909,969.0,835.0,,,exhale,
63.246,20:41:56.929,971.0,836.0,,,exhale,
63.266,20:41:56.949,970.0,833.0,,,exhale,
63.286,20:41:56.969,971.0,833.0,,,exhale,
63.306,20:41:56.989,967.0,834.0,,,exhale,
63.326,20:41:57.009,915.0,833.0,,,exhale,
63.346,20:41:57.029,965.0,837.0,,,exhale,
63.366,20:41:57.049,953.0,827.0,,,exhale,
63.386,20:41:57.069,967.0,832.0,,,exhale,
63.406,20:41:57.089,968.0,832.0,,,exhale,
63.426,20:41:57.109,967.0,832.0,,,exhale,
63.445,20:41:57.129,959.0,832.0,,,exhale,
63.466,20:41:57.149,966.0,830.0,,,exhale,
63.485,20:41:57.169,955.0,832.0,,,exhale,
63.505,20:41:57.189,965.0,832.0,,,exhale,
63.526,20:41:57.209,960.0,827.0,,,exhale,
63.550,20:41:57.233,959.0,828.0,,,exhale,
63.565,20:41:57.249,959.0,828.0,,,exhale,
63.585,20:41:57.269,959.0,827.0,,,exhale,
63.605,20:41:57.289,957.0,826.0,,,exhale,
63.625,20:41:57.308,958.0,826.0,,,exhale,
63.645,20:41:57.328,973.0,826.0,,,exhale,
63.665,20:41:57.348,957.0,821.0,,,exhale,
63.685,20:41:57.368,966.0,824.0,,,exhale,
63.705,20:41:57.388,983.0,830.0,,,exhale,
63.725,20:41:57.408,957.0,823.0,,,exhale,
63.745,20:41:57.428,957.0,823.0,,,exhale,
63.765,20:41:57.448,955.0,827.0,,,exhale,
63.785,20:41:57.468,955.0,823.0,,,exhale,
63.805,20:41:57.488,953.0,822.0,,,exhale,
63.825,20:41:57.508,954.0,821.0,,,exhale,
63.845,20:41:57.528,953.0,821.0,,,exhale,
63.865,20:41:57.548,955.0,816.0,,,exhale,
63.885,20:41:57.568,956.0,816.0,,,exhale,
63.905,20:41:57.588,951.0,821.0,,,exhale,
63.925,20:41:57.608,953.0,816.0,,,exhale,
63.945,20:41:57.628,977.0,827.0,,,exhale,
63.965,20:41:57.648,953.0,820.0,,,exhale,
63.985,20:41:57.668,952.0,820.0,,,exhale,
64.005,20:41:57.688,950.0,819.0,,,exhale,
64.025,20:41:57.708,949.0,832.0,,,exhale,
64.044,20:41:57.728,956.0,820.0,,,exhale,
64.064,20:41:57.747,952.0,820.0,,,exhale,
64.084,20:41:57.768,951.0,819.0,,,exhale,
64.104,20:41:57.788,949.0,820.0,,,exhale,
64.125,20:41:57.808,957.0,827.0,,,exhale,
64.144,20:41:57.828,957.0,817.0,,,exhale,
64.164,20:41:57.848,951.0,830.0,,,exhale,
64.184,20:41:57.867,958.0,822.0,,,exhale,
64.204,20:41:57.887,955.0,826.0,,,exhale,
64.224,20:41:57.907,957.0,825.0,,,exhale,
64.244,20:41:57.927,959.0,827.0,,,exhale,
64.264,20:41:57.947,959.0,827.0,,,exhale,
64.284,20:41:57.967,971.0,826.0,,,exhale,
64.304,20:41:57.987,959.0,827.0,,,inhale,inhale_onset
64.339,20:41:58.022,956.0,824.0,,,inhale,
64.344,20:41:58.027,955.0,825.0,,,inhale,
64.364,20:41:58.047,959.0,827.0,,,inhale,
64.384,20:41:58.067,943.0,824.0,,,inhale,
64.404,20:41:58.087,875.0,820.0,,,inhale,
64.424,20:41:58.107,957.0,821.0,,,inhale,
64.444,20:41:58.127,952.0,820.0,,,inhale,
64.464,20:41:58.147,955.0,807.0,,,inhale,
64.484,20:41:58.167,953.0,826.0,,,inhale,
64.504,20:41:58.187,779.0,821.0,,,inhale,
64.524,20:41:58.207,947.0,821.0,,,inhale,
64.547,20:41:58.230,953.0,822.0,,,inhale,
64.564,20:41:58.247,953.0,820.0,,,inhale,
64.584,20:41:58.267,947.0,819.0,,,inhale,
64.604,20:41:58.287,1017.0,817.0,,,inhale,
64.624,20:41:58.307,955.0,812.0,,,inhale,
64.643,20:41:58.326,949.0,830.0,,,inhale,
64.663,20:41:58.347,951.0,822.0,,,inhale,
64.683,20:41:58.366,953.0,817.0,,,inhale,
64.703,20:41:58.387,955.0,811.0,,,inhale,
64.723,20:41:58.406,954.0,819.0,,,inhale,
64.743,20:41:58.426,951.0,820.0,,,inhale,
64.763,20:41:58.446,948.0,819.0,,,inhale,
64.783,20:41:58.466,957.0,818.0,,,inhale,
64.803,20:41:58.486,953.0,818.0,,,inhale,
64.823,20:41:58.506,951.0,813.0,,,inhale,
64.843,20:41:58.526,951.0,821.0,,,inhale,
64.863,20:41:58.546,957.0,820.0,,,inhale,
64.883,20:41:58.566,957.0,826.0,,,inhale,
64.903,20:41:58.586,966.0,824.0,,,inhale,
64.923,20:41:58.606,957.0,825.0,,,inhale,
64.943,20:41:58.626,955.0,822.0,,,inhale,
64.963,20:41:58.646,965.0,831.0,,,inhale,
64.983,20:41:58.666,972.0,831.0,,,inhale,
65.003,20:41:58.686,965.0,825.0,,,inhale,
65.023,20:41:58.706,959.0,828.0,,,inhale,
65.043,20:41:58.726,959.0,829.0,,,inhale,
65.063,20:41:58.746,949.0,828.0,,,inhale,
65.083,20:41:58.766,968.0,826.0,,,inhale,
65.103,20:41:58.786,954.0,825.0,,,inhale,
65.123,20:41:58.806,952.0,828.0,,,inhale,
65.143,20:41:58.826,966.0,827.0,,,inhale,
65.162,20:41:58.846,938.0,826.0,,,inhale,
65.182,20:41:58.866,951.0,828.0,,,inhale,
65.203,20:41:58.886,958.0,827.0,,,inhale,
65.222,20:41:58.906,958.0,830.0,,,inhale,
65.242,20:41:58.926,973.0,829.0,,,inhale,
65.262,20:41:58.945,968.0,830.0,,,inhale,
65.282,20:41:58.965,965.0,831.0,,,inhale,
65.302,20:41:58.986,973.0,829.0,,,inhale,
65.322,20:41:59.005,967.0,830.0,,,inhale,
65.342,20:41:59.025,951.0,832.0,,,inhale,
65.362,20:41:59.045,969.0,834.0,,,inhale,
65.382,20:41:59.065,959.0,836.0,,,inhale,
65.402,20:41:59.085,969.0,837.0,,,inhale,
65.422,20:41:59.105,956.0,838.0,,,inhale,
65.442,20:41:59.125,983.0,840.0,,,inhale,
65.462,20:41:59.145,980.0,848.0,,,inhale,
65.482,20:41:59.165,979.0,843.0,,,inhale,
65.502,20:41:59.185,978.0,841.0,,,inhale,
65.522,20:41:59.205,975.0,841.0,,,inhale,
65.546,20:41:59.229,985.0,848.0,,,inhale,
65.562,20:41:59.245,984.0,834.0,,,inhale,
65.582,20:41:59.265,983.0,847.0,,,inhale,
65.602,20:41:59.285,979.0,848.0,,,inhale,
65.622,20:41:59.305,985.0,845.0,,,inhale,
65.642,20:41:59.325,983.0,852.0,,,inhale,
65.662,20:41:59.345,991.0,850.0,,,inhale,
65.682,20:41:59.365,1003.0,865.0,,,inhale,
65.702,20:41:59.385,995.0,853.0,,,inhale,
65.722,20:41:59.405,985.0,853.0,,,inhale,
65.742,20:41:59.425,995.0,854.0,,,inhale,
65.762,20:41:59.445,990.0,853.0,,,inhale,
65.782,20:41:59.465,997.0,851.0,,,inhale,
65.802,20:41:59.485,979.0,849.0,,,inhale,
65.821,20:41:59.505,983.0,850.0,,,inhale,
65.841,20:41:59.525,991.0,851.0,,,inhale,
65.861,20:41:59.544,989.0,849.0,,,inhale,
65.881,20:41:59.565,979.0,848.0,,,inhale,
65.901,20:41:59.585,983.0,846.0,,,inhale,
65.921,20:41:59.605,982.0,844.0,,,inhale,
65.941,20:41:59.624,981.0,835.0,,,inhale,
65.961,20:41:59.644,974.0,843.0,,,inhale,
65.981,20:41:59.664,979.0,851.0,,,inhale,
66.001,20:41:59.684,982.0,843.0,,,inhale,
66.021,20:41:59.704,975.0,844.0,,,inhale,
66.041,20:41:59.724,986.0,844.0,,,inhale,
66.061,20:41:59.744,987.0,844.0,,,inhale,
66.081,20:41:59.764,980.0,834.0,,,inhale,
66.101,20:41:59.784,983.0,839.0,,,inhale,
66.121,20:41:59.804,973.0,842.0,,,inhale,
66.141,20:41:59.824,981.0,839.0,,,inhale,
66.161,20:41:59.844,975.0,840.0,,,exhale,exhale_onset
66.181,20:41:59.864,969.0,837.0,,,exhale,
66.201,20:41:59.884,971.0,833.0,,,exhale,
66.221,20:41:59.904,969.0,837.0,,,exhale,
66.241,20:41:59.924,979.0,826.0,,,exhale,
66.261,20:41:59.944,969.0,829.0,,,exhale,
66.281,20:41:59.964,971.0,836.0,,,exhale,
66.301,20:41:59.984,971.0,837.0,,,exhale,
66.321,20:42:00.004,973.0,842.0,,,exhale,
66.341,20:42:00.024,971.0,838.0,,,exhale,
66.361,20:42:00.044,973.0,838.0,,,exhale,
66.381,20:42:00.064,978.0,840.0,,,exhale,
66.400,20:42:00.083,971.0,839.0,,,exhale,
66.421,20:42:00.104,968.0,840.0,,,exhale,
66.440,20:42:00.124,983.0,842.0,,,exhale,
66.460,20:42:00.144,979.0,841.0,,,exhale,
66.481,20:42:00.164,1133.0,841.0,,,exhale,
66.500,20:42:00.184,977.0,837.0,,,exhale,
66.520,20:42:00.204,1015.0,842.0,,,exhale,
66.544,20:42:00.228,975.0,837.0,,,exhale,
66.560,20:42:00.243,977.0,840.0,,,exhale,
66.580,20:42:00.263,975.0,839.0,,,exhale,
66.600,20:42:00.283,973.0,838.0,,,exhale,
66.620,20:42:00.303,973.0,842.0,,,exhale,
66.640,20:42:00.323,966.0,832.0,,,exhale,
66.660,20:42:00.343,969.0,839.0,,,exhale,
66.680,20:42:00.363,973.0,835.0,,,exhale,
66.700,20:42:00.383,949.0,835.0,,,exhale,
66.720,20:42:00.403,967.0,841.0,,,exhale,
66.740,20:42:00.423,969.0,837.0,,,exhale,
66.760,20:42:00.443,973.0,833.0,,,exhale,
66.780,20:42:00.463,1130.0,840.0,,,exhale,
66.800,20:42:00.483,974.0,842.0,,,exhale,
66.820,20:42:00.503,972.0,837.0,,,exhale,
66.840,20:42:00.523,979.0,839.0,,,exhale,
66.860,20:42:00.543,981.0,840.0,,,exhale,
66.880,20:42:00.563,991.0,840.0,,,exhale,
66.900,20:42:00.583,985.0,841.0,,,exhale,
66.920,20:42:00.603,972.0,854.0,,,exhale,
66.940,20:42:00.623,975.0,841.0,,,exhale,
66.960,20:42:00.643,983.0,840.0,,,exhale,
66.980,20:42:00.663,971.0,841.0,,,exhale,
67.000,20:42:00.683,981.0,840.0,,,exhale,
67.020,20:42:00.703,985.0,839.0,,,exhale,
67.040,20:42:00.723,972.0,846.0,,,exhale,
67.059,20:42:00.743,971.0,839.0,,,exhale,
67.080,20:42:00.763,972.0,836.0,,,exhale,
67.100,20:42:00.783,979.0,836.0,,,exhale,
67.120,20:42:00.803,973.0,838.0,,,exhale,
67.139,20:42:00.823,971.0,843.0,,,exhale,
67.159,20:42:00.842,978.0,835.0,,,exhale,
67.179,20:42:00.862,969.0,835.0,,,exhale,
67.199,20:42:00.882,967.0,838.0,,,exhale,
67.219,20:42:00.903,968.0,831.0,,,exhale,
67.239,20:42:00.922,968.0,842.0,,,exhale,
67.259,20:42:00.942,957.0,837.0,,,exhale,
67.279,20:42:00.962,959.0,842.0,,,exhale,
67.299,20:42:00.982,971.0,833.0,,,exhale,
67.319,20:42:01.002,953.0,832.0,,,exhale,
67.339,20:42:01.022,967.0,816.0,,,exhale,
67.359,20:42:01.042,959.0,827.0,,,exhale,
67.379,20:42:01.062,969.0,830.0,,,exhale,
67.399,20:42:01.082,924.0,828.0,,,exhale,
67.419,20:42:01.102,959.0,826.0,,,exhale,
67.439,20:42:01.122,955.0,828.0,,,exhale,
67.459,20:42:01.142,966.0,831.0,,,exhale,
67.479,20:42:01.162,953.0,826.0,,,exhale,
67.499,20:42:01.182,955.0,824.0,,,exhale,
67.519,20:42:01.202,959.0,827.0,,,exhale,
67.542,20:42:01.225,953.0,826.0,,,exhale,
67.559,20:42:01.242,965.0,825.0,,,exhale,
67.579,20:42:01.262,956.0,825.0,,,exhale,
67.598,20:42:01.282,956.0,824.0,,,exhale,
67.619,20:42:01.302,955.0,827.0,,,exhale,
67.638,20:42:01.322,935.0,822.0,,,exhale,
67.658,20:42:01.342,951.0,814.0,,,exhale,
67.679,20:42:01.362,964.0,825.0,,,exhale,
67.699,20:42:01.382,957.0,821.0,,,exhale,
67.719,20:42:01.402,952.0,828.0,,,exhale,
67.739,20:42:01.422,957.0,824.0,,,exhale,
67.758,20:42:01.442,958.0,828.0,,,exhale,
67.778,20:42:01.462,967.0,827.0,,,exhale,
67.798,20:42:01.482,965.0,826.0,,,exhale,
67.819,20:42:01.502,966.0,822.0,,,exhale,
67.838,20:42:01.522,965.0,831.0,,,exhale,
67.858,20:42:01.542,969.0,850.0,,,exhale,
67.878,20:42:01.561,967.0,836.0,,,exhale,
67.898,20:42:01.581,973.0,837.0,,,exhale,
67.918,20:42:01.601,973.0,839.0,,,exhale,
67.938,20:42:01.621,1096.0,841.0,,,exhale,
67.963,20:42:01.646,979.0,843.0,,,exhale,
67.979,20:42:01.662,988.0,846.0,,,inhale,inhale_onset
67.998,20:42:01.681,985.0,848.0,,,inhale,
68.018,20:42:01.701,987.0,850.0,,,inhale,
68.038,20:42:01.721,973.0,852.0,,,inhale,
68.058,20:42:01.741,990.0,847.0,,,inhale,
68.078,20:42:01.761,991.0,856.0,,,inhale,
68.098,20:42:01.781,1003.0,855.0,,,inhale,
68.118,20:42:01.801,995.0,862.0,,,inhale,
68.138,20:42:01.821,1000.0,861.0,,,inhale,
68.158,20:42:01.841,1005.0,864.0,,,inhale,
68.178,20:42:01.861,1001.0,850.0,,,inhale,
68.198,20:42:01.881,1007.0,865.0,,,inhale,
68.218,20:42:01.901,1012.0,861.0,,,inhale,
68.238,20:42:01.921,1005.0,866.0,,,inhale,
68.258,20:42:01.941,1013.0,870.0,,,inhale,
68.278,20:42:01.961,982.0,866.0,,,inhale,
68.298,20:42:01.981,1013.0,870.0,,,inhale,
68.318,20:42:02.001,1013.0,875.0,,,inhale,
68.338,20:42:02.021,1079.0,872.0,,,inhale,
68.358,20:42:02.041,1020.0,884.0,,,inhale,
68.378,20:42:02.061,1021.0,873.0,,,inhale,
68.398,20:42:02.081,1055.0,873.0,,,inhale,
68.418,20:42:02.101,1020.0,869.0,,,inhale,
68.438,20:42:02.121,1017.0,880.0,,,inhale,
68.458,20:42:02.141,1021.0,879.0,,,inhale,
68.478,20:42:02.161,1015.0,879.0,,,inhale,
68.498,20:42:02.181,1019.0,878.0,,,inhale,
68.518,20:42:02.201,1023.0,880.0,,,inhale,
68.542,20:42:02.225,1022.0,881.0,,,inhale,
68.557,20:42:02.241,1031.0,885.0,,,inhale,
68.577,20:42:02.261,1071.0,884.0,,,inhale,
68.597,20:42:02.281,1042.0,883.0,,,inhale,
68.617,20:42:02.301,1031.0,890.0,,,inhale,
68.637,20:42:02.321,1042.0,888.0,,,inhale,
68.657,20:42:02.340,1033.0,890.0,,,inhale,
68.677,20:42:02.360,1046.0,875.0,,,inhale,
68.697,20:42:02.380,1045.0,892.0,,,inhale,
68.717,20:42:02.400,1035.0,886.0,,,inhale,
68.737,20:42:02.420,1035.0,888.0,,,inhale,
68.757,20:42:02.440,1036.0,886.0,,,inhale,
68.777,20:42:02.460,1033.0,891.0,,,inhale,
68.797,20:42:02.480,1035.0,892.0,,,inhale,
68.817,20:42:02.500,1031.0,885.0,,,inhale,
68.837,20:42:02.520,1043.0,888.0,,,inhale,
68.857,20:42:02.540,1035.0,882.0,,,inhale,
68.877,20:42:02.560,1035.0,894.0,,,inhale,
68.897,20:42:02.580,1039.0,897.0,,,inhale,
68.918,20:42:02.601,1048.0,897.0,,,inhale,
68.937,20:42:02.620,1053.0,897.0,,,inhale,
68.957,20:42:02.640,1045.0,887.0,,,inhale,
68.977,20:42:02.660,1051.0,894.0,,,inhale,
68.997,20:42:02.680,1041.0,891.0,,,inhale,
69.017,20:42:02.700,1045.0,898.0,,,inhale,
69.037,20:42:02.720,1032.0,882.0,,,inhale,
69.057,20:42:02.740,1033.0,885.0,,,inhale,
69.077,20:42:02.760,1017.0,891.0,,,inhale,
69.097,20:42:02.780,1021.0,878.0,,,inhale,
69.117,20:42:02.800,1032.0,878.0,,,inhale,
69.137,20:42:02.820,1017.0,880.0,,,inhale,
69.157,20:42:02.840,1015.0,878.0,,,inhale,
69.177,20:42:02.860,1021.0,878.0,,,inhale,
69.197,20:42:02.880,1017.0,874.0,,,exhale,exhale_onset
69.216,20:42:02.900,1035.0,873.0,,,exhale,
69.237,20:42:02.920,1019.0,878.0,,,exhale,
69.256,20:42:02.940,1012.0,876.0,,,exhale,
69.276,20:42:02.960,1006.0,873.0,,,exhale,
69.296,20:42:02.980,1023.0,875.0,,,exhale,
69.316,20:42:03.000,1015.0,875.0,,,exhale,
69.336,20:42:03.020,1017.0,874.0,,,exhale,
69.356,20:42:03.040,1055.0,880.0,,,exhale,
69.376,20:42:03.059,1035.0,871.0,,,exhale,
69.396,20:42:03.079,1015.0,870.0,,,exhale,
69.416,20:42:03.099,1012.0,873.0,,,exhale,
69.436,20:42:03.119,955.0,872.0,,,exhale,
69.456,20:42:03.139,1017.0,874.0,,,exhale,
69.476,20:42:03.159,1019.0,864.0,,,exhale,
69.496,20:42:03.179,1004.0,874.0,,,exhale,
69.516,20:42:03.199,1017.0,873.0,,,exhale,
69.540,20:42:03.223,1013.0,872.0,,,exhale,
69.556,20:42:03.239,985.0,873.0,,,exhale,
69.576,20:42:03.259,1013.0,872.0,,,exhale,
69.596,20:42:03.279,1013.0,869.0,,,exhale,
69.616,20:42:03.299,1003.0,873.0,,,exhale,
69.636,20:42:03.319,1008.0,869.0,,,exhale,
69.656,20:42:03.339,1007.0,874.0,,,exhale,
69.676,20:42:03.359,1001.0,867.0,,,exhale,
69.696,20:42:03.379,1002.0,867.0,,,exhale,
69.716,20:42:03.399,1146.0,866.0,,,exhale,
69.736,20:42:03.419,1007.0,865.0,,,exhale,
69.756,20:42:03.439,1005.0,861.0,,,exhale,
69.776,20:42:03.459,1000.0,866.0,,,exhale,
69.796,20:42:03.479,1015.0,859.0,,,exhale,
69.816,20:42:03.499,991.0,864.0,,,exhale,
69.836,20:42:03.519,1001.0,865.0,,,exhale,
69.856,20:42:03.539,1002.0,864.0,,,exhale,
69.876,20:42:03.559,999.0,868.0,,,exhale,
69.896,20:42:03.579,999.0,862.0,,,exhale,
69.916,20:42:03.599,990.0,860.0,,,exhale,
69.936,20:42:03.619,1000.0,858.0,,,exhale,
69.955,20:42:03.639,983.0,859.0,,,exhale,
69.976,20:42:03.659,1005.0,860.0,,,exhale,
69.995,20:42:03.679,997.0,858.0,,,exhale,
70.015,20:42:03.699,987.0,853.0,,,exhale,
70.036,20:42:03.719,991.0,856.0,,,exhale,
70.055,20:42:03.739,1006.0,855.0,,,exhale,
70.075,20:42:03.759,985.0,854.0,,,exhale,
70.095,20:42:03.778,995.0,854.0,,,exhale,
70.115,20:42:03.799,991.0,852.0,,,exhale,
70.135,20:42:03.818,985.0,851.0,,,exhale,
70.155,20:42:03.838,990.0,852.0,,,exhale,
70.175,20:42:03.858,987.0,846.0,,,exhale,
70.195,20:42:03.878,985.0,861.0,,,exhale,
70.215,20:42:03.898,998.0,849.0,,,exhale,
70.235,20:42:03.918,985.0,850.0,,,exhale,
70.255,20:42:03.938,985.0,848.0,,,exhale,
70.275,20:42:03.958,989.0,853.0,,,exhale,
70.295,20:42:03.978,985.0,845.0,,,exhale,
70.315,20:42:03.998,987.0,845.0,,,exhale,
70.335,20:42:04.018,990.0,846.0,,,exhale,
70.355,20:42:04.038,984.0,847.0,,,exhale,
70.375,20:42:04.058,973.0,830.0,,,exhale,
70.395,20:42:04.078,979.0,847.0,,,exhale,
70.415,20:42:04.098,984.0,845.0,,,exhale,
70.435,20:42:04.118,983.0,845.0,,,exhale,
70.455,20:42:04.138,979.0,845.0,,,exhale,
70.475,20:42:04.158,979.0,839.0,,,exhale,
70.495,20:42:04.178,975.0,840.0,,,exhale,
70.515,20:42:04.198,979.0,842.0,,,exhale,
70.539,20:42:04.222,975.0,841.0,,,exhale,
70.555,20:42:04.238,974.0,842.0,,,exhale,
70.575,20:42:04.258,973.0,840.0,,,exhale,
70.595,20:42:04.278,979.0,840.0,,,exhale,
70.615,20:42:04.298,975.0,839.0,,,exhale,
70.635,20:42:04.318,973.0,839.0,,,exhale,
70.655,20:42:04.338,995.0,839.0,,,exhale,
70.675,20:42:04.358,971.0,845.0,,,exhale,
70.694,20:42:04.378,972.0,838.0,,,exhale,
70.715,20:42:04.398,980.0,837.0,,,exhale,
70.735,20:42:04.418,973.0,834.0,,,exhale,
70.755,20:42:04.438,971.0,836.0,,,exhale,
70.775,20:42:04.458,967.0,838.0,,,exhale,
70.794,20:42:04.478,969.0,834.0,,,exhale,
70.815,20:42:04.498,970.0,833.0,,,exhale,
70.834,20:42:04.518,984.0,836.0,,,exhale,
70.854,20:42:04.538,955.0,836.0,,,exhale,
70.874,20:42:04.558,967.0,834.0,,,exhale,
70.894,20:42:04.577,988.0,845.0,,,exhale,
70.914,20:42:04.598,959.0,830.0,,,exhale,
70.934,20:42:04.617,964.0,823.0,,,exhale,
70.954,20:42:04.637,973.0,828.0,,,exhale,
70.974,20:42:04.657,959.0,836.0,,,exhale,
70.994,20:42:04.677,960.0,830.0,,,exhale,
71.014,20:42:04.697,965.0,830.0,,,exhale,
71.034,20:42:04.718,959.0,828.0,,,exhale,
71.054,20:42:04.737,971.0,831.0,,,exhale,
71.074,20:42:04.757,951.0,827.0,,,exhale,
71.094,20:42:04.777,971.0,829.0,,,exhale,
71.114,20:42:04.797,957.0,825.0,,,exhale,
71.134,20:42:04.817,969.0,829.0,,,exhale,
71.154,20:42:04.837,956.0,829.0,,,exhale,
71.174,20:42:04.857,959.0,816.0,,,exhale,
71.194,20:42:04.877,966.0,831.0,,,exhale,
71.214,20:42:04.897,965.0,830.0,,,exhale,
71.234,20:42:04.917,967.0,845.0,,,exhale,
71.254,20:42:04.937,969.0,839.0,,,exhale,
71.274,20:42:04.957,979.0,844.0,,,exhale,
71.294,20:42:04.977,970.0,844.0,,,exhale,
71.314,20:42:04.997,969.0,822.0,,,exhale,
71.334,20:42:05.017,979.0,828.0,,,exhale,
71.354,20:42:05.037,941.0,844.0,,,inhale,inhale_onset
71.374,20:42:05.057,987.0,849.0,,,inhale,
71.394,20:42:05.077,982.0,845.0,,,inhale,
71.414,20:42:05.097,988.0,846.0,,,inhale,
71.445,20:42:05.128,989.0,850.0,,,inhale,
71.457,20:42:05.140,995.0,842.0,,,inhale,
71.474,20:42:05.157,985.0,855.0,,,inhale,
71.494,20:42:05.177,985.0,857.0,,,inhale,
71.513,20:42:05.197,990.0,860.0,,,inhale,
71.537,20:42:05.220,1003.0,859.0,,,inhale,
71.553,20:42:05.237,999.0,862.0,,,inhale,
71.573,20:42:05.257,997.0,862.0,,,inhale,
71.594,20:42:05.277,1001.0,866.0,,,inhale,
71.614,20:42:05.297,999.0,862.0,,,inhale,
71.634,20:42:05.317,1007.0,867.0,,,inhale,
71.654,20:42:05.337,1007.0,867.0,,,inhale,
71.673,20:42:05.357,1015.0,869.0,,,inhale,
71.694,20:42:05.377,1005.0,873.0,,,inhale,
71.714,20:42:05.397,1003.0,871.0,,,inhale,
71.734,20:42:05.417,1011.0,873.0,,,inhale,
71.753,20:42:05.436,1011.0,875.0,,,inhale,
71.773,20:42:05.457,1012.0,871.0,,,inhale,
71.793,20:42:05.477,1019.0,874.0,,,inhale,
71.813,20:42:05.497,1012.0,873.0,,,inhale,
71.833,20:42:05.517,1019.0,877.0,,,inhale,
71.853,20:42:05.537,1021.0,883.0,,,inhale,
71.873,20:42:05.557,1013.0,893.0,,,inhale,
71.893,20:42:05.577,1030.0,878.0,,,inhale,
71.913,20:42:05.596,1033.0,879.0,,,inhale,
71.933,20:42:05.616,1033.0,884.0,,,inhale,
71.953,20:42:05.636,1049.0,880.0,,,inhale,
71.973,20:42:05.656,1031.0,882.0,,,inhale,
71.993,20:42:05.676,1018.0,884.0,,,inhale,
72.013,20:42:05.696,1023.0,885.0,,,inhale,
72.033,20:42:05.716,1021.0,886.0,,,inhale,
72.053,20:42:05.736,1035.0,890.0,,,inhale,
72.073,20:42:05.756,1041.0,886.0,,,inhale,
72.093,20:42:05.776,1039.0,887.0,,,inhale,
72.113,20:42:05.796,1041.0,896.0,,,inhale,
72.133,20:42:05.816,1035.0,892.0,,,inhale,
72.153,20:42:05.836,1031.0,895.0,,,inhale,
72.173,20:42:05.856,1047.0,892.0,,,inhale,
72.193,20:42:05.876,1041.0,895.0,,,inhale,
72.213,20:42:05.896,1043.0,891.0,,,inhale,
72.233,20:42:05.916,1035.0,891.0,,,inhale,
72.253,20:42:05.936,1044.0,893.0,,,inhale,
72.273,20:42:05.956,1035.0,891.0,,,inhale,
72.293,20:42:05.976,1035.0,893.0,,,inhale,
72.313,20:42:05.996,1022.0,883.0,,,inhale,
72.333,20:42:06.016,1020.0,882.0,,,inhale,
72.353,20:42:06.036,1021.0,884.0,,,inhale,
72.373,20:42:06.056,1033.0,877.0,,,inhale,
72.393,20:42:06.076,1020.0,879.0,,,inhale,
72.413,20:42:06.096,1015.0,879.0,,,inhale,
72.433,20:42:06.116,1029.0,870.0,,,inhale,
72.453,20:42:06.136,1016.0,873.0,,,inhale,
72.473,20:42:06.156,1017.0,876.0,,,inhale,
72.493,20:42:06.176,1017.0,876.0,,,inhale,
72.513,20:42:06.196,1014.0,872.0,,,inhale,
72.536,20:42:06.219,1015.0,872.0,,,inhale,
72.552,20:42:06.236,1023.0,875.0,,,inhale,
72.572,20:42:06.256,1011.0,866.0,,,exhale,exhale_onset
72.592,20:42:06.276,1004.0,873.0,,,exhale,
72.612,20:42:06.295,1179.0,861.0,,,exhale,
72.632,20:42:06.316,1019.0,872.0,,,exhale,
72.652,20:42:06.335,1015.0,872.0,,,exhale,
72.672,20:42:06.355,1007.0,878.0,,,exhale,
72.692,20:42:06.376,1015.0,876.0,,,exhale,
72.712,20:42:06.395,1006.0,874.0,,,exhale,
72.733,20:42:06.416,1019.0,875.0,,,exhale,
72.752,20:42:06.435,1012.0,873.0,,,exhale,
72.772,20:42:06.456,1009.0,875.0,,,exhale,
72.792,20:42:06.475,1013.0,872.0,,,exhale,
72.812,20:42:06.496,1019.0,877.0,,,exhale,
72.832,20:42:06.515,1017.0,861.0,,,exhale,
72.852,20:42:06.535,1006.0,877.0,,,exhale,
72.872,20:42:06.555,1015.0,869.0,,,exhale,
72.892,20:42:06.575,1008.0,869.0,,,exhale,
72.912,20:42:06.595,1015.0,867.0,,,exhale,
72.932,20:42:06.615,1011.0,865.0,,,exhale,
72.952,20:42:06.635,1006.0,868.0,,,exhale,
72.972,20:42:06.655,1008.0,867.0,,,exhale,
72.992,20:42:06.675,1001.0,872.0,,,exhale,
73.013,20:42:06.696,1013.0,869.0,,,exhale,
73.032,20:42:06.715,1005.0,863.0,,,exhale,
73.052,20:42:06.735,981.0,866.0,,,exhale,
73.072,20:42:06.755,1000.0,863.0,,,exhale,
73.092,20:42:06.775,1003.0,864.0,,,exhale,
73.112,20:42:06.795,1005.0,876.0,,,exhale,
73.132,20:42:06.815,1004.0,861.0,,,exhale,
73.152,20:42:06.835,1004.0,861.0,,,exhale,
73.172,20:42:06.855,999.0,850.0,,,exhale,
73.192,20:42:06.875,991.0,856.0,,,exhale,
73.212,20:42:06.895,997.0,862.0,,,exhale,
73.232,20:42:06.915,999.0,856.0,,,exhale,
73.252,20:42:06.935,995.0,856.0,,,exhale,
73.272,20:42:06.955,994.0,854.0,,,exhale,
73.292,20:42:06.975,991.0,856.0,,,exhale,
73.312,20:42:06.995,995.0,853.0,,,exhale,
73.332,20:42:07.015,990.0,852.0,,,exhale,
73.352,20:42:07.035,989.0,853.0,,,exhale,
73.372,20:42:07.055,987.0,853.0,,,exhale,
73.392,20:42:07.075,989.0,851.0,,,exhale,
73.412,20:42:07.095,983.0,839.0,,,exhale,
73.432,20:42:07.115,985.0,850.0,,,exhale,
73.451,20:42:07.135,985.0,848.0,,,exhale,
73.472,20:42:07.155,997.0,848.0,,,exhale,
73.492,20:42:07.175,987.0,849.0,,,exhale,
73.512,20:42:07.195,983.0,840.0,,,exhale,
73.535,20:42:07.218,984.0,849.0,,,exhale,
73.551,20:42:07.235,982.0,842.0,,,exhale,
73.571,20:42:07.255,979.0,843.0,,,exhale,
73.591,20:42:07.274,984.0,848.0,,,exhale,
73.611,20:42:07.295,974.0,844.0,,,exhale,
73.632,20:42:07.315,975.0,844.0,,,exhale,
73.651,20:42:07.334,978.0,844.0,,,exhale,
73.671,20:42:07.354,979.0,845.0,,,exhale,
73.691,20:42:07.374,979.0,843.0,,,exhale,
73.711,20:42:07.394,985.0,841.0,,,exhale,
73.731,20:42:07.415,979.0,842.0,,,exhale,
73.751,20:42:07.434,981.0,844.0,,,exhale,
73.771,20:42:07.454,974.0,840.0,,,exhale,
73.791,20:42:07.474,975.0,839.0,,,exhale,
73.811,20:42:07.494,972.0,834.0,,,exhale,
73.831,20:42:07.514,969.0,838.0,,,exhale,
73.851,20:42:07.534,981.0,838.0,,,exhale,
73.871,20:42:07.554,969.0,837.0,,,exhale,
73.891,20:42:07.574,967.0,832.0,,,exhale,
73.911,20:42:07.594,970.0,835.0,,,exhale,
73.931,20:42:07.614,970.0,838.0,,,exhale,
73.951,20:42:07.634,978.0,839.0,,,exhale,
73.971,20:42:07.654,971.0,839.0,,,exhale,
73.991,20:42:07.674,973.0,839.0,,,exhale,
74.011,20:42:07.694,972.0,838.0,,,exhale,
74.031,20:42:07.714,971.0,835.0,,,exhale,
74.051,20:42:07.734,967.0,837.0,,,exhale,
74.071,20:42:07.754,979.0,835.0,,,exhale,
74.091,20:42:07.774,969.0,836.0,,,exhale,
74.111,20:42:07.794,969.0,836.0,,,exhale,
74.131,20:42:07.814,968.0,835.0,,,exhale,
74.151,20:42:07.834,972.0,825.0,,,exhale,
74.171,20:42:07.854,967.0,833.0,,,exhale,
74.191,20:42:07.874,968.0,834.0,,,exhale,
74.211,20:42:07.894,958.0,829.0,,,exhale,
74.231,20:42:07.914,956.0,833.0,,,exhale,
74.251,20:42:07.934,967.0,837.0,,,exhale,
74.271,20:42:07.954,963.0,831.0,,,exhale,
74.291,20:42:07.974,959.0,827.0,,,exhale,
74.311,20:42:07.994,969.0,829.0,,,exhale,
74.331,20:42:08.014,965.0,829.0,,,exhale,
74.351,20:42:08.034,956.0,827.0,,,exhale,
74.371,20:42:08.054,965.0,828.0,,,exhale,
74.391,20:42:08.074,959.0,827.0,,,exhale,
74.411,20:42:08.094,965.0,830.0,,,exhale,
74.431,20:42:08.114,965.0,827.0,,,exhale,
74.451,20:42:08.134,971.0,838.0,,,exhale,
74.471,20:42:08.154,973.0,832.0,,,exhale,
74.491,20:42:08.174,967.0,833.0,,,exhale,
74.511,20:42:08.194,981.0,833.0,,,exhale,
74.535,20:42:08.218,971.0,836.0,,,exhale,
74.550,20:42:08.233,978.0,842.0,,,exhale,
74.571,20:42:08.254,979.0,840.0,,,inhale,inhale_onset
74.591,20:42:08.274,978.0,845.0,,,inhale,
74.611,20:42:08.294,981.0,843.0,,,inhale,
74.631,20:42:08.314,983.0,846.0,,,inhale,
74.650,20:42:08.334,983.0,844.0,,,inhale,
74.670,20:42:08.353,989.0,849.0,,,inhale,
74.690,20:42:08.374,990.0,850.0,,,inhale,
74.711,20:42:08.394,986.0,852.0,,,inhale,
74.730,20:42:08.413,995.0,855.0,,,inhale,
74.750,20:42:08.433,997.0,862.0,,,inhale,
74.770,20:42:08.454,1000.0,858.0,,,inhale,
74.790,20:42:08.473,996.0,859.0,,,inhale,
74.810,20:42:08.493,993.0,857.0,,,inhale,
74.830,20:42:08.513,996.0,864.0,,,inhale,
74.850,20:42:08.533,998.0,861.0,,,inhale,
74.870,20:42:08.553,1002.0,860.0,,,inhale,
74.890,20:42:08.574,1000.0,862.0,,,inhale,
74.910,20:42:08.593,995.0,860.0,,,inhale,
74.930,20:42:08.613,995.0,868.0,,,inhale,
74.950,20:42:08.633,999.0,856.0,,,inhale,
74.970,20:42:08.653,1011.0,856.0,,,inhale,
74.990,20:42:08.673,991.0,864.0,,,inhale,
75.010,20:42:08.693,1005.0,864.0,,,inhale,
75.030,20:42:08.713,1005.0,866.0,,,inhale,
75.050,20:42:08.733,997.0,869.0,,,inhale,
75.070,20:42:08.753,1015.0,872.0,,,inhale,
75.090,20:42:08.773,1001.0,873.0,,,inhale,
75.110,20:42:08.793,1002.0,865.0,,,inhale,
75.130,20:42:08.813,1002.0,867.0,,,inhale,
75.150,20:42:08.833,1019.0,869.0,,,inhale,
75.170,20:42:08.853,1012.0,877.0,,,inhale,
75.190,20:42:08.873,1008.0,871.0,,,inhale,
75.210,20:42:08.893,1011.0,868.0,,,inhale,
75.230,20:42:08.913,1019.0,870.0,,,inhale,
75.250,20:42:08.933,1013.0,873.0,,,inhale,
75.270,20:42:08.953,1010.0,872.0,,,inhale,
75.290,20:42:08.973,1014.0,873.0,,,inhale,
75.310,20:42:08.993,1015.0,874.0,,,inhale,
75.330,20:42:09.013,1013.0,875.0,,,inhale,
75.350,20:42:09.033,1023.0,875.0,,,inhale,
75.370,20:42:09.053,1019.0,877.0,,,inhale,
75.390,20:42:09.073,1021.0,882.0,,,inhale,
75.415,20:42:09.098,1033.0,876.0,,,inhale,
75.432,20:42:09.115,1019.0,877.0,,,inhale,
75.450,20:42:09.133,1017.0,870.0,,,inhale,
75.470,20:42:09.153,1020.0,878.0,,,inhale,
75.490,20:42:09.173,1023.0,878.0,,,inhale,
75.510,20:42:09.193,1013.0,881.0,,,inhale,
75.533,20:42:09.216,1017.0,879.0,,,inhale,
75.550,20:42:09.233,1018.0,881.0,,,inhale,
75.570,20:42:09.253,1035.0,879.0,,,inhale,
75.590,20:42:09.273,1021.0,874.0,,,inhale,
75.610,20:42:09.293,1019.0,875.0,,,inhale,
75.630,20:42:09.313,1019.0,874.0,,,inhale,
75.650,20:42:09.333,1007.0,876.0,,,inhale,
75.670,20:42:09.353,1023.0,871.0,,,inhale,
75.690,20:42:09.373,1023.0,871.0,,,inhale,
75.710,20:42:09.393,1019.0,870.0,,,inhale,
75.730,20:42:09.413,1021.0,869.0,,,inhale,
75.749,20:42:09.432,1015.0,871.0,,,inhale,
75.769,20:42:09.453,1012.0,861.0,,,inhale,
75.789,20:42:09.473,1004.0,865.0,,,inhale,
75.809,20:42:09.493,1011.0,870.0,,,inhale,
75.829,20:42:09.513,935.0,867.0,,,exhale,exhale_onset
75.849,20:42:09.533,1017.0,869.0,,,exhale,
75.869,20:42:09.552,1014.0,867.0,,,exhale,
75.889,20:42:09.572,1005.0,863.0,,,exhale,
75.909,20:42:09.592,999.0,860.0,,,exhale,
75.929,20:42:09.613,1001.0,864.0,,,exhale,
75.949,20:42:09.632,1003.0,865.0,,,exhale,
75.969,20:42:09.652,995.0,863.0,,,exhale,
75.989,20:42:09.672,1005.0,865.0,,,exhale,
76.009,20:42:09.692,999.0,864.0,,,exhale,
76.029,20:42:09.712,1005.0,865.0,,,exhale,
76.049,20:42:09.732,1005.0,864.0,,,exhale,
76.069,20:42:09.752,1003.0,869.0,,,exhale,
76.089,20:42:09.772,1002.0,873.0,,,exhale,
76.110,20:42:09.793,1013.0,864.0,,,exhale,
76.129,20:42:09.812,1013.0,866.0,,,exhale,
76.149,20:42:09.832,1003.0,865.0,,,exhale,
76.169,20:42:09.852,999.0,860.0,,,exhale,
76.189,20:42:09.872,1005.0,864.0,,,exhale,
76.209,20:42:09.892,1003.0,864.0,,,exhale,
76.229,20:42:09.912,1012.0,860.0,,,exhale,
76.249,20:42:09.932,999.0,861.0,,,exhale,
76.269,20:42:09.952,1011.0,861.0,,,exhale,
76.289,20:42:09.972,1005.0,859.0,,,exhale,
76.309,20:42:09.992,997.0,862.0,,,exhale,
76.329,20:42:10.012,968.0,863.0,,,exhale,
76.349,20:42:10.032,1001.0,862.0,,,exhale,
76.369,20:42:10.052,999.0,860.0,,,exhale,
76.389,20:42:10.072,998.0,862.0,,,exhale,
76.409,20:42:10.092,999.0,860.0,,,exhale,
76.429,20:42:10.112,995.0,858.0,,,exhale,
76.449,20:42:10.132,1005.0,863.0,,,exhale,
76.469,20:42:10.152,989.0,853.0,,,exhale,
76.489,20:42:10.172,997.0,859.0,,,exhale,
76.509,20:42:10.192,999.0,866.0,,,exhale,
76.533,20:42:10.216,998.0,858.0,,,exhale,
76.549,20:42:10.232,1000.0,868.0,,,exhale,
76.569,20:42:10.252,987.0,857.0,,,exhale,
76.589,20:42:10.272,1005.0,855.0,,,exhale,
76.609,20:42:10.292,1011.0,870.0,,,exhale,
76.629,20:42:10.312,999.0,855.0,,,exhale,
76.649,20:42:10.332,997.0,850.0,,,exhale,
76.669,20:42:10.352,979.0,852.0,,,exhale,
76.689,20:42:10.372,1000.0,848.0,,,exhale,
76.709,20:42:10.392,987.0,855.0,,,exhale,
76.729,20:42:10.412,995.0,849.0,,,exhale,
76.748,20:42:10.432,989.0,849.0,,,exhale,
76.769,20:42:10.452,999.0,848.0,,,exhale,
76.789,20:42:10.472,986.0,851.0,,,exhale,
76.809,20:42:10.492,983.0,847.0,,,exhale,
76.829,20:42:10.512,1097.0,844.0,,,exhale,
76.848,20:42:10.532,981.0,847.0,,,exhale,
76.868,20:42:10.552,981.0,847.0,,,exhale,
76.888,20:42:10.571,979.0,843.0,,,exhale,
76.908,20:42:10.592,985.0,844.0,,,exhale,
76.928,20:42:10.612,989.0,844.0,,,exhale,
76.948,20:42:10.631,973.0,845.0,,,exhale,
76.968,20:42:10.652,972.0,842.0,,,exhale,
76.988,20:42:10.671,979.0,842.0,,,exhale,
77.008,20:42:10.692,975.0,852.0,,,exhale,
77.028,20:42:10.711,981.0,841.0,,,exhale,
77.048,20:42:10.731,979.0,837.0,,,exhale,
77.068,20:42:10.751,978.0,840.0,,,exhale,
77.088,20:42:10.771,975.0,840.0,,,exhale,
77.108,20:42:10.791,969.0,847.0,,,exhale,
77.128,20:42:10.811,980.0,841.0,,,exhale,
77.148,20:42:10.831,975.0,840.0,,,exhale,
77.168,20:42:10.851,980.0,835.0,,,exhale,
77.188,20:42:10.871,971.0,839.0,,,exhale,
77.208,20:42:10.891,971.0,836.0,,,exhale,
77.228,20:42:10.911,969.0,846.0,,,exhale,
77.248,20:42:10.931,967.0,832.0,,,exhale,
77.268,20:42:10.951,972.0,839.0,,,exhale,
77.288,20:42:10.971,999.0,835.0,,,exhale,
77.308,20:42:10.991,968.0,833.0,,,exhale,
77.328,20:42:11.011,965.0,834.0,,,exhale,
77.348,20:42:11.031,959.0,832.0,,,exhale,
77.368,20:42:11.051,973.0,830.0,,,exhale,
77.388,20:42:11.071,969.0,834.0,,,exhale,
77.408,20:42:11.091,967.0,828.0,,,exhale,
77.428,20:42:11.111,967.0,832.0,,,exhale,
77.448,20:42:11.131,972.0,829.0,,,exhale,
77.468,20:42:11.151,967.0,829.0,,,exhale,
77.488,20:42:11.171,969.0,830.0,,,exhale,
77.508,20:42:11.191,965.0,827.0,,,exhale,
77.531,20:42:11.215,955.0,830.0,,,exhale,
77.548,20:42:11.231,957.0,829.0,,,exhale,
77.568,20:42:11.251,957.0,828.0,,,exhale,
77.588,20:42:11.271,965.0,823.0,,,exhale,
77.608,20:42:11.291,970.0,829.0,,,exhale,
77.628,20:42:11.311,960.0,829.0,,,exhale,
77.648,20:42:11.331,953.0,826.0,,,exhale,
77.668,20:42:11.351,966.0,827.0,,,exhale,
77.688,20:42:11.371,959.0,819.0,,,exhale,
77.708,20:42:11.391,959.0,812.0,,,exhale,
77.728,20:42:11.411,965.0,824.0,,,exhale,
77.748,20:42:11.431,955.0,819.0,,,exhale,
77.768,20:42:11.451,955.0,825.0,,,exhale,
77.788,20:42:11.471,959.0,819.0,,,exhale,
77.808,20:42:11.491,958.0,826.0,,,exhale,
77.828,20:42:11.511,955.0,831.0,,,exhale,
77.848,20:42:11.531,957.0,831.0,,,exhale,
77.868,20:42:11.551,969.0,831.0,,,exhale,
77.888,20:42:11.571,967.0,834.0,,,exhale,
77.908,20:42:11.591,967.0,834.0,,,exhale,
77.928,20:42:11.611,973.0,841.0,,,exhale,
77.947,20:42:11.631,968.0,833.0,,,exhale,
77.968,20:42:11.651,973.0,838.0,,,exhale,
77.988,20:42:11.671,974.0,838.0,,,inhale,inhale_onset
78.007,20:42:11.691,975.0,840.0,,,inhale,
78.028,20:42:11.711,980.0,837.0,,,inhale,
78.047,20:42:11.731,974.0,843.0,,,inhale,
78.067,20:42:11.751,979.0,844.0,,,inhale,
78.087,20:42:11.771,981.0,847.0,,,inhale,
78.107,20:42:11.790,979.0,845.0,,,inhale,
78.127,20:42:11.811,987.0,853.0,,,inhale,
78.147,20:42:11.831,994.0,853.0,,,inhale,
78.167,20:42:11.850,991.0,855.0,,,inhale,
78.187,20:42:11.871,998.0,858.0,,,inhale,
78.207,20:42:11.891,1003.0,859.0,,,inhale,
78.227,20:42:11.911,999.0,867.0,,,inhale,
78.247,20:42:11.931,1006.0,864.0,,,inhale,
78.268,20:42:11.951,1015.0,854.0,,,inhale,
78.287,20:42:11.971,1007.0,865.0,,,inhale,
78.307,20:42:11.991,1000.0,864.0,,,inhale,
78.327,20:42:12.011,1019.0,867.0,,,inhale,
78.347,20:42:12.030,1007.0,873.0,,,inhale,
78.367,20:42:12.050,1006.0,870.0,,,inhale,
78.387,20:42:12.070,1012.0,871.0,,,inhale,
78.407,20:42:12.090,1011.0,869.0,,,inhale,
78.427,20:42:12.110,1019.0,873.0,,,inhale,
78.447,20:42:12.130,1029.0,876.0,,,inhale,
78.467,20:42:12.150,1012.0,875.0,,,inhale,
78.487,20:42:12.170,1017.0,869.0,,,inhale,
78.507,20:42:12.190,1015.0,882.0,,,inhale,
78.531,20:42:12.214,1023.0,874.0,,,inhale,
78.547,20:42:12.230,1017.0,878.0,,,inhale,
78.567,20:42:12.250,1019.0,887.0,,,inhale,
78.587,20:42:12.270,1023.0,882.0,,,inhale,
78.607,20:42:12.290,1035.0,884.0,,,inhale,
78.627,20:42:12.310,1021.0,888.0,,,inhale,
78.647,20:42:12.330,1033.0,895.0,,,inhale,
78.667,20:42:12.350,1039.0,893.0,,,inhale,
78.687,20:42:12.370,1035.0,900.0,,,inhale,
78.707,20:42:12.390,1041.0,901.0,,,inhale,
78.727,20:42:12.410,1043.0,898.0,,,inhale,
78.747,20:42:12.430,1020.0,897.0,,,inhale,
78.767,20:42:12.450,1051.0,900.0,,,inhale,
78.787,20:42:12.470,1047.0,897.0,,,inhale,
78.807,20:42:12.490,1048.0,898.0,,,inhale,
78.827,20:42:12.510,1047.0,898.0,,,inhale,
78.847,20:42:12.530,1046.0,896.0,,,inhale,
78.867,20:42:12.550,1049.0,899.0,,,inhale,
78.887,20:42:12.570,1041.0,896.0,,,inhale,
78.907,20:42:12.590,1045.0,900.0,,,inhale,
78.927,20:42:12.610,1051.0,907.0,,,inhale,
78.947,20:42:12.630,1053.0,903.0,,,inhale,
78.967,20:42:12.650,948.0,907.0,,,inhale,
78.987,20:42:12.670,1055.0,912.0,,,inhale,
79.012,20:42:12.695,1051.0,910.0,,,inhale,
79.031,20:42:12.714,1059.0,908.0,,,inhale,
79.047,20:42:12.730,1052.0,920.0,,,inhale,
79.067,20:42:12.750,1051.0,916.0,,,inhale,
79.087,20:42:12.770,1048.0,903.0,,,inhale,
79.107,20:42:12.790,1049.0,903.0,,,inhale,
79.127,20:42:12.810,1035.0,906.0,,,inhale,
79.147,20:42:12.830,1039.0,901.0,,,inhale,
79.167,20:42:12.850,1039.0,898.0,,,inhale,
79.187,20:42:12.870,1042.0,898.0,,,inhale,
79.207,20:42:12.890,1032.0,903.0,,,inhale,
79.227,20:42:12.910,1047.0,894.0,,,inhale,
79.247,20:42:12.930,1041.0,896.0,,,inhale,
79.267,20:42:12.950,1044.0,893.0,,,inhale,
79.287,20:42:12.970,1041.0,890.0,,,inhale,
79.307,20:42:12.990,1042.0,893.0,,,inhale,
79.327,20:42:13.010,1043.0,885.0,,,exhale,exhale_onset
79.347,20:42:13.030,1041.0,887.0,,,exhale,
79.367,20:42:13.050,1031.0,887.0,,,exhale,
79.387,20:42:13.070,1017.0,887.0,,,exhale,
79.407,20:42:13.090,1031.0,887.0,,,exhale,
79.427,20:42:13.110,1031.0,881.0,,,exhale,
79.446,20:42:13.130,1033.0,880.0,,,exhale,
79.467,20:42:13.150,1019.0,883.0,,,exhale,
79.487,20:42:13.170,1035.0,882.0,,,exhale,
79.507,20:42:13.190,1014.0,880.0,,,exhale,
79.531,20:42:13.214,1032.0,878.0,,,exhale,
79.546,20:42:13.230,1017.0,883.0,,,exhale,
79.566,20:42:13.250,1021.0,878.0,,,exhale,
79.587,20:42:13.270,1301.0,877.0,,,exhale,
79.607,20:42:13.290,1015.0,873.0,,,exhale,
79.626,20:42:13.310,1019.0,878.0,,,exhale,
79.646,20:42:13.330,1021.0,879.0,,,exhale,
79.666,20:42:13.349,1019.0,878.0,,,exhale,
79.686,20:42:13.370,1021.0,879.0,,,exhale,
79.706,20:42:13.390,1033.0,877.0,,,exhale,
79.726,20:42:13.409,1031.0,873.0,,,exhale,
79.746,20:42:13.429,1019.0,876.0,,,exhale,
79.766,20:42:13.449,1015.0,887.0,,,exhale,
79.786,20:42:13.469,1019.0,877.0,,,exhale,
79.806,20:42:13.489,1033.0,880.0,,,exhale,
79.826,20:42:13.509,1001.0,875.0,,,exhale,
79.846,20:42:13.529,1007.0,874.0,,,exhale,
79.866,20:42:13.549,1019.0,875.0,,,exhale,
79.886,20:42:13.569,1017.0,877.0,,,exhale,
79.906,20:42:13.589,1023.0,877.0,,,exhale,
79.926,20:42:13.609,1013.0,874.0,,,exhale,
79.946,20:42:13.629,1015.0,875.0,,,exhale,
79.966,20:42:13.649,1108.0,869.0,,,exhale,
79.986,20:42:13.669,998.0,867.0,,,exhale,
80.006,20:42:13.690,1031.0,868.0,,,exhale,
80.026,20:42:13.709,1002.0,865.0,,,exhale,
80.046,20:42:13.729,1013.0,868.0,,,exhale,
80.066,20:42:13.749,1011.0,864.0,,,exhale,
80.086,20:42:13.769,990.0,875.0,,,exhale,
80.106,20:42:13.789,1001.0,865.0,,,exhale,
80.126,20:42:13.809,999.0,863.0,,,exhale,
80.146,20:42:13.829,1002.0,863.0,,,exhale,
80.166,20:42:13.849,1003.0,861.0,,,exhale,
80.186,20:42:13.869,995.0,860.0,,,exhale,
80.206,20:42:13.889,999.0,860.0,,,exhale,
80.226,20:42:13.909,994.0,845.0,,,exhale,
80.246,20:42:13.929,999.0,858.0,,,exhale,
80.266,20:42:13.949,989.0,855.0,,,exhale,
80.286,20:42:13.969,1003.0,856.0,,,exhale,
80.306,20:42:13.989,959.0,852.0,,,exhale,
80.326,20:42:14.009,987.0,852.0,,,exhale,
80.346,20:42:14.029,989.0,854.0,,,exhale,
80.366,20:42:14.049,987.0,853.0,,,exhale,
80.386,20:42:14.069,991.0,851.0,,,exhale,
80.406,20:42:14.089,989.0,847.0,,,exhale,
80.426,20:42:14.109,985.0,846.0,,,exhale,
80.446,20:42:14.129,981.0,848.0,,,exhale,
80.466,20:42:14.149,985.0,852.0,,,exhale,
80.486,20:42:14.169,985.0,845.0,,,exhale,
80.506,20:42:14.189,989.0,846.0,,,exhale,
80.530,20:42:14.213,981.0,845.0,,,exhale,
80.546,20:42:14.229,981.0,846.0,,,exhale,
80.566,20:42:14.249,969.0,845.0,,,exhale,
80.586,20:42:14.269,985.0,843.0,,,exhale,
80.606,20:42:14.289,973.0,845.0,,,exhale,
80.626,20:42:14.309,987.0,842.0,,,exhale,
80.646,20:42:14.329,979.0,849.0,,,exhale,
80.666,20:42:14.349,973.0,842.0,,,exhale,
80.686,20:42:14.369,975.0,839.0,,,exhale,
80.706,20:42:14.389,975.0,839.0,,,exhale,
80.726,20:42:14.409,986.0,839.0,,,exhale,
80.746,20:42:14.429,971.0,837.0,,,exhale,
80.766,20:42:14.449,970.0,845.0,,,exhale,
80.786,20:42:14.469,977.0,834.0,,,exhale,
80.806,20:42:14.489,957.0,840.0,,,exhale,
80.826,20:42:14.509,971.0,838.0,,,exhale,
80.845,20:42:14.529,971.0,852.0,,,exhale,
80.865,20:42:14.549,969.0,845.0,,,exhale,
80.885,20:42:14.569,973.0,824.0,,,exhale,
80.905,20:42:14.589,971.0,837.0,,,exhale,
80.926,20:42:14.609,981.0,836.0,,,exhale,
80.945,20:42:14.629,974.0,836.0,,,exhale,
80.966,20:42:14.649,969.0,836.0,,,exhale,
80.985,20:42:14.668,970.0,842.0,,,exhale,
81.005,20:42:14.689,967.0,833.0,,,exhale,
81.027,20:42:14.710,874.0,838.0,,,exhale,
81.045,20:42:14.729,971.0,834.0,,,exhale,
81.065,20:42:14.749,966.0,833.0,,,exhale,
81.085,20:42:14.769,975.0,835.0,,,exhale,
81.105,20:42:14.788,965.0,830.0,,,exhale,
81.125,20:42:14.809,969.0,830.0,,,exhale,
81.145,20:42:14.829,964.0,834.0,,,exhale,
81.165,20:42:14.849,1117.0,831.0,,,exhale,
81.185,20:42:14.869,951.0,841.0,,,exhale,
81.205,20:42:14.889,971.0,834.0,,,exhale,
81.225,20:42:14.908,969.0,830.0,,,exhale,
81.245,20:42:14.929,980.0,830.0,,,exhale,
81.265,20:42:14.948,974.0,832.0,,,exhale,
81.285,20:42:14.968,957.0,839.0,,,exhale,
81.305,20:42:14.988,965.0,815.0,,,exhale,
81.325,20:42:15.008,960.0,827.0,,,exhale,
81.345,20:42:15.028,956.0,825.0,,,exhale,
81.365,20:42:15.048,966.0,826.0,,,exhale,
81.385,20:42:15.068,954.0,829.0,,,exhale,
81.405,20:42:15.088,965.0,826.0,,,exhale,
81.425,20:42:15.108,965.0,834.0,,,exhale,
81.445,20:42:15.128,965.0,820.0,,,exhale,
81.465,20:42:15.148,969.0,836.0,,,exhale,
81.485,20:42:15.168,957.0,833.0,,,exhale,
81.506,20:42:15.189,970.0,832.0,,,exhale,
81.529,20:42:15.212,979.0,833.0,,,exhale,
81.545,20:42:15.228,971.0,837.0,,,exhale,
81.565,20:42:15.248,973.0,837.0,,,exhale,
81.585,20:42:15.268,1017.0,840.0,,,inhale,inhale_onset
81.605,20:42:15.288,973.0,840.0,,,inhale,
81.625,20:42:15.308,975.0,840.0,,,inhale,
81.645,20:42:15.328,979.0,845.0,,,inhale,
81.665,20:42:15.348,978.0,846.0,,,inhale,
81.685,20:42:15.368,985.0,851.0,,,inhale,
81.705,20:42:15.388,981.0,846.0,,,inhale,
81.725,20:42:15.408,999.0,851.0,,,inhale,
81.745,20:42:15.428,998.0,850.0,,,inhale,
81.765,20:42:15.448,984.0,856.0,,,inhale,
81.785,20:42:15.468,984.0,850.0,,,inhale,
81.805,20:42:15.488,999.0,853.0,,,inhale,
81.825,20:42:15.508,1118.0,854.0,,,inhale,
81.845,20:42:15.528,990.0,855.0,,,inhale,
81.865,20:42:15.548,989.0,859.0,,,inhale,
81.885,20:42:15.568,1000.0,854.0,,,inhale,
81.905,20:42:15.588,1007.0,860.0,,,inhale,
81.925,20:42:15.608,1005.0,861.0,,,inhale,
81.945,20:42:15.628,1019.0,862.0,,,inhale,
81.965,20:42:15.648,1003.0,865.0,,,inhale,
81.985,20:42:15.668,1005.0,860.0,,,inhale,
82.005,20:42:15.688,1005.0,864.0,,,inhale,
82.025,20:42:15.708,1001.0,864.0,,,inhale,
82.045,20:42:15.728,1000.0,864.0,,,inhale,
82.065,20:42:15.748,1011.0,867.0,,,inhale,
82.085,20:42:15.768,1032.0,863.0,,,inhale,
82.105,20:42:15.788,1003.0,874.0,,,inhale,
82.125,20:42:15.808,1003.0,869.0,,,inhale,
82.145,20:42:15.828,1011.0,863.0,,,inhale,
82.165,20:42:15.848,1021.0,870.0,,,inhale,
82.185,20:42:15.868,1013.0,872.0,,,inhale,
82.205,20:42:15.888,1019.0,859.0,,,inhale,
82.225,20:42:15.908,1012.0,871.0,,,inhale,
82.245,20:42:15.928,1007.0,870.0,,,inhale,
82.265,20:42:15.948,1012.0,874.0,,,inhale,
82.285,20:42:15.968,1022.0,874.0,,,inhale,
82.305,20:42:15.988,1005.0,871.0,,,inhale,
82.325,20:42:16.008,1019.0,875.0,,,inhale,
82.345,20:42:16.028,1017.0,879.0,,,inhale,
82.365,20:42:16.048,1020.0,881.0,,,inhale,
82.385,20:42:16.068,1015.0,873.0,,,inhale,
82.405,20:42:16.088,1013.0,873.0,,,inhale,
82.425,20:42:16.108,1021.0,872.0,,,inhale,
82.445,20:42:16.128,1031.0,876.0,,,inhale,
82.465,20:42:16.148,1023.0,878.0,,,inhale,
82.485,20:42:16.168,1018.0,875.0,,,inhale,
82.504,20:42:16.188,1015.0,870.0,,,inhale,
82.528,20:42:16.211,1004.0,877.0,,,inhale,
82.544,20:42:16.227,1015.0,872.0,,,inhale,
82.564,20:42:16.247,1007.0,872.0,,,inhale,
82.584,20:42:16.267,1013.0,871.0,,,inhale,
82.604,20:42:16.287,1006.0,874.0,,,inhale,
82.624,20:42:16.307,1004.0,870.0,,,inhale,
82.644,20:42:16.327,1021.0,870.0,,,inhale,
82.664,20:42:16.347,1005.0,852.0,,,inhale,
82.684,20:42:16.367,1011.0,851.0,,,inhale,
82.704,20:42:16.387,1011.0,866.0,,,inhale,
82.724,20:42:16.407,991.0,864.0,,,inhale,
82.744,20:42:16.427,1013.0,861.0,,,inhale,
82.764,20:42:16.448,1011.0,863.0,,,inhale,
82.784,20:42:16.468,1003.0,863.0,,,inhale,
82.804,20:42:16.487,1002.0,861.0,,,exhale,exhale_onset
82.824,20:42:16.508,1007.0,858.0,,,exhale,
82.844,20:42:16.527,1011.0,849.0,,,exhale,
82.864,20:42:16.547,995.0,864.0,,,exhale,
82.884,20:42:16.567,999.0,861.0,,,exhale,
82.904,20:42:16.587,1013.0,860.0,,,exhale,
82.924,20:42:16.607,999.0,861.0,,,exhale,
82.944,20:42:16.627,1013.0,855.0,,,exhale,
82.964,20:42:16.647,1007.0,861.0,,,exhale,
82.984,20:42:16.667,1123.0,849.0,,,exhale,
83.005,20:42:16.688,1007.0,857.0,,,exhale,
83.024,20:42:16.707,995.0,858.0,,,exhale,
83.044,20:42:16.727,989.0,856.0,,,exhale,
83.064,20:42:16.747,1000.0,858.0,,,exhale,
83.084,20:42:16.767,1007.0,857.0,,,exhale,
83.105,20:42:16.788,995.0,851.0,,,exhale,
83.124,20:42:16.807,999.0,859.0,,,exhale,
83.144,20:42:16.827,991.0,857.0,,,exhale,
83.164,20:42:16.847,989.0,856.0,,,exhale,
83.184,20:42:16.867,995.0,860.0,,,exhale,
83.204,20:42:16.887,988.0,869.0,,,exhale,
83.224,20:42:16.907,995.0,859.0,,,exhale,
83.244,20:42:16.927,989.0,855.0,,,exhale,
83.264,20:42:16.947,997.0,856.0,,,exhale,
83.284,20:42:16.967,989.0,850.0,,,exhale,
83.304,20:42:16.987,995.0,856.0,,,exhale,
83.324,20:42:17.007,991.0,856.0,,,exhale,
83.344,20:42:17.027,987.0,859.0,,,exhale,
83.364,20:42:17.047,991.0,854.0,,,exhale,
83.384,20:42:17.067,989.0,851.0,,,exhale,
83.404,20:42:17.087,1020.0,848.0,,,exhale,
83.424,20:42:17.107,989.0,851.0,,,exhale,
83.444,20:42:17.127,987.0,853.0,,,exhale,
83.464,20:42:17.147,990.0,849.0,,,exhale,
83.484,20:42:17.167,997.0,853.0,,,exhale,
83.504,20:42:17.187,991.0,859.0,,,exhale,
83.528,20:42:17.211,982.0,853.0,,,exhale,
83.544,20:42:17.227,971.0,850.0,,,exhale,
83.564,20:42:17.247,995.0,855.0,,,exhale,
83.584,20:42:17.267,964.0,849.0,,,exhale,
83.604,20:42:17.287,983.0,851.0,,,exhale,
83.624,20:42:17.307,986.0,850.0,,,exhale,
83.644,20:42:17.327,985.0,849.0,,,exhale,
83.664,20:42:17.347,989.0,857.0,,,exhale,
83.684,20:42:17.367,990.0,857.0,,,exhale,
83.704,20:42:17.387,996.0,845.0,,,exhale,
83.724,20:42:17.407,981.0,847.0,,,exhale,
83.744,20:42:17.427,985.0,847.0,,,exhale,
83.764,20:42:17.447,988.0,847.0,,,exhale,
83.784,20:42:17.467,980.0,843.0,,,exhale,
83.804,20:42:17.487,985.0,845.0,,,exhale,
83.824,20:42:17.507,981.0,841.0,,,exhale,
83.844,20:42:17.527,983.0,841.0,,,exhale,
83.864,20:42:17.547,978.0,852.0,,,exhale,
83.884,20:42:17.567,981.0,844.0,,,exhale,
83.904,20:42:17.587,985.0,841.0,,,exhale,
83.924,20:42:17.607,972.0,843.0,,,exhale,
83.944,20:42:17.627,982.0,838.0,,,exhale,
83.964,20:42:17.647,979.0,836.0,,,exhale,
83.984,20:42:17.667,969.0,838.0,,,exhale,
84.004,20:42:17.687,971.0,841.0,,,exhale,
84.024,20:42:17.707,1109.0,836.0,,,exhale,
84.044,20:42:17.727,977.0,834.0,,,exhale,
84.064,20:42:17.747,975.0,841.0,,,exhale,
84.084,20:42:17.767,973.0,838.0,,,exhale,
84.104,20:42:17.787,981.0,836.0,,,exhale,
84.124,20:42:17.807,970.0,834.0,,,exhale,
84.144,20:42:17.827,965.0,835.0,,,exhale,
84.164,20:42:17.847,969.0,835.0,,,exhale,
84.184,20:42:17.867,958.0,835.0,,,exhale,
84.204,20:42:17.887,971.0,836.0,,,exhale,
84.223,20:42:17.907,965.0,833.0,,,exhale,
84.244,20:42:17.927,969.0,835.0,,,exhale,
84.264,20:42:17.947,970.0,836.0,,,exhale,
84.284,20:42:17.967,959.0,831.0,,,exhale,
84.305,20:42:17.988,955.0,829.0,,,exhale,
84.324,20:42:18.007,965.0,839.0,,,exhale,
84.344,20:42:18.027,973.0,830.0,,,exhale,
84.363,20:42:18.047,957.0,830.0,,,exhale,
84.383,20:42:18.067,967.0,830.0,,,exhale,
84.403,20:42:18.087,955.0,828.0,,,exhale,
84.423,20:42:18.107,957.0,829.0,,,exhale,
84.444,20:42:18.127,971.0,816.0,,,exhale,
84.464,20:42:18.147,955.0,833.0,,,exhale,
84.483,20:42:18.167,958.0,822.0,,,exhale,
84.503,20:42:18.187,1019.0,830.0,,,exhale,
84.527,20:42:18.210,955.0,826.0,,,exhale,
84.543,20:42:18.227,971.0,829.0,,,exhale,
84.563,20:42:18.247,956.0,826.0,,,exhale,
84.583,20:42:18.267,959.0,822.0,,,exhale,
84.604,20:42:18.287,968.0,827.0,,,exhale,
84.623,20:42:18.306,952.0,832.0,,,exhale,
84.643,20:42:18.327,964.0,825.0,,,exhale,
84.663,20:42:18.347,959.0,827.0,,,exhale,
84.683,20:42:18.367,957.0,826.0,,,exhale,
84.703,20:42:18.386,957.0,824.0,,,exhale,
84.723,20:42:18.407,954.0,823.0,,,exhale,
84.743,20:42:18.426,966.0,825.0,,,exhale,
84.763,20:42:18.446,967.0,826.0,,,exhale,
84.783,20:42:18.466,955.0,824.0,,,exhale,
84.803,20:42:18.486,968.0,831.0,,,exhale,
84.823,20:42:18.506,955.0,826.0,,,exhale,
84.843,20:42:18.526,965.0,822.0,,,exhale,
84.863,20:42:18.546,942.0,820.0,,,exhale,
84.883,20:42:18.566,955.0,823.0,,,exhale,
84.903,20:42:18.586,957.0,820.0,,,exhale,
84.923,20:42:18.606,955.0,820.0,,,exhale,
84.943,20:42:18.626,947.0,820.0,,,exhale,
84.963,20:42:18.646,917.0,822.0,,,exhale,
84.983,20:42:18.666,953.0,819.0,,,exhale,
85.003,20:42:18.686,958.0,821.0,,,exhale,
85.023,20:42:18.706,955.0,827.0,,,exhale,
85.043,20:42:18.726,947.0,830.0,,,exhale,
85.063,20:42:18.746,955.0,821.0,,,exhale,
85.083,20:42:18.766,957.0,821.0,,,exhale,
85.103,20:42:18.786,945.0,820.0,,,exhale,
85.123,20:42:18.806,953.0,825.0,,,exhale,
85.143,20:42:18.826,958.0,829.0,,,exhale,
85.163,20:42:18.846,957.0,838.0,,,inhale,inhale_onset
85.183,20:42:18.866,965.0,841.0,,,inhale,
85.203,20:42:18.886,965.0,834.0,,,inhale,
85.223,20:42:18.906,967.0,836.0,,,inhale,
85.243,20:42:18.926,975.0,845.0,,,inhale,
85.263,20:42:18.946,875.0,839.0,,,inhale,
85.283,20:42:18.966,983.0,845.0,,,inhale,
85.303,20:42:18.986,1000.0,843.0,,,inhale,
85.323,20:42:19.006,985.0,847.0,,,inhale,
85.343,20:42:19.026,985.0,847.0,,,inhale,
85.363,20:42:19.046,983.0,854.0,,,inhale,
85.383,20:42:19.066,987.0,843.0,,,inhale,
85.403,20:42:19.086,987.0,851.0,,,inhale,
85.423,20:42:19.106,989.0,852.0,,,inhale,
85.443,20:42:19.126,989.0,849.0,,,inhale,
85.463,20:42:19.146,1000.0,857.0,,,inhale,
85.483,20:42:19.166,1207.0,855.0,,,inhale,
85.503,20:42:19.186,999.0,856.0,,,inhale,
85.527,20:42:19.210,997.0,859.0,,,inhale,
85.543,20:42:19.226,1001.0,860.0,,,inhale,
85.563,20:42:19.246,1001.0,866.0,,,inhale,
85.583,20:42:19.266,997.0,862.0,,,inhale,
85.603,20:42:19.286,1001.0,861.0,,,inhale,
85.623,20:42:19.306,1005.0,859.0,,,inhale,
85.643,20:42:19.326,1003.0,861.0,,,inhale,
85.663,20:42:19.346,1002.0,867.0,,,inhale,
85.683,20:42:19.366,930.0,870.0,,,inhale,
85.703,20:42:19.386,1003.0,866.0,,,inhale,
85.723,20:42:19.406,1003.0,870.0,,,inhale,
85.743,20:42:19.426,1018.0,863.0,,,inhale,
85.763,20:42:19.446,1015.0,869.0,,,inhale,
85.783,20:42:19.466,1013.0,869.0,,,inhale,
85.803,20:42:19.486,1013.0,866.0,,,inhale,
85.823,20:42:19.506,1015.0,874.0,,,inhale,
85.843,20:42:19.526,1011.0,873.0,,,inhale,
85.863,20:42:19.546,1032.0,876.0,,,inhale,
85.883,20:42:19.566,1019.0,877.0,,,inhale,
85.903,20:42:19.586,1017.0,874.0,,,inhale,
85.923,20:42:19.606,1031.0,878.0,,,inhale,
85.943,20:42:19.626,1021.0,863.0,,,inhale,
85.963,20:42:19.646,1020.0,880.0,,,inhale,
85.983,20:42:19.666,1021.0,878.0,,,inhale,
86.003,20:42:19.686,1021.0,886.0,,,inhale,
86.023,20:42:19.706,1035.0,880.0,,,inhale,
86.043,20:42:19.726,1034.0,887.0,,,inhale,
86.063,20:42:19.746,1031.0,889.0,,,inhale,
86.083,20:42:19.766,1041.0,891.0,,,inhale,
86.103,20:42:19.787,978.0,899.0,,,inhale,
86.123,20:42:19.806,1034.0,892.0,,,inhale,
86.143,20:42:19.826,1035.0,893.0,,,inhale,
86.163,20:42:19.846,1039.0,895.0,,,inhale,
86.183,20:42:19.866,1041.0,893.0,,,inhale,
86.203,20:42:19.886,1035.0,891.0,,,inhale,
86.232,20:42:19.916,1031.0,890.0,,,inhale,
86.245,20:42:19.929,1032.0,896.0,,,inhale,
86.262,20:42:19.946,1035.0,893.0,,,inhale,
86.282,20:42:19.966,1036.0,902.0,,,inhale,
86.302,20:42:19.985,1039.0,895.0,,,inhale,
86.322,20:42:20.005,1047.0,878.0,,,inhale,
86.342,20:42:20.025,1031.0,890.0,,,inhale,
86.362,20:42:20.046,1035.0,892.0,,,inhale,
86.382,20:42:20.066,1044.0,886.0,,,inhale,
86.403,20:42:20.086,1023.0,877.0,,,inhale,
86.422,20:42:20.105,1033.0,887.0,,,inhale,
86.442,20:42:20.126,1023.0,881.0,,,inhale,
86.462,20:42:20.146,1022.0,884.0,,,inhale,
86.483,20:42:20.166,1031.0,880.0,,,inhale,
86.502,20:42:20.186,1023.0,876.0,,,inhale,
86.526,20:42:20.210,1022.0,878.0,,,inhale,
86.542,20:42:20.226,1015.0,882.0,,,exhale,exhale_onset
86.562,20:42:20.246,1019.0,878.0,,,exhale,
86.582,20:42:20.265,1022.0,880.0,,,exhale,
86.602,20:42:20.285,1015.0,877.0,,,exhale,
86.622,20:42:20.305,1023.0,883.0,,,exhale,
86.642,20:42:20.325,1019.0,878.0,,,exhale,
86.662,20:42:20.346,1018.0,876.0,,,exhale,
86.682,20:42:20.366,1021.0,883.0,,,exhale,
86.702,20:42:20.385,1013.0,886.0,,,exhale,
86.722,20:42:20.406,1003.0,877.0,,,exhale,
86.742,20:42:20.425,1017.0,874.0,,,exhale,
86.762,20:42:20.445,1022.0,874.0,,,exhale,
86.782,20:42:20.465,1023.0,877.0,,,exhale,
86.802,20:42:20.485,1015.0,876.0,,,exhale,
86.822,20:42:20.505,1014.0,873.0,,,exhale,
86.842,20:42:20.525,1014.0,873.0,,,exhale,
86.862,20:42:20.545,1031.0,873.0,,,exhale,
86.882,20:42:20.566,1013.0,874.0,,,exhale,
86.902,20:42:20.585,1019.0,868.0,,,exhale,
86.922,20:42:20.605,1005.0,879.0,,,exhale,
86.942,20:42:20.625,1011.0,866.0,,,exhale,
86.962,20:42:20.645,1015.0,872.0,,,exhale,
86.982,20:42:20.665,1017.0,871.0,,,exhale,
87.002,20:42:20.685,1004.0,871.0,,,exhale,
87.022,20:42:20.705,1173.0,868.0,,,exhale,
87.042,20:42:20.725,1010.0,869.0,,,exhale,
87.062,20:42:20.745,1013.0,874.0,,,exhale,
87.082,20:42:20.765,1006.0,865.0,,,exhale,
87.102,20:42:20.785,1001.0,867.0,,,exhale,
87.122,20:42:20.805,1007.0,866.0,,,exhale,
87.142,20:42:20.825,1002.0,865.0,,,exhale,
87.162,20:42:20.845,1007.0,866.0,,,exhale,
87.182,20:42:20.865,1005.0,861.0,,,exhale,
87.202,20:42:20.885,1005.0,871.0,,,exhale,
87.222,20:42:20.905,1011.0,862.0,,,exhale,
87.242,20:42:20.925,997.0,860.0,,,exhale,
87.262,20:42:20.945,1002.0,865.0,,,exhale,
87.282,20:42:20.965,1004.0,862.0,,,exhale,
87.302,20:42:20.985,1000.0,862.0,,,exhale,
87.322,20:42:21.005,997.0,860.0,,,exhale,
87.342,20:42:21.025,997.0,859.0,,,exhale,
87.362,20:42:21.045,1005.0,861.0,,,exhale,
87.382,20:42:21.065,1000.0,859.0,,,exhale,
87.402,20:42:21.085,995.0,858.0,,,exhale,
87.422,20:42:21.105,1000.0,865.0,,,exhale,
87.442,20:42:21.125,994.0,856.0,,,exhale,
87.462,20:42:21.145,989.0,854.0,,,exhale,
87.482,20:42:21.165,993.0,856.0,,,exhale,
87.502,20:42:21.185,988.0,857.0,,,exhale,
87.525,20:42:21.208,999.0,844.0,,,exhale,
87.542,20:42:21.225,995.0,852.0,,,exhale,
87.562,20:42:21.245,993.0,853.0,,,exhale,
87.582,20:42:21.265,988.0,854.0,,,exhale,
87.602,20:42:21.285,991.0,849.0,,,exhale,
87.622,20:42:21.305,981.0,846.0,,,exhale,
87.642,20:42:21.325,987.0,850.0,,,exhale,
87.662,20:42:21.345,985.0,850.0,,,exhale,
87.682,20:42:21.365,985.0,849.0,,,exhale,
87.702,20:42:21.385,995.0,845.0,,,exhale,
87.722,20:42:21.405,984.0,847.0,,,exhale,
87.742,20:42:21.425,981.0,839.0,,,exhale,
87.762,20:42:21.445,981.0,846.0,,,exhale,
87.782,20:42:21.465,979.0,846.0,,,exhale,
87.802,20:42:21.485,971.0,845.0,,,exhale,
87.822,20:42:21.505,971.0,845.0,,,exhale,
87.842,20:42:21.525,979.0,844.0,,,exhale,
87.862,20:42:21.545,981.0,841.0,,,exhale,
87.882,20:42:21.565,973.0,840.0,,,exhale,
87.902,20:42:21.585,971.0,845.0,,,exhale,
87.922,20:42:21.605,975.0,837.0,,,exhale,
87.942,20:42:21.625,975.0,833.0,,,exhale,
87.962,20:42:21.645,970.0,838.0,,,exhale,
87.982,20:42:21.665,971.0,837.0,,,exhale,
88.002,20:42:21.685,971.0,835.0,,,exhale,
88.022,20:42:21.705,965.0,843.0,,,exhale,
88.042,20:42:21.725,968.0,840.0,,,exhale,
88.062,20:42:21.745,981.0,835.0,,,exhale,
88.082,20:42:21.765,981.0,837.0,,,exhale,
88.102,20:42:21.785,969.0,836.0,,,exhale,
88.122,20:42:21.805,957.0,836.0,,,exhale,
88.142,20:42:21.825,965.0,833.0,,,exhale,
88.162,20:42:21.845,969.0,832.0,,,exhale,
88.182,20:42:21.865,959.0,830.0,,,exhale,
88.202,20:42:21.885,963.0,833.0,,,exhale,
88.222,20:42:21.905,958.0,829.0,,,exhale,
88.242,20:42:21.925,957.0,830.0,,,exhale,
88.262,20:42:21.945,968.0,831.0,,,exhale,
88.282,20:42:21.965,966.0,834.0,,,exhale,
88.302,20:42:21.985,971.0,829.0,,,exhale,
88.322,20:42:22.005,939.0,831.0,,,exhale,
88.342,20:42:22.025,967.0,830.0,,,exhale,
88.362,20:42:22.045,971.0,829.0,,,exhale,
88.382,20:42:22.065,969.0,832.0,,,exhale,
88.401,20:42:22.085,965.0,830.0,,,exhale,
88.422,20:42:22.105,967.0,829.0,,,exhale,
88.442,20:42:22.125,967.0,832.0,,,exhale,
88.462,20:42:22.145,953.0,827.0,,,exhale,
88.481,20:42:22.165,960.0,832.0,,,exhale,
88.502,20:42:22.185,968.0,830.0,,,exhale,
88.525,20:42:22.208,965.0,829.0,,,exhale,
88.542,20:42:22.225,958.0,830.0,,,exhale,
88.561,20:42:22.245,948.0,827.0,,,exhale,
88.581,20:42:22.265,957.0,827.0,,,exhale,
88.602,20:42:22.285,952.0,828.0,,,exhale,
88.622,20:42:22.305,965.0,829.0,,,exhale,
88.641,20:42:22.325,958.0,824.0,,,exhale,
88.662,20:42:22.345,957.0,827.0,,,exhale,
88.681,20:42:22.365,956.0,826.0,,,exhale,
88.701,20:42:22.385,955.0,825.0,,,exhale,
88.721,20:42:22.405,957.0,821.0,,,exhale,
88.741,20:42:22.424,955.0,825.0,,,exhale,
88.761,20:42:22.445,964.0,815.0,,,exhale,
88.781,20:42:22.465,981.0,824.0,,,exhale,
88.801,20:42:22.484,966.0,827.0,,,exhale,
88.821,20:42:22.505,968.0,830.0,,,exhale,
88.841,20:42:22.525,959.0,830.0,,,exhale,
88.861,20:42:22.544,965.0,838.0,,,exhale,
88.881,20:42:22.565,960.0,833.0,,,exhale,
88.901,20:42:22.585,979.0,835.0,,,exhale,
88.921,20:42:22.604,967.0,835.0,,,inhale,inhale_onset
88.941,20:42:22.624,978.0,836.0,,,inhale,
88.961,20:42:22.644,971.0,837.0,,,inhale,
88.981,20:42:22.665,980.0,840.0,,,inhale,
89.001,20:42:22.684,968.0,843.0,,,inhale,
89.021,20:42:22.704,973.0,843.0,,,inhale,
89.041,20:42:22.724,987.0,846.0,,,inhale,
89.061,20:42:22.745,985.0,846.0,,,inhale,
89.081,20:42:22.764,985.0,847.0,,,inhale,
89.101,20:42:22.784,985.0,853.0,,,inhale,
89.121,20:42:22.804,985.0,849.0,,,inhale,
89.141,20:42:22.824,984.0,849.0,,,inhale,
89.161,20:42:22.844,991.0,852.0,,,inhale,
89.181,20:42:22.864,997.0,854.0,,,inhale,
89.201,20:42:22.884,995.0,854.0,,,inhale,
89.221,20:42:22.904,987.0,856.0,,,inhale,
89.241,20:42:22.924,997.0,864.0,,,inhale,
89.261,20:42:22.944,1001.0,843.0,,,inhale,
89.281,20:42:22.964,984.0,859.0,,,inhale,
89.301,20:42:22.984,1000.0,852.0,,,inhale,
89.321,20:42:23.004,1004.0,860.0,,,inhale,
89.341,20:42:23.024,1003.0,861.0,,,inhale,
89.361,20:42:23.044,996.0,865.0,,,inhale,
89.381,20:42:23.064,988.0,858.0,,,inhale,
89.401,20:42:23.084,997.0,861.0,,,inhale,
89.421,20:42:23.104,1003.0,860.0,,,inhale,
89.441,20:42:23.124,1002.0,864.0,,,inhale,
89.461,20:42:23.144,1000.0,864.0,,,inhale,
89.481,20:42:23.164,1005.0,865.0,,,inhale,
89.501,20:42:23.184,981.0,869.0,,,inhale,
89.525,20:42:23.208,1005.0,866.0,,,inhale,
89.541,20:42:23.224,1006.0,861.0,,,inhale,
89.561,20:42:23.244,1001.0,863.0,,,inhale,
89.581,20:42:23.264,1011.0,865.0,,,inhale,
89.601,20:42:23.284,1005.0,868.0,,,inhale,
89.621,20:42:23.304,1016.0,866.0,,,inhale,
89.641,20:42:23.324,1007.0,869.0,,,inhale,
89.661,20:42:23.344,1003.0,868.0,,,inhale,
89.681,20:42:23.364,1011.0,870.0,,,inhale,
89.701,20:42:23.384,1015.0,871.0,,,inhale,
89.721,20:42:23.404,1005.0,870.0,,,inhale,
89.741,20:42:23.424,1014.0,872.0,,,inhale,
89.761,20:42:23.444,1012.0,859.0,,,inhale,
89.783,20:42:23.466,1118.0,872.0,,,inhale,
89.801,20:42:23.484,1013.0,863.0,,,inhale,
89.821,20:42:23.504,1011.0,867.0,,,inhale,
89.841,20:42:23.524,1003.0,865.0,,,inhale,
89.861,20:42:23.544,1007.0,867.0,,,inhale,
89.881,20:42:23.564,1002.0,865.0,,,inhale,
89.901,20:42:23.584,1003.0,865.0,,,inhale,
89.921,20:42:23.604,1005.0,867.0,,,inhale,
89.941,20:42:23.624,1003.0,851.0,,,inhale,
89.961,20:42:23.644,1003.0,862.0,,,inhale,
89.981,20:42:23.664,1005.0,870.0,,,inhale,
90.001,20:42:23.684,997.0,855.0,,,inhale,
90.021,20:42:23.704,991.0,859.0,,,inhale,
90.041,20:42:23.724,999.0,858.0,,,inhale,
90.061,20:42:23.744,1002.0,858.0,,,inhale,
90.081,20:42:23.764,994.0,860.0,,,inhale,
90.101,20:42:23.784,1007.0,856.0,,,inhale,
90.121,20:42:23.804,998.0,859.0,,,inhale,
90.141,20:42:23.824,999.0,853.0,,,exhale,exhale_onset
90.161,20:42:23.844,1004.0,860.0,,,exhale,
90.181,20:42:23.864,1001.0,858.0,,,exhale,
90.201,20:42:23.884,995.0,858.0,,,exhale,
90.221,20:42:23.904,1005.0,862.0,,,exhale,
90.241,20:42:23.924,997.0,859.0,,,exhale,
90.261,20:42:23.944,996.0,857.0,,,exhale,
90.281,20:42:23.964,998.0,858.0,,,exhale,
90.301,20:42:23.984,989.0,855.0,,,exhale,
90.321,20:42:24.004,1006.0,848.0,,,exhale,
90.341,20:42:24.024,1012.0,857.0,,,exhale,
90.361,20:42:24.044,1000.0,850.0,,,exhale,
90.381,20:42:24.064,990.0,858.0,,,exhale,
90.401,20:42:24.084,985.0,856.0,,,exhale,
90.421,20:42:24.104,984.0,852.0,,,exhale,
90.441,20:42:24.124,995.0,856.0,,,exhale,
90.461,20:42:24.144,1001.0,855.0,,,exhale,
90.481,20:42:24.164,997.0,857.0,,,exhale,
90.501,20:42:24.184,1001.0,852.0,,,exhale,
90.525,20:42:24.208,988.0,854.0,,,exhale,
90.541,20:42:24.224,969.0,854.0,,,exhale,
90.561,20:42:24.244,989.0,851.0,,,exhale,
90.581,20:42:24.264,943.0,853.0,,,exhale,
90.601,20:42:24.284,985.0,852.0,,,exhale,
90.621,20:42:24.304,889.0,847.0,,,exhale,
90.641,20:42:24.324,987.0,850.0,,,exhale,
90.661,20:42:24.344,979.0,857.0,,,exhale,
90.681,20:42:24.364,990.0,848.0,,,exhale,
90.701,20:42:24.384,981.0,849.0,,,exhale,
90.721,20:42:24.404,984.0,850.0,,,exhale,
90.741,20:42:24.424,984.0,848.0,,,exhale,
90.761,20:42:24.444,983.0,845.0,,,exhale,
90.780,20:42:24.464,981.0,850.0,,,exhale,
90.801,20:42:24.484,979.0,846.0,,,exhale,
90.821,20:42:24.504,988.0,850.0,,,exhale,
90.840,20:42:24.524,977.0,850.0,,,exhale,
90.861,20:42:24.544,985.0,849.0,,,exhale,
90.880,20:42:24.564,975.0,849.0,,,exhale,
90.901,20:42:24.584,979.0,843.0,,,exhale,
90.921,20:42:24.604,986.0,849.0,,,exhale,
90.940,20:42:24.624,981.0,842.0,,,exhale,
90.960,20:42:24.644,983.0,841.0,,,exhale,
90.980,20:42:24.664,975.0,841.0,,,exhale,
91.001,20:42:24.684,973.0,842.0,,,exhale,
91.021,20:42:24.704,971.0,834.0,,,exhale,
91.040,20:42:24.724,974.0,844.0,,,exhale,
91.061,20:42:24.744,971.0,841.0,,,exhale,
91.080,20:42:24.764,980.0,839.0,,,exhale,
91.100,20:42:24.784,970.0,838.0,,,exhale,
91.120,20:42:24.803,981.0,837.0,,,exhale,
91.140,20:42:24.824,973.0,836.0,,,exhale,
91.160,20:42:24.843,970.0,823.0,,,exhale,
91.180,20:42:24.864,975.0,835.0,,,exhale,
91.200,20:42:24.884,969.0,821.0,,,exhale,
91.221,20:42:24.904,975.0,831.0,,,exhale,
91.240,20:42:24.924,965.0,834.0,,,exhale,
91.260,20:42:24.944,967.0,833.0,,,exhale,
91.280,20:42:24.963,959.0,831.0,,,exhale,
91.300,20:42:24.983,965.0,831.0,,,exhale,
91.320,20:42:25.003,965.0,833.0,,,exhale,
91.340,20:42:25.024,965.0,817.0,,,exhale,
91.360,20:42:25.044,1047.0,829.0,,,exhale,
91.380,20:42:25.063,967.0,830.0,,,exhale,
91.401,20:42:25.084,973.0,831.0,,,exhale,
91.420,20:42:25.104,967.0,827.0,,,exhale,
91.440,20:42:25.123,953.0,828.0,,,exhale,
91.460,20:42:25.143,955.0,823.0,,,exhale,
91.480,20:42:25.163,965.0,833.0,,,exhale,
91.500,20:42:25.183,959.0,828.0,,,exhale,
91.524,20:42:25.207,953.0,826.0,,,exhale,
91.540,20:42:25.223,954.0,824.0,,,exhale,
91.560,20:42:25.243,956.0,825.0,,,exhale,
91.580,20:42:25.263,965.0,824.0,,,exhale,
91.600,20:42:25.283,959.0,828.0,,,exhale,
91.620,20:42:25.303,942.0,823.0,,,exhale,
91.640,20:42:25.323,956.0,824.0,,,exhale,
91.660,20:42:25.343,950.0,821.0,,,exhale,
91.680,20:42:25.363,955.0,820.0,,,exhale,
91.700,20:42:25.383,959.0,822.0,,,exhale,
91.720,20:42:25.403,952.0,820.0,,,exhale,
91.740,20:42:25.423,953.0,822.0,,,exhale,
91.760,20:42:25.443,955.0,822.0,,,exhale,
91.780,20:42:25.463,952.0,823.0,,,exhale,
91.800,20:42:25.483,943.0,825.0,,,exhale,
91.820,20:42:25.503,943.0,820.0,,,exhale,
91.840,20:42:25.523,965.0,821.0,,,exhale,
91.860,20:42:25.543,943.0,821.0,,,exhale,
91.880,20:42:25.563,950.0,821.0,,,exhale,
91.900,20:42:25.583,953.0,821.0,,,exhale,
91.920,20:42:25.603,965.0,828.0,,,exhale,
91.940,20:42:25.623,953.0,825.0,,,exhale,
91.960,20:42:25.643,952.0,827.0,,,exhale,
91.980,20:42:25.663,951.0,824.0,,,exhale,
92.000,20:42:25.683,950.0,822.0,,,exhale,
92.020,20:42:25.703,951.0,828.0,,,exhale,
92.040,20:42:25.723,951.0,816.0,,,exhale,
92.060,20:42:25.743,948.0,819.0,,,exhale,
92.080,20:42:25.763,951.0,819.0,,,exhale,
92.100,20:42:25.783,951.0,817.0,,,inhale,inhale_onset
92.120,20:42:25.803,956.0,823.0,,,inhale,
92.140,20:42:25.823,957.0,819.0,,,inhale,
92.160,20:42:25.843,949.0,818.0,,,inhale,
92.180,20:42:25.863,951.0,821.0,,,inhale,
92.200,20:42:25.883,957.0,829.0,,,inhale,
92.220,20:42:25.903,952.0,817.0,,,inhale,
92.240,20:42:25.923,965.0,828.0,,,inhale,
92.260,20:42:25.943,845.0,827.0,,,inhale,
92.280,20:42:25.963,971.0,829.0,,,inhale,
92.300,20:42:25.983,965.0,828.0,,,inhale,
92.320,20:42:26.003,957.0,830.0,,,inhale,
92.340,20:42:26.023,971.0,834.0,,,inhale,
92.360,20:42:26.043,971.0,837.0,,,inhale,
92.380,20:42:26.063,971.0,836.0,,,inhale,
92.400,20:42:26.083,969.0,837.0,,,inhale,
92.420,20:42:26.103,974.0,836.0,,,inhale,
92.440,20:42:26.123,973.0,838.0,,,inhale,
92.460,20:42:26.143,979.0,844.0,,,inhale,
92.480,20:42:26.163,981.0,845.0,,,inhale,
92.500,20:42:26.183,927.0,845.0,,,inhale,
92.523,20:42:26.207,979.0,847.0,,,inhale,
92.540,20:42:26.223,986.0,868.0,,,inhale,
92.560,20:42:26.243,991.0,849.0,,,inhale,
92.580,20:42:26.263,997.0,851.0,,,inhale,
92.600,20:42:26.283,987.0,851.0,,,inhale,
92.620,20:42:26.303,1000.0,850.0,,,inhale,
92.640,20:42:26.323,986.0,851.0,,,inhale,
92.660,20:42:26.343,996.0,854.0,,,inhale,
92.680,20:42:26.363,989.0,855.0,,,inhale,
92.700,20:42:26.383,1001.0,853.0,,,inhale,
92.720,20:42:26.403,990.0,847.0,,,inhale,
92.740,20:42:26.423,997.0,857.0,,,inhale,
92.760,20:42:26.443,995.0,856.0,,,inhale,
92.780,20:42:26.463,991.0,858.0,,,inhale,
92.800,20:42:26.483,995.0,858.0,,,inhale,
92.820,20:42:26.503,986.0,856.0,,,inhale,
92.840,20:42:26.523,995.0,856.0,,,inhale,
92.860,20:42:26.543,988.0,853.0,,,inhale,
92.880,20:42:26.563,995.0,857.0,,,inhale,
92.900,20:42:26.583,991.0,859.0,,,inhale,
92.920,20:42:26.603,991.0,857.0,,,inhale,
92.940,20:42:26.623,999.0,858.0,,,inhale,
92.960,20:42:26.643,999.0,860.0,,,inhale,
92.980,20:42:26.663,998.0,858.0,,,inhale,
93.000,20:42:26.683,997.0,860.0,,,inhale,
93.020,20:42:26.703,999.0,858.0,,,inhale,
93.040,20:42:26.723,1001.0,856.0,,,inhale,
93.060,20:42:26.743,1006.0,857.0,,,inhale,
93.080,20:42:26.763,998.0,860.0,,,inhale,
93.100,20:42:26.783,1007.0,866.0,,,inhale,
93.120,20:42:26.803,1004.0,867.0,,,inhale,
93.140,20:42:26.823,996.0,860.0,,,inhale,
93.160,20:42:26.843,989.0,860.0,,,inhale,
93.180,20:42:26.863,989.0,858.0,,,inhale,
93.200,20:42:26.883,1000.0,854.0,,,inhale,
93.220,20:42:26.903,813.0,858.0,,,inhale,
93.240,20:42:26.923,1001.0,856.0,,,inhale,
93.260,20:42:26.943,989.0,856.0,,,inhale,
93.280,20:42:26.963,989.0,854.0,,,inhale,
93.300,20:42:26.983,987.0,849.0,,,inhale,
93.320,20:42:27.003,988.0,851.0,,,inhale,
93.340,20:42:27.023,979.0,849.0,,,inhale,
93.360,20:42:27.043,989.0,851.0,,,inhale,
93.380,20:42:27.063,984.0,848.0,,,inhale,
93.399,20:42:27.083,981.0,845.0,,,exhale,exhale_onset
93.419,20:42:27.103,983.0,847.0,,,exhale,
93.439,20:42:27.123,985.0,845.0,,,exhale,
93.459,20:42:27.143,981.0,848.0,,,exhale,
93.479,20:42:27.163,984.0,849.0,,,exhale,
93.499,20:42:27.183,978.0,846.0,,,exhale,
93.523,20:42:27.206,980.0,844.0,,,exhale,
93.539,20:42:27.223,995.0,846.0,,,exhale,
93.560,20:42:27.243,989.0,848.0,,,exhale,
93.580,20:42:27.263,983.0,848.0,,,exhale,
93.600,20:42:27.283,1005.0,848.0,,,exhale,
93.620,20:42:27.303,979.0,845.0,,,exhale,
93.640,20:42:27.323,981.0,842.0,,,exhale,
93.660,20:42:27.343,981.0,843.0,,,exhale,
93.680,20:42:27.363,987.0,844.0,,,exhale,
93.700,20:42:27.383,990.0,837.0,,,exhale,
93.719,20:42:27.403,981.0,844.0,,,exhale,
93.740,20:42:27.423,983.0,844.0,,,exhale,
93.760,20:42:27.443,981.0,843.0,,,exhale,
93.780,20:42:27.463,964.0,845.0,,,exhale,
93.800,20:42:27.483,977.0,842.0,,,exhale,
93.820,20:42:27.503,979.0,843.0,,,exhale,
93.840,20:42:27.523,974.0,841.0,,,exhale,
93.860,20:42:27.543,983.0,840.0,,,exhale,
93.880,20:42:27.563,972.0,843.0,,,exhale,
93.900,20:42:27.583,969.0,839.0,,,exhale,
93.919,20:42:27.603,973.0,834.0,,,exhale,
93.939,20:42:27.623,975.0,832.0,,,exhale,
93.959,20:42:27.643,976.0,838.0,,,exhale,
93.979,20:42:27.663,979.0,854.0,,,exhale,
93.999,20:42:27.683,974.0,838.0,,,exhale,
94.019,20:42:27.702,970.0,844.0,,,exhale,
94.039,20:42:27.723,970.0,837.0,,,exhale,
94.060,20:42:27.743,969.0,832.0,,,exhale,
94.079,20:42:27.763,967.0,833.0,,,exhale,
94.099,20:42:27.783,955.0,830.0,,,exhale,
94.119,20:42:27.803,959.0,833.0,,,exhale,
94.139,20:42:27.822,984.0,835.0,,,exhale,
94.160,20:42:27.843,970.0,832.0,,,exhale,
94.179,20:42:27.863,966.0,833.0,,,exhale,
94.199,20:42:27.883,965.0,830.0,,,exhale,
94.219,20:42:27.903,903.0,831.0,,,exhale,
94.239,20:42:27.923,958.0,829.0,,,exhale,
94.259,20:42:27.943,968.0,822.0,,,exhale,
94.279,20:42:27.963,941.0,828.0,,,exhale,
94.299,20:42:27.982,968.0,825.0,,,exhale,
94.319,20:42:28.002,955.0,828.0,,,exhale,
94.339,20:42:28.023,957.0,829.0,,,exhale,
94.359,20:42:28.043,957.0,825.0,,,exhale,
94.379,20:42:28.062,965.0,833.0,,,exhale,
94.399,20:42:28.082,956.0,811.0,,,exhale,
94.419,20:42:28.103,952.0,832.0,,,exhale,
94.439,20:42:28.122,954.0,824.0,,,exhale,
94.459,20:42:28.142,956.0,824.0,,,exhale,
94.479,20:42:28.162,957.0,836.0,,,exhale,
94.499,20:42:28.182,955.0,823.0,,,exhale,
94.523,20:42:28.206,956.0,831.0,,,exhale,
94.539,20:42:28.222,957.0,823.0,,,exhale,
94.559,20:42:28.242,951.0,822.0,,,exhale,
94.579,20:42:28.262,959.0,824.0,,,exhale,
94.599,20:42:28.282,953.0,825.0,,,exhale,
94.619,20:42:28.302,953.0,828.0,,,exhale,
94.639,20:42:28.322,953.0,822.0,,,exhale,
94.659,20:42:28.342,953.0,821.0,,,exhale,
94.679,20:42:28.362,957.0,811.0,,,exhale,
94.699,20:42:28.382,951.0,822.0,,,exhale,
94.719,20:42:28.402,956.0,827.0,,,exhale,
94.739,20:42:28.422,953.0,818.0,,,exhale,
94.759,20:42:28.442,951.0,822.0,,,exhale,
94.779,20:42:28.462,947.0,820.0,,,exhale,
94.799,20:42:28.482,957.0,810.0,,,exhale,
94.819,20:42:28.502,951.0,819.0,,,exhale,
94.839,20:42:28.522,783.0,813.0,,,exhale,
94.859,20:42:28.542,950.0,820.0,,,exhale,
94.879,20:42:28.562,951.0,817.0,,,exhale,
94.899,20:42:28.582,943.0,818.0,,,exhale,
94.919,20:42:28.602,943.0,817.0,,,exhale,
94.939,20:42:28.622,943.0,816.0,,,exhale,
94.959,20:42:28.642,953.0,822.0,,,exhale,
94.979,20:42:28.662,779.0,821.0,,,exhale,
94.999,20:42:28.682,945.0,811.0,,,exhale,
95.019,20:42:28.702,946.0,815.0,,,exhale,
95.039,20:42:28.722,948.0,815.0,,,exhale,
95.059,20:42:28.742,942.0,814.0,,,exhale,
95.079,20:42:28.762,957.0,815.0,,,exhale,
95.099,20:42:28.782,941.0,815.0,,,exhale,
95.119,20:42:28.802,943.0,815.0,,,exhale,
95.139,20:42:28.822,941.0,812.0,,,exhale,
95.159,20:42:28.842,942.0,814.0,,,exhale,
95.179,20:42:28.862,940.0,812.0,,,exhale,
95.199,20:42:28.882,939.0,814.0,,,exhale,
95.219,20:42:28.902,950.0,813.0,,,exhale,
95.239,20:42:28.922,943.0,812.0,,,exhale,
95.259,20:42:28.942,945.0,813.0,,,exhale,
95.279,20:42:28.962,941.0,815.0,,,exhale,
95.299,20:42:28.982,942.0,818.0,,,exhale,
95.319,20:42:29.002,949.0,819.0,,,exhale,
95.339,20:42:29.022,936.0,806.0,,,exhale,
95.359,20:42:29.042,939.0,813.0,,,exhale,
95.379,20:42:29.062,941.0,815.0,,,exhale,
95.399,20:42:29.082,944.0,810.0,,,exhale,
95.419,20:42:29.102,955.0,815.0,,,exhale,
95.439,20:42:29.122,936.0,815.0,,,exhale,
95.459,20:42:29.142,943.0,808.0,,,exhale,
95.479,20:42:29.162,951.0,817.0,,,exhale,
95.499,20:42:29.182,955.0,818.0,,,exhale,
95.523,20:42:29.206,957.0,823.0,,,exhale,
95.539,20:42:29.222,955.0,822.0,,,inhale,inhale_onset
95.559,20:42:29.242,956.0,826.0,,,inhale,
95.579,20:42:29.262,959.0,826.0,,,inhale,
95.599,20:42:29.282,967.0,829.0,,,inhale,
95.619,20:42:29.302,967.0,831.0,,,inhale,
95.639,20:42:29.322,959.0,845.0,,,inhale,
95.659,20:42:29.342,968.0,842.0,,,inhale,
95.679,20:42:29.362,967.0,834.0,,,inhale,
95.699,20:42:29.382,986.0,839.0,,,inhale,
95.719,20:42:29.402,975.0,836.0,,,inhale,
95.739,20:42:29.422,973.0,838.0,,,inhale,
95.759,20:42:29.442,980.0,842.0,,,inhale,
95.779,20:42:29.462,983.0,844.0,,,inhale,
95.799,20:42:29.482,983.0,844.0,,,inhale,
95.819,20:42:29.502,991.0,854.0,,,inhale,
95.839,20:42:29.522,978.0,847.0,,,inhale,
95.859,20:42:29.542,965.0,845.0,,,inhale,
95.879,20:42:29.562,987.0,850.0,,,inhale,
95.899,20:42:29.582,991.0,860.0,,,inhale,
95.919,20:42:29.602,984.0,853.0,,,inhale,
95.939,20:42:29.622,982.0,851.0,,,inhale,
95.959,20:42:29.642,997.0,841.0,,,inhale,
95.979,20:42:29.662,993.0,853.0,,,inhale,
95.999,20:42:29.682,1000.0,851.0,,,inhale,
96.019,20:42:29.702,995.0,857.0,,,inhale,
96.039,20:42:29.722,999.0,857.0,,,inhale,
96.059,20:42:29.742,1003.0,858.0,,,inhale,
96.079,20:42:29.762,996.0,861.0,,,inhale,
96.099,20:42:29.782,999.0,862.0,,,inhale,
96.119,20:42:29.802,997.0,863.0,,,inhale,
96.139,20:42:29.822,998.0,863.0,,,inhale,
96.159,20:42:29.842,1004.0,866.0,,,inhale,
96.179,20:42:29.862,1003.0,865.0,,,inhale,
96.199,20:42:29.882,1017.0,868.0,,,inhale,
96.219,20:42:29.902,1008.0,867.0,,,inhale,
96.239,20:42:29.922,1007.0,868.0,,,inhale,
96.259,20:42:29.942,1003.0,874.0,,,inhale,
96.279,20:42:29.962,1005.0,869.0,,,inhale,
96.299,20:42:29.982,1015.0,869.0,,,inhale,
96.319,20:42:30.002,1007.0,869.0,,,inhale,
96.339,20:42:30.022,1011.0,869.0,,,inhale,
96.359,20:42:30.042,1005.0,873.0,,,inhale,
96.379,20:42:30.062,1014.0,872.0,,,inhale,
96.399,20:42:30.082,1010.0,871.0,,,inhale,
96.419,20:42:30.102,1019.0,871.0,,,inhale,
96.439,20:42:30.122,1017.0,874.0,,,inhale,
96.459,20:42:30.142,1013.0,871.0,,,inhale,
96.479,20:42:30.162,1017.0,875.0,,,inhale,
96.499,20:42:30.182,1012.0,872.0,,,inhale,
96.523,20:42:30.206,1020.0,870.0,,,inhale,
96.539,20:42:30.222,1015.0,869.0,,,inhale,
96.559,20:42:30.242,1014.0,874.0,,,inhale,
96.579,20:42:30.262,1019.0,876.0,,,inhale,
96.599,20:42:30.282,1012.0,875.0,,,inhale,
96.619,20:42:30.302,1021.0,877.0,,,inhale,
96.639,20:42:30.322,1007.0,873.0,,,inhale,
96.659,20:42:30.342,1013.0,879.0,,,inhale,
96.679,20:42:30.362,1021.0,873.0,,,inhale,
96.699,20:42:30.382,1016.0,883.0,,,inhale,
96.719,20:42:30.402,1020.0,879.0,,,inhale,
96.739,20:42:30.422,1015.0,883.0,,,inhale,
96.759,20:42:30.442,1031.0,878.0,,,inhale,
96.779,20:42:30.462,1033.0,885.0,,,inhale,
96.799,20:42:30.482,1039.0,886.0,,,inhale,
96.819,20:42:30.502,1019.0,883.0,,,inhale,
96.839,20:42:30.522,1035.0,885.0,,,inhale,
96.859,20:42:30.542,1039.0,882.0,,,inhale,
96.879,20:42:30.562,1030.0,886.0,,,inhale,
96.899,20:42:30.582,1021.0,883.0,,,inhale,
96.919,20:42:30.602,1021.0,887.0,,,inhale,
96.939,20:42:30.622,1015.0,883.0,,,inhale,
96.959,20:42:30.642,1016.0,876.0,,,inhale,
96.979,20:42:30.662,1019.0,877.0,,,inhale,
96.999,20:42:30.682,1017.0,880.0,,,inhale,
97.019,20:42:30.702,1017.0,874.0,,,inhale,
97.039,20:42:30.722,1005.0,877.0,,,inhale,
97.059,20:42:30.742,1020.0,881.0,,,exhale,exhale_onset
97.088,20:42:30.771,1017.0,869.0,,,exhale,
97.108,20:42:30.791,1047.0,877.0,,,exhale,
97.118,20:42:30.802,1020.0,870.0,,,exhale,
97.138,20:42:30.822,1013.0,905.0,,,exhale,
97.158,20:42:30.842,1019.0,873.0,,,exhale,
97.178,20:42:30.862,1031.0,875.0,,,exhale,
97.198,20:42:30.882,1012.0,871.0,,,exhale,
97.219,20:42:30.902,1015.0,873.0,,,exhale,
97.239,20:42:30.922,1013.0,870.0,,,exhale,
97.259,20:42:30.942,1011.0,875.0,,,exhale,
97.279,20:42:30.962,1016.0,876.0,,,exhale,
97.299,20:42:30.982,1013.0,872.0,,,exhale,
97.319,20:42:31.002,1017.0,871.0,,,exhale,
97.339,20:42:31.022,1003.0,869.0,,,exhale,
97.359,20:42:31.042,1005.0,876.0,,,exhale,
97.379,20:42:31.062,1013.0,867.0,,,exhale,
97.399,20:42:31.082,1011.0,871.0,,,exhale,
97.419,20:42:31.102,1013.0,875.0,,,exhale,
97.439,20:42:31.122,1002.0,877.0,,,exhale,
97.459,20:42:31.142,1011.0,869.0,,,exhale,
97.478,20:42:31.162,1001.0,868.0,,,exhale,
97.498,20:42:31.182,1001.0,870.0,,,exhale,
97.522,20:42:31.205,1005.0,869.0,,,exhale,
97.538,20:42:31.221,1246.0,875.0,,,exhale,
97.558,20:42:31.242,1016.0,871.0,,,exhale,
97.578,20:42:31.261,1008.0,865.0,,,exhale,
97.598,20:42:31.282,1013.0,875.0,,,exhale,
97.618,20:42:31.302,1007.0,862.0,,,exhale,
97.638,20:42:31.321,1001.0,868.0,,,exhale,
97.658,20:42:31.342,1001.0,872.0,,,exhale,
97.678,20:42:31.362,1007.0,865.0,,,exhale,
97.698,20:42:31.382,1002.0,865.0,,,exhale,
97.719,20:42:31.402,1011.0,863.0,,,exhale,
97.738,20:42:31.422,1002.0,864.0,,,exhale,
97.759,20:42:31.442,1007.0,862.0,,,exhale,
97.779,20:42:31.462,1006.0,862.0,,,exhale,
97.798,20:42:31.482,999.0,864.0,,,exhale,
97.818,20:42:31.502,1003.0,862.0,,,exhale,
97.838,20:42:31.522,991.0,861.0,,,exhale,
97.858,20:42:31.542,1005.0,865.0,,,exhale,
97.879,20:42:31.562,1003.0,860.0,,,exhale,
97.899,20:42:31.582,1002.0,861.0,,,exhale,
97.918,20:42:31.602,996.0,851.0,,,exhale,
97.939,20:42:31.622,1005.0,859.0,,,exhale,
97.958,20:42:31.641,990.0,857.0,,,exhale,
97.978,20:42:31.661,999.0,858.0,,,exhale,
97.998,20:42:31.681,727.0,856.0,,,exhale,
98.018,20:42:31.701,991.0,857.0,,,exhale,
98.038,20:42:31.721,989.0,851.0,,,exhale,
98.058,20:42:31.741,989.0,853.0,,,exhale,
98.078,20:42:31.761,994.0,852.0,,,exhale,
98.098,20:42:31.781,995.0,856.0,,,exhale,
98.118,20:42:31.801,989.0,850.0,,,exhale,
98.138,20:42:31.821,988.0,852.0,,,exhale,
98.158,20:42:31.841,987.0,852.0,,,exhale,
98.178,20:42:31.861,990.0,850.0,,,exhale,
98.198,20:42:31.881,991.0,838.0,,,exhale,
98.218,20:42:31.901,991.0,850.0,,,exhale,
98.238,20:42:31.921,989.0,847.0,,,exhale,
98.258,20:42:31.941,982.0,850.0,,,exhale,
98.278,20:42:31.961,985.0,846.0,,,exhale,
98.298,20:42:31.981,973.0,846.0,,,exhale,
98.318,20:42:32.001,987.0,854.0,,,exhale,
98.338,20:42:32.021,983.0,843.0,,,exhale,
98.358,20:42:32.041,981.0,842.0,,,exhale,
98.378,20:42:32.061,975.0,843.0,,,exhale,
98.398,20:42:32.081,979.0,837.0,,,exhale,
98.418,20:42:32.101,978.0,844.0,,,exhale,
98.438,20:42:32.121,959.0,843.0,,,exhale,
98.458,20:42:32.141,983.0,842.0,,,exhale,
98.478,20:42:32.161,982.0,848.0,,,exhale,
98.498,20:42:32.181,973.0,837.0,,,exhale,
98.522,20:42:32.205,953.0,839.0,,,exhale,
98.538,20:42:32.221,1019.0,840.0,,,exhale,
98.558,20:42:32.241,977.0,838.0,,,exhale,
98.578,20:42:32.261,974.0,837.0,,,exhale,
98.598,20:42:32.281,969.0,834.0,,,exhale,
98.618,20:42:32.301,968.0,835.0,,,exhale,
98.638,20:42:32.321,966.0,830.0,,,exhale,
98.658,20:42:32.341,975.0,832.0,,,exhale,
98.678,20:42:32.361,965.0,830.0,,,exhale,
98.698,20:42:32.381,987.0,831.0,,,exhale,
98.718,20:42:32.401,967.0,832.0,,,exhale,
98.738,20:42:32.421,978.0,843.0,,,exhale,
98.759,20:42:32.442,971.0,839.0,,,exhale,
98.778,20:42:32.461,975.0,836.0,,,exhale,
98.798,20:42:32.481,968.0,834.0,,,exhale,
98.818,20:42:32.501,1094.0,853.0,,,exhale,
98.838,20:42:32.521,911.0,854.0,,,exhale,
98.858,20:42:32.541,970.0,843.0,,,exhale,
98.878,20:42:32.561,981.0,849.0,,,exhale,
98.898,20:42:32.581,971.0,846.0,,,exhale,
98.918,20:42:32.601,978.0,846.0,,,exhale,
98.938,20:42:32.621,981.0,861.0,,,exhale,
98.958,20:42:32.641,991.0,854.0,,,exhale,
98.978,20:42:32.661,989.0,850.0,,,inhale,inhale_onset
98.998,20:42:32.681,987.0,850.0,,,inhale,
99.018,20:42:32.701,977.0,851.0,,,inhale,
99.038,20:42:32.721,991.0,830.0,,,inhale,
99.058,20:42:32.741,1001.0,854.0,,,inhale,
99.078,20:42:32.761,1003.0,853.0,,,inhale,
99.098,20:42:32.781,997.0,855.0,,,inhale,
99.118,20:42:32.801,989.0,854.0,,,inhale,
99.138,20:42:32.821,994.0,854.0,,,inhale,
99.158,20:42:32.841,1000.0,857.0,,,inhale,
99.178,20:42:32.861,991.0,857.0,,,inhale,
99.198,20:42:32.881,997.0,856.0,,,inhale,
99.218,20:42:32.901,997.0,862.0,,,inhale,
99.238,20:42:32.921,991.0,863.0,,,inhale,
99.258,20:42:32.941,995.0,857.0,,,inhale,
99.278,20:42:32.961,1007.0,859.0,,,inhale,
99.298,20:42:32.981,998.0,860.0,,,inhale,
99.318,20:42:33.001,1005.0,860.0,,,inhale,
99.338,20:42:33.021,1007.0,862.0,,,inhale,
99.358,20:42:33.041,994.0,866.0,,,inhale,
99.378,20:42:33.061,1011.0,869.0,,,inhale,
99.398,20:42:33.081,1011.0,863.0,,,inhale,
99.418,20:42:33.101,998.0,864.0,,,inhale,
99.438,20:42:33.121,1011.0,854.0,,,inhale,
99.458,20:42:33.141,1004.0,863.0,,,inhale,
99.478,20:42:33.161,1007.0,870.0,,,inhale,
99.498,20:42:33.181,1007.0,866.0,,,inhale,
99.522,20:42:33.205,1007.0,860.0,,,inhale,
99.538,20:42:33.221,1005.0,867.0,,,inhale,
99.558,20:42:33.241,1011.0,869.0,,,inhale,
99.578,20:42:33.261,1004.0,868.0,,,inhale,
99.598,20:42:33.281,1011.0,867.0,,,inhale,
99.618,20:42:33.301,1015.0,868.0,,,inhale,
99.638,20:42:33.321,1011.0,869.0,,,inhale,
99.658,20:42:33.341,1019.0,865.0,,,inhale,
99.678,20:42:33.361,1006.0,859.0,,,inhale,
99.698,20:42:33.381,1003.0,867.0,,,inhale,
99.718,20:42:33.401,1013.0,867.0,,,inhale,
99.738,20:42:33.421,1014.0,865.0,,,inhale,
99.758,20:42:33.441,1013.0,866.0,,,inhale,
99.778,20:42:33.461,1000.0,869.0,,,inhale,
99.798,20:42:33.481,1011.0,862.0,,,inhale,
99.818,20:42:33.501,1001.0,865.0,,,inhale,
99.838,20:42:33.521,989.0,859.0,,,inhale,
99.858,20:42:33.541,1001.0,861.0,,,inhale,
99.878,20:42:33.561,997.0,859.0,,,inhale,
99.898,20:42:33.581,993.0,858.0,,,inhale,
99.918,20:42:33.601,1004.0,857.0,,,inhale,
99.938,20:42:33.621,997.0,855.0,,,inhale,
99.958,20:42:33.641,998.0,862.0,,,inhale,
99.978,20:42:33.661,1001.0,855.0,,,inhale,
99.998,20:42:33.681,1000.0,855.0,,,inhale,
100.018,20:42:33.701,1003.0,856.0,,,inhale,
100.038,20:42:33.721,1004.0,855.0,,,inhale,
100.058,20:42:33.741,1001.0,855.0,,,inhale,
100.078,20:42:33.761,995.0,857.0,,,inhale,
100.098,20:42:33.781,812.0,858.0,,,inhale,
100.118,20:42:33.801,991.0,855.0,,,inhale,
100.138,20:42:33.821,995.0,871.0,,,inhale,
100.158,20:42:33.841,990.0,846.0,,,inhale,
100.178,20:42:33.861,995.0,868.0,,,inhale,
100.198,20:42:33.881,999.0,856.0,,,inhale,
100.218,20:42:33.901,1021.0,859.0,,,inhale,
100.238,20:42:33.921,990.0,868.0,,,inhale,
100.258,20:42:33.941,990.0,852.0,,,inhale,
100.278,20:42:33.961,996.0,855.0,,,inhale,
100.298,20:42:33.981,989.0,842.0,,,inhale,
100.318,20:42:34.001,995.0,855.0,,,inhale,
100.338,20:42:34.021,997.0,849.0,,,inhale,
100.358,20:42:34.041,979.0,852.0,,,inhale,
100.378,20:42:34.061,996.0,852.0,,,inhale,
100.398,20:42:34.081,987.0,853.0,,,inhale,
100.418,20:42:34.101,987.0,854.0,,,inhale,
100.438,20:42:34.121,987.0,853.0,,,inhale,
100.458,20:42:34.141,989.0,850.0,,,inhale,
100.478,20:42:34.161,988.0,849.0,,,inhale,
100.498,20:42:34.181,995.0,855.0,,,inhale,
100.522,20:42:34.205,988.0,862.0,,,inhale,
100.538,20:42:34.221,985.0,854.0,,,inhale,
100.558,20:42:34.241,981.0,845.0,,,inhale,
100.578,20:42:34.261,985.0,850.0,,,inhale,
100.598,20:42:34.281,989.0,860.0,,,inhale,
100.618,20:42:34.301,969.0,851.0,,,inhale,
100.638,20:42:34.321,987.0,842.0,,,inhale,
100.658,20:42:34.341,995.0,849.0,,,inhale,
100.678,20:42:34.361,989.0,848.0,,,inhale,
100.698,20:42:34.381,983.0,850.0,,,inhale,
100.718,20:42:34.401,984.0,849.0,,,inhale,
100.738,20:42:34.421,983.0,847.0,,,inhale,
100.758,20:42:34.441,981.0,848.0,,,inhale,
100.778,20:42:34.461,982.0,847.0,,,inhale,
100.798,20:42:34.481,985.0,848.0,,,inhale,
100.818,20:42:34.501,983.0,850.0,,,inhale,
100.838,20:42:34.521,977.0,842.0,,,inhale,
100.858,20:42:34.541,987.0,844.0,,,inhale,
100.878,20:42:34.561,986.0,846.0,,,inhale,
100.898,20:42:34.581,978.0,852.0,,,inhale,
100.918,20:42:34.601,979.0,843.0,,,inhale,
100.938,20:42:34.621,979.0,848.0,,,inhale,
100.958,20:42:34.641,983.0,844.0,,,inhale,
100.978,20:42:34.661,985.0,853.0,,,inhale,
100.998,20:42:34.681,987.0,839.0,,,inhale,
101.018,20:42:34.701,979.0,832.0,,,inhale,
101.038,20:42:34.721,974.0,843.0,,,inhale,
101.058,20:42:34.741,975.0,849.0,,,inhale,
101.078,20:42:34.761,1021.0,842.0,,,inhale,
101.098,20:42:34.781,973.0,841.0,,,inhale,
101.118,20:42:34.801,971.0,843.0,,,inhale,
101.138,20:42:34.821,973.0,853.0,,,inhale,
101.158,20:42:34.841,973.0,838.0,,,inhale,
101.178,20:42:34.861,970.0,837.0,,,inhale,
101.197,20:42:34.881,974.0,839.0,,,inhale,
101.218,20:42:34.901,973.0,835.0,,,inhale,
101.237,20:42:34.921,975.0,848.0,,,inhale,
101.257,20:42:34.941,966.0,837.0,,,inhale,
101.278,20:42:34.961,969.0,835.0,,,inhale,
101.297,20:42:34.981,954.0,835.0,,,inhale,
101.317,20:42:35.001,968.0,834.0,,,inhale,
101.338,20:42:35.021,967.0,846.0,,,inhale,
101.358,20:42:35.041,973.0,834.0,,,inhale,
101.378,20:42:35.061,971.0,834.0,,,inhale,
101.398,20:42:35.081,963.0,824.0,,,inhale,
101.418,20:42:35.101,971.0,836.0,,,inhale,
101.438,20:42:35.121,968.0,821.0,,,inhale,
101.458,20:42:35.141,965.0,833.0,,,inhale,
101.477,20:42:35.161,965.0,835.0,,,inhale,
101.497,20:42:35.181,969.0,831.0,,,inhale,
101.522,20:42:35.205,966.0,832.0,,,inhale,
101.537,20:42:35.221,957.0,833.0,,,inhale,
101.558,20:42:35.241,957.0,831.0,,,inhale,
101.577,20:42:35.261,965.0,829.0,,,inhale,
101.598,20:42:35.281,967.0,827.0,,,inhale,
101.619,20:42:35.302,971.0,831.0,,,inhale,
101.640,20:42:35.323,964.0,831.0,,,inhale,
101.657,20:42:35.341,1077.0,826.0,,,inhale,
101.677,20:42:35.360,955.0,829.0,,,inhale,
101.697,20:42:35.380,965.0,829.0,,,inhale,
101.717,20:42:35.400,964.0,824.0,,,inhale,
101.737,20:42:35.420,957.0,829.0,,,inhale,
101.757,20:42:35.440,959.0,830.0,,,inhale,
101.777,20:42:35.460,957.0,816.0,,,inhale,
101.797,20:42:35.481,966.0,828.0,,,inhale,
101.818,20:42:35.501,965.0,815.0,,,inhale,
101.837,20:42:35.521,959.0,824.0,,,inhale,
101.857,20:42:35.541,968.0,826.0,,,inhale,
101.877,20:42:35.561,959.0,826.0,,,inhale,
101.897,20:42:35.581,972.0,824.0,,,inhale,
101.917,20:42:35.601,955.0,826.0,,,inhale,
101.937,20:42:35.621,954.0,826.0,,,inhale,
101.957,20:42:35.640,953.0,822.0,,,inhale,
101.977,20:42:35.660,955.0,826.0,,,inhale,
101.997,20:42:35.680,953.0,832.0,,,inhale,
102.018,20:42:35.701,948.0,830.0,,,inhale,
102.037,20:42:35.721,951.0,823.0,,,inhale,
102.057,20:42:35.740,944.0,820.0,,,inhale,
102.078,20:42:35.761,955.0,822.0,,,inhale,
102.097,20:42:35.780,953.0,818.0,,,inhale,
102.117,20:42:35.801,956.0,822.0,,,inhale,
102.137,20:42:35.820,966.0,831.0,,,inhale,
102.157,20:42:35.841,980.0,821.0,,,inhale,
102.177,20:42:35.861,949.0,822.0,,,inhale,
102.197,20:42:35.880,956.0,820.0,,,inhale,
102.217,20:42:35.900,952.0,820.0,,,inhale,
102.237,20:42:35.921,953.0,818.0,,,inhale,
102.257,20:42:35.941,948.0,817.0,,,inhale,
102.277,20:42:35.960,952.0,823.0,,,inhale,
102.298,20:42:35.981,949.0,818.0,,,inhale,
102.317,20:42:36.001,953.0,817.0,,,inhale,
102.337,20:42:36.020,948.0,816.0,,,inhale,
102.357,20:42:36.041,947.0,817.0,,,inhale,
102.377,20:42:36.060,954.0,817.0,,,inhale,
102.397,20:42:36.081,952.0,816.0,,,inhale,
102.417,20:42:36.100,947.0,816.0,,,inhale,
102.437,20:42:36.120,943.0,819.0,,,inhale,
102.457,20:42:36.141,949.0,817.0,,,inhale,
102.477,20:42:36.160,951.0,819.0,,,inhale,
102.497,20:42:36.180,951.0,816.0,,,inhale,
102.521,20:42:36.204,949.0,818.0,,,inhale,
102.537,20:42:36.220,947.0,818.0,,,inhale,
102.557,20:42:36.240,951.0,821.0,,,inhale,
102.577,20:42:36.260,948.0,816.0,,,inhale,
102.597,20:42:36.280,951.0,823.0,,,inhale,
102.617,20:42:36.300,956.0,817.0,,,inhale,
102.637,20:42:36.320,949.0,827.0,,,inhale,
102.657,20:42:36.340,955.0,822.0,,,inhale,
102.677,20:42:36.360,956.0,822.0,,,inhale,
102.697,20:42:36.380,965.0,829.0,,,inhale,
102.717,20:42:36.400,955.0,829.0,,,inhale,
102.737,20:42:36.420,959.0,830.0,,,inhale,
102.757,20:42:36.440,968.0,826.0,,,inhale,
102.777,20:42:36.460,967.0,831.0,,,inhale,
102.797,20:42:36.480,969.0,841.0,,,inhale,
102.817,20:42:36.500,971.0,835.0,,,inhale,
102.837,20:42:36.520,966.0,845.0,,,inhale,
102.857,20:42:36.540,981.0,839.0,,,inhale,
102.877,20:42:36.560,980.0,848.0,,,inhale,
102.897,20:42:36.580,983.0,849.0,,,inhale,
102.917,20:42:36.600,975.0,841.0,,,inhale,
102.937,20:42:36.620,978.0,842.0,,,inhale,
102.957,20:42:36.640,981.0,846.0,,,inhale,
102.977,20:42:36.660,979.0,832.0,,,inhale,
102.997,20:42:36.680,991.0,847.0,,,inhale,
103.017,20:42:36.700,975.0,848.0,,,inhale,
103.037,20:42:36.720,987.0,844.0,,,inhale,
103.057,20:42:36.740,991.0,848.0,,,inhale,
103.077,20:42:36.760,983.0,849.0,,,inhale,
103.097,20:42:36.780,987.0,853.0,,,inhale,
103.117,20:42:36.800,983.0,850.0,,,inhale,
103.137,20:42:36.820,995.0,851.0,,,inhale,
103.157,20:42:36.840,995.0,850.0,,,inhale,
103.177,20:42:36.860,997.0,857.0,,,inhale,
103.197,20:42:36.880,986.0,854.0,,,inhale,
103.217,20:42:36.900,988.0,853.0,,,inhale,
103.237,20:42:36.920,997.0,854.0,,,inhale,
103.257,20:42:36.940,990.0,854.0,,,inhale,
103.277,20:42:36.960,1002.0,853.0,,,inhale,
103.297,20:42:36.980,996.0,856.0,,,inhale,
103.317,20:42:37.000,988.0,860.0,,,inhale,
103.337,20:42:37.020,1021.0,858.0,,,inhale,
103.357,20:42:37.040,999.0,858.0,,,inhale,
103.377,20:42:37.060,1001.0,851.0,,,inhale,
103.397,20:42:37.080,997.0,861.0,,,inhale,
103.417,20:42:37.100,998.0,865.0,,,inhale,
103.437,20:42:37.120,1000.0,859.0,,,inhale,
103.457,20:42:37.140,999.0,859.0,,,inhale,
103.477,20:42:37.160,985.0,860.0,,,inhale,
103.497,20:42:37.180,1003.0,857.0,,,inhale,
103.521,20:42:37.204,1005.0,862.0,,,inhale,
103.537,20:42:37.220,1017.0,858.0,,,inhale,
103.557,20:42:37.240,1004.0,868.0,,,inhale,
103.577,20:42:37.260,1006.0,858.0,,,inhale,
103.597,20:42:37.280,1005.0,870.0,,,inhale,
103.617,20:42:37.300,1002.0,864.0,,,inhale,
103.637,20:42:37.320,1005.0,862.0,,,inhale,
103.657,20:42:37.340,1007.0,869.0,,,inhale,
103.677,20:42:37.360,1005.0,866.0,,,inhale,
103.697,20:42:37.380,1015.0,868.0,,,inhale,
103.717,20:42:37.400,1007.0,864.0,,,inhale,
103.737,20:42:37.420,1001.0,864.0,,,inhale,
103.757,20:42:37.440,1001.0,863.0,,,inhale,
103.777,20:42:37.460,1003.0,865.0,,,inhale,
103.797,20:42:37.480,1015.0,865.0,,,inhale,
103.817,20:42:37.500,1003.0,864.0,,,inhale,
103.837,20:42:37.520,1003.0,863.0,,,inhale,
103.857,20:42:37.540,1003.0,863.0,,,inhale,
103.877,20:42:37.560,997.0,861.0,,,inhale,
103.897,20:42:37.580,1004.0,860.0,,,inhale,
103.917,20:42:37.600,995.0,858.0,,,inhale,
103.937,20:42:37.620,988.0,857.0,,,inhale,
103.957,20:42:37.640,995.0,858.0,,,inhale,
103.977,20:42:37.660,988.0,857.0,,,inhale,
103.997,20:42:37.680,995.0,862.0,,,inhale,
104.017,20:42:37.700,991.0,854.0,,,exhale,exhale_onset
104.037,20:42:37.720,991.0,854.0,,,exhale,
104.057,20:42:37.740,1002.0,853.0,,,exhale,
104.077,20:42:37.760,990.0,856.0,,,exhale,
104.097,20:42:37.780,985.0,857.0,,,exhale,
104.117,20:42:37.800,997.0,855.0,,,exhale,
104.137,20:42:37.820,988.0,841.0,,,exhale,
104.157,20:42:37.840,987.0,861.0,,,exhale,
104.177,20:42:37.860,985.0,848.0,,,exhale,
104.197,20:42:37.880,1007.0,853.0,,,exhale,
104.217,20:42:37.900,997.0,858.0,,,exhale,
104.237,20:42:37.920,970.0,851.0,,,exhale,
104.257,20:42:37.940,995.0,856.0,,,exhale,
104.277,20:42:37.960,985.0,852.0,,,exhale,
104.297,20:42:37.980,989.0,845.0,,,exhale,
104.317,20:42:38.000,995.0,849.0,,,exhale,
104.337,20:42:38.020,997.0,857.0,,,exhale,
104.357,20:42:38.040,987.0,849.0,,,exhale,
104.377,20:42:38.060,984.0,845.0,,,exhale,
104.397,20:42:38.080,987.0,853.0,,,exhale,
104.417,20:42:38.100,987.0,845.0,,,exhale,
104.437,20:42:38.120,985.0,849.0,,,exhale,
104.457,20:42:38.140,984.0,848.0,,,exhale,
104.477,20:42:38.160,931.0,843.0,,,exhale,
104.497,20:42:38.180,989.0,847.0,,,exhale,
104.521,20:42:38.204,979.0,841.0,,,exhale,
104.537,20:42:38.220,981.0,845.0,,,exhale,
104.557,20:42:38.240,985.0,842.0,,,exhale,
104.577,20:42:38.260,982.0,844.0,,,exhale,
104.597,20:42:38.280,981.0,848.0,,,exhale,
104.617,20:42:38.300,979.0,847.0,,,exhale,
104.637,20:42:38.320,972.0,843.0,,,exhale,
104.657,20:42:38.340,978.0,843.0,,,exhale,
104.677,20:42:38.360,983.0,842.0,,,exhale,
104.697,20:42:38.380,977.0,842.0,,,exhale,
104.717,20:42:38.400,981.0,841.0,,,exhale,
104.737,20:42:38.420,977.0,839.0,,,exhale,
104.757,20:42:38.440,979.0,842.0,,,exhale,
104.777,20:42:38.460,974.0,843.0,,,exhale,
104.797,20:42:38.480,985.0,847.0,,,exhale,
104.817,20:42:38.500,982.0,841.0,,,exhale,
104.837,20:42:38.520,973.0,839.0,,,exhale,
104.857,20:42:38.540,975.0,837.0,,,exhale,
104.877,20:42:38.560,967.0,838.0,,,exhale,
104.897,20:42:38.580,969.0,838.0,,,exhale,
104.917,20:42:38.600,957.0,839.0,,,exhale,
104.937,20:42:38.620,980.0,829.0,,,exhale,
104.957,20:42:38.640,965.0,835.0,,,exhale,
104.977,20:42:38.660,965.0,832.0,,,exhale,
104.997,20:42:38.680,971.0,837.0,,,exhale,
105.017,20:42:38.700,955.0,829.0,,,exhale,
105.037,20:42:38.720,973.0,832.0,,,exhale,
105.057,20:42:38.740,964.0,839.0,,,exhale,
105.077,20:42:38.760,964.0,839.0,,,exhale,
105.097,20:42:38.780,964.0,829.0,,,exhale,
105.117,20:42:38.800,972.0,828.0,,,exhale,
105.137,20:42:38.820,958.0,822.0,,,exhale,
105.157,20:42:38.840,957.0,825.0,,,exhale,
105.177,20:42:38.860,959.0,825.0,,,exhale,
105.197,20:42:38.880,953.0,832.0,,,exhale,
105.217,20:42:38.900,940.0,825.0,,,exhale,
105.237,20:42:38.920,953.0,812.0,,,exhale,
105.257,20:42:38.940,954.0,829.0,,,exhale,
105.277,20:42:38.960,967.0,826.0,,,exhale,
105.297,20:42:38.980,966.0,823.0,,,exhale,
105.317,20:42:39.000,956.0,825.0,,,exhale,
105.337,20:42:39.020,953.0,826.0,,,exhale,
105.357,20:42:39.040,952.0,822.0,,,exhale,
105.377,20:42:39.060,955.0,824.0,,,exhale,
105.397,20:42:39.080,950.0,820.0,,,exhale,
105.417,20:42:39.100,948.0,822.0,,,exhale,
105.437,20:42:39.120,953.0,820.0,,,exhale,
105.457,20:42:39.140,952.0,819.0,,,exhale,
105.477,20:42:39.160,953.0,817.0,,,exhale,
105.497,20:42:39.180,953.0,821.0,,,exhale,
105.521,20:42:39.204,951.0,820.0,,,exhale,
105.537,20:42:39.220,949.0,816.0,,,exhale,
105.557,20:42:39.240,947.0,824.0,,,exhale,
105.577,20:42:39.260,951.0,818.0,,,exhale,
105.597,20:42:39.280,953.0,806.0,,,exhale,
105.617,20:42:39.300,949.0,817.0,,,exhale,
105.637,20:42:39.320,950.0,819.0,,,exhale,
105.657,20:42:39.340,941.0,818.0,,,exhale,
105.677,20:42:39.360,949.0,817.0,,,exhale,
105.697,20:42:39.380,948.0,820.0,,,exhale,
105.717,20:42:39.400,953.0,816.0,,,exhale,
105.737,20:42:39.420,949.0,813.0,,,exhale,
105.757,20:42:39.440,943.0,816.0,,,exhale,
105.777,20:42:39.460,941.0,816.0,,,exhale,
105.797,20:42:39.480,951.0,818.0,,,exhale,
105.817,20:42:39.500,943.0,816.0,,,exhale,
105.837,20:42:39.520,957.0,818.0,,,exhale,
105.857,20:42:39.540,1064.0,818.0,,,exhale,
105.877,20:42:39.560,947.0,822.0,,,exhale,
105.897,20:42:39.580,948.0,815.0,,,exhale,
105.928,20:42:39.611,953.0,818.0,,,exhale,
105.939,20:42:39.623,942.0,818.0,,,exhale,
105.956,20:42:39.640,943.0,820.0,,,exhale,
105.976,20:42:39.660,951.0,818.0,,,exhale,
105.996,20:42:39.680,954.0,825.0,,,exhale,
106.016,20:42:39.700,957.0,826.0,,,exhale,
106.036,20:42:39.720,943.0,814.0,,,inhale,inhale_onset
106.056,20:42:39.740,953.0,815.0,,,inhale,
106.077,20:42:39.760,967.0,816.0,,,inhale,
106.096,20:42:39.780,941.0,809.0,,,inhale,
106.117,20:42:39.800,953.0,815.0,,,inhale,
106.137,20:42:39.820,954.0,814.0,,,inhale,
106.157,20:42:39.840,939.0,817.0,,,inhale,
106.177,20:42:39.860,948.0,808.0,,,inhale,
106.197,20:42:39.880,947.0,822.0,,,inhale,
106.217,20:42:39.900,952.0,818.0,,,inhale,
106.236,20:42:39.920,965.0,825.0,,,inhale,
106.257,20:42:39.940,951.0,822.0,,,inhale,
106.277,20:42:39.960,959.0,823.0,,,inhale,
106.297,20:42:39.980,956.0,830.0,,,inhale,
106.317,20:42:40.000,960.0,827.0,,,inhale,
106.337,20:42:40.020,966.0,829.0,,,inhale,
106.357,20:42:40.040,967.0,834.0,,,inhale,
106.377,20:42:40.060,975.0,836.0,,,inhale,
106.397,20:42:40.080,979.0,841.0,,,inhale,
106.417,20:42:40.100,974.0,837.0,,,inhale,
106.437,20:42:40.120,979.0,839.0,,,inhale,
106.457,20:42:40.140,983.0,842.0,,,inhale,
106.477,20:42:40.160,967.0,845.0,,,inhale,
106.497,20:42:40.180,989.0,847.0,,,inhale,
106.521,20:42:40.204,987.0,852.0,,,inhale,
106.536,20:42:40.220,988.0,847.0,,,inhale,
106.557,20:42:40.240,983.0,848.0,,,inhale,
106.577,20:42:40.260,986.0,849.0,,,inhale,
106.597,20:42:40.280,981.0,850.0,,,inhale,
106.617,20:42:40.300,983.0,838.0,,,inhale,
106.636,20:42:40.320,989.0,853.0,,,inhale,
106.657,20:42:40.340,987.0,851.0,,,inhale,
106.676,20:42:40.360,990.0,853.0,,,inhale,
106.696,20:42:40.380,995.0,859.0,,,inhale,
106.716,20:42:40.400,991.0,855.0,,,inhale,
106.737,20:42:40.420,989.0,862.0,,,inhale,
106.757,20:42:40.440,1001.0,849.0,,,inhale,
106.776,20:42:40.460,991.0,863.0,,,inhale,
106.797,20:42:40.480,991.0,858.0,,,inhale,
106.817,20:42:40.500,983.0,854.0,,,inhale,
106.836,20:42:40.520,986.0,864.0,,,inhale,
106.857,20:42:40.540,1000.0,855.0,,,inhale,
106.876,20:42:40.560,995.0,860.0,,,inhale,
106.897,20:42:40.580,1023.0,857.0,,,inhale,
106.916,20:42:40.600,999.0,856.0,,,inhale,
106.936,20:42:40.620,996.0,853.0,,,inhale,
106.956,20:42:40.640,991.0,854.0,,,inhale,
106.976,20:42:40.660,995.0,856.0,,,inhale,
106.997,20:42:40.680,987.0,855.0,,,inhale,
107.017,20:42:40.700,1001.0,854.0,,,inhale,
107.036,20:42:40.720,989.0,850.0,,,inhale,
107.057,20:42:40.740,985.0,851.0,,,inhale,
107.076,20:42:40.760,984.0,850.0,,,inhale,
107.097,20:42:40.780,985.0,857.0,,,inhale,
107.116,20:42:40.800,985.0,846.0,,,inhale,
107.136,20:42:40.819,989.0,845.0,,,inhale,
107.156,20:42:40.840,973.0,845.0,,,inhale,
107.176,20:42:40.860,981.0,841.0,,,inhale,
107.196,20:42:40.880,981.0,845.0,,,inhale,
107.216,20:42:40.900,973.0,851.0,,,inhale,
107.236,20:42:40.919,981.0,843.0,,,inhale,
107.256,20:42:40.939,975.0,842.0,,,exhale,exhale_onset
107.276,20:42:40.960,981.0,846.0,,,exhale,
107.296,20:42:40.980,973.0,851.0,,,exhale,
107.316,20:42:41.000,979.0,843.0,,,exhale,
107.336,20:42:41.020,979.0,847.0,,,exhale,
107.356,20:42:41.040,979.0,842.0,,,exhale,
107.376,20:42:41.060,969.0,841.0,,,exhale,
107.396,20:42:41.080,973.0,848.0,,,exhale,
107.416,20:42:41.100,983.0,839.0,,,exhale,
107.436,20:42:41.119,971.0,839.0,,,exhale,
107.456,20:42:41.140,973.0,838.0,,,exhale,
107.476,20:42:41.159,973.0,838.0,,,exhale,
107.496,20:42:41.179,971.0,841.0,,,exhale,
107.520,20:42:41.203,967.0,831.0,,,exhale,
107.536,20:42:41.219,995.0,840.0,,,exhale,
107.556,20:42:41.239,967.0,834.0,,,exhale,
107.576,20:42:41.259,968.0,838.0,,,exhale,
107.596,20:42:41.279,969.0,835.0,,,exhale,
107.616,20:42:41.299,965.0,842.0,,,exhale,
107.636,20:42:41.319,975.0,834.0,,,exhale,
107.656,20:42:41.339,969.0,835.0,,,exhale,
107.676,20:42:41.359,969.0,835.0,,,exhale,
107.696,20:42:41.380,959.0,834.0,,,exhale,
107.716,20:42:41.400,966.0,830.0,,,exhale,
107.736,20:42:41.419,957.0,832.0,,,exhale,
107.756,20:42:41.439,959.0,832.0,,,exhale,
107.776,20:42:41.459,970.0,831.0,,,exhale,
107.796,20:42:41.479,965.0,834.0,,,exhale,
107.816,20:42:41.499,956.0,831.0,,,exhale,
107.836,20:42:41.519,968.0,817.0,,,exhale,
107.856,20:42:41.539,958.0,827.0,,,exhale,
107.876,20:42:41.559,952.0,828.0,,,exhale,
107.896,20:42:41.579,959.0,826.0,,,exhale,
107.916,20:42:41.599,829.0,825.0,,,exhale,
107.936,20:42:41.619,957.0,840.0,,,exhale,
107.956,20:42:41.639,955.0,823.0,,,exhale,
107.976,20:42:41.659,951.0,827.0,,,exhale,
107.996,20:42:41.679,953.0,821.0,,,exhale,
108.016,20:42:41.699,953.0,823.0,,,exhale,
108.036,20:42:41.719,969.0,830.0,,,exhale,
108.056,20:42:41.739,953.0,818.0,,,exhale,
108.076,20:42:41.759,957.0,821.0,,,exhale,
108.096,20:42:41.779,953.0,817.0,,,exhale,
108.116,20:42:41.799,953.0,822.0,,,exhale,
108.136,20:42:41.819,958.0,818.0,,,exhale,
108.156,20:42:41.839,954.0,818.0,,,exhale,
108.176,20:42:41.859,857.0,817.0,,,exhale,
108.196,20:42:41.879,946.0,819.0,,,exhale,
108.216,20:42:41.899,951.0,819.0,,,exhale,
108.236,20:42:41.919,942.0,816.0,,,exhale,
108.256,20:42:41.939,947.0,814.0,,,exhale,
108.276,20:42:41.959,951.0,816.0,,,exhale,
108.296,20:42:41.979,940.0,819.0,,,exhale,
108.316,20:42:41.999,948.0,814.0,,,exhale,
108.336,20:42:42.019,957.0,815.0,,,exhale,
108.356,20:42:42.039,911.0,816.0,,,exhale,
108.376,20:42:42.059,952.0,831.0,,,exhale,
108.396,20:42:42.079,949.0,821.0,,,exhale,
108.416,20:42:42.099,965.0,821.0,,,exhale,
108.436,20:42:42.119,968.0,813.0,,,exhale,
108.456,20:42:42.139,959.0,823.0,,,exhale,
108.476,20:42:42.159,957.0,812.0,,,exhale,
108.496,20:42:42.179,957.0,838.0,,,exhale,
108.520,20:42:42.203,967.0,832.0,,,exhale,
108.536,20:42:42.219,971.0,850.0,,,exhale,
108.556,20:42:42.239,959.0,834.0,,,exhale,
108.576,20:42:42.259,971.0,825.0,,,exhale,
108.596,20:42:42.279,973.0,844.0,,,inhale,inhale_onset
108.616,20:42:42.299,971.0,843.0,,,inhale,
108.636,20:42:42.319,979.0,840.0,,,inhale,
108.656,20:42:42.339,968.0,841.0,,,inhale,
108.676,20:42:42.359,982.0,846.0,,,inhale,
108.696,20:42:42.379,984.0,847.0,,,inhale,
108.716,20:42:42.399,985.0,847.0,,,inhale,
108.736,20:42:42.419,991.0,846.0,,,inhale,
108.756,20:42:42.439,987.0,848.0,,,inhale,
108.776,20:42:42.459,987.0,851.0,,,inhale,
108.796,20:42:42.479,989.0,851.0,,,inhale,
108.816,20:42:42.499,989.0,854.0,,,inhale,
108.836,20:42:42.519,987.0,854.0,,,inhale,
108.856,20:42:42.539,983.0,859.0,,,inhale,
108.876,20:42:42.559,987.0,846.0,,,inhale,
108.896,20:42:42.579,995.0,858.0,,,inhale,
108.916,20:42:42.599,1001.0,860.0,,,inhale,
108.936,20:42:42.619,998.0,856.0,,,inhale,
108.956,20:42:42.639,997.0,858.0,,,inhale,
108.976,20:42:42.659,998.0,860.0,,,inhale,
108.996,20:42:42.679,1001.0,859.0,,,inhale,
109.016,20:42:42.699,998.0,862.0,,,inhale,
109.036,20:42:42.719,991.0,865.0,,,inhale,
109.056,20:42:42.739,1003.0,864.0,,,inhale,
109.076,20:42:42.759,1004.0,867.0,,,inhale,
109.096,20:42:42.779,1005.0,867.0,,,inhale,
109.116,20:42:42.799,1015.0,865.0,,,inhale,
109.136,20:42:42.819,1007.0,869.0,,,inhale,
109.157,20:42:42.840,1015.0,864.0,,,inhale,
109.176,20:42:42.859,1011.0,885.0,,,inhale,
109.196,20:42:42.879,1005.0,862.0,,,inhale,
109.216,20:42:42.899,1013.0,855.0,,,inhale,
109.236,20:42:42.919,1007.0,867.0,,,inhale,
109.256,20:42:42.939,1015.0,869.0,,,inhale,
109.276,20:42:42.959,1004.0,868.0,,,inhale,
109.296,20:42:42.979,1008.0,865.0,,,inhale,
109.322,20:42:43.005,999.0,866.0,,,inhale,
109.336,20:42:43.019,1003.0,869.0,,,inhale,
109.356,20:42:43.039,1003.0,863.0,,,inhale,
109.376,20:42:43.059,1001.0,857.0,,,inhale,
109.396,20:42:43.079,1011.0,868.0,,,inhale,
109.416,20:42:43.099,998.0,860.0,,,inhale,
109.436,20:42:43.119,999.0,860.0,,,inhale,
109.456,20:42:43.139,998.0,859.0,,,inhale,
109.476,20:42:43.159,995.0,860.0,,,inhale,
109.496,20:42:43.179,994.0,861.0,,,inhale,
109.520,20:42:43.203,997.0,860.0,,,inhale,
109.536,20:42:43.219,999.0,857.0,,,inhale,
109.556,20:42:43.239,997.0,864.0,,,inhale,
109.576,20:42:43.259,996.0,859.0,,,inhale,
109.596,20:42:43.279,1001.0,858.0,,,inhale,
109.616,20:42:43.299,986.0,857.0,,,inhale,
109.636,20:42:43.319,997.0,849.0,,,inhale,
109.656,20:42:43.339,985.0,852.0,,,inhale,
109.676,20:42:43.359,997.0,859.0,,,inhale,
109.696,20:42:43.379,995.0,852.0,,,inhale,
109.716,20:42:43.399,997.0,855.0,,,inhale,
109.736,20:42:43.419,987.0,844.0,,,inhale,
109.756,20:42:43.439,994.0,853.0,,,inhale,
109.776,20:42:43.459,987.0,849.0,,,inhale,
109.796,20:42:43.479,998.0,846.0,,,inhale,
109.816,20:42:43.499,987.0,849.0,,,exhale,exhale_onset
109.836,20:42:43.519,987.0,848.0,,,exhale,
109.856,20:42:43.539,981.0,849.0,,,exhale,
109.876,20:42:43.559,973.0,844.0,,,exhale,
109.896,20:42:43.579,982.0,850.0,,,exhale,
109.916,20:42:43.599,987.0,848.0,,,exhale,
109.936,20:42:43.619,981.0,847.0,,,exhale,
109.956,20:42:43.639,980.0,844.0,,,exhale,
109.976,20:42:43.659,983.0,845.0,,,exhale,
109.996,20:42:43.679,979.0,847.0,,,exhale,
110.016,20:42:43.699,975.0,844.0,,,exhale,
110.036,20:42:43.719,980.0,842.0,,,exhale,
110.056,20:42:43.739,974.0,836.0,,,exhale,
110.076,20:42:43.759,972.0,843.0,,,exhale,
110.096,20:42:43.779,971.0,837.0,,,exhale,
110.116,20:42:43.799,985.0,835.0,,,exhale,
110.136,20:42:43.819,966.0,831.0,,,exhale,
110.156,20:42:43.839,968.0,832.0,,,exhale,
110.176,20:42:43.859,973.0,835.0,,,exhale,
110.196,20:42:43.879,965.0,835.0,,,exhale,
110.216,20:42:43.899,969.0,835.0,,,exhale,
110.236,20:42:43.919,966.0,840.0,,,exhale,
110.256,20:42:43.939,972.0,834.0,,,exhale,
110.276,20:42:43.959,977.0,840.0,,,exhale,
110.296,20:42:43.979,990.0,843.0,,,exhale,
110.316,20:42:43.999,989.0,841.0,,,exhale,
110.336,20:42:44.019,981.0,844.0,,,exhale,
110.356,20:42:44.039,982.0,835.0,,,exhale,
110.376,20:42:44.059,983.0,844.0,,,exhale,
110.396,20:42:44.079,988.0,847.0,,,exhale,
110.416,20:42:44.099,995.0,845.0,,,exhale,
110.436,20:42:44.119,983.0,842.0,,,exhale,
110.456,20:42:44.139,988.0,840.0,,,exhale,
110.476,20:42:44.159,987.0,846.0,,,exhale,
110.496,20:42:44.179,989.0,850.0,,,exhale,
110.520,20:42:44.203,985.0,849.0,,,exhale,
110.536,20:42:44.219,989.0,851.0,,,exhale,
110.556,20:42:44.239,997.0,851.0,,,exhale,
110.576,20:42:44.259,997.0,854.0,,,exhale,
110.596,20:42:44.279,985.0,854.0,,,exhale,
110.616,20:42:44.299,991.0,863.0,,,exhale,
110.636,20:42:44.319,1001.0,855.0,,,exhale,
110.656,20:42:44.339,991.0,856.0,,,exhale,
110.676,20:42:44.359,996.0,860.0,,,exhale,
110.696,20:42:44.379,1013.0,856.0,,,exhale,
110.716,20:42:44.399,1005.0,873.0,,,exhale,
110.736,20:42:44.419,1003.0,865.0,,,exhale,
110.756,20:42:44.439,1013.0,863.0,,,exhale,
110.776,20:42:44.459,1012.0,867.0,,,exhale,
110.796,20:42:44.479,1010.0,871.0,,,exhale,
110.816,20:42:44.499,1007.0,871.0,,,exhale,
110.836,20:42:44.519,1011.0,859.0,,,exhale,
110.856,20:42:44.539,1019.0,866.0,,,exhale,
110.876,20:42:44.559,1004.0,868.0,,,exhale,
110.896,20:42:44.579,1001.0,868.0,,,exhale,
110.916,20:42:44.599,1007.0,872.0,,,exhale,
110.936,20:42:44.619,1011.0,866.0,,,exhale,
110.956,20:42:44.639,1013.0,873.0,,,exhale,
110.976,20:42:44.659,1007.0,865.0,,,exhale,
110.996,20:42:44.679,1000.0,863.0,,,exhale,
111.016,20:42:44.699,1002.0,863.0,,,exhale,
111.036,20:42:44.719,1011.0,864.0,,,exhale,
111.056,20:42:44.739,994.0,859.0,,,exhale,
111.076,20:42:44.759,997.0,860.0,,,exhale,
111.096,20:42:44.779,997.0,860.0,,,exhale,
111.116,20:42:44.799,1004.0,860.0,,,exhale,
111.136,20:42:44.819,1001.0,862.0,,,exhale,
111.156,20:42:44.839,995.0,856.0,,,exhale,
111.176,20:42:44.859,1002.0,856.0,,,exhale,
111.196,20:42:44.879,1002.0,857.0,,,exhale,
111.216,20:42:44.899,999.0,858.0,,,exhale,
111.236,20:42:44.919,988.0,859.0,,,exhale,
111.256,20:42:44.939,989.0,857.0,,,exhale,
111.276,20:42:44.959,999.0,856.0,,,exhale,
111.296,20:42:44.979,998.0,857.0,,,exhale,
111.316,20:42:44.999,989.0,857.0,,,exhale,
111.336,20:42:45.019,995.0,857.0,,,exhale,
111.356,20:42:45.039,984.0,865.0,,,exhale,
111.376,20:42:45.059,995.0,857.0,,,exhale,
111.396,20:42:45.079,991.0,854.0,,,exhale,
111.416,20:42:45.099,1001.0,855.0,,,exhale,
111.436,20:42:45.119,996.0,850.0,,,exhale,
111.456,20:42:45.139,989.0,854.0,,,exhale,
111.476,20:42:45.159,989.0,840.0,,,exhale,
111.496,20:42:45.179,983.0,853.0,,,exhale,
111.520,20:42:45.203,1002.0,854.0,,,exhale,
111.536,20:42:45.219,990.0,851.0,,,exhale,
111.556,20:42:45.239,996.0,851.0,,,exhale,
111.576,20:42:45.259,983.0,847.0,,,exhale,
111.596,20:42:45.279,983.0,849.0,,,exhale,
111.616,20:42:45.299,986.0,847.0,,,exhale,
111.636,20:42:45.319,985.0,854.0,,,exhale,
111.656,20:42:45.339,975.0,852.0,,,exhale,
111.676,20:42:45.359,985.0,859.0,,,exhale,
111.696,20:42:45.379,984.0,849.0,,,exhale,
111.716,20:42:45.399,985.0,847.0,,,exhale,
111.736,20:42:45.419,984.0,847.0,,,exhale,
111.756,20:42:45.439,977.0,844.0,,,exhale,
111.776,20:42:45.459,980.0,841.0,,,exhale,
111.796,20:42:45.479,979.0,842.0,,,exhale,
111.816,20:42:45.499,983.0,844.0,,,exhale,
111.836,20:42:45.519,979.0,839.0,,,exhale,
111.856,20:42:45.539,979.0,841.0,,,exhale,
111.876,20:42:45.559,975.0,841.0,,,exhale,
111.896,20:42:45.579,977.0,841.0,,,exhale,
111.916,20:42:45.599,981.0,842.0,,,exhale,
111.936,20:42:45.619,971.0,839.0,,,exhale,
111.956,20:42:45.639,987.0,836.0,,,exhale,
111.976,20:42:45.659,975.0,842.0,,,exhale,
111.996,20:42:45.679,968.0,838.0,,,exhale,
112.016,20:42:45.699,971.0,840.0,,,exhale,
112.036,20:42:45.719,979.0,837.0,,,exhale,
112.056,20:42:45.739,971.0,834.0,,,exhale,
112.076,20:42:45.759,979.0,832.0,,,exhale,
112.096,20:42:45.779,984.0,834.0,,,exhale,
112.116,20:42:45.799,974.0,844.0,,,exhale,
112.136,20:42:45.819,973.0,832.0,,,exhale,
112.156,20:42:45.839,965.0,834.0,,,exhale,
112.176,20:42:45.859,973.0,835.0,,,exhale,
112.196,20:42:45.879,965.0,831.0,,,exhale,
112.216,20:42:45.899,979.0,832.0,,,exhale,
112.236,20:42:45.919,960.0,819.0,,,exhale,
112.256,20:42:45.939,960.0,819.0,,,exhale,
112.276,20:42:45.959,967.0,828.0,,,exhale,
112.296,20:42:45.979,967.0,816.0,,,exhale,
112.316,20:42:45.999,959.0,829.0,,,exhale,
112.336,20:42:46.019,957.0,826.0,,,exhale,
112.356,20:42:46.039,969.0,826.0,,,exhale,
112.376,20:42:46.059,959.0,828.0,,,exhale,
112.396,20:42:46.079,959.0,829.0,,,exhale,
112.416,20:42:46.099,959.0,825.0,,,exhale,
112.436,20:42:46.119,957.0,824.0,,,exhale,
112.456,20:42:46.139,957.0,825.0,,,exhale,
112.476,20:42:46.159,967.0,818.0,,,exhale,
112.495,20:42:46.179,957.0,823.0,,,exhale,
112.519,20:42:46.202,965.0,818.0,,,exhale,
112.535,20:42:46.218,953.0,822.0,,,exhale,
112.555,20:42:46.239,949.0,820.0,,,exhale,
112.575,20:42:46.259,955.0,822.0,,,exhale,
112.595,20:42:46.279,951.0,822.0,,,exhale,
112.615,20:42:46.299,940.0,819.0,,,exhale,
112.635,20:42:46.319,957.0,822.0,,,exhale,
112.656,20:42:46.339,1107.0,821.0,,,exhale,
112.676,20:42:46.359,1065.0,834.0,,,exhale,
112.696,20:42:46.379,967.0,828.0,,,exhale,
112.716,20:42:46.399,965.0,834.0,,,exhale,
112.736,20:42:46.419,971.0,832.0,,,exhale,
112.756,20:42:46.439,975.0,835.0,,,exhale,
112.776,20:42:46.459,983.0,840.0,,,exhale,
112.796,20:42:46.479,973.0,841.0,,,exhale,
112.816,20:42:46.499,983.0,847.0,,,inhale,inhale_onset
112.835,20:42:46.518,983.0,851.0,,,inhale,
112.855,20:42:46.539,983.0,846.0,,,inhale,
112.877,20:42:46.560,985.0,846.0,,,inhale,
112.895,20:42:46.578,984.0,849.0,,,inhale,
112.915,20:42:46.598,994.0,851.0,,,inhale,
112.935,20:42:46.619,1035.0,861.0,,,inhale,
112.955,20:42:46.638,982.0,858.0,,,inhale,
112.975,20:42:46.658,997.0,856.0,,,inhale,
112.995,20:42:46.678,991.0,856.0,,,inhale,
113.015,20:42:46.699,991.0,857.0,,,inhale,
113.035,20:42:46.718,999.0,858.0,,,inhale,
113.056,20:42:46.739,1007.0,869.0,,,inhale,
113.076,20:42:46.759,1001.0,855.0,,,inhale,
113.096,20:42:46.779,1000.0,864.0,,,inhale,
113.116,20:42:46.799,1003.0,868.0,,,inhale,
113.135,20:42:46.819,995.0,863.0,,,inhale,
113.156,20:42:46.839,1001.0,862.0,,,inhale,
113.176,20:42:46.859,1007.0,861.0,,,inhale,
113.196,20:42:46.879,1005.0,858.0,,,inhale,
113.216,20:42:46.899,1013.0,871.0,,,inhale,
113.235,20:42:46.919,1013.0,865.0,,,inhale,
113.256,20:42:46.939,1011.0,861.0,,,inhale,
113.276,20:42:46.959,1003.0,877.0,,,inhale,
113.295,20:42:46.979,1001.0,866.0,,,inhale,
113.315,20:42:46.998,999.0,864.0,,,inhale,
113.336,20:42:47.019,996.0,869.0,,,inhale,
113.356,20:42:47.039,996.0,865.0,,,inhale,
113.376,20:42:47.059,1007.0,860.0,,,inhale,
113.395,20:42:47.079,999.0,862.0,,,inhale,
113.415,20:42:47.099,1005.0,862.0,,,inhale,
113.435,20:42:47.118,998.0,868.0,,,inhale,
113.455,20:42:47.139,943.0,861.0,,,inhale,
113.476,20:42:47.159,1007.0,863.0,,,inhale,
113.496,20:42:47.179,1000.0,866.0,,,inhale,
113.520,20:42:47.203,1001.0,865.0,,,inhale,
113.536,20:42:47.219,1005.0,862.0,,,inhale,
113.556,20:42:47.239,1003.0,866.0,,,inhale,
113.576,20:42:47.259,1003.0,865.0,,,inhale,
113.596,20:42:47.279,1004.0,861.0,,,inhale,
113.616,20:42:47.299,997.0,866.0,,,inhale,
113.635,20:42:47.319,1013.0,863.0,,,inhale,
113.656,20:42:47.339,1003.0,863.0,,,inhale,
113.675,20:42:47.359,1001.0,864.0,,,inhale,
113.695,20:42:47.379,1007.0,862.0,,,inhale,
113.716,20:42:47.399,1011.0,861.0,,,inhale,
113.735,20:42:47.419,1007.0,862.0,,,inhale,
113.756,20:42:47.439,1003.0,850.0,,,inhale,
113.776,20:42:47.459,1004.0,869.0,,,inhale,
113.795,20:42:47.479,1010.0,861.0,,,inhale,
113.816,20:42:47.499,1012.0,863.0,,,inhale,
113.835,20:42:47.519,1005.0,876.0,,,inhale,
113.856,20:42:47.539,1005.0,860.0,,,inhale,
113.875,20:42:47.558,999.0,860.0,,,inhale,
113.895,20:42:47.579,997.0,859.0,,,inhale,
113.916,20:42:47.599,1003.0,860.0,,,inhale,
113.935,20:42:47.619,996.0,857.0,,,inhale,
113.955,20:42:47.639,999.0,857.0,,,inhale,
113.976,20:42:47.659,1035.0,855.0,,,inhale,
113.996,20:42:47.679,1000.0,855.0,,,inhale,
114.015,20:42:47.698,995.0,855.0,,,inhale,
114.035,20:42:47.718,997.0,858.0,,,exhale,exhale_onset
114.055,20:42:47.739,995.0,855.0,,,exhale,
114.075,20:42:47.758,995.0,856.0,,,exhale,
114.096,20:42:47.779,1000.0,856.0,,,exhale,
114.115,20:42:47.798,997.0,856.0,,,exhale,
114.135,20:42:47.818,997.0,857.0,,,exhale,
114.155,20:42:47.838,993.0,854.0,,,exhale,
114.175,20:42:47.859,991.0,861.0,,,exhale,
114.195,20:42:47.878,999.0,856.0,,,exhale,
114.215,20:42:47.899,989.0,868.0,,,exhale,
114.235,20:42:47.918,1001.0,854.0,,,exhale,
114.255,20:42:47.939,981.0,859.0,,,exhale,
114.275,20:42:47.959,995.0,855.0,,,exhale,
114.295,20:42:47.979,995.0,853.0,,,exhale,
114.315,20:42:47.999,995.0,854.0,,,exhale,
114.335,20:42:48.018,989.0,852.0,,,exhale,
114.355,20:42:48.038,985.0,852.0,,,exhale,
114.375,20:42:48.059,987.0,852.0,,,exhale,
114.395,20:42:48.078,988.0,852.0,,,exhale,
114.415,20:42:48.099,997.0,853.0,,,exhale,
114.435,20:42:48.118,991.0,852.0,,,exhale,
114.455,20:42:48.138,985.0,849.0,,,exhale,
114.475,20:42:48.158,987.0,852.0,,,exhale,
114.495,20:42:48.178,985.0,852.0,,,exhale,
114.519,20:42:48.203,985.0,850.0,,,exhale,
114.535,20:42:48.219,986.0,848.0,,,exhale,
114.555,20:42:48.238,979.0,848.0,,,exhale,
114.575,20:42:48.258,985.0,847.0,,,exhale,
114.596,20:42:48.279,986.0,848.0,,,exhale,
114.615,20:42:48.298,989.0,847.0,,,exhale,
114.635,20:42:48.318,985.0,847.0,,,exhale,
114.655,20:42:48.338,990.0,843.0,,,exhale,
114.675,20:42:48.358,981.0,851.0,,,exhale,
114.695,20:42:48.379,973.0,844.0,,,exhale,
114.715,20:42:48.398,987.0,852.0,,,exhale,
114.735,20:42:48.418,982.0,843.0,,,exhale,
114.755,20:42:48.438,973.0,840.0,,,exhale,
114.775,20:42:48.459,988.0,842.0,,,exhale,
114.795,20:42:48.479,978.0,841.0,,,exhale,
114.815,20:42:48.499,969.0,839.0,,,exhale,
114.835,20:42:48.518,979.0,832.0,,,exhale,
114.855,20:42:48.538,981.0,839.0,,,exhale,
114.875,20:42:48.558,973.0,839.0,,,exhale,
114.895,20:42:48.578,979.0,847.0,,,exhale,
114.915,20:42:48.598,978.0,839.0,,,exhale,
114.935,20:42:48.618,975.0,840.0,,,exhale,
114.955,20:42:48.638,968.0,840.0,,,exhale,
114.975,20:42:48.659,987.0,835.0,,,exhale,
114.995,20:42:48.678,971.0,828.0,,,exhale,
115.015,20:42:48.698,971.0,831.0,,,exhale,
115.035,20:42:48.718,981.0,836.0,,,exhale,
115.055,20:42:48.738,959.0,836.0,,,exhale,
115.075,20:42:48.758,967.0,826.0,,,exhale,
115.095,20:42:48.778,975.0,833.0,,,exhale,
115.115,20:42:48.799,967.0,835.0,,,exhale,
115.135,20:42:48.818,928.0,832.0,,,exhale,
115.155,20:42:48.838,967.0,834.0,,,exhale,
115.175,20:42:48.858,964.0,831.0,,,exhale,
115.195,20:42:48.878,965.0,830.0,,,exhale,
115.215,20:42:48.898,965.0,829.0,,,exhale,
115.235,20:42:48.918,965.0,836.0,,,exhale,
115.255,20:42:48.938,955.0,830.0,,,exhale,
115.275,20:42:48.958,965.0,825.0,,,exhale,
115.295,20:42:48.978,956.0,832.0,,,exhale,
115.315,20:42:48.998,969.0,827.0,,,exhale,
115.335,20:42:49.018,959.0,826.0,,,exhale,
115.355,20:42:49.038,959.0,826.0,,,exhale,
115.375,20:42:49.058,953.0,828.0,,,exhale,
115.395,20:42:49.078,955.0,829.0,,,exhale,
115.415,20:42:49.098,951.0,824.0,,,exhale,
115.435,20:42:49.119,955.0,825.0,,,exhale,
115.455,20:42:49.138,956.0,823.0,,,exhale,
115.475,20:42:49.158,948.0,824.0,,,exhale,
115.495,20:42:49.179,955.0,821.0,,,exhale,
115.519,20:42:49.203,959.0,825.0,,,exhale,
115.535,20:42:49.218,959.0,820.0,,,exhale,
115.555,20:42:49.238,960.0,826.0,,,exhale,
115.575,20:42:49.258,955.0,821.0,,,exhale,
115.595,20:42:49.278,957.0,820.0,,,exhale,
115.615,20:42:49.298,955.0,813.0,,,exhale,
115.635,20:42:49.318,959.0,819.0,,,exhale,
115.655,20:42:49.338,947.0,823.0,,,exhale,
115.675,20:42:49.358,951.0,815.0,,,exhale,
115.696,20:42:49.379,952.0,827.0,,,exhale,
115.715,20:42:49.398,955.0,822.0,,,exhale,
115.735,20:42:49.418,923.0,823.0,,,exhale,
115.755,20:42:49.438,953.0,825.0,,,exhale,
115.775,20:42:49.458,952.0,828.0,,,exhale,
115.795,20:42:49.478,971.0,832.0,,,exhale,
115.815,20:42:49.498,981.0,836.0,,,exhale,
115.835,20:42:49.518,969.0,837.0,,,exhale,
115.855,20:42:49.538,972.0,840.0,,,exhale,
115.875,20:42:49.558,973.0,844.0,,,inhale,inhale_onset
115.895,20:42:49.578,971.0,848.0,,,inhale,
115.915,20:42:49.598,973.0,847.0,,,inhale,
115.935,20:42:49.618,981.0,836.0,,,inhale,
115.955,20:42:49.638,979.0,852.0,,,inhale,
115.975,20:42:49.658,987.0,846.0,,,inhale,
115.995,20:42:49.678,988.0,847.0,,,inhale,
116.015,20:42:49.698,983.0,847.0,,,inhale,
116.035,20:42:49.718,984.0,847.0,,,inhale,
116.055,20:42:49.738,988.0,846.0,,,inhale,
116.075,20:42:49.758,986.0,839.0,,,inhale,
116.095,20:42:49.778,999.0,850.0,,,inhale,
116.115,20:42:49.798,995.0,853.0,,,inhale,
116.135,20:42:49.818,983.0,853.0,,,inhale,
116.155,20:42:49.838,995.0,854.0,,,inhale,
116.175,20:42:49.858,996.0,854.0,,,inhale,
116.195,20:42:49.878,989.0,853.0,,,inhale,
116.215,20:42:49.898,991.0,862.0,,,inhale,
116.235,20:42:49.918,996.0,855.0,,,inhale,
116.255,20:42:49.938,1001.0,856.0,,,inhale,
116.275,20:42:49.958,1005.0,856.0,,,inhale,
116.295,20:42:49.978,991.0,858.0,,,inhale,
116.315,20:42:49.998,995.0,860.0,,,inhale,
116.335,20:42:50.018,1001.0,858.0,,,inhale,
116.355,20:42:50.038,989.0,861.0,,,inhale,
116.375,20:42:50.058,1020.0,860.0,,,inhale,
116.395,20:42:50.078,996.0,861.0,,,inhale,
116.415,20:42:50.098,1007.0,861.0,,,inhale,
116.435,20:42:50.118,999.0,868.0,,,inhale,
116.455,20:42:50.138,997.0,862.0,,,inhale,
116.475,20:42:50.158,1005.0,861.0,,,inhale,
116.495,20:42:50.178,1003.0,863.0,,,inhale,
116.519,20:42:50.202,1003.0,863.0,,,inhale,
116.535,20:42:50.218,1001.0,864.0,,,inhale,
116.555,20:42:50.238,1000.0,861.0,,,inhale,
116.575,20:42:50.258,1000.0,859.0,,,inhale,
116.595,20:42:50.278,1005.0,858.0,,,inhale,
116.615,20:42:50.298,1002.0,847.0,,,inhale,
116.635,20:42:50.318,999.0,862.0,,,inhale,
116.655,20:42:50.338,1001.0,861.0,,,inhale,
116.675,20:42:50.358,1002.0,866.0,,,inhale,
116.695,20:42:50.378,998.0,860.0,,,inhale,
116.715,20:42:50.398,1001.0,861.0,,,inhale,
116.735,20:42:50.418,1000.0,858.0,,,inhale,
116.755,20:42:50.438,1003.0,859.0,,,inhale,
116.775,20:42:50.458,1002.0,859.0,,,inhale,
116.795,20:42:50.478,1004.0,860.0,,,inhale,
116.815,20:42:50.498,1001.0,863.0,,,inhale,
116.835,20:42:50.518,997.0,863.0,,,inhale,
116.855,20:42:50.538,1003.0,858.0,,,inhale,
116.875,20:42:50.558,995.0,858.0,,,inhale,
116.895,20:42:50.578,999.0,856.0,,,inhale,
116.915,20:42:50.598,991.0,854.0,,,inhale,
116.935,20:42:50.618,987.0,854.0,,,inhale,
116.955,20:42:50.638,999.0,858.0,,,inhale,
116.975,20:42:50.658,997.0,849.0,,,inhale,
116.995,20:42:50.678,987.0,854.0,,,inhale,
117.015,20:42:50.698,991.0,852.0,,,inhale,
117.035,20:42:50.718,989.0,851.0,,,inhale,
117.055,20:42:50.738,989.0,859.0,,,inhale,
117.075,20:42:50.758,991.0,850.0,,,inhale,
117.095,20:42:50.778,995.0,844.0,,,exhale,exhale_onset
117.115,20:42:50.798,986.0,853.0,,,exhale,
117.135,20:42:50.818,985.0,848.0,,,exhale,
117.155,20:42:50.838,987.0,866.0,,,exhale,
117.175,20:42:50.858,971.0,851.0,,,exhale,
117.195,20:42:50.878,995.0,854.0,,,exhale,
117.215,20:42:50.898,989.0,852.0,,,exhale,
117.235,20:42:50.918,985.0,850.0,,,exhale,
117.255,20:42:50.938,998.0,852.0,,,exhale,
117.275,20:42:50.958,997.0,853.0,,,exhale,
117.295,20:42:50.978,984.0,854.0,,,exhale,
117.315,20:42:50.998,989.0,858.0,,,exhale,
117.335,20:42:51.018,990.0,855.0,,,exhale,
117.355,20:42:51.038,988.0,855.0,,,exhale,
117.375,20:42:51.058,997.0,851.0,,,exhale,
117.395,20:42:51.078,981.0,853.0,,,exhale,
117.415,20:42:51.098,989.0,859.0,,,exhale,
117.435,20:42:51.118,984.0,858.0,,,exhale,
117.455,20:42:51.138,986.0,854.0,,,exhale,
117.475,20:42:51.158,991.0,852.0,,,exhale,
117.495,20:42:51.178,988.0,850.0,,,exhale,
117.518,20:42:51.202,997.0,850.0,,,exhale,
117.535,20:42:51.218,989.0,864.0,,,exhale,
117.555,20:42:51.238,985.0,847.0,,,exhale,
117.575,20:42:51.258,1008.0,850.0,,,exhale,
117.595,20:42:51.278,983.0,848.0,,,exhale,
117.615,20:42:51.298,985.0,854.0,,,exhale,
117.635,20:42:51.318,984.0,847.0,,,exhale,
117.655,20:42:51.338,979.0,851.0,,,exhale,
117.675,20:42:51.358,980.0,846.0,,,exhale,
117.695,20:42:51.378,988.0,847.0,,,exhale,
117.715,20:42:51.398,981.0,845.0,,,exhale,
117.735,20:42:51.418,983.0,843.0,,,exhale,
117.755,20:42:51.438,975.0,844.0,,,exhale,
117.775,20:42:51.458,967.0,845.0,,,exhale,
117.795,20:42:51.478,980.0,840.0,,,exhale,
117.815,20:42:51.498,1011.0,848.0,,,exhale,
117.835,20:42:51.518,971.0,842.0,,,exhale,
117.855,20:42:51.538,983.0,842.0,,,exhale,
117.875,20:42:51.558,978.0,838.0,,,exhale,
117.895,20:42:51.578,967.0,840.0,,,exhale,
117.915,20:42:51.598,975.0,842.0,,,exhale,
117.935,20:42:51.618,979.0,838.0,,,exhale,
117.955,20:42:51.638,967.0,838.0,,,exhale,
117.975,20:42:51.658,977.0,836.0,,,exhale,
117.995,20:42:51.678,971.0,837.0,,,exhale,
118.015,20:42:51.698,969.0,831.0,,,exhale,
118.035,20:42:51.718,970.0,837.0,,,exhale,
118.055,20:42:51.738,970.0,835.0,,,exhale,
118.075,20:42:51.758,972.0,839.0,,,exhale,
118.095,20:42:51.778,972.0,841.0,,,exhale,
118.115,20:42:51.798,969.0,838.0,,,exhale,
118.135,20:42:51.818,979.0,834.0,,,exhale,
118.155,20:42:51.838,970.0,833.0,,,exhale,
118.175,20:42:51.858,940.0,832.0,,,exhale,
118.195,20:42:51.878,959.0,832.0,,,exhale,
118.215,20:42:51.898,967.0,834.0,,,exhale,
118.235,20:42:51.918,970.0,830.0,,,exhale,
118.255,20:42:51.938,959.0,830.0,,,exhale,
118.275,20:42:51.958,959.0,831.0,,,exhale,
118.295,20:42:51.978,972.0,829.0,,,exhale,
118.315,20:42:51.998,959.0,829.0,,,exhale,
118.335,20:42:52.018,932.0,841.0,,,exhale,
118.355,20:42:52.038,954.0,826.0,,,exhale,
118.375,20:42:52.058,955.0,813.0,,,exhale,
118.395,20:42:52.078,958.0,827.0,,,exhale,
118.415,20:42:52.098,957.0,825.0,,,exhale,
118.435,20:42:52.118,957.0,826.0,,,exhale,
118.455,20:42:52.138,965.0,824.0,,,exhale,
118.475,20:42:52.158,952.0,826.0,,,exhale,
118.495,20:42:52.178,955.0,824.0,,,exhale,
118.519,20:42:52.202,956.0,819.0,,,exhale,
118.535,20:42:52.218,957.0,819.0,,,exhale,
118.555,20:42:52.238,952.0,828.0,,,exhale,
118.575,20:42:52.258,948.0,824.0,,,exhale,
118.595,20:42:52.278,952.0,814.0,,,exhale,
118.615,20:42:52.298,951.0,817.0,,,exhale,
118.635,20:42:52.318,952.0,818.0,,,exhale,
118.655,20:42:52.338,941.0,820.0,,,exhale,
118.675,20:42:52.358,951.0,820.0,,,exhale,
118.695,20:42:52.378,951.0,821.0,,,exhale,
118.715,20:42:52.398,953.0,823.0,,,exhale,
118.735,20:42:52.418,957.0,827.0,,,exhale,
118.755,20:42:52.438,950.0,821.0,,,exhale,
118.775,20:42:52.458,958.0,822.0,,,exhale,
118.795,20:42:52.478,952.0,827.0,,,exhale,
118.815,20:42:52.498,970.0,832.0,,,exhale,
118.835,20:42:52.518,969.0,831.0,,,exhale,
118.855,20:42:52.538,958.0,836.0,,,exhale,
118.875,20:42:52.558,967.0,838.0,,,exhale,
118.895,20:42:52.578,973.0,839.0,,,exhale,
118.915,20:42:52.598,971.0,847.0,,,inhale,inhale_onset
118.935,20:42:52.618,971.0,845.0,,,inhale,
118.955,20:42:52.638,977.0,847.0,,,inhale,
118.975,20:42:52.658,979.0,845.0,,,inhale,
118.995,20:42:52.678,975.0,845.0,,,inhale,
119.015,20:42:52.698,971.0,847.0,,,inhale,
119.035,20:42:52.718,981.0,849.0,,,inhale,
119.055,20:42:52.738,979.0,851.0,,,inhale,
119.075,20:42:52.758,989.0,845.0,,,inhale,
119.095,20:42:52.778,997.0,857.0,,,inhale,
119.115,20:42:52.798,994.0,854.0,,,inhale,
119.135,20:42:52.818,987.0,853.0,,,inhale,
119.155,20:42:52.838,989.0,858.0,,,inhale,
119.175,20:42:52.858,990.0,852.0,,,inhale,
119.195,20:42:52.878,995.0,861.0,,,inhale,
119.215,20:42:52.898,994.0,856.0,,,inhale,
119.235,20:42:52.918,994.0,857.0,,,inhale,
119.255,20:42:52.938,989.0,857.0,,,inhale,
119.275,20:42:52.958,997.0,856.0,,,inhale,
119.295,20:42:52.978,995.0,858.0,,,inhale,
119.315,20:42:52.998,995.0,862.0,,,inhale,
119.335,20:42:53.018,997.0,875.0,,,inhale,
119.355,20:42:53.038,1007.0,860.0,,,inhale,
119.375,20:42:53.058,1292.0,860.0,,,inhale,
119.395,20:42:53.078,1006.0,859.0,,,inhale,
119.415,20:42:53.098,999.0,858.0,,,inhale,
119.435,20:42:53.118,1007.0,860.0,,,inhale,
119.455,20:42:53.138,1005.0,862.0,,,inhale,
119.475,20:42:53.158,996.0,861.0,,,inhale,
119.495,20:42:53.178,1004.0,860.0,,,inhale,
119.519,20:42:53.202,996.0,862.0,,,inhale,
119.535,20:42:53.218,995.0,854.0,,,inhale,
119.555,20:42:53.238,998.0,859.0,,,inhale,
119.575,20:42:53.258,983.0,860.0,,,inhale,
119.595,20:42:53.278,996.0,856.0,,,inhale,
119.615,20:42:53.298,997.0,857.0,,,inhale,
119.635,20:42:53.318,998.0,873.0,,,inhale,
119.655,20:42:53.338,1005.0,859.0,,,inhale,
119.675,20:42:53.358,988.0,864.0,,,inhale,
119.695,20:42:53.378,1005.0,859.0,,,inhale,
119.715,20:42:53.398,995.0,857.0,,,inhale,
119.735,20:42:53.418,1007.0,849.0,,,inhale,
119.755,20:42:53.438,997.0,855.0,,,inhale,
119.775,20:42:53.458,989.0,855.0,,,inhale,
119.795,20:42:53.478,989.0,856.0,,,inhale,
119.815,20:42:53.498,998.0,849.0,,,inhale,
119.835,20:42:53.518,997.0,853.0,,,inhale,
119.855,20:42:53.538,1095.0,862.0,,,inhale,
119.877,20:42:53.560,989.0,853.0,,,inhale,
119.899,20:42:53.582,987.0,861.0,,,inhale,
119.914,20:42:53.598,989.0,857.0,,,inhale,
119.934,20:42:53.618,991.0,851.0,,,inhale,
119.954,20:42:53.638,994.0,851.0,,,inhale,
119.974,20:42:53.658,991.0,851.0,,,inhale,
119.995,20:42:53.678,987.0,854.0,,,inhale,
120.015,20:42:53.698,989.0,851.0,,,inhale,
120.035,20:42:53.718,989.0,850.0,,,inhale,
120.055,20:42:53.738,986.0,855.0,,,inhale,
120.075,20:42:53.758,988.0,850.0,,,inhale,
120.095,20:42:53.778,988.0,851.0,,,inhale,
120.115,20:42:53.798,985.0,850.0,,,inhale,
120.135,20:42:53.818,990.0,852.0,,,exhale,exhale_onset
120.155,20:42:53.838,987.0,850.0,,,exhale,
120.175,20:42:53.858,994.0,851.0,,,exhale,
120.195,20:42:53.878,983.0,858.0,,,exhale,
120.215,20:42:53.898,986.0,850.0,,,exhale,
120.235,20:42:53.918,990.0,850.0,,,exhale,
120.255,20:42:53.938,998.0,853.0,,,exhale,
120.275,20:42:53.958,985.0,846.0,,,exhale,
120.295,20:42:53.978,991.0,849.0,,,exhale,
120.314,20:42:53.998,989.0,867.0,,,exhale,
120.335,20:42:54.018,984.0,851.0,,,exhale,
120.355,20:42:54.038,989.0,850.0,,,exhale,
120.375,20:42:54.058,984.0,852.0,,,exhale,
120.395,20:42:54.078,987.0,853.0,,,exhale,
120.415,20:42:54.098,985.0,848.0,,,exhale,
120.435,20:42:54.118,985.0,847.0,,,exhale,
120.455,20:42:54.138,988.0,847.0,,,exhale,
120.475,20:42:54.158,989.0,845.0,,,exhale,
120.495,20:42:54.178,986.0,849.0,,,exhale,
120.519,20:42:54.202,989.0,850.0,,,exhale,
120.535,20:42:54.218,985.0,864.0,,,exhale,
120.555,20:42:54.238,988.0,849.0,,,exhale,
120.575,20:42:54.258,983.0,851.0,,,exhale,
120.595,20:42:54.278,985.0,848.0,,,exhale,
120.615,20:42:54.298,979.0,841.0,,,exhale,
120.635,20:42:54.318,987.0,846.0,,,exhale,
120.655,20:42:54.338,980.0,846.0,,,exhale,
120.674,20:42:54.358,983.0,846.0,,,exhale,
120.695,20:42:54.378,987.0,846.0,,,exhale,
120.715,20:42:54.398,987.0,849.0,,,exhale,
120.734,20:42:54.418,983.0,847.0,,,exhale,
120.754,20:42:54.438,985.0,847.0,,,exhale,
120.775,20:42:54.458,973.0,847.0,,,exhale,
120.795,20:42:54.478,981.0,847.0,,,exhale,
120.815,20:42:54.498,984.0,852.0,,,exhale,
120.835,20:42:54.518,985.0,846.0,,,exhale,
120.855,20:42:54.538,981.0,846.0,,,exhale,
120.875,20:42:54.558,983.0,844.0,,,exhale,
120.895,20:42:54.578,981.0,843.0,,,exhale,
120.915,20:42:54.598,983.0,845.0,,,exhale,
120.935,20:42:54.618,988.0,848.0,,,exhale,
120.955,20:42:54.638,985.0,849.0,,,exhale,
120.975,20:42:54.658,985.0,847.0,,,exhale,
120.995,20:42:54.678,983.0,848.0,,,exhale,
121.015,20:42:54.698,979.0,847.0,,,exhale,
121.035,20:42:54.718,995.0,848.0,,,exhale,
121.055,20:42:54.738,997.0,848.0,,,exhale,
121.075,20:42:54.758,980.0,843.0,,,exhale,
121.095,20:42:54.778,987.0,849.0,,,exhale,
121.115,20:42:54.798,986.0,849.0,,,exhale,
121.135,20:42:54.818,995.0,848.0,,,exhale,
121.155,20:42:54.838,982.0,849.0,,,exhale,
121.174,20:42:54.858,987.0,848.0,,,exhale,
121.194,20:42:54.878,982.0,850.0,,,exhale,
121.215,20:42:54.898,983.0,850.0,,,exhale,
121.235,20:42:54.918,985.0,850.0,,,exhale,
121.255,20:42:54.938,984.0,853.0,,,exhale,
121.275,20:42:54.958,981.0,846.0,,,exhale,
121.294,20:42:54.978,983.0,843.0,,,exhale,
121.315,20:42:54.998,988.0,848.0,,,exhale,
121.335,20:42:55.018,983.0,846.0,,,exhale,
121.355,20:42:55.038,979.0,847.0,,,exhale,
121.374,20:42:55.058,989.0,848.0,,,exhale,
121.394,20:42:55.078,979.0,845.0,,,exhale,
121.414,20:42:55.098,981.0,846.0,,,exhale,
121.435,20:42:55.118,971.0,846.0,,,exhale,
121.455,20:42:55.138,985.0,845.0,,,exhale,
121.475,20:42:55.158,983.0,845.0,,,exhale,
121.495,20:42:55.178,974.0,850.0,,,exhale,
121.518,20:42:55.201,984.0,843.0,,,exhale,
121.534,20:42:55.218,987.0,845.0,,,exhale,
121.554,20:42:55.238,971.0,847.0,,,exhale,
121.574,20:42:55.258,980.0,844.0,,,exhale,
121.594,20:42:55.278,989.0,853.0,,,exhale,
121.615,20:42:55.298,984.0,845.0,,,exhale,
121.635,20:42:55.318,985.0,842.0,,,exhale,
121.655,20:42:55.338,986.0,845.0,,,exhale,
121.675,20:42:55.358,975.0,845.0,,,exhale,
121.694,20:42:55.378,983.0,853.0,,,exhale,
121.714,20:42:55.398,982.0,845.0,,,exhale,
121.735,20:42:55.418,984.0,847.0,,,exhale,
121.754,20:42:55.438,985.0,848.0,,,exhale,
121.775,20:42:55.458,983.0,846.0,,,exhale,
121.795,20:42:55.478,995.0,846.0,,,exhale,
121.815,20:42:55.498,998.0,848.0,,,exhale,
121.834,20:42:55.518,987.0,851.0,,,exhale,
121.855,20:42:55.538,987.0,846.0,,,exhale,
121.874,20:42:55.558,983.0,848.0,,,exhale,
121.894,20:42:55.578,991.0,848.0,,,exhale,
121.914,20:42:55.598,994.0,858.0,,,exhale,
121.934,20:42:55.617,1111.0,849.0,,,exhale,
121.954,20:42:55.638,979.0,849.0,,,exhale,
121.974,20:42:55.658,984.0,848.0,,,exhale,
121.995,20:42:55.678,985.0,852.0,,,exhale,
122.014,20:42:55.698,991.0,848.0,,,exhale,
122.034,20:42:55.718,987.0,856.0,,,exhale,
122.055,20:42:55.738,985.0,849.0,,,inhale,inhale_onset
122.074,20:42:55.758,981.0,849.0,,,inhale,
122.094,20:42:55.777,987.0,849.0,,,inhale,
122.114,20:42:55.797,987.0,848.0,,,inhale,
122.135,20:42:55.818,983.0,849.0,,,inhale,
122.155,20:42:55.838,990.0,851.0,,,inhale,
122.174,20:42:55.858,983.0,849.0,,,inhale,
122.194,20:42:55.878,988.0,847.0,,,inhale,
122.214,20:42:55.898,986.0,846.0,,,inhale,
122.234,20:42:55.918,981.0,845.0,,,inhale,
122.254,20:42:55.938,986.0,847.0,,,inhale,
122.275,20:42:55.958,983.0,854.0,,,inhale,
122.294,20:42:55.977,971.0,852.0,,,inhale,
122.314,20:42:55.998,980.0,845.0,,,inhale,
122.334,20:42:56.017,985.0,845.0,,,inhale,
122.354,20:42:56.038,973.0,845.0,,,inhale,
122.374,20:42:56.058,974.0,845.0,,,inhale,
122.394,20:42:56.078,997.0,844.0,,,inhale,
122.415,20:42:56.098,980.0,843.0,,,inhale,
122.434,20:42:56.118,980.0,842.0,,,inhale,
122.454,20:42:56.138,982.0,844.0,,,inhale,
122.474,20:42:56.158,980.0,842.0,,,inhale,
122.494,20:42:56.177,975.0,843.0,,,inhale,
122.518,20:42:56.201,978.0,844.0,,,inhale,
122.534,20:42:56.217,981.0,844.0,,,inhale,
122.554,20:42:56.237,978.0,849.0,,,inhale,
122.574,20:42:56.257,985.0,845.0,,,inhale,
122.594,20:42:56.277,979.0,844.0,,,inhale,
122.614,20:42:56.297,974.0,841.0,,,inhale,
122.634,20:42:56.317,987.0,843.0,,,inhale,
122.654,20:42:56.337,973.0,846.0,,,inhale,
122.674,20:42:56.357,984.0,858.0,,,inhale,
122.694,20:42:56.378,984.0,847.0,,,inhale,
122.714,20:42:56.397,982.0,837.0,,,inhale,
122.734,20:42:56.417,981.0,845.0,,,inhale,
122.754,20:42:56.438,982.0,843.0,,,inhale,
122.774,20:42:56.458,983.0,851.0,,,inhale,
122.794,20:42:56.477,983.0,848.0,,,inhale,
122.814,20:42:56.498,985.0,844.0,,,inhale,
122.834,20:42:56.517,985.0,847.0,,,inhale,
122.854,20:42:56.537,978.0,845.0,,,inhale,
122.874,20:42:56.558,987.0,846.0,,,inhale,
122.894,20:42:56.577,989.0,846.0,,,inhale,
122.914,20:42:56.598,975.0,848.0,,,inhale,
122.934,20:42:56.618,983.0,848.0,,,inhale,
122.954,20:42:56.638,979.0,846.0,,,inhale,
122.974,20:42:56.657,988.0,846.0,,,inhale,
122.994,20:42:56.678,983.0,845.0,,,inhale,
123.014,20:42:56.698,995.0,845.0,,,inhale,
123.034,20:42:56.718,985.0,848.0,,,inhale,
123.054,20:42:56.738,967.0,847.0,,,inhale,
123.074,20:42:56.758,996.0,852.0,,,inhale,
123.095,20:42:56.778,995.0,848.0,,,inhale,
123.114,20:42:56.798,991.0,853.0,,,inhale,
123.134,20:42:56.817,983.0,847.0,,,inhale,
123.154,20:42:56.838,981.0,847.0,,,inhale,
123.174,20:42:56.857,989.0,847.0,,,inhale,
123.194,20:42:56.877,977.0,853.0,,,inhale,
123.214,20:42:56.897,985.0,842.0,,,inhale,
123.234,20:42:56.918,967.0,845.0,,,inhale,
123.254,20:42:56.938,964.0,842.0,,,inhale,
123.274,20:42:56.958,983.0,843.0,,,inhale,
123.294,20:42:56.977,975.0,843.0,,,inhale,
123.314,20:42:56.997,979.0,850.0,,,inhale,
123.334,20:42:57.017,978.0,843.0,,,inhale,
123.354,20:42:57.038,979.0,844.0,,,inhale,
123.374,20:42:57.057,973.0,841.0,,,inhale,
123.394,20:42:57.077,969.0,831.0,,,inhale,
123.414,20:42:57.097,983.0,850.0,,,inhale,
123.434,20:42:57.117,983.0,844.0,,,inhale,
123.455,20:42:57.138,986.0,844.0,,,inhale,
123.475,20:42:57.159,973.0,843.0,,,inhale,
123.494,20:42:57.177,980.0,846.0,,,inhale,
123.518,20:42:57.201,975.0,844.0,,,inhale,
123.534,20:42:57.217,979.0,839.0,,,inhale,
123.554,20:42:57.237,979.0,843.0,,,inhale,
123.574,20:42:57.257,975.0,841.0,,,inhale,
123.594,20:42:57.277,985.0,830.0,,,inhale,
123.614,20:42:57.297,991.0,844.0,,,inhale,
123.634,20:42:57.317,981.0,833.0,,,inhale,
123.654,20:42:57.337,985.0,839.0,,,inhale,
123.674,20:42:57.357,974.0,842.0,,,inhale,
123.694,20:42:57.377,983.0,842.0,,,inhale,
123.714,20:42:57.397,983.0,841.0,,,inhale,
123.734,20:42:57.417,982.0,844.0,,,inhale,
123.754,20:42:57.438,1004.0,842.0,,,inhale,
123.774,20:42:57.457,981.0,842.0,,,inhale,
123.794,20:42:57.477,974.0,843.0,,,inhale,
123.814,20:42:57.497,986.0,845.0,,,inhale,
123.834,20:42:57.517,984.0,859.0,,,inhale,
123.854,20:42:57.537,989.0,838.0,,,inhale,
123.874,20:42:57.557,978.0,845.0,,,inhale,
123.894,20:42:57.577,979.0,837.0,,,inhale,
123.914,20:42:57.597,973.0,843.0,,,inhale,
123.934,20:42:57.617,979.0,844.0,,,inhale,
123.954,20:42:57.637,985.0,845.0,,,inhale,
123.974,20:42:57.657,975.0,856.0,,,inhale,
123.994,20:42:57.677,986.0,849.0,,,inhale,
124.014,20:42:57.697,975.0,843.0,,,inhale,
124.034,20:42:57.717,981.0,844.0,,,inhale,
124.054,20:42:57.737,974.0,841.0,,,inhale,
124.074,20:42:57.757,991.0,842.0,,,inhale,
124.094,20:42:57.777,974.0,845.0,,,inhale,
124.114,20:42:57.797,1004.0,846.0,,,inhale,
124.134,20:42:57.817,975.0,843.0,,,inhale,
124.154,20:42:57.837,996.0,846.0,,,inhale,
124.174,20:42:57.857,987.0,847.0,,,inhale,
124.194,20:42:57.877,984.0,854.0,,,inhale,
124.214,20:42:57.897,997.0,849.0,,,inhale,
124.234,20:42:57.917,979.0,851.0,,,inhale,
124.255,20:42:57.938,979.0,849.0,,,inhale,
124.274,20:42:57.957,987.0,848.0,,,inhale,
124.294,20:42:57.977,996.0,849.0,,,inhale,
124.314,20:42:57.997,987.0,848.0,,,inhale,
124.334,20:42:58.017,991.0,846.0,,,inhale,
124.354,20:42:58.037,979.0,848.0,,,inhale,
124.374,20:42:58.057,988.0,850.0,,,inhale,
124.394,20:42:58.077,986.0,848.0,,,inhale,
124.414,20:42:58.097,983.0,850.0,,,inhale,
124.434,20:42:58.117,984.0,853.0,,,inhale,
124.454,20:42:58.137,981.0,846.0,,,inhale,
124.474,20:42:58.157,983.0,849.0,,,inhale,
124.494,20:42:58.177,983.0,854.0,,,inhale,
124.518,20:42:58.201,981.0,844.0,,,inhale,
124.534,20:42:58.217,984.0,847.0,,,inhale,
124.554,20:42:58.237,985.0,848.0,,,inhale,
124.574,20:42:58.257,983.0,847.0,,,inhale,
124.594,20:42:58.277,979.0,847.0,,,inhale,
124.614,20:42:58.297,981.0,845.0,,,inhale,
124.634,20:42:58.317,989.0,845.0,,,inhale,
124.654,20:42:58.337,982.0,847.0,,,inhale,
124.674,20:42:58.357,996.0,846.0,,,inhale,
124.694,20:42:58.377,982.0,846.0,,,inhale,
124.714,20:42:58.397,982.0,845.0,,,inhale,
124.734,20:42:58.417,984.0,845.0,,,inhale,
124.754,20:42:58.437,979.0,842.0,,,inhale,
124.774,20:42:58.457,973.0,843.0,,,inhale,
124.794,20:42:58.477,975.0,840.0,,,inhale,
124.814,20:42:58.497,984.0,837.0,,,inhale,
124.834,20:42:58.517,981.0,848.0,,,inhale,
124.854,20:42:58.538,981.0,847.0,,,exhale,exhale_onset
124.874,20:42:58.557,978.0,842.0,,,exhale,
124.894,20:42:58.577,981.0,841.0,,,exhale,
124.914,20:42:58.597,978.0,840.0,,,exhale,
124.935,20:42:58.618,975.0,840.0,,,exhale,
124.954,20:42:58.637,977.0,839.0,,,exhale,
124.974,20:42:58.657,973.0,838.0,,,exhale,
124.994,20:42:58.677,923.0,840.0,,,exhale,
125.014,20:42:58.697,972.0,836.0,,,exhale,
125.034,20:42:58.717,972.0,837.0,,,exhale,
125.054,20:42:58.737,972.0,836.0,,,exhale,
125.074,20:42:58.757,967.0,835.0,,,exhale,
125.094,20:42:58.777,973.0,835.0,,,exhale,
125.114,20:42:58.797,969.0,835.0,,,exhale,
125.134,20:42:58.817,968.0,835.0,,,exhale,
125.154,20:42:58.837,965.0,831.0,,,exhale,
125.174,20:42:58.857,965.0,833.0,,,exhale,
125.194,20:42:58.877,964.0,830.0,,,exhale,
125.214,20:42:58.897,975.0,837.0,,,exhale,
125.234,20:42:58.917,959.0,830.0,,,exhale,
125.254,20:42:58.937,954.0,834.0,,,exhale,
125.274,20:42:58.957,968.0,831.0,,,exhale,
125.294,20:42:58.977,971.0,830.0,,,exhale,
125.314,20:42:58.997,973.0,837.0,,,exhale,
125.334,20:42:59.017,957.0,834.0,,,exhale,
125.354,20:42:59.037,956.0,819.0,,,exhale,
125.374,20:42:59.057,959.0,825.0,,,exhale,
125.395,20:42:59.078,953.0,833.0,,,exhale,
125.414,20:42:59.097,953.0,828.0,,,exhale,
125.434,20:42:59.117,953.0,828.0,,,exhale,
125.454,20:42:59.137,951.0,825.0,,,exhale,
125.474,20:42:59.157,958.0,826.0,,,exhale,
125.494,20:42:59.177,955.0,818.0,,,exhale,
125.518,20:42:59.201,959.0,826.0,,,exhale,
125.534,20:42:59.217,957.0,824.0,,,exhale,
125.554,20:42:59.237,960.0,825.0,,,exhale,
125.574,20:42:59.257,952.0,825.0,,,exhale,
125.594,20:42:59.277,967.0,827.0,,,exhale,
125.614,20:42:59.297,955.0,825.0,,,exhale,
125.634,20:42:59.317,955.0,821.0,,,exhale,
125.654,20:42:59.337,952.0,824.0,,,exhale,
125.674,20:42:59.357,950.0,821.0,,,exhale,
125.694,20:42:59.377,954.0,822.0,,,exhale,
125.714,20:42:59.397,965.0,821.0,,,exhale,
125.734,20:42:59.417,955.0,828.0,,,exhale,
125.754,20:42:59.437,948.0,817.0,,,exhale,
125.774,20:42:59.457,951.0,823.0,,,exhale,
125.794,20:42:59.477,959.0,820.0,,,exhale,
125.814,20:42:59.497,952.0,820.0,,,exhale,
125.834,20:42:59.517,955.0,820.0,,,exhale,
125.854,20:42:59.537,957.0,818.0,,,exhale,
125.874,20:42:59.557,953.0,832.0,,,exhale,
125.894,20:42:59.577,951.0,817.0,,,exhale,
125.914,20:42:59.597,953.0,823.0,,,exhale,
125.934,20:42:59.617,953.0,816.0,,,exhale,
125.954,20:42:59.637,941.0,817.0,,,exhale,
125.974,20:42:59.657,947.0,814.0,,,exhale,
125.994,20:42:59.677,941.0,815.0,,,exhale,
126.014,20:42:59.697,948.0,825.0,,,exhale,
126.034,20:42:59.717,949.0,813.0,,,exhale,
126.054,20:42:59.737,951.0,816.0,,,exhale,
126.074,20:42:59.757,940.0,816.0,,,exhale,
126.094,20:42:59.777,949.0,815.0,,,exhale,
126.114,20:42:59.797,947.0,819.0,,,exhale,
126.134,20:42:59.817,948.0,820.0,,,exhale,
126.154,20:42:59.837,943.0,819.0,,,exhale,
126.174,20:42:59.857,951.0,820.0,,,exhale,
126.194,20:42:59.877,949.0,822.0,,,exhale,
126.214,20:42:59.897,958.0,831.0,,,exhale,
126.234,20:42:59.917,965.0,828.0,,,exhale,
126.254,20:42:59.937,967.0,828.0,,,inhale,inhale_onset
126.274,20:42:59.957,967.0,830.0,,,inhale,
126.294,20:42:59.977,895.0,833.0,,,inhale,
126.314,20:42:59.997,968.0,835.0,,,inhale,
126.334,20:43:00.017,980.0,838.0,,,inhale,
126.354,20:43:00.037,969.0,839.0,,,inhale,
126.374,20:43:00.057,977.0,842.0,,,inhale,
126.394,20:43:00.077,978.0,842.0,,,inhale,
126.414,20:43:00.097,905.0,842.0,,,inhale,
126.434,20:43:00.117,989.0,844.0,,,inhale,
126.454,20:43:00.137,981.0,855.0,,,inhale,
126.474,20:43:00.157,921.0,851.0,,,inhale,
126.494,20:43:00.177,981.0,854.0,,,inhale,
126.518,20:43:00.201,984.0,850.0,,,inhale,
126.534,20:43:00.217,983.0,853.0,,,inhale,
126.554,20:43:00.237,987.0,853.0,,,inhale,
126.574,20:43:00.257,995.0,853.0,,,inhale,
126.594,20:43:00.277,1000.0,856.0,,,inhale,
126.614,20:43:00.297,986.0,855.0,,,inhale,
126.634,20:43:00.317,997.0,863.0,,,inhale,
126.654,20:43:00.337,995.0,853.0,,,inhale,
126.674,20:43:00.357,1001.0,857.0,,,inhale,
126.694,20:43:00.377,999.0,859.0,,,inhale,
126.714,20:43:00.397,1007.0,858.0,,,inhale,
126.734,20:43:00.417,998.0,861.0,,,inhale,
126.754,20:43:00.437,1003.0,860.0,,,inhale,
126.774,20:43:00.457,1003.0,857.0,,,inhale,
126.794,20:43:00.477,1001.0,862.0,,,inhale,
126.814,20:43:00.497,1002.0,864.0,,,inhale,
126.834,20:43:00.517,999.0,864.0,,,inhale,
126.854,20:43:00.537,1006.0,864.0,,,inhale,
126.874,20:43:00.557,1003.0,860.0,,,inhale,
126.894,20:43:00.577,1001.0,856.0,,,inhale,
126.914,20:43:00.597,1006.0,864.0,,,inhale,
126.934,20:43:00.617,1016.0,860.0,,,inhale,
126.954,20:43:00.637,1003.0,865.0,,,inhale,
126.974,20:43:00.657,1007.0,862.0,,,inhale,
126.994,20:43:00.677,1005.0,866.0,,,inhale,
127.019,20:43:00.702,1007.0,861.0,,,inhale,
127.034,20:43:00.717,1011.0,870.0,,,inhale,
127.054,20:43:00.737,1035.0,863.0,,,inhale,
127.074,20:43:00.757,1013.0,868.0,,,inhale,
127.094,20:43:00.777,1017.0,862.0,,,inhale,
127.114,20:43:00.797,1031.0,872.0,,,inhale,
127.134,20:43:00.817,1023.0,869.0,,,inhale,
127.154,20:43:00.837,1011.0,871.0,,,inhale,
127.174,20:43:00.857,1015.0,867.0,,,inhale,
127.194,20:43:00.877,1015.0,873.0,,,inhale,
127.214,20:43:00.897,1017.0,876.0,,,inhale,
127.234,20:43:00.917,1019.0,878.0,,,inhale,
127.254,20:43:00.937,1019.0,888.0,,,inhale,
127.274,20:43:00.957,1077.0,880.0,,,inhale,
127.294,20:43:00.977,1017.0,881.0,,,inhale,
127.314,20:43:00.997,1021.0,877.0,,,inhale,
127.334,20:43:01.017,1030.0,872.0,,,inhale,
127.354,20:43:01.037,1011.0,873.0,,,inhale,
127.374,20:43:01.057,1017.0,872.0,,,inhale,
127.394,20:43:01.077,983.0,870.0,,,inhale,
127.414,20:43:01.097,1011.0,870.0,,,inhale,
127.434,20:43:01.117,1007.0,872.0,,,inhale,
127.454,20:43:01.137,1012.0,870.0,,,inhale,
127.474,20:43:01.157,1006.0,874.0,,,inhale,
127.494,20:43:01.177,1017.0,865.0,,,inhale,
127.518,20:43:01.201,1015.0,866.0,,,inhale,
127.534,20:43:01.217,1016.0,852.0,,,inhale,
127.554,20:43:01.237,1002.0,871.0,,,inhale,
127.574,20:43:01.257,1011.0,869.0,,,exhale,exhale_onset
127.594,20:43:01.277,1001.0,865.0,,,exhale,
127.614,20:43:01.297,1016.0,866.0,,,exhale,
127.634,20:43:01.317,1013.0,855.0,,,exhale,
127.654,20:43:01.337,1005.0,864.0,,,exhale,
127.674,20:43:01.357,1014.0,860.0,,,exhale,
127.694,20:43:01.377,1005.0,866.0,,,exhale,
127.714,20:43:01.397,1003.0,866.0,,,exhale,
127.734,20:43:01.417,819.0,869.0,,,exhale,
127.754,20:43:01.437,1012.0,869.0,,,exhale,
127.774,20:43:01.457,1006.0,869.0,,,exhale,
127.794,20:43:01.477,1017.0,873.0,,,exhale,
127.814,20:43:01.497,1017.0,869.0,,,exhale,
127.834,20:43:01.517,1011.0,877.0,,,exhale,
127.854,20:43:01.537,1019.0,873.0,,,exhale,
127.874,20:43:01.557,1011.0,869.0,,,exhale,
127.894,20:43:01.577,1016.0,869.0,,,exhale,
127.914,20:43:01.597,1004.0,871.0,,,exhale,
127.934,20:43:01.617,1019.0,854.0,,,exhale,
127.954,20:43:01.637,999.0,865.0,,,exhale,
127.974,20:43:01.657,1007.0,865.0,,,exhale,
127.994,20:43:01.677,1005.0,866.0,,,exhale,
128.014,20:43:01.697,965.0,866.0,,,exhale,
128.034,20:43:01.717,1005.0,865.0,,,exhale,
128.054,20:43:01.737,1000.0,864.0,,,exhale,
128.074,20:43:01.757,1001.0,861.0,,,exhale,
128.094,20:43:01.777,1014.0,864.0,,,exhale,
128.114,20:43:01.797,1000.0,863.0,,,exhale,
128.134,20:43:01.817,1005.0,866.0,,,exhale,
128.154,20:43:01.837,1006.0,870.0,,,exhale,
128.174,20:43:01.857,1005.0,863.0,,,exhale,
128.194,20:43:01.877,999.0,861.0,,,exhale,
128.214,20:43:01.897,1005.0,864.0,,,exhale,
128.234,20:43:01.917,1003.0,873.0,,,exhale,
128.254,20:43:01.937,989.0,860.0,,,exhale,
128.274,20:43:01.957,1003.0,863.0,,,exhale,
128.294,20:43:01.977,995.0,874.0,,,exhale,
128.314,20:43:01.997,1001.0,851.0,,,exhale,
128.334,20:43:02.017,1005.0,862.0,,,exhale,
128.354,20:43:02.037,1010.0,862.0,,,exhale,
128.374,20:43:02.057,1005.0,862.0,,,exhale,
128.394,20:43:02.077,1003.0,864.0,,,exhale,
128.414,20:43:02.097,1003.0,863.0,,,exhale,
128.434,20:43:02.117,1007.0,866.0,,,exhale,
128.454,20:43:02.137,1003.0,863.0,,,exhale,
128.474,20:43:02.157,1002.0,867.0,,,exhale,
128.494,20:43:02.177,1001.0,864.0,,,exhale,
128.518,20:43:02.201,1000.0,865.0,,,exhale,
128.534,20:43:02.217,1031.0,860.0,,,exhale,
128.554,20:43:02.237,999.0,870.0,,,exhale,
128.574,20:43:02.257,1005.0,859.0,,,exhale,
128.594,20:43:02.277,1004.0,862.0,,,exhale,
128.614,20:43:02.297,1005.0,864.0,,,exhale,
128.634,20:43:02.317,1019.0,862.0,,,exhale,
128.654,20:43:02.337,1000.0,866.0,,,exhale,
128.674,20:43:02.357,1010.0,863.0,,,exhale,
128.694,20:43:02.377,1001.0,862.0,,,exhale,
128.714,20:43:02.397,1013.0,861.0,,,exhale,
128.734,20:43:02.417,1005.0,863.0,,,exhale,
128.754,20:43:02.437,994.0,862.0,,,exhale,
128.774,20:43:02.457,1003.0,862.0,,,exhale,
128.794,20:43:02.477,1000.0,870.0,,,exhale,
128.814,20:43:02.497,999.0,861.0,,,exhale,
128.834,20:43:02.517,1003.0,864.0,,,exhale,
128.854,20:43:02.537,998.0,864.0,,,exhale,
128.874,20:43:02.557,997.0,861.0,,,exhale,
128.894,20:43:02.577,1000.0,861.0,,,exhale,
128.914,20:43:02.597,1003.0,860.0,,,exhale,
128.934,20:43:02.617,1005.0,863.0,,,exhale,
128.954,20:43:02.637,939.0,864.0,,,exhale,
128.974,20:43:02.657,1005.0,858.0,,,exhale,
128.994,20:43:02.677,999.0,860.0,,,exhale,
129.014,20:43:02.697,1004.0,862.0,,,exhale,
129.034,20:43:02.717,937.0,862.0,,,exhale,
129.054,20:43:02.737,1005.0,868.0,,,exhale,
129.074,20:43:02.757,998.0,860.0,,,exhale,
129.094,20:43:02.777,997.0,859.0,,,exhale,
129.114,20:43:02.797,1002.0,852.0,,,exhale,
129.134,20:43:02.817,996.0,861.0,,,exhale,
129.154,20:43:02.837,1005.0,860.0,,,exhale,
129.174,20:43:02.857,1001.0,859.0,,,exhale,
129.194,20:43:02.877,1013.0,867.0,,,exhale,
129.214,20:43:02.897,991.0,862.0,,,exhale,
129.234,20:43:02.917,997.0,861.0,,,exhale,
129.254,20:43:02.937,996.0,859.0,,,exhale,
129.274,20:43:02.957,997.0,860.0,,,exhale,
129.294,20:43:02.977,995.0,861.0,,,exhale,
129.314,20:43:02.997,1002.0,862.0,,,exhale,
129.334,20:43:03.017,999.0,861.0,,,exhale,
129.354,20:43:03.037,1003.0,861.0,,,exhale,
129.374,20:43:03.057,999.0,860.0,,,exhale,
129.394,20:43:03.077,993.0,865.0,,,exhale,
129.414,20:43:03.097,999.0,862.0,,,exhale,
129.434,20:43:03.117,1002.0,878.0,,,exhale,
129.454,20:43:03.137,999.0,859.0,,,exhale,
129.474,20:43:03.157,999.0,860.0,,,exhale,
129.494,20:43:03.177,1004.0,865.0,,,exhale,
129.518,20:43:03.201,995.0,863.0,,,exhale,
129.534,20:43:03.217,1012.0,859.0,,,exhale,
129.554,20:43:03.237,995.0,862.0,,,exhale,
129.574,20:43:03.257,1011.0,862.0,,,exhale,
129.594,20:43:03.277,996.0,860.0,,,exhale,
129.614,20:43:03.297,1005.0,868.0,,,exhale,
129.634,20:43:03.317,1001.0,859.0,,,exhale,
129.654,20:43:03.337,997.0,859.0,,,exhale,
129.674,20:43:03.357,1001.0,859.0,,,exhale,
129.694,20:43:03.377,997.0,860.0,,,exhale,
129.714,20:43:03.397,1003.0,861.0,,,exhale,
129.734,20:43:03.417,997.0,860.0,,,exhale,
129.754,20:43:03.437,996.0,858.0,,,exhale,
129.774,20:43:03.457,1004.0,854.0,,,exhale,
129.794,20:43:03.477,999.0,859.0,,,exhale,
129.814,20:43:03.497,999.0,859.0,,,exhale,
129.834,20:43:03.517,1004.0,859.0,,,exhale,
129.854,20:43:03.537,1005.0,857.0,,,exhale,
129.874,20:43:03.557,985.0,858.0,,,exhale,
129.894,20:43:03.577,995.0,858.0,,,exhale,
129.914,20:43:03.597,995.0,860.0,,,exhale,
129.934,20:43:03.617,996.0,859.0,,,exhale,
129.954,20:43:03.637,989.0,857.0,,,exhale,
129.974,20:43:03.657,997.0,857.0,,,exhale,
129.994,20:43:03.677,995.0,860.0,,,exhale,
130.014,20:43:03.697,989.0,859.0,,,exhale,
130.034,20:43:03.717,998.0,859.0,,,exhale,
130.054,20:43:03.737,1003.0,859.0,,,exhale,
130.074,20:43:03.757,1001.0,860.0,,,exhale,
130.094,20:43:03.777,988.0,859.0,,,exhale,
130.114,20:43:03.797,997.0,859.0,,,exhale,
130.134,20:43:03.817,998.0,862.0,,,exhale,
130.154,20:43:03.837,995.0,858.0,,,exhale,
130.174,20:43:03.857,1003.0,860.0,,,exhale,
130.194,20:43:03.877,1006.0,859.0,,,exhale,
130.214,20:43:03.897,986.0,858.0,,,exhale,
130.234,20:43:03.917,1000.0,863.0,,,exhale,
130.254,20:43:03.937,999.0,856.0,,,exhale,
130.274,20:43:03.957,991.0,859.0,,,exhale,
130.294,20:43:03.977,1015.0,858.0,,,exhale,
130.314,20:43:03.997,990.0,863.0,,,exhale,
130.334,20:43:04.017,997.0,860.0,,,exhale,
130.354,20:43:04.037,1003.0,860.0,,,exhale,
130.374,20:43:04.057,990.0,859.0,,,exhale,
130.394,20:43:04.077,997.0,857.0,,,exhale,
130.414,20:43:04.097,999.0,858.0,,,exhale,
130.434,20:43:04.117,999.0,863.0,,,exhale,
130.454,20:43:04.137,988.0,858.0,,,exhale,
130.474,20:43:04.157,1000.0,858.0,,,exhale,
130.494,20:43:04.177,999.0,860.0,,,exhale,
130.526,20:43:04.209,907.0,860.0,,,exhale,
130.533,20:43:04.217,997.0,859.0,,,exhale,
130.554,20:43:04.237,996.0,860.0,,,exhale,
130.573,20:43:04.257,997.0,855.0,,,exhale,
130.594,20:43:04.277,1002.0,864.0,,,exhale,
130.614,20:43:04.297,1004.0,857.0,,,exhale,
130.633,20:43:04.317,995.0,857.0,,,exhale,
130.654,20:43:04.337,997.0,857.0,,,exhale,
130.674,20:43:04.357,995.0,859.0,,,exhale,
130.694,20:43:04.377,997.0,857.0,,,exhale,
130.714,20:43:04.397,999.0,857.0,,,exhale,
130.734,20:43:04.417,998.0,858.0,,,exhale,
130.754,20:43:04.437,1003.0,865.0,,,exhale,
130.774,20:43:04.457,999.0,858.0,,,exhale,
130.794,20:43:04.477,988.0,865.0,,,exhale,
130.814,20:43:04.497,1005.0,856.0,,,exhale,
130.834,20:43:04.517,991.0,858.0,,,exhale,
130.854,20:43:04.537,995.0,855.0,,,exhale,
130.874,20:43:04.557,996.0,868.0,,,exhale,
130.894,20:43:04.577,991.0,853.0,,,exhale,
130.914,20:43:04.597,988.0,856.0,,,exhale,
130.934,20:43:04.617,997.0,845.0,,,exhale,
130.954,20:43:04.637,1001.0,857.0,,,exhale,
130.974,20:43:04.657,1050.0,854.0,,,exhale,
130.994,20:43:04.677,934.0,859.0,,,exhale,
131.014,20:43:04.697,995.0,861.0,,,exhale,
131.034,20:43:04.717,1004.0,857.0,,,exhale,
131.054,20:43:04.737,1000.0,863.0,,,exhale,
131.074,20:43:04.757,989.0,854.0,,,exhale,
131.094,20:43:04.777,1001.0,858.0,,,exhale,
131.114,20:43:04.797,997.0,858.0,,,exhale,
131.134,20:43:04.817,993.0,860.0,,,exhale,
131.154,20:43:04.837,1000.0,855.0,,,exhale,
131.174,20:43:04.857,998.0,862.0,,,exhale,
131.194,20:43:04.877,941.0,862.0,,,exhale,
131.214,20:43:04.897,995.0,856.0,,,exhale,
131.234,20:43:04.917,1011.0,853.0,,,exhale,
131.254,20:43:04.937,996.0,848.0,,,exhale,
131.274,20:43:04.957,990.0,855.0,,,exhale,
131.294,20:43:04.977,996.0,853.0,,,exhale,
131.314,20:43:04.997,996.0,857.0,,,exhale,
131.334,20:43:05.017,997.0,857.0,,,exhale,
131.354,20:43:05.037,995.0,860.0,,,exhale,
131.374,20:43:05.057,988.0,857.0,,,exhale,
131.394,20:43:05.077,995.0,856.0,,,exhale,
131.414,20:43:05.097,1002.0,856.0,,,exhale,
131.433,20:43:05.117,999.0,854.0,,,exhale,
131.454,20:43:05.137,995.0,856.0,,,exhale,
131.474,20:43:05.157,995.0,858.0,,,exhale,
131.493,20:43:05.177,991.0,857.0,,,exhale,
131.518,20:43:05.201,987.0,857.0,,,exhale,
131.534,20:43:05.217,1000.0,859.0,,,exhale,
131.554,20:43:05.237,1003.0,863.0,,,exhale,
131.574,20:43:05.257,1002.0,858.0,,,exhale,
131.594,20:43:05.277,988.0,857.0,,,exhale,
131.614,20:43:05.297,999.0,855.0,,,exhale,
131.634,20:43:05.317,997.0,857.0,,,exhale,
131.654,20:43:05.337,991.0,856.0,,,exhale,
131.674,20:43:05.357,993.0,857.0,,,exhale,
131.694,20:43:05.377,996.0,855.0,,,exhale,
131.714,20:43:05.397,1140.0,856.0,,,exhale,
131.734,20:43:05.417,1003.0,856.0,,,exhale,
131.754,20:43:05.437,1001.0,856.0,,,exhale,
131.774,20:43:05.457,998.0,853.0,,,exhale,
131.794,20:43:05.477,982.0,854.0,,,exhale,
131.813,20:43:05.497,995.0,857.0,,,exhale,
131.834,20:43:05.517,995.0,867.0,,,exhale,
131.854,20:43:05.537,989.0,858.0,,,exhale,
131.873,20:43:05.557,990.0,854.0,,,exhale,
131.893,20:43:05.577,999.0,854.0,,,exhale,
131.914,20:43:05.597,997.0,853.0,,,exhale,
131.934,20:43:05.617,999.0,855.0,,,exhale,
131.954,20:43:05.637,991.0,856.0,,,exhale,
131.974,20:43:05.657,1000.0,841.0,,,exhale,
131.994,20:43:05.677,999.0,853.0,,,exhale,
132.013,20:43:05.697,991.0,854.0,,,exhale,
132.034,20:43:05.717,995.0,855.0,,,exhale,
132.054,20:43:05.737,987.0,854.0,,,exhale,
132.074,20:43:05.757,989.0,853.0,,,exhale,
132.093,20:43:05.777,987.0,854.0,,,exhale,
132.114,20:43:05.797,990.0,854.0,,,exhale,
132.134,20:43:05.817,1005.0,856.0,,,exhale,
132.154,20:43:05.837,987.0,854.0,,,exhale,
132.174,20:43:05.857,988.0,854.0,,,exhale,
132.194,20:43:05.877,989.0,859.0,,,exhale,
132.213,20:43:05.897,991.0,853.0,,,exhale,
132.234,20:43:05.917,989.0,855.0,,,exhale,
132.254,20:43:05.937,995.0,853.0,,,exhale,
132.274,20:43:05.957,989.0,856.0,,,exhale,
132.294,20:43:05.977,991.0,853.0,,,exhale,
132.314,20:43:05.997,991.0,851.0,,,exhale,
132.333,20:43:06.017,989.0,854.0,,,exhale,
132.353,20:43:06.037,990.0,854.0,,,exhale,
132.373,20:43:06.057,988.0,846.0,,,exhale,
132.393,20:43:06.077,998.0,855.0,,,exhale,
132.414,20:43:06.097,991.0,851.0,,,exhale,
132.434,20:43:06.117,996.0,853.0,,,exhale,
132.454,20:43:06.137,1002.0,852.0,,,exhale,
132.473,20:43:06.157,989.0,856.0,,,exhale,
132.493,20:43:06.177,1001.0,855.0,,,exhale,
132.517,20:43:06.200,995.0,856.0,,,exhale,
132.533,20:43:06.216,996.0,857.0,,,exhale,
132.553,20:43:06.237,1012.0,854.0,,,exhale,
132.573,20:43:06.256,989.0,857.0,,,exhale,
132.593,20:43:06.276,1044.0,855.0,,,exhale,
132.613,20:43:06.296,999.0,857.0,,,exhale,
132.633,20:43:06.316,999.0,858.0,,,inhale,inhale_onset
132.653,20:43:06.336,997.0,851.0,,,inhale,
132.673,20:43:06.356,997.0,847.0,,,inhale,
132.693,20:43:06.376,999.0,858.0,,,inhale,
132.714,20:43:06.397,1001.0,853.0,,,inhale,
132.733,20:43:06.416,989.0,852.0,,,inhale,
132.754,20:43:06.437,997.0,863.0,,,inhale,
132.773,20:43:06.457,989.0,857.0,,,inhale,
132.794,20:43:06.477,987.0,854.0,,,inhale,
132.813,20:43:06.496,991.0,843.0,,,inhale,
132.834,20:43:06.517,1003.0,859.0,,,inhale,
132.853,20:43:06.537,989.0,856.0,,,inhale,
132.873,20:43:06.557,987.0,855.0,,,inhale,
132.893,20:43:06.577,999.0,855.0,,,inhale,
132.913,20:43:06.597,995.0,859.0,,,inhale,
132.934,20:43:06.617,1080.0,856.0,,,inhale,
132.953,20:43:06.637,983.0,855.0,,,inhale,
132.974,20:43:06.657,1000.0,845.0,,,inhale,
132.993,20:43:06.677,995.0,848.0,,,inhale,
133.013,20:43:06.696,997.0,853.0,,,inhale,
133.033,20:43:06.717,989.0,854.0,,,inhale,
133.054,20:43:06.737,1001.0,854.0,,,inhale,
133.073,20:43:06.757,989.0,855.0,,,inhale,
133.093,20:43:06.777,997.0,858.0,,,inhale,
133.113,20:43:06.797,999.0,850.0,,,inhale,
133.133,20:43:06.817,831.0,852.0,,,inhale,
133.153,20:43:06.837,998.0,850.0,,,inhale,
133.173,20:43:06.856,985.0,853.0,,,inhale,
133.193,20:43:06.877,983.0,854.0,,,inhale,
133.213,20:43:06.896,998.0,849.0,,,inhale,
133.233,20:43:06.916,995.0,850.0,,,inhale,
133.253,20:43:06.937,986.0,851.0,,,inhale,
133.273,20:43:06.957,949.0,846.0,,,inhale,
133.293,20:43:06.977,991.0,854.0,,,inhale,
133.314,20:43:06.997,995.0,850.0,,,inhale,
133.333,20:43:07.017,988.0,854.0,,,inhale,
133.353,20:43:07.037,987.0,852.0,,,inhale,
133.373,20:43:07.057,985.0,848.0,,,inhale,
133.394,20:43:07.077,997.0,851.0,,,inhale,
133.413,20:43:07.096,983.0,856.0,,,inhale,
133.433,20:43:07.117,974.0,846.0,,,inhale,
133.453,20:43:07.137,988.0,850.0,,,inhale,
133.473,20:43:07.157,987.0,855.0,,,inhale,
133.493,20:43:07.177,987.0,850.0,,,inhale,
133.518,20:43:07.201,989.0,853.0,,,inhale,
133.533,20:43:07.217,983.0,852.0,,,inhale,
133.553,20:43:07.237,985.0,851.0,,,inhale,
133.573,20:43:07.257,989.0,853.0,,,inhale,
133.593,20:43:07.276,985.0,853.0,,,inhale,
133.613,20:43:07.297,985.0,851.0,,,inhale,
133.633,20:43:07.317,987.0,853.0,,,inhale,
133.654,20:43:07.337,985.0,852.0,,,inhale,
133.673,20:43:07.357,985.0,852.0,,,inhale,
133.693,20:43:07.376,997.0,850.0,,,inhale,
133.713,20:43:07.396,984.0,850.0,,,inhale,
133.733,20:43:07.416,987.0,852.0,,,inhale,
133.753,20:43:07.437,988.0,855.0,,,inhale,
133.773,20:43:07.456,997.0,849.0,,,inhale,
133.794,20:43:07.478,986.0,854.0,,,inhale,
133.813,20:43:07.496,983.0,849.0,,,inhale,
133.833,20:43:07.516,1002.0,853.0,,,inhale,
133.853,20:43:07.536,987.0,854.0,,,inhale,
133.873,20:43:07.556,987.0,853.0,,,inhale,
133.893,20:43:07.576,989.0,851.0,,,inhale,
133.913,20:43:07.597,987.0,852.0,,,inhale,
133.933,20:43:07.616,985.0,850.0,,,inhale,
133.953,20:43:07.636,997.0,851.0,,,inhale,
133.973,20:43:07.656,988.0,854.0,,,inhale,
133.993,20:43:07.676,983.0,850.0,,,inhale,
134.013,20:43:07.696,984.0,849.0,,,inhale,
134.033,20:43:07.716,984.0,851.0,,,inhale,
134.053,20:43:07.736,983.0,848.0,,,inhale,
134.073,20:43:07.756,979.0,850.0,,,inhale,
134.093,20:43:07.776,983.0,851.0,,,inhale,
134.113,20:43:07.797,1001.0,850.0,,,inhale,
134.133,20:43:07.817,999.0,850.0,,,inhale,
134.153,20:43:07.836,984.0,855.0,,,inhale,
134.173,20:43:07.856,997.0,853.0,,,inhale,
134.193,20:43:07.877,983.0,849.0,,,inhale,
134.213,20:43:07.896,987.0,847.0,,,inhale,
134.233,20:43:07.916,985.0,851.0,,,inhale,
134.253,20:43:07.937,985.0,855.0,,,inhale,
134.273,20:43:07.956,987.0,860.0,,,inhale,
134.293,20:43:07.976,995.0,848.0,,,inhale,
134.313,20:43:07.997,987.0,849.0,,,inhale,
134.333,20:43:08.016,971.0,849.0,,,inhale,
134.353,20:43:08.036,980.0,849.0,,,inhale,
134.373,20:43:08.056,984.0,845.0,,,inhale,
134.393,20:43:08.077,987.0,849.0,,,inhale,
134.413,20:43:08.096,990.0,851.0,,,inhale,
134.433,20:43:08.117,991.0,852.0,,,inhale,
134.453,20:43:08.136,983.0,852.0,,,inhale,
134.473,20:43:08.156,988.0,849.0,,,inhale,
134.493,20:43:08.176,985.0,847.0,,,inhale,
134.517,20:43:08.200,983.0,849.0,,,inhale,
134.533,20:43:08.216,988.0,851.0,,,inhale,
134.553,20:43:08.237,984.0,856.0,,,inhale,
134.573,20:43:08.256,995.0,847.0,,,inhale,
134.593,20:43:08.277,986.0,849.0,,,inhale,
134.613,20:43:08.296,987.0,851.0,,,inhale,
134.633,20:43:08.316,985.0,850.0,,,inhale,
134.653,20:43:08.337,991.0,849.0,,,inhale,
134.673,20:43:08.356,987.0,849.0,,,inhale,
134.709,20:43:08.392,987.0,851.0,,,inhale,
134.716,20:43:08.399,983.0,848.0,,,inhale,
134.733,20:43:08.416,986.0,853.0,,,inhale,
134.753,20:43:08.436,995.0,848.0,,,inhale,
134.773,20:43:08.456,983.0,851.0,,,inhale,
134.793,20:43:08.476,980.0,848.0,,,inhale,
134.813,20:43:08.496,985.0,854.0,,,inhale,
134.833,20:43:08.516,983.0,850.0,,,inhale,
134.853,20:43:08.536,1001.0,850.0,,,inhale,
134.873,20:43:08.556,990.0,853.0,,,inhale,
134.893,20:43:08.576,985.0,856.0,,,inhale,
134.913,20:43:08.596,987.0,853.0,,,inhale,
134.933,20:43:08.616,985.0,848.0,,,inhale,
134.953,20:43:08.637,984.0,847.0,,,inhale,
134.973,20:43:08.656,993.0,847.0,,,inhale,
134.993,20:43:08.677,1095.0,847.0,,,inhale,
135.013,20:43:08.696,983.0,850.0,,,inhale,
135.033,20:43:08.716,985.0,851.0,,,inhale,
135.053,20:43:08.737,989.0,849.0,,,inhale,
135.073,20:43:08.756,984.0,849.0,,,inhale,
135.093,20:43:08.776,990.0,848.0,,,inhale,
135.113,20:43:08.797,991.0,853.0,,,inhale,
135.133,20:43:08.816,985.0,851.0,,,inhale,
135.153,20:43:08.837,983.0,854.0,,,inhale,
135.173,20:43:08.856,989.0,840.0,,,inhale,
135.193,20:43:08.876,979.0,847.0,,,inhale,
135.213,20:43:08.896,995.0,848.0,,,inhale,
135.233,20:43:08.916,987.0,849.0,,,inhale,
135.253,20:43:08.936,980.0,849.0,,,inhale,
135.273,20:43:08.956,983.0,846.0,,,inhale,
135.293,20:43:08.976,980.0,847.0,,,inhale,
135.313,20:43:08.996,995.0,849.0,,,inhale,
135.333,20:43:09.017,1021.0,849.0,,,inhale,
135.353,20:43:09.036,971.0,848.0,,,inhale,
135.373,20:43:09.056,985.0,847.0,,,inhale,
135.393,20:43:09.077,985.0,847.0,,,inhale,
135.413,20:43:09.096,980.0,844.0,,,inhale,
135.433,20:43:09.116,983.0,846.0,,,inhale,
135.453,20:43:09.136,982.0,849.0,,,inhale,
135.473,20:43:09.156,987.0,849.0,,,inhale,
135.493,20:43:09.176,979.0,848.0,,,inhale,
135.517,20:43:09.201,983.0,848.0,,,inhale,
135.533,20:43:09.216,983.0,865.0,,,inhale,
135.553,20:43:09.236,994.0,841.0,,,inhale,
135.573,20:43:09.257,1229.0,851.0,,,inhale,
135.593,20:43:09.277,985.0,838.0,,,inhale,
135.613,20:43:09.296,989.0,850.0,,,inhale,
135.633,20:43:09.316,990.0,853.0,,,inhale,
135.653,20:43:09.336,984.0,852.0,,,inhale,
135.673,20:43:09.356,987.0,852.0,,,inhale,
135.693,20:43:09.376,995.0,855.0,,,inhale,
135.713,20:43:09.396,997.0,857.0,,,inhale,
135.733,20:43:09.416,997.0,849.0,,,inhale,
135.753,20:43:09.436,989.0,853.0,,,inhale,
135.773,20:43:09.456,997.0,854.0,,,inhale,
135.793,20:43:09.476,988.0,856.0,,,inhale,
135.813,20:43:09.496,987.0,849.0,,,inhale,
135.833,20:43:09.516,995.0,851.0,,,inhale,
135.853,20:43:09.536,990.0,838.0,,,inhale,
135.873,20:43:09.556,988.0,842.0,,,inhale,
135.893,20:43:09.576,987.0,848.0,,,inhale,
135.913,20:43:09.596,987.0,847.0,,,inhale,
135.933,20:43:09.616,983.0,849.0,,,inhale,
135.953,20:43:09.636,986.0,848.0,,,inhale,
135.973,20:43:09.656,998.0,850.0,,,inhale,
135.993,20:43:09.676,982.0,850.0,,,inhale,
136.013,20:43:09.696,988.0,853.0,,,inhale,
136.033,20:43:09.716,997.0,840.0,,,inhale,
136.053,20:43:09.736,989.0,850.0,,,inhale,
136.073,20:43:09.756,985.0,850.0,,,inhale,
136.093,20:43:09.776,983.0,850.0,,,inhale,
136.113,20:43:09.796,985.0,859.0,,,inhale,
136.133,20:43:09.816,989.0,849.0,,,inhale,
136.153,20:43:09.836,987.0,849.0,,,inhale,
136.173,20:43:09.856,987.0,845.0,,,inhale,
136.193,20:43:09.876,985.0,846.0,,,inhale,
136.213,20:43:09.896,989.0,852.0,,,inhale,
136.233,20:43:09.916,991.0,849.0,,,inhale,
136.253,20:43:09.936,985.0,836.0,,,unknown,signal_lost
136.273,20:43:09.956,989.0,849.0,,,unknown,
136.293,20:43:09.976,983.0,846.0,,,unknown,
136.313,20:43:09.996,985.0,847.0,,,unknown,
136.333,20:43:10.016,984.0,849.0,,,unknown,
136.353,20:43:10.036,989.0,848.0,,,unknown,
136.373,20:43:10.056,990.0,849.0,,,unknown,
136.393,20:43:10.076,974.0,855.0,,,unknown,
136.413,20:43:10.096,987.0,850.0,,,unknown,
136.433,20:43:10.116,760.0,851.0,,,unknown,
136.453,20:43:10.136,985.0,857.0,,,unknown,
136.473,20:43:10.156,984.0,849.0,,,unknown,
136.493,20:43:10.176,985.0,854.0,,,unknown,
136.517,20:43:10.200,983.0,848.0,,,unknown,
136.533,20:43:10.216,983.0,847.0,,,unknown,
136.553,20:43:10.236,965.0,851.0,,,unknown,
136.573,20:43:10.256,983.0,853.0,,,unknown,
136.593,20:43:10.276,991.0,856.0,,,unknown,
136.613,20:43:10.296,987.0,852.0,,,unknown,
136.633,20:43:10.316,982.0,842.0,,,unknown,
136.653,20:43:10.336,986.0,859.0,,,unknown,
136.673,20:43:10.356,998.0,854.0,,,unknown,
136.693,20:43:10.376,985.0,853.0,,,unknown,
136.713,20:43:10.396,987.0,848.0,,,unknown,
136.733,20:43:10.416,989.0,849.0,,,unknown,
136.753,20:43:10.436,989.0,861.0,,,unknown,
136.774,20:43:10.457,989.0,851.0,,,unknown,
136.793,20:43:10.476,988.0,851.0,,,unknown,
136.813,20:43:10.496,987.0,859.0,,,unknown,
136.833,20:43:10.516,987.0,850.0,,,unknown,
136.853,20:43:10.536,987.0,850.0,,,unknown,
136.873,20:43:10.556,987.0,850.0,,,unknown,
136.893,20:43:10.576,743.0,850.0,,,unknown,
136.913,20:43:10.596,988.0,851.0,,,unknown,
136.933,20:43:10.616,989.0,853.0,,,unknown,
136.953,20:43:10.636,998.0,849.0,,,unknown,
136.973,20:43:10.656,998.0,850.0,,,unknown,
136.993,20:43:10.676,985.0,851.0,,,unknown,
137.013,20:43:10.696,982.0,854.0,,,unknown,
137.033,20:43:10.716,987.0,850.0,,,unknown,
137.053,20:43:10.736,995.0,852.0,,,unknown,
137.073,20:43:10.756,985.0,848.0,,,unknown,
137.093,20:43:10.776,989.0,850.0,,,unknown,
137.113,20:43:10.796,987.0,849.0,,,unknown,
137.133,20:43:10.816,994.0,850.0,,,unknown,
137.153,20:43:10.836,989.0,856.0,,,unknown,
137.173,20:43:10.856,995.0,850.0,,,unknown,
137.193,20:43:10.876,983.0,837.0,,,unknown,
137.213,20:43:10.896,983.0,855.0,,,unknown,
137.233,20:43:10.916,984.0,848.0,,,unknown,
137.253,20:43:10.936,981.0,849.0,,,unknown,
137.273,20:43:10.956,988.0,848.0,,,unknown,
137.293,20:43:10.976,979.0,854.0,,,unknown,
137.313,20:43:10.996,983.0,849.0,,,unknown,
137.333,20:43:11.016,988.0,848.0,,,unknown,
137.353,20:43:11.036,990.0,844.0,,,unknown,
137.373,20:43:11.056,983.0,850.0,,,unknown,
137.393,20:43:11.076,989.0,846.0,,,unknown,
137.413,20:43:11.096,981.0,848.0,,,unknown,
137.433,20:43:11.116,987.0,846.0,,,unknown,
137.453,20:43:11.136,997.0,849.0,,,unknown,
137.473,20:43:11.156,985.0,847.0,,,unknown,
137.493,20:43:11.176,975.0,845.0,,,unknown,
137.517,20:43:11.200,979.0,848.0,,,unknown,
137.533,20:43:11.216,985.0,849.0,,,unknown,
137.553,20:43:11.236,1013.0,846.0,,,unknown,
137.573,20:43:11.256,1013.0,846.0,,,unknown,
137.593,20:43:11.276,980.0,845.0,,,unknown,
137.613,20:43:11.296,903.0,828.0,,,unknown,
137.633,20:43:11.316,989.0,858.0,,,unknown,
137.653,20:43:11.336,927.0,846.0,,,unknown,
137.673,20:43:11.356,985.0,847.0,,,unknown,
137.693,20:43:11.376,973.0,848.0,,,unknown,
137.713,20:43:11.396,986.0,850.0,,,unknown,
137.733,20:43:11.416,989.0,855.0,,,unknown,
137.753,20:43:11.436,991.0,854.0,,,unknown,
137.773,20:43:11.456,985.0,850.0,,,unknown,
137.793,20:43:11.476,981.0,847.0,,,unknown,
137.813,20:43:11.496,985.0,845.0,,,unknown,
137.833,20:43:11.516,995.0,851.0,,,unknown,
137.853,20:43:11.536,985.0,851.0,,,unknown,
137.873,20:43:11.556,981.0,848.0,,,unknown,
137.893,20:43:11.576,984.0,849.0,,,unknown,
137.913,20:43:11.596,998.0,849.0,,,unknown,
137.933,20:43:11.616,997.0,863.0,,,unknown,
137.953,20:43:11.636,988.0,846.0,,,unknown,
137.973,20:43:11.656,983.0,848.0,,,unknown,
137.993,20:43:11.676,979.0,848.0,,,unknown,
138.013,20:43:11.696,1004.0,851.0,,,unknown,
138.033,20:43:11.716,991.0,854.0,,,unknown,
138.053,20:43:11.736,985.0,851.0,,,unknown,
138.073,20:43:11.756,988.0,849.0,,,unknown,
138.093,20:43:11.776,985.0,850.0,,,unknown,
138.113,20:43:11.796,996.0,851.0,,,unknown,
138.133,20:43:11.816,995.0,856.0,,,unknown,
138.153,20:43:11.836,1001.0,849.0,,,unknown,
138.173,20:43:11.856,987.0,851.0,,,unknown,
138.193,20:43:11.876,987.0,842.0,,,unknown,
138.213,20:43:11.896,999.0,850.0,,,unknown,
138.233,20:43:11.916,999.0,847.0,,,unknown,
138.253,20:43:11.936,984.0,852.0,,,unknown,
138.273,20:43:11.956,987.0,851.0,,,unknown,
138.293,20:43:11.976,982.0,846.0,,,unknown,
138.313,20:43:11.996,990.0,852.0,,,unknown,
138.333,20:43:12.016,999.0,850.0,,,unknown,
138.353,20:43:12.036,987.0,855.0,,,unknown,
138.373,20:43:12.056,1103.0,853.0,,,unknown,
138.393,20:43:12.076,1005.0,855.0,,,unknown,
138.413,20:43:12.096,991.0,858.0,,,unknown,
138.433,20:43:12.116,999.0,861.0,,,unknown,
138.453,20:43:12.136,999.0,856.0,,,unknown,
138.473,20:43:12.156,995.0,856.0,,,unknown,
138.493,20:43:12.176,1011.0,858.0,,,unknown,
138.517,20:43:12.200,999.0,866.0,,,unknown,
138.533,20:43:12.216,1012.0,864.0,,,unknown,
138.553,20:43:12.236,964.0,861.0,,,unknown,
138.573,20:43:12.256,1000.0,862.0,,,unknown,
138.593,20:43:12.276,999.0,855.0,,,unknown,
138.613,20:43:12.296,1002.0,862.0,,,inhale,
138.633,20:43:12.316,942.0,860.0,,,inhale,
138.653,20:43:12.336,1004.0,863.0,,,inhale,
138.673,20:43:12.356,1001.0,863.0,,,inhale,
138.693,20:43:12.376,1006.0,864.0,,,inhale,
138.713,20:43:12.396,1003.0,864.0,,,inhale,
138.733,20:43:12.416,1005.0,862.0,,,inhale,
138.753,20:43:12.436,1007.0,861.0,,,inhale,signal_ok
138.773,20:43:12.456,1003.0,863.0,,,inhale,
138.793,20:43:12.476,1003.0,862.0,,,inhale,
138.813,20:43:12.496,997.0,861.0,,,inhale,
138.833,20:43:12.517,1005.0,863.0,,,inhale,
138.853,20:43:12.537,995.0,861.0,,,inhale,
138.873,20:43:12.556,1002.0,854.0,,,inhale,
138.893,20:43:12.576,1003.0,860.0,,,inhale,
138.913,20:43:12.596,995.0,859.0,,,inhale,
138.933,20:43:12.616,996.0,857.0,,,inhale,
138.953,20:43:12.636,951.0,860.0,,,inhale,
138.973,20:43:12.656,997.0,858.0,,,inhale,
138.993,20:43:12.676,989.0,854.0,,,inhale,
139.013,20:43:12.696,1003.0,858.0,,,inhale,
139.033,20:43:12.716,987.0,854.0,,,inhale,
139.053,20:43:12.736,1001.0,856.0,,,inhale,
139.073,20:43:12.756,988.0,857.0,,,inhale,
139.093,20:43:12.776,999.0,866.0,,,inhale,
139.113,20:43:12.796,1001.0,854.0,,,inhale,
139.133,20:43:12.816,990.0,857.0,,,inhale,
139.153,20:43:12.836,997.0,865.0,,,inhale,
139.173,20:43:12.856,997.0,852.0,,,inhale,
139.193,20:43:12.876,985.0,855.0,,,inhale,
139.213,20:43:12.896,998.0,853.0,,,inhale,
139.233,20:43:12.916,989.0,846.0,,,inhale,
139.253,20:43:12.936,985.0,847.0,,,inhale,
139.273,20:43:12.956,986.0,849.0,,,inhale,
139.293,20:43:12.976,986.0,852.0,,,inhale,
139.313,20:43:12.996,991.0,848.0,,,inhale,
139.333,20:43:13.016,984.0,845.0,,,inhale,
139.353,20:43:13.036,985.0,849.0,,,inhale,
139.373,20:43:13.056,982.0,846.0,,,inhale,
139.393,20:43:13.076,988.0,843.0,,,inhale,
139.413,20:43:13.096,983.0,847.0,,,inhale,
139.433,20:43:13.116,985.0,861.0,,,inhale,
139.453,20:43:13.136,989.0,847.0,,,inhale,
139.473,20:43:13.156,987.0,847.0,,,inhale,
139.493,20:43:13.176,988.0,847.0,,,inhale,
139.517,20:43:13.200,984.0,848.0,,,inhale,
139.533,20:43:13.216,985.0,845.0,,,inhale,
139.553,20:43:13.236,983.0,850.0,,,inhale,
139.573,20:43:13.256,981.0,848.0,,,inhale,
139.593,20:43:13.276,989.0,844.0,,,inhale,
139.613,20:43:13.296,981.0,840.0,,,inhale,
139.633,20:43:13.316,981.0,851.0,,,inhale,
139.653,20:43:13.336,975.0,843.0,,,inhale,
139.673,20:43:13.356,983.0,843.0,,,inhale,
139.693,20:43:13.376,975.0,837.0,,,inhale,
139.713,20:43:13.396,973.0,838.0,,,inhale,
139.733,20:43:13.416,972.0,841.0,,,inhale,
139.753,20:43:13.436,974.0,840.0,,,inhale,
139.773,20:43:13.456,979.0,840.0,,,inhale,
139.793,20:43:13.476,970.0,840.0,,,inhale,
139.813,20:43:13.496,980.0,838.0,,,inhale,
139.833,20:43:13.516,934.0,844.0,,,inhale,
139.853,20:43:13.536,967.0,839.0,,,inhale,
139.873,20:43:13.556,979.0,837.0,,,inhale,
139.893,20:43:13.576,969.0,835.0,,,inhale,
139.913,20:43:13.596,979.0,836.0,,,inhale,
139.933,20:43:13.616,979.0,839.0,,,inhale,
139.953,20:43:13.636,970.0,833.0,,,inhale,
139.973,20:43:13.656,969.0,819.0,,,inhale,
139.993,20:43:13.676,971.0,833.0,,,inhale,
140.013,20:43:13.696,960.0,834.0,,,inhale,
140.033,20:43:13.716,960.0,831.0,,,inhale,
140.053,20:43:13.736,970.0,831.0,,,inhale,
140.073,20:43:13.756,967.0,831.0,,,inhale,
140.093,20:43:13.776,952.0,826.0,,,inhale,
140.113,20:43:13.796,967.0,827.0,,,inhale,
140.133,20:43:13.816,956.0,828.0,,,inhale,
140.153,20:43:13.836,959.0,829.0,,,inhale,
140.173,20:43:13.856,975.0,822.0,,,inhale,
140.193,20:43:13.876,965.0,837.0,,,inhale,
140.213,20:43:13.896,959.0,831.0,,,inhale,
140.233,20:43:13.916,955.0,835.0,,,inhale,
140.253,20:43:13.936,967.0,837.0,,,inhale,
140.273,20:43:13.956,973.0,839.0,,,inhale,
140.293,20:43:13.976,969.0,847.0,,,inhale,
140.313,20:43:13.996,979.0,840.0,,,inhale,
140.333,20:43:14.016,985.0,846.0,,,inhale,
140.353,20:43:14.036,985.0,844.0,,,inhale,
140.373,20:43:14.056,983.0,846.0,,,inhale,
140.393,20:43:14.076,995.0,846.0,,,inhale,
140.413,20:43:14.096,977.0,849.0,,,inhale,
140.433,20:43:14.116,983.0,847.0,,,inhale,
140.453,20:43:14.136,987.0,853.0,,,inhale,
140.473,20:43:14.156,990.0,855.0,,,inhale,
140.493,20:43:14.176,995.0,850.0,,,inhale,
140.517,20:43:14.200,985.0,854.0,,,inhale,
140.533,20:43:14.216,1045.0,851.0,,,inhale,
140.553,20:43:14.236,997.0,855.0,,,inhale,
140.573,20:43:14.256,995.0,854.0,,,inhale,
140.593,20:43:14.276,1002.0,861.0,,,inhale,
140.613,20:43:14.296,989.0,856.0,,,inhale,
140.633,20:43:14.316,999.0,859.0,,,inhale,
140.653,20:43:14.336,1001.0,859.0,,,inhale,
140.673,20:43:14.356,1030.0,859.0,,,inhale,
140.693,20:43:14.376,1061.0,855.0,,,inhale,
140.713,20:43:14.396,996.0,864.0,,,inhale,
140.733,20:43:14.416,1000.0,867.0,,,inhale,
140.753,20:43:14.436,1005.0,866.0,,,inhale,
140.773,20:43:14.456,996.0,857.0,,,inhale,
140.793,20:43:14.476,1001.0,862.0,,,inhale,
140.813,20:43:14.496,1003.0,859.0,,,inhale,
140.833,20:43:14.516,1001.0,861.0,,,inhale,
140.853,20:43:14.536,1045.0,863.0,,,inhale,
140.873,20:43:14.556,1012.0,863.0,,,inhale,
140.893,20:43:14.576,1045.0,864.0,,,inhale,
140.913,20:43:14.596,1002.0,863.0,,,inhale,
140.933,20:43:14.616,1015.0,852.0,,,inhale,
140.953,20:43:14.636,1003.0,866.0,,,inhale,
140.973,20:43:14.656,1005.0,861.0,,,inhale,
140.993,20:43:14.676,997.0,866.0,,,inhale,
141.013,20:43:14.696,1007.0,872.0,,,inhale,
141.033,20:43:14.716,1011.0,866.0,,,inhale,
141.053,20:43:14.736,1008.0,868.0,,,inhale,
141.073,20:43:14.756,1011.0,868.0,,,inhale,
141.093,20:43:14.776,1019.0,872.0,,,inhale,
141.113,20:43:14.796,1011.0,875.0,,,inhale,
141.133,20:43:14.816,1008.0,871.0,,,inhale,
141.153,20:43:14.836,1001.0,876.0,,,inhale,
141.173,20:43:14.856,1007.0,871.0,,,inhale,
141.193,20:43:14.876,1007.0,870.0,,,inhale,
141.213,20:43:14.896,1011.0,868.0,,,inhale,
141.233,20:43:14.916,1012.0,869.0,,,inhale,
141.253,20:43:14.936,1002.0,868.0,,,inhale,
141.273,20:43:14.956,1002.0,868.0,,,inhale,
141.293,20:43:14.976,1007.0,864.0,,,inhale,
141.313,20:43:14.996,1039.0,866.0,,,inhale,
141.333,20:43:15.016,1007.0,869.0,,,inhale,
141.353,20:43:15.036,999.0,860.0,,,inhale,
141.373,20:43:15.056,1000.0,860.0,,,inhale,
141.393,20:43:15.076,991.0,859.0,,,inhale,
141.413,20:43:15.096,1001.0,855.0,,,inhale,
141.433,20:43:15.116,1001.0,861.0,,,inhale,
141.453,20:43:15.136,1004.0,860.0,,,inhale,
141.473,20:43:15.156,1017.0,862.0,,,exhale,exhale_onset
141.493,20:43:15.176,1003.0,860.0,,,exhale,
141.517,20:43:15.200,1000.0,859.0,,,exhale,
141.533,20:43:15.216,999.0,860.0,,,exhale,
141.553,20:43:15.236,1003.0,859.0,,,exhale,
141.573,20:43:15.256,1001.0,865.0,,,exhale,
141.593,20:43:15.276,999.0,861.0,,,exhale,
141.613,20:43:15.296,1005.0,858.0,,,exhale,
141.633,20:43:15.316,999.0,860.0,,,exhale,
141.653,20:43:15.336,999.0,859.0,,,exhale,
141.673,20:43:15.356,1001.0,859.0,,,exhale,
141.693,20:43:15.376,999.0,859.0,,,exhale,
141.713,20:43:15.396,997.0,861.0,,,exhale,
141.733,20:43:15.416,1001.0,860.0,,,exhale,
141.753,20:43:15.436,999.0,857.0,,,exhale,
141.773,20:43:15.456,1005.0,859.0,,,exhale,
141.793,20:43:15.476,1001.0,860.0,,,exhale,
141.813,20:43:15.496,988.0,855.0,,,exhale,
141.833,20:43:15.516,983.0,860.0,,,exhale,
141.853,20:43:15.536,991.0,854.0,,,exhale,
141.873,20:43:15.556,985.0,846.0,,,exhale,
141.893,20:43:15.576,989.0,847.0,,,exhale,
141.913,20:43:15.596,989.0,854.0,,,exhale,
141.933,20:43:15.616,997.0,867.0,,,exhale,
141.953,20:43:15.636,1032.0,853.0,,,exhale,
141.973,20:43:15.656,985.0,856.0,,,exhale,
141.993,20:43:15.676,986.0,852.0,,,exhale,
142.013,20:43:15.696,983.0,853.0,,,exhale,
142.033,20:43:15.716,999.0,844.0,,,exhale,
142.053,20:43:15.736,985.0,854.0,,,exhale,
142.073,20:43:15.756,987.0,847.0,,,exhale,
142.093,20:43:15.776,995.0,848.0,,,exhale,
142.113,20:43:15.796,989.0,849.0,,,exhale,
142.133,20:43:15.816,980.0,848.0,,,exhale,
142.153,20:43:15.836,987.0,847.0,,,exhale,
142.173,20:43:15.856,981.0,850.0,,,exhale,
142.193,20:43:15.876,983.0,841.0,,,exhale,
142.213,20:43:15.896,979.0,844.0,,,exhale,
142.233,20:43:15.916,983.0,846.0,,,exhale,
142.253,20:43:15.936,981.0,844.0,,,exhale,
142.273,20:43:15.956,981.0,845.0,,,exhale,
142.293,20:43:15.976,982.0,842.0,,,exhale,
142.313,20:43:15.996,983.0,853.0,,,exhale,
142.333,20:43:16.016,975.0,841.0,,,exhale,
142.353,20:43:16.036,991.0,841.0,,,exhale,
142.373,20:43:16.056,973.0,839.0,,,exhale,
142.393,20:43:16.076,985.0,837.0,,,exhale,
142.413,20:43:16.096,973.0,853.0,,,exhale,
142.433,20:43:16.116,971.0,838.0,,,exhale,
142.453,20:43:16.136,971.0,836.0,,,exhale,
142.473,20:43:16.156,973.0,837.0,,,exhale,
142.493,20:43:16.176,980.0,836.0,,,exhale,
142.516,20:43:16.199,909.0,839.0,,,exhale,
142.532,20:43:16.216,968.0,831.0,,,exhale,
142.553,20:43:16.236,969.0,836.0,,,exhale,
142.573,20:43:16.256,969.0,833.0,,,exhale,
142.592,20:43:16.276,969.0,822.0,,,exhale,
142.613,20:43:16.296,957.0,840.0,,,exhale,
142.633,20:43:16.316,967.0,833.0,,,exhale,
142.653,20:43:16.336,969.0,831.0,,,exhale,
142.673,20:43:16.356,958.0,823.0,,,exhale,
142.693,20:43:16.376,967.0,827.0,,,exhale,
142.713,20:43:16.396,953.0,822.0,,,exhale,
142.733,20:43:16.416,955.0,826.0,,,exhale,
142.753,20:43:16.436,953.0,830.0,,,exhale,
142.773,20:43:16.456,971.0,825.0,,,exhale,
142.793,20:43:16.476,957.0,828.0,,,exhale,
142.813,20:43:16.496,969.0,815.0,,,exhale,
142.833,20:43:16.516,959.0,828.0,,,exhale,
142.853,20:43:16.536,967.0,834.0,,,exhale,
142.873,20:43:16.556,968.0,835.0,,,exhale,
142.893,20:43:16.576,974.0,838.0,,,exhale,
142.913,20:43:16.596,973.0,836.0,,,exhale,
142.933,20:43:16.616,975.0,841.0,,,exhale,
142.953,20:43:16.636,977.0,842.0,,,exhale,
142.973,20:43:16.656,981.0,843.0,,,exhale,
142.993,20:43:16.676,981.0,841.0,,,exhale,
143.016,20:43:16.699,985.0,851.0,,,exhale,
143.032,20:43:16.716,959.0,847.0,,,exhale,
143.052,20:43:16.736,987.0,839.0,,,inhale,inhale_onset
143.072,20:43:16.756,985.0,847.0,,,inhale,
143.092,20:43:16.776,977.0,847.0,,,inhale,
143.112,20:43:16.796,985.0,852.0,,,inhale,
143.133,20:43:16.816,985.0,846.0,,,inhale,
143.153,20:43:16.836,987.0,847.0,,,inhale,
143.173,20:43:16.856,984.0,853.0,,,inhale,
143.193,20:43:16.876,985.0,847.0,,,inhale,
143.213,20:43:16.896,987.0,848.0,,,inhale,
143.233,20:43:16.916,1001.0,851.0,,,inhale,
143.253,20:43:16.936,986.0,839.0,,,inhale,
143.273,20:43:16.956,995.0,855.0,,,inhale,
143.293,20:43:16.976,997.0,853.0,,,inhale,
143.313,20:43:16.996,991.0,856.0,,,inhale,
143.333,20:43:17.016,995.0,857.0,,,inhale,
143.353,20:43:17.036,999.0,854.0,,,inhale,
143.373,20:43:17.056,981.0,852.0,,,inhale,
143.393,20:43:17.076,989.0,859.0,,,inhale,
143.413,20:43:17.096,995.0,853.0,,,inhale,
143.433,20:43:17.116,990.0,855.0,,,inhale,
143.453,20:43:17.136,999.0,858.0,,,inhale,
143.473,20:43:17.156,994.0,856.0,,,inhale,
143.493,20:43:17.176,1001.0,856.0,,,inhale,
143.517,20:43:17.200,999.0,855.0,,,inhale,
143.533,20:43:17.216,883.0,859.0,,,inhale,
143.553,20:43:17.236,1001.0,858.0,,,inhale,
143.573,20:43:17.256,1000.0,860.0,,,inhale,
143.593,20:43:17.276,1005.0,860.0,,,inhale,
143.613,20:43:17.296,1005.0,864.0,,,inhale,
143.633,20:43:17.316,1003.0,860.0,,,inhale,
143.653,20:43:17.336,1001.0,862.0,,,inhale,
143.673,20:43:17.356,999.0,865.0,,,inhale,
143.693,20:43:17.376,998.0,865.0,,,inhale,
143.713,20:43:17.396,999.0,863.0,,,inhale,
143.733,20:43:17.416,1005.0,861.0,,,inhale,
143.753,20:43:17.436,996.0,862.0,,,inhale,
143.773,20:43:17.456,1001.0,857.0,,,inhale,
143.793,20:43:17.476,999.0,853.0,,,inhale,
143.813,20:43:17.496,997.0,863.0,,,inhale,
143.833,20:43:17.516,1003.0,860.0,,,inhale,
143.853,20:43:17.536,1001.0,869.0,,,inhale,
143.873,20:43:17.556,1006.0,866.0,,,inhale,
143.893,20:43:17.576,1011.0,876.0,,,inhale,
143.913,20:43:17.596,999.0,870.0,,,inhale,
143.933,20:43:17.616,1011.0,869.0,,,inhale,
143.953,20:43:17.636,1001.0,871.0,,,inhale,
143.973,20:43:17.656,1013.0,857.0,,,inhale,
143.993,20:43:17.676,1003.0,867.0,,,inhale,
144.012,20:43:17.696,999.0,865.0,,,inhale,
144.033,20:43:17.716,1006.0,866.0,,,inhale,
144.053,20:43:17.736,1015.0,866.0,,,inhale,
144.073,20:43:17.756,1005.0,865.0,,,inhale,
144.094,20:43:17.777,1015.0,864.0,,,inhale,
144.113,20:43:17.796,1011.0,869.0,,,inhale,
144.133,20:43:17.816,1012.0,869.0,,,inhale,
144.153,20:43:17.836,1007.0,866.0,,,inhale,
144.173,20:43:17.856,1001.0,866.0,,,inhale,
144.193,20:43:17.876,1008.0,864.0,,,inhale,
144.213,20:43:17.896,1013.0,864.0,,,inhale,
144.233,20:43:17.916,1007.0,865.0,,,inhale,
144.253,20:43:17.936,1011.0,859.0,,,inhale,
144.273,20:43:17.956,1001.0,865.0,,,inhale,
144.293,20:43:17.976,994.0,860.0,,,inhale,
144.312,20:43:17.996,999.0,859.0,,,inhale,
144.333,20:43:18.016,1001.0,861.0,,,inhale,
144.352,20:43:18.036,997.0,859.0,,,exhale,exhale_onset
144.373,20:43:18.056,1001.0,860.0,,,exhale,
144.393,20:43:18.076,1001.0,859.0,,,exhale,
144.413,20:43:18.096,1000.0,861.0,,,exhale,
144.433,20:43:18.116,1002.0,859.0,,,exhale,
144.453,20:43:18.136,1005.0,853.0,,,exhale,
144.473,20:43:18.156,1007.0,875.0,,,exhale,
144.493,20:43:18.176,999.0,857.0,,,exhale,
144.516,20:43:18.199,998.0,853.0,,,exhale,
144.532,20:43:18.216,997.0,860.0,,,exhale,
144.553,20:43:18.236,1041.0,858.0,,,exhale,
144.573,20:43:18.256,995.0,859.0,,,exhale,
144.593,20:43:18.276,1003.0,859.0,,,exhale,
144.613,20:43:18.296,996.0,857.0,,,exhale,
144.633,20:43:18.316,997.0,857.0,,,exhale,
144.653,20:43:18.336,999.0,860.0,,,exhale,
144.673,20:43:18.356,1000.0,854.0,,,exhale,
144.693,20:43:18.376,990.0,852.0,,,exhale,
144.712,20:43:18.396,995.0,856.0,,,exhale,
144.732,20:43:18.416,995.0,855.0,,,exhale,
144.753,20:43:18.436,999.0,855.0,,,exhale,
144.773,20:43:18.456,1000.0,848.0,,,exhale,
144.793,20:43:18.476,997.0,857.0,,,exhale,
144.813,20:43:18.496,988.0,854.0,,,exhale,
144.833,20:43:18.516,989.0,852.0,,,exhale,
144.853,20:43:18.536,998.0,851.0,,,exhale,
144.873,20:43:18.556,991.0,851.0,,,exhale,
144.892,20:43:18.576,995.0,849.0,,,exhale,
144.912,20:43:18.596,997.0,850.0,,,exhale,
144.933,20:43:18.616,1285.0,852.0,,,exhale,
144.953,20:43:18.636,989.0,850.0,,,exhale,
144.973,20:43:18.656,989.0,850.0,,,exhale,
144.992,20:43:18.676,987.0,857.0,,,exhale,
145.013,20:43:18.696,984.0,849.0,,,exhale,
145.033,20:43:18.716,987.0,851.0,,,exhale,
145.053,20:43:18.736,987.0,843.0,,,exhale,
145.073,20:43:18.756,996.0,849.0,,,exhale,
145.093,20:43:18.776,979.0,846.0,,,exhale,
145.112,20:43:18.796,987.0,847.0,,,exhale,
145.133,20:43:18.816,985.0,838.0,,,exhale,
145.152,20:43:18.836,983.0,849.0,,,exhale,
145.173,20:43:18.856,983.0,860.0,,,exhale,
145.192,20:43:18.876,981.0,844.0,,,exhale,
145.213,20:43:18.896,986.0,848.0,,,exhale,
145.233,20:43:18.916,965.0,845.0,,,exhale,
145.253,20:43:18.936,986.0,837.0,,,exhale,
145.273,20:43:18.956,985.0,846.0,,,exhale,
145.293,20:43:18.976,989.0,839.0,,,exhale,
145.312,20:43:18.996,981.0,846.0,,,exhale,
145.333,20:43:19.016,985.0,850.0,,,exhale,
145.353,20:43:19.036,983.0,843.0,,,exhale,
145.372,20:43:19.056,989.0,843.0,,,exhale,
145.392,20:43:19.076,979.0,847.0,,,exhale,
145.412,20:43:19.096,983.0,845.0,,,exhale,
145.433,20:43:19.116,986.0,846.0,,,exhale,
145.452,20:43:19.136,973.0,845.0,,,exhale,
145.472,20:43:19.156,983.0,847.0,,,exhale,
145.493,20:43:19.176,973.0,848.0,,,exhale,
145.516,20:43:19.200,979.0,847.0,,,exhale,
145.533,20:43:19.216,981.0,843.0,,,exhale,
145.553,20:43:19.236,979.0,844.0,,,exhale,
145.573,20:43:19.256,1007.0,843.0,,,exhale,
145.592,20:43:19.276,984.0,840.0,,,exhale,
145.612,20:43:19.295,979.0,847.0,,,exhale,
145.633,20:43:19.316,974.0,842.0,,,exhale,
145.652,20:43:19.336,987.0,842.0,,,exhale,
145.672,20:43:19.356,979.0,843.0,,,exhale,
145.693,20:43:19.376,978.0,841.0,,,exhale,
145.712,20:43:19.396,977.0,840.0,,,exhale,
145.732,20:43:19.416,983.0,840.0,,,exhale,
145.753,20:43:19.436,983.0,840.0,,,exhale,
145.772,20:43:19.456,975.0,838.0,,,exhale,
145.792,20:43:19.476,967.0,837.0,,,exhale,
145.812,20:43:19.496,968.0,836.0,,,exhale,
145.832,20:43:19.516,975.0,836.0,,,exhale,
145.853,20:43:19.536,969.0,840.0,,,exhale,
145.873,20:43:19.556,975.0,835.0,,,exhale,
145.893,20:43:19.576,969.0,831.0,,,exhale,
145.912,20:43:19.595,955.0,836.0,,,exhale,
145.933,20:43:19.616,1091.0,836.0,,,exhale,
145.952,20:43:19.636,964.0,842.0,,,exhale,
145.972,20:43:19.656,969.0,834.0,,,exhale,
145.992,20:43:19.676,975.0,831.0,,,exhale,
146.012,20:43:19.695,970.0,824.0,,,exhale,
146.033,20:43:19.716,969.0,845.0,,,exhale,
146.053,20:43:19.736,972.0,838.0,,,exhale,
146.073,20:43:19.756,959.0,837.0,,,exhale,
146.092,20:43:19.776,965.0,832.0,,,exhale,
146.112,20:43:19.796,969.0,832.0,,,exhale,
146.132,20:43:19.816,967.0,831.0,,,exhale,
146.153,20:43:19.836,967.0,834.0,,,exhale,
146.172,20:43:19.856,971.0,832.0,,,exhale,
146.192,20:43:19.876,959.0,827.0,,,exhale,
146.213,20:43:19.896,957.0,828.0,,,exhale,
146.232,20:43:19.916,957.0,827.0,,,exhale,
146.252,20:43:19.936,975.0,828.0,,,exhale,
146.273,20:43:19.956,959.0,832.0,,,exhale,
146.292,20:43:19.976,953.0,826.0,,,exhale,
146.312,20:43:19.995,959.0,822.0,,,exhale,
146.332,20:43:20.016,955.0,824.0,,,exhale,
146.352,20:43:20.036,958.0,826.0,,,exhale,
146.372,20:43:20.056,955.0,823.0,,,exhale,
146.392,20:43:20.076,958.0,821.0,,,exhale,
146.413,20:43:20.096,967.0,822.0,,,exhale,
146.432,20:43:20.116,953.0,839.0,,,exhale,
146.452,20:43:20.136,968.0,815.0,,,exhale,
146.485,20:43:20.169,923.0,829.0,,,exhale,
146.499,20:43:20.182,952.0,824.0,,,exhale,
146.516,20:43:20.199,951.0,820.0,,,exhale,
146.532,20:43:20.215,955.0,816.0,,,exhale,
146.552,20:43:20.235,960.0,826.0,,,exhale,
146.572,20:43:20.255,952.0,820.0,,,exhale,
146.592,20:43:20.275,951.0,820.0,,,exhale,
146.612,20:43:20.295,956.0,820.0,,,exhale,
146.632,20:43:20.315,953.0,830.0,,,exhale,
146.652,20:43:20.335,953.0,823.0,,,exhale,
146.672,20:43:20.355,953.0,816.0,,,exhale,
146.692,20:43:20.375,953.0,822.0,,,exhale,
146.712,20:43:20.396,949.0,820.0,,,exhale,
146.732,20:43:20.416,941.0,825.0,,,exhale,
146.752,20:43:20.436,951.0,824.0,,,exhale,
146.772,20:43:20.456,952.0,822.0,,,exhale,
146.792,20:43:20.475,952.0,818.0,,,exhale,
146.812,20:43:20.496,953.0,822.0,,,exhale,
146.832,20:43:20.516,949.0,818.0,,,exhale,
146.852,20:43:20.536,950.0,816.0,,,exhale,
146.872,20:43:20.556,955.0,820.0,,,exhale,
146.892,20:43:20.576,957.0,819.0,,,exhale,
146.912,20:43:20.596,949.0,814.0,,,exhale,
146.932,20:43:20.616,966.0,820.0,,,exhale,
146.952,20:43:20.636,951.0,817.0,,,exhale,
146.972,20:43:20.655,937.0,821.0,,,exhale,
146.992,20:43:20.676,948.0,818.0,,,exhale,
147.012,20:43:20.695,949.0,819.0,,,exhale,
147.032,20:43:20.716,947.0,820.0,,,exhale,
147.052,20:43:20.736,943.0,823.0,,,exhale,
147.072,20:43:20.756,951.0,826.0,,,inhale,inhale_onset
147.093,20:43:20.776,947.0,815.0,,,inhale,
147.112,20:43:20.795,953.0,816.0,,,inhale,
147.132,20:43:20.816,943.0,817.0,,,inhale,
147.152,20:43:20.835,951.0,815.0,,,inhale,
147.172,20:43:20.856,996.0,816.0,,,inhale,
147.192,20:43:20.876,950.0,815.0,,,inhale,
147.212,20:43:20.896,942.0,814.0,,,inhale,
147.232,20:43:20.916,939.0,825.0,,,inhale,
147.252,20:43:20.936,941.0,816.0,,,inhale,
147.272,20:43:20.956,947.0,820.0,,,inhale,
147.292,20:43:20.976,953.0,808.0,,,inhale,
147.312,20:43:20.996,943.0,814.0,,,inhale,
147.332,20:43:21.016,947.0,815.0,,,inhale,
147.352,20:43:21.035,951.0,815.0,,,inhale,
147.372,20:43:21.056,933.0,815.0,,,inhale,
147.392,20:43:21.075,947.0,820.0,,,inhale,
147.412,20:43:21.096,941.0,814.0,,,inhale,
147.432,20:43:21.115,951.0,815.0,,,inhale,
147.452,20:43:21.136,947.0,813.0,,,inhale,
147.472,20:43:21.155,943.0,811.0,,,inhale,
147.492,20:43:21.175,935.0,813.0,,,inhale,
147.516,20:43:21.199,942.0,813.0,,,inhale,
147.532,20:43:21.215,937.0,811.0,,,inhale,
147.552,20:43:21.235,943.0,814.0,,,inhale,
147.572,20:43:21.255,941.0,816.0,,,inhale,
147.592,20:43:21.275,949.0,812.0,,,inhale,
147.612,20:43:21.295,947.0,815.0,,,inhale,
147.632,20:43:21.315,939.0,812.0,,,inhale,
147.652,20:43:21.335,947.0,813.0,,,inhale,
147.672,20:43:21.355,936.0,813.0,,,inhale,
147.692,20:43:21.375,943.0,808.0,,,inhale,
147.712,20:43:21.395,937.0,809.0,,,inhale,
147.732,20:43:21.416,937.0,810.0,,,inhale,
147.752,20:43:21.436,935.0,810.0,,,inhale,
147.772,20:43:21.455,939.0,813.0,,,inhale,
147.792,20:43:21.475,947.0,813.0,,,inhale,
147.812,20:43:21.496,940.0,815.0,,,inhale,
147.832,20:43:21.516,942.0,814.0,,,inhale,
147.852,20:43:21.536,943.0,813.0,,,inhale,
147.872,20:43:21.555,935.0,814.0,,,inhale,
147.892,20:43:21.576,941.0,797.0,,,inhale,
147.912,20:43:21.596,935.0,810.0,,,inhale,
147.932,20:43:21.616,939.0,803.0,,,inhale,
147.952,20:43:21.635,941.0,812.0,,,inhale,
147.972,20:43:21.655,905.0,810.0,,,inhale,
147.992,20:43:21.676,937.0,812.0,,,inhale,
148.012,20:43:21.695,938.0,812.0,,,inhale,
148.032,20:43:21.715,941.0,814.0,,,inhale,
148.052,20:43:21.735,940.0,812.0,,,inhale,
148.072,20:43:21.755,946.0,807.0,,,inhale,
148.092,20:43:21.776,952.0,814.0,,,inhale,
148.112,20:43:21.796,941.0,812.0,,,inhale,
148.132,20:43:21.815,943.0,819.0,,,inhale,
148.152,20:43:21.836,941.0,812.0,,,inhale,
148.172,20:43:21.855,942.0,800.0,,,inhale,
148.192,20:43:21.875,949.0,810.0,,,inhale,
148.212,20:43:21.895,939.0,818.0,,,inhale,
148.232,20:43:21.915,946.0,805.0,,,inhale,
148.252,20:43:21.935,948.0,814.0,,,inhale,
148.272,20:43:21.955,965.0,810.0,,,inhale,
148.292,20:43:21.975,943.0,808.0,,,inhale,
148.312,20:43:21.995,939.0,819.0,,,inhale,
148.332,20:43:22.015,942.0,811.0,,,inhale,
148.352,20:43:22.035,939.0,811.0,,,inhale,
148.372,20:43:22.056,939.0,800.0,,,inhale,
148.392,20:43:22.075,938.0,814.0,,,inhale,
148.412,20:43:22.095,937.0,810.0,,,inhale,
148.432,20:43:22.115,937.0,811.0,,,inhale,
148.452,20:43:22.135,939.0,812.0,,,inhale,
148.472,20:43:22.156,938.0,810.0,,,inhale,
148.492,20:43:22.175,943.0,805.0,,,inhale,
148.516,20:43:22.200,940.0,810.0,,,inhale,
148.532,20:43:22.215,939.0,808.0,,,inhale,
148.552,20:43:22.235,935.0,810.0,,,inhale,
148.572,20:43:22.255,941.0,809.0,,,inhale,
148.592,20:43:22.276,935.0,807.0,,,inhale,
148.612,20:43:22.296,940.0,810.0,,,inhale,
148.632,20:43:22.315,885.0,809.0,,,inhale,
148.652,20:43:22.335,947.0,810.0,,,inhale,
148.672,20:43:22.355,942.0,809.0,,,inhale,
148.692,20:43:22.375,939.0,808.0,,,inhale,
148.712,20:43:22.395,936.0,809.0,,,inhale,
148.732,20:43:22.415,936.0,804.0,,,inhale,
148.752,20:43:22.435,939.0,808.0,,,inhale,
148.772,20:43:22.455,943.0,809.0,,,inhale,
148.792,20:43:22.475,936.0,807.0,,,inhale,
148.812,20:43:22.495,935.0,810.0,,,inhale,
148.832,20:43:22.515,940.0,807.0,,,inhale,
148.852,20:43:22.535,669.0,806.0,,,inhale,
148.872,20:43:22.555,940.0,805.0,,,inhale,
148.892,20:43:22.575,1082.0,807.0,,,inhale,
148.912,20:43:22.595,941.0,815.0,,,inhale,
148.932,20:43:22.615,941.0,808.0,,,inhale,
148.952,20:43:22.635,933.0,811.0,,,inhale,
148.972,20:43:22.655,939.0,808.0,,,inhale,
148.992,20:43:22.675,933.0,801.0,,,inhale,
149.012,20:43:22.695,939.0,811.0,,,inhale,
149.032,20:43:22.715,937.0,810.0,,,inhale,
149.052,20:43:22.735,773.0,816.0,,,inhale,
149.072,20:43:22.755,940.0,804.0,,,inhale,
149.092,20:43:22.775,935.0,809.0,,,inhale,
149.112,20:43:22.796,937.0,808.0,,,inhale,
149.132,20:43:22.815,939.0,811.0,,,inhale,
149.152,20:43:22.835,937.0,814.0,,,inhale,
149.172,20:43:22.855,943.0,802.0,,,inhale,
149.192,20:43:22.875,939.0,808.0,,,inhale,
149.212,20:43:22.895,939.0,810.0,,,inhale,
149.232,20:43:22.915,941.0,811.0,,,inhale,
149.252,20:43:22.935,947.0,811.0,,,inhale,
149.272,20:43:22.955,927.0,815.0,,,inhale,
149.292,20:43:22.975,937.0,808.0,,,inhale,
149.312,20:43:22.995,936.0,808.0,,,inhale,
149.332,20:43:23.015,937.0,812.0,,,inhale,
149.352,20:43:23.035,938.0,809.0,,,inhale,
149.372,20:43:23.055,942.0,812.0,,,inhale,
149.392,20:43:23.075,935.0,815.0,,,inhale,
149.412,20:43:23.095,939.0,811.0,,,inhale,
149.432,20:43:23.115,938.0,809.0,,,inhale,
149.452,20:43:23.135,943.0,815.0,,,inhale,
149.472,20:43:23.155,1215.0,807.0,,,inhale,
149.492,20:43:23.175,933.0,810.0,,,inhale,
149.516,20:43:23.200,939.0,810.0,,,inhale,
149.532,20:43:23.215,937.0,809.0,,,inhale,
149.552,20:43:23.235,937.0,807.0,,,inhale,
149.572,20:43:23.255,939.0,808.0,,,inhale,
149.592,20:43:23.275,939.0,823.0,,,inhale,
149.612,20:43:23.295,943.0,814.0,,,inhale,
149.632,20:43:23.315,937.0,809.0,,,inhale,
149.652,20:43:23.335,934.0,805.0,,,inhale,
149.672,20:43:23.355,933.0,809.0,,,inhale,
149.693,20:43:23.376,1045.0,802.0,,,inhale,
149.712,20:43:23.395,938.0,810.0,,,inhale,
149.732,20:43:23.415,940.0,809.0,,,inhale,
149.752,20:43:23.435,937.0,808.0,,,inhale,
149.772,20:43:23.455,936.0,801.0,,,inhale,
149.792,20:43:23.475,942.0,793.0,,,inhale,
149.812,20:43:23.495,928.0,807.0,,,inhale,
149.832,20:43:23.515,937.0,810.0,,,inhale,
149.852,20:43:23.535,937.0,810.0,,,inhale,
149.872,20:43:23.555,931.0,808.0,,,inhale,
149.892,20:43:23.575,928.0,808.0,,,inhale,
149.912,20:43:23.595,939.0,810.0,,,inhale,
149.932,20:43:23.615,1049.0,810.0,,,inhale,
149.952,20:43:23.635,940.0,817.0,,,inhale,
149.972,20:43:23.655,935.0,809.0,,,inhale,
149.992,20:43:23.675,940.0,817.0,,,inhale,
150.012,20:43:23.695,943.0,812.0,,,inhale,
150.032,20:43:23.715,943.0,814.0,,,inhale,
150.052,20:43:23.735,941.0,808.0,,,inhale,
150.072,20:43:23.755,941.0,807.0,,,inhale,
150.092,20:43:23.775,934.0,810.0,,,inhale,
150.112,20:43:23.795,999.0,809.0,,,inhale,
150.132,20:43:23.815,933.0,810.0,,,inhale,
150.152,20:43:23.835,941.0,811.0,,,inhale,
150.172,20:43:23.855,940.0,806.0,,,inhale,
150.192,20:43:23.875,932.0,808.0,,,inhale,
150.212,20:43:23.895,938.0,814.0,,,inhale,
150.232,20:43:23.915,936.0,812.0,,,inhale,
150.252,20:43:23.935,942.0,808.0,,,inhale,
150.272,20:43:23.955,935.0,817.0,,,inhale,
150.292,20:43:23.975,939.0,795.0,,,inhale,
150.312,20:43:23.995,940.0,808.0,,,inhale,
150.332,20:43:24.015,939.0,809.0,,,inhale,
150.352,20:43:24.035,943.0,805.0,,,inhale,
150.372,20:43:24.055,935.0,808.0,,,inhale,
150.392,20:43:24.075,933.0,808.0,,,inhale,
150.412,20:43:24.095,936.0,808.0,,,inhale,
150.432,20:43:24.115,943.0,806.0,,,inhale,
150.452,20:43:24.135,934.0,808.0,,,inhale,
150.472,20:43:24.155,939.0,808.0,,,inhale,
150.492,20:43:24.175,938.0,803.0,,,inhale,
150.516,20:43:24.199,928.0,808.0,,,inhale,
150.532,20:43:24.215,937.0,808.0,,,inhale,
150.552,20:43:24.235,941.0,804.0,,,inhale,
150.572,20:43:24.255,936.0,805.0,,,inhale,
150.592,20:43:24.275,936.0,807.0,,,inhale,
150.612,20:43:24.295,935.0,808.0,,,inhale,
150.632,20:43:24.315,941.0,810.0,,,inhale,
150.652,20:43:24.335,933.0,806.0,,,inhale,
150.672,20:43:24.355,937.0,808.0,,,inhale,
150.695,20:43:24.378,936.0,806.0,,,inhale,
150.717,20:43:24.400,939.0,812.0,,,inhale,
150.732,20:43:24.415,921.0,803.0,,,inhale,
150.752,20:43:24.435,941.0,813.0,,,inhale,
150.772,20:43:24.455,941.0,798.0,,,inhale,
150.792,20:43:24.475,931.0,806.0,,,inhale,
150.812,20:43:24.495,956.0,808.0,,,inhale,
150.832,20:43:24.515,863.0,807.0,,,inhale,
150.852,20:43:24.535,947.0,812.0,,,inhale,
150.872,20:43:24.555,939.0,808.0,,,inhale,
150.892,20:43:24.575,939.0,807.0,,,inhale,
150.912,20:43:24.595,1047.0,807.0,,,inhale,
150.932,20:43:24.615,940.0,808.0,,,inhale,
150.952,20:43:24.635,935.0,805.0,,,inhale,
150.972,20:43:24.655,939.0,802.0,,,inhale,
150.992,20:43:24.675,936.0,797.0,,,inhale,
151.012,20:43:24.695,939.0,814.0,,,inhale,
151.032,20:43:24.715,947.0,810.0,,,inhale,
151.052,20:43:24.735,934.0,809.0,,,inhale,
151.072,20:43:24.755,939.0,810.0,,,inhale,
151.092,20:43:24.775,940.0,807.0,,,inhale,
151.112,20:43:24.795,939.0,809.0,,,inhale,
151.132,20:43:24.815,939.0,807.0,,,inhale,
151.152,20:43:24.835,941.0,807.0,,,inhale,
151.172,20:43:24.855,931.0,809.0,,,inhale,
151.192,20:43:24.875,938.0,809.0,,,inhale,
151.212,20:43:24.895,943.0,798.0,,,inhale,
151.232,20:43:24.915,937.0,798.0,,,inhale,
151.252,20:43:24.935,937.0,801.0,,,inhale,
151.272,20:43:24.955,935.0,807.0,,,inhale,
151.292,20:43:24.975,943.0,807.0,,,inhale,
151.312,20:43:24.995,933.0,808.0,,,inhale,
151.332,20:43:25.015,938.0,806.0,,,inhale,
151.352,20:43:25.035,943.0,809.0,,,inhale,
151.372,20:43:25.055,939.0,810.0,,,inhale,
151.392,20:43:25.075,943.0,809.0,,,inhale,
151.412,20:43:25.095,933.0,809.0,,,inhale,
151.432,20:43:25.115,935.0,814.0,,,inhale,
151.452,20:43:25.135,934.0,807.0,,,inhale,
151.472,20:43:25.155,941.0,814.0,,,inhale,
151.492,20:43:25.175,935.0,811.0,,,inhale,
151.516,20:43:25.199,937.0,808.0,,,inhale,
151.532,20:43:25.215,930.0,808.0,,,inhale,
151.552,20:43:25.235,1001.0,805.0,,,inhale,
151.572,20:43:25.255,935.0,808.0,,,inhale,
151.592,20:43:25.275,927.0,805.0,,,inhale,
151.612,20:43:25.295,927.0,809.0,,,inhale,
151.632,20:43:25.315,928.0,806.0,,,inhale,
151.652,20:43:25.335,935.0,806.0,,,inhale,
151.672,20:43:25.355,999.0,807.0,,,inhale,
151.692,20:43:25.375,935.0,803.0,,,inhale,
151.712,20:43:25.395,933.0,816.0,,,inhale,
151.732,20:43:25.415,934.0,807.0,,,inhale,
151.752,20:43:25.435,941.0,809.0,,,inhale,
151.772,20:43:25.455,877.0,815.0,,,inhale,
151.792,20:43:25.475,938.0,817.0,,,inhale,
151.812,20:43:25.495,943.0,811.0,,,inhale,
151.832,20:43:25.515,941.0,813.0,,,inhale,
151.852,20:43:25.535,941.0,812.0,,,inhale,
151.872,20:43:25.555,941.0,810.0,,,inhale,
151.892,20:43:25.575,937.0,811.0,,,inhale,
151.912,20:43:25.595,939.0,812.0,,,inhale,
151.932,20:43:25.615,933.0,810.0,,,inhale,
151.952,20:43:25.635,937.0,811.0,,,inhale,
151.972,20:43:25.655,940.0,808.0,,,inhale,
151.992,20:43:25.675,941.0,819.0,,,inhale,
152.012,20:43:25.695,947.0,804.0,,,inhale,
152.032,20:43:25.715,941.0,811.0,,,inhale,
152.052,20:43:25.735,953.0,803.0,,,inhale,
152.072,20:43:25.755,940.0,809.0,,,inhale,
152.092,20:43:25.775,936.0,808.0,,,inhale,
152.112,20:43:25.795,939.0,809.0,,,inhale,
152.132,20:43:25.815,935.0,815.0,,,inhale,
152.152,20:43:25.835,941.0,808.0,,,inhale,
152.172,20:43:25.855,937.0,808.0,,,inhale,
152.192,20:43:25.875,940.0,812.0,,,inhale,
152.212,20:43:25.895,943.0,817.0,,,inhale,
152.232,20:43:25.915,927.0,809.0,,,inhale,
152.252,20:43:25.935,940.0,808.0,,,inhale,
152.272,20:43:25.955,936.0,809.0,,,inhale,
152.292,20:43:25.975,934.0,799.0,,,inhale,
152.312,20:43:25.995,947.0,808.0,,,inhale,
152.332,20:43:26.015,937.0,807.0,,,inhale,
152.352,20:43:26.035,931.0,800.0,,,exhale,exhale_onset
152.372,20:43:26.055,937.0,808.0,,,exhale,
152.392,20:43:26.075,917.0,807.0,,,exhale,
152.412,20:43:26.095,984.0,807.0,,,exhale,
152.432,20:43:26.115,937.0,809.0,,,exhale,
152.452,20:43:26.135,925.0,805.0,,,exhale,
152.472,20:43:26.155,937.0,807.0,,,exhale,
152.492,20:43:26.175,942.0,806.0,,,exhale,
152.516,20:43:26.199,927.0,814.0,,,exhale,
152.532,20:43:26.215,933.0,812.0,,,exhale,
152.552,20:43:26.235,939.0,807.0,,,exhale,
152.572,20:43:26.255,937.0,795.0,,,exhale,
152.592,20:43:26.275,927.0,813.0,,,exhale,
152.612,20:43:26.295,935.0,804.0,,,exhale,
152.632,20:43:26.315,933.0,798.0,,,exhale,
152.652,20:43:26.335,937.0,807.0,,,exhale,
152.672,20:43:26.355,935.0,806.0,,,exhale,
152.692,20:43:26.375,936.0,804.0,,,exhale,
152.712,20:43:26.395,943.0,804.0,,,exhale,
152.732,20:43:26.415,935.0,806.0,,,exhale,
152.752,20:43:26.435,927.0,814.0,,,exhale,
152.772,20:43:26.455,930.0,807.0,,,exhale,
152.792,20:43:26.475,931.0,810.0,,,exhale,
152.812,20:43:26.495,927.0,805.0,,,exhale,
152.832,20:43:26.515,936.0,804.0,,,exhale,
152.852,20:43:26.535,934.0,796.0,,,exhale,
152.872,20:43:26.555,930.0,806.0,,,exhale,
152.892,20:43:26.575,933.0,806.0,,,exhale,
152.912,20:43:26.595,933.0,806.0,,,exhale,
152.932,20:43:26.615,943.0,806.0,,,exhale,
152.952,20:43:26.635,936.0,805.0,,,exhale,
152.972,20:43:26.655,927.0,826.0,,,exhale,
152.992,20:43:26.675,935.0,804.0,,,exhale,
153.012,20:43:26.695,925.0,808.0,,,exhale,
153.032,20:43:26.715,925.0,807.0,,,exhale,
153.052,20:43:26.735,933.0,807.0,,,exhale,
153.072,20:43:26.755,933.0,805.0,,,exhale,
153.092,20:43:26.775,928.0,809.0,,,exhale,
153.112,20:43:26.795,925.0,804.0,,,exhale,
153.132,20:43:26.815,931.0,808.0,,,exhale,
153.152,20:43:26.835,937.0,805.0,,,exhale,
153.172,20:43:26.855,936.0,804.0,,,exhale,
153.192,20:43:26.875,927.0,797.0,,,exhale,
153.212,20:43:26.895,939.0,806.0,,,exhale,
153.232,20:43:26.915,933.0,799.0,,,exhale,
153.252,20:43:26.935,931.0,804.0,,,exhale,
153.272,20:43:26.955,936.0,796.0,,,exhale,
153.292,20:43:26.975,937.0,801.0,,,exhale,
153.312,20:43:26.995,927.0,809.0,,,exhale,
153.332,20:43:27.015,933.0,803.0,,,exhale,
153.352,20:43:27.035,923.0,804.0,,,exhale,
153.372,20:43:27.055,935.0,809.0,,,exhale,
153.392,20:43:27.075,933.0,801.0,,,exhale,
153.412,20:43:27.095,926.0,806.0,,,exhale,
153.432,20:43:27.115,940.0,803.0,,,exhale,
153.452,20:43:27.135,937.0,781.0,,,exhale,
153.472,20:43:27.155,932.0,803.0,,,exhale,
153.492,20:43:27.175,924.0,801.0,,,exhale,
153.516,20:43:27.199,936.0,812.0,,,exhale,
153.532,20:43:27.215,935.0,804.0,,,exhale,
153.552,20:43:27.235,1035.0,802.0,,,exhale,
153.572,20:43:27.255,933.0,791.0,,,exhale,
153.592,20:43:27.275,925.0,801.0,,,exhale,
153.612,20:43:27.295,933.0,812.0,,,exhale,
153.632,20:43:27.315,943.0,802.0,,,exhale,
153.652,20:43:27.335,939.0,802.0,,,exhale,
153.672,20:43:27.355,939.0,803.0,,,exhale,
153.692,20:43:27.375,933.0,810.0,,,exhale,
153.712,20:43:27.395,935.0,813.0,,,exhale,
153.732,20:43:27.415,931.0,802.0,,,exhale,
153.752,20:43:27.435,928.0,803.0,,,exhale,
153.772,20:43:27.455,935.0,788.0,,,exhale,
153.792,20:43:27.475,959.0,801.0,,,exhale,
153.812,20:43:27.495,933.0,782.0,,,exhale,
153.832,20:43:27.515,923.0,804.0,,,exhale,
153.852,20:43:27.535,933.0,803.0,,,exhale,
153.872,20:43:27.555,932.0,802.0,,,exhale,
153.892,20:43:27.575,935.0,803.0,,,exhale,
153.912,20:43:27.595,1064.0,809.0,,,exhale,
153.932,20:43:27.615,927.0,801.0,,,exhale,
153.952,20:43:27.635,927.0,801.0,,,exhale,
153.972,20:43:27.655,931.0,801.0,,,exhale,
153.992,20:43:27.675,923.0,799.0,,,exhale,
154.012,20:43:27.695,923.0,800.0,,,exhale,
154.032,20:43:27.715,936.0,801.0,,,exhale,
154.052,20:43:27.735,927.0,803.0,,,exhale,
154.072,20:43:27.755,928.0,803.0,,,exhale,
154.092,20:43:27.775,927.0,800.0,,,exhale,
154.112,20:43:27.795,931.0,805.0,,,exhale,
154.132,20:43:27.815,925.0,804.0,,,exhale,
154.152,20:43:27.835,931.0,803.0,,,exhale,
154.172,20:43:27.855,923.0,802.0,,,exhale,
154.192,20:43:27.875,934.0,797.0,,,exhale,
154.212,20:43:27.895,925.0,799.0,,,exhale,
154.232,20:43:27.915,931.0,801.0,,,exhale,
154.252,20:43:27.935,925.0,800.0,,,exhale,
154.272,20:43:27.955,921.0,801.0,,,exhale,
154.292,20:43:27.975,934.0,800.0,,,exhale,
154.312,20:43:27.995,933.0,805.0,,,exhale,
154.332,20:43:28.015,923.0,801.0,,,exhale,
154.352,20:43:28.035,932.0,801.0,,,exhale,
154.372,20:43:28.055,937.0,801.0,,,exhale,
154.392,20:43:28.075,927.0,799.0,,,exhale,
154.412,20:43:28.095,931.0,812.0,,,exhale,
154.432,20:43:28.115,927.0,799.0,,,exhale,
154.452,20:43:28.135,927.0,794.0,,,exhale,
154.472,20:43:28.155,927.0,801.0,,,exhale,
154.492,20:43:28.175,919.0,799.0,,,exhale,
154.516,20:43:28.199,935.0,804.0,,,exhale,
154.532,20:43:28.215,932.0,801.0,,,exhale,
154.552,20:43:28.235,925.0,801.0,,,exhale,
154.572,20:43:28.255,927.0,799.0,,,exhale,
154.592,20:43:28.275,935.0,799.0,,,exhale,
154.612,20:43:28.295,927.0,799.0,,,exhale,
154.632,20:43:28.315,931.0,798.0,,,exhale,
154.652,20:43:28.335,927.0,802.0,,,exhale,
154.672,20:43:28.355,923.0,797.0,,,exhale,
154.692,20:43:28.375,927.0,801.0,,,exhale,
154.712,20:43:28.395,951.0,804.0,,,exhale,
154.732,20:43:28.415,925.0,804.0,,,exhale,
154.752,20:43:28.435,937.0,793.0,,,exhale,
154.772,20:43:28.455,928.0,789.0,,,exhale,
154.792,20:43:28.475,967.0,800.0,,,exhale,
154.812,20:43:28.495,931.0,799.0,,,exhale,
154.832,20:43:28.515,931.0,800.0,,,exhale,
154.852,20:43:28.535,931.0,802.0,,,exhale,
154.872,20:43:28.555,938.0,801.0,,,exhale,
154.892,20:43:28.575,927.0,800.0,,,exhale,
154.912,20:43:28.595,928.0,795.0,,,exhale,
154.932,20:43:28.615,923.0,803.0,,,exhale,
154.952,20:43:28.635,890.0,799.0,,,exhale,
154.972,20:43:28.655,927.0,800.0,,,exhale,
154.995,20:43:28.678,923.0,801.0,,,exhale,
155.012,20:43:28.695,921.0,802.0,,,exhale,
155.032,20:43:28.715,923.0,799.0,,,exhale,
155.052,20:43:28.735,935.0,802.0,,,exhale,
155.072,20:43:28.755,927.0,800.0,,,exhale,
155.092,20:43:28.775,926.0,797.0,,,exhale,
155.112,20:43:28.795,919.0,807.0,,,exhale,
155.132,20:43:28.815,932.0,798.0,,,exhale,
155.152,20:43:28.835,921.0,800.0,,,exhale,
155.172,20:43:28.855,931.0,797.0,,,exhale,
155.192,20:43:28.875,927.0,806.0,,,exhale,
155.212,20:43:28.895,926.0,797.0,,,inhale,inhale_onset
155.232,20:43:28.915,931.0,801.0,,,inhale,
155.252,20:43:28.935,934.0,790.0,,,inhale,
155.272,20:43:28.955,931.0,797.0,,,inhale,
155.292,20:43:28.975,925.0,801.0,,,inhale,
155.312,20:43:28.995,927.0,800.0,,,inhale,
155.332,20:43:29.015,927.0,799.0,,,inhale,
155.352,20:43:29.035,927.0,801.0,,,inhale,
155.372,20:43:29.055,921.0,800.0,,,unknown,signal_lost
155.392,20:43:29.075,926.0,806.0,,,unknown,
155.412,20:43:29.095,918.0,801.0,,,unknown,
155.432,20:43:29.115,928.0,801.0,,,unknown,
155.452,20:43:29.135,935.0,800.0,,,unknown,
155.472,20:43:29.155,927.0,800.0,,,unknown,
155.492,20:43:29.175,923.0,801.0,,,unknown,
155.516,20:43:29.199,935.0,799.0,,,unknown,
155.532,20:43:29.215,923.0,804.0,,,unknown,
155.552,20:43:29.235,923.0,800.0,,,unknown,
155.572,20:43:29.255,923.0,802.0,,,unknown,
155.592,20:43:29.275,925.0,799.0,,,unknown,
155.612,20:43:29.295,926.0,801.0,,,unknown,
155.632,20:43:29.315,924.0,799.0,,,unknown,
155.652,20:43:29.335,935.0,800.0,,,unknown,
155.672,20:43:29.355,937.0,814.0,,,unknown,
155.692,20:43:29.375,933.0,799.0,,,unknown,
155.712,20:43:29.395,926.0,799.0,,,unknown,
155.732,20:43:29.415,925.0,798.0,,,unknown,
155.752,20:43:29.435,927.0,792.0,,,unknown,
155.772,20:43:29.455,933.0,797.0,,,unknown,
155.792,20:43:29.475,844.0,799.0,,,unknown,
155.812,20:43:29.495,933.0,801.0,,,unknown,
155.832,20:43:29.515,925.0,798.0,,,unknown,
155.852,20:43:29.535,935.0,797.0,,,unknown,
155.872,20:43:29.555,924.0,797.0,,,unknown,
155.892,20:43:29.575,923.0,800.0,,,unknown,
155.912,20:43:29.595,926.0,799.0,,,unknown,
155.932,20:43:29.615,922.0,800.0,,,unknown,
155.952,20:43:29.635,936.0,804.0,,,unknown,
155.972,20:43:29.655,927.0,799.0,,,unknown,
155.992,20:43:29.675,986.0,798.0,,,unknown,
156.012,20:43:29.695,927.0,798.0,,,unknown,
156.032,20:43:29.715,936.0,798.0,,,unknown,
156.052,20:43:29.735,921.0,800.0,,,unknown,
156.072,20:43:29.755,927.0,799.0,,,unknown,
156.092,20:43:29.775,923.0,799.0,,,unknown,
156.112,20:43:29.795,925.0,801.0,,,unknown,
156.132,20:43:29.815,927.0,799.0,,,unknown,
156.152,20:43:29.835,936.0,801.0,,,unknown,
156.172,20:43:29.855,927.0,799.0,,,unknown,
156.192,20:43:29.875,917.0,805.0,,,unknown,
156.212,20:43:29.895,927.0,801.0,,,unknown,
156.232,20:43:29.915,915.0,799.0,,,unknown,
156.252,20:43:29.935,925.0,808.0,,,unknown,
156.272,20:43:29.955,927.0,799.0,,,unknown,
156.292,20:43:29.975,927.0,787.0,,,unknown,
156.312,20:43:29.995,926.0,800.0,,,unknown,
156.332,20:43:30.015,927.0,802.0,,,unknown,
156.352,20:43:30.035,935.0,801.0,,,unknown,
156.372,20:43:30.055,931.0,799.0,,,unknown,
156.392,20:43:30.075,923.0,797.0,,,unknown,
156.412,20:43:30.095,927.0,789.0,,,unknown,
156.432,20:43:30.115,933.0,800.0,,,unknown,
156.452,20:43:30.135,927.0,804.0,,,unknown,
156.472,20:43:30.155,931.0,802.0,,,unknown,
156.492,20:43:30.175,925.0,798.0,,,unknown,
156.516,20:43:30.199,869.0,801.0,,,unknown,
156.532,20:43:30.215,932.0,800.0,,,unknown,
156.552,20:43:30.235,927.0,800.0,,,unknown,
156.572,20:43:30.255,935.0,799.0,,,unknown,
156.592,20:43:30.275,943.0,802.0,,,unknown,
156.612,20:43:30.295,925.0,800.0,,,unknown,
156.632,20:43:30.315,931.0,791.0,,,unknown,
156.652,20:43:30.335,925.0,806.0,,,unknown,
156.672,20:43:30.355,927.0,796.0,,,unknown,
156.692,20:43:30.375,921.0,797.0,,,unknown,
156.712,20:43:30.395,921.0,794.0,,,unknown,
156.732,20:43:30.415,925.0,804.0,,,unknown,
156.752,20:43:30.435,927.0,798.0,,,unknown,
156.772,20:43:30.455,926.0,799.0,,,unknown,
156.792,20:43:30.475,889.0,785.0,,,unknown,
156.812,20:43:30.495,931.0,800.0,,,unknown,
156.832,20:43:30.515,927.0,798.0,,,unknown,
156.852,20:43:30.535,927.0,798.0,,,unknown,
156.872,20:43:30.555,925.0,797.0,,,unknown,
156.892,20:43:30.575,925.0,804.0,,,unknown,
156.912,20:43:30.595,926.0,800.0,,,unknown,
156.932,20:43:30.615,925.0,799.0,,,unknown,
156.952,20:43:30.635,934.0,806.0,,,unknown,
156.972,20:43:30.655,927.0,799.0,,,unknown,
156.992,20:43:30.675,920.0,800.0,,,unknown,
157.012,20:43:30.695,926.0,803.0,,,unknown,
157.032,20:43:30.715,923.0,799.0,,,unknown,
157.052,20:43:30.735,925.0,801.0,,,unknown,
157.072,20:43:30.755,927.0,800.0,,,unknown,
157.092,20:43:30.775,935.0,800.0,,,unknown,
157.112,20:43:30.795,927.0,801.0,,,unknown,
157.132,20:43:30.815,927.0,801.0,,,unknown,
157.152,20:43:30.835,927.0,802.0,,,unknown,
157.172,20:43:30.855,925.0,805.0,,,unknown,
157.192,20:43:30.875,931.0,800.0,,,unknown,
157.212,20:43:30.895,931.0,808.0,,,unknown,
157.232,20:43:30.915,927.0,801.0,,,unknown,
157.252,20:43:30.935,925.0,801.0,,,unknown,
157.272,20:43:30.955,923.0,799.0,,,unknown,
157.292,20:43:30.975,937.0,800.0,,,unknown,
157.312,20:43:30.995,925.0,808.0,,,unknown,
157.332,20:43:31.015,931.0,801.0,,,unknown,
157.352,20:43:31.035,931.0,800.0,,,unknown,
157.372,20:43:31.055,928.0,798.0,,,unknown,
157.392,20:43:31.075,926.0,808.0,,,unknown,
157.412,20:43:31.095,931.0,802.0,,,unknown,
157.432,20:43:31.115,931.0,797.0,,,unknown,
157.452,20:43:31.135,925.0,790.0,,,unknown,
157.472,20:43:31.155,925.0,800.0,,,unknown,
157.492,20:43:31.175,921.0,798.0,,,unknown,
157.515,20:43:31.198,926.0,801.0,,,unknown,
157.531,20:43:31.215,931.0,800.0,,,unknown,
157.552,20:43:31.235,931.0,793.0,,,unknown,
157.571,20:43:31.255,935.0,799.0,,,unknown,
157.592,20:43:31.275,927.0,801.0,,,unknown,
157.611,20:43:31.295,925.0,798.0,,,unknown,
157.631,20:43:31.315,925.0,788.0,,,unknown,
157.652,20:43:31.335,931.0,798.0,,,unknown,
157.672,20:43:31.355,921.0,809.0,,,unknown,
157.692,20:43:31.375,925.0,797.0,,,unknown,
157.712,20:43:31.395,923.0,789.0,,,unknown,
157.732,20:43:31.415,973.0,798.0,,,unknown,
157.752,20:43:31.435,935.0,804.0,,,unknown,
157.772,20:43:31.455,925.0,798.0,,,unknown,
157.792,20:43:31.475,921.0,799.0,,,unknown,
157.812,20:43:31.495,927.0,798.0,,,unknown,
157.832,20:43:31.515,923.0,797.0,,,unknown,
157.852,20:43:31.535,931.0,798.0,,,unknown,
157.872,20:43:31.555,925.0,796.0,,,unknown,
157.892,20:43:31.575,924.0,798.0,,,unknown,
157.912,20:43:31.595,931.0,801.0,,,unknown,
157.932,20:43:31.615,921.0,799.0,,,unknown,
157.952,20:43:31.635,931.0,798.0,,,unknown,
157.972,20:43:31.655,926.0,797.0,,,unknown,
157.992,20:43:31.675,927.0,796.0,,,unknown,
158.012,20:43:31.695,923.0,791.0,,,unknown,
158.032,20:43:31.715,920.0,796.0,,,unknown,
158.052,20:43:31.735,925.0,799.0,,,unknown,
158.072,20:43:31.755,935.0,797.0,,,unknown,
158.092,20:43:31.775,923.0,797.0,,,unknown,
158.112,20:43:31.795,924.0,800.0,,,unknown,
158.132,20:43:31.815,923.0,794.0,,,unknown,
158.152,20:43:31.835,932.0,804.0,,,unknown,
158.172,20:43:31.855,925.0,796.0,,,unknown,
158.192,20:43:31.875,917.0,796.0,,,unknown,
158.212,20:43:31.895,923.0,785.0,,,unknown,
158.232,20:43:31.915,919.0,796.0,,,unknown,
158.252,20:43:31.935,924.0,796.0,,,unknown,
158.272,20:43:31.955,923.0,796.0,,,unknown,
158.292,20:43:31.975,1031.0,796.0,,,unknown,
158.311,20:43:31.995,921.0,798.0,,,unknown,
158.331,20:43:32.015,933.0,797.0,,,unknown,
158.351,20:43:32.035,927.0,795.0,,,unknown,
158.371,20:43:32.055,920.0,806.0,,,unknown,
158.392,20:43:32.075,923.0,796.0,,,unknown,
158.412,20:43:32.095,923.0,806.0,,,unknown,
158.432,20:43:32.115,922.0,797.0,,,unknown,
158.452,20:43:32.135,933.0,796.0,,,unknown,
158.472,20:43:32.155,919.0,794.0,,,unknown,
158.492,20:43:32.175,923.0,797.0,,,unknown,
158.516,20:43:32.199,935.0,789.0,,,unknown,
158.541,20:43:32.224,931.0,797.0,,,unknown,
158.555,20:43:32.238,921.0,798.0,,,unknown,
158.571,20:43:32.255,937.0,796.0,,,unknown,
158.591,20:43:32.275,917.0,803.0,,,unknown,
158.611,20:43:32.295,924.0,799.0,,,unknown,
158.631,20:43:32.315,921.0,797.0,,,unknown,
158.651,20:43:32.335,927.0,798.0,,,unknown,
158.671,20:43:32.355,921.0,794.0,,,unknown,
158.692,20:43:32.375,917.0,798.0,,,unknown,
158.712,20:43:32.395,921.0,796.0,,,unknown,
158.732,20:43:32.415,919.0,793.0,,,unknown,
158.752,20:43:32.435,927.0,796.0,,,unknown,
158.772,20:43:32.455,921.0,789.0,,,unknown,
158.792,20:43:32.475,925.0,795.0,,,unknown,
158.812,20:43:32.495,923.0,797.0,,,unknown,
158.832,20:43:32.515,925.0,797.0,,,unknown,
158.852,20:43:32.535,917.0,792.0,,,unknown,
158.872,20:43:32.555,923.0,795.0,,,unknown,
158.892,20:43:32.575,927.0,796.0,,,unknown,
158.912,20:43:32.595,930.0,794.0,,,unknown,
158.932,20:43:32.615,923.0,797.0,,,unknown,
158.952,20:43:32.635,925.0,795.0,,,unknown,
158.972,20:43:32.655,917.0,782.0,,,unknown,
158.992,20:43:32.675,923.0,799.0,,,unknown,
159.012,20:43:32.695,923.0,796.0,,,unknown,
159.032,20:43:32.715,924.0,799.0,,,unknown,
159.052,20:43:32.735,920.0,796.0,,,unknown,
159.072,20:43:32.755,925.0,797.0,,,unknown,
159.092,20:43:32.775,921.0,797.0,,,unknown,
159.112,20:43:32.795,923.0,795.0,,,unknown,
159.132,20:43:32.815,859.0,796.0,,,unknown,
159.152,20:43:32.835,933.0,797.0,,,unknown,
159.172,20:43:32.855,921.0,797.0,,,unknown,
159.192,20:43:32.875,917.0,786.0,,,unknown,
159.212,20:43:32.895,923.0,797.0,,,unknown,
159.232,20:43:32.915,924.0,796.0,,,unknown,
159.252,20:43:32.935,921.0,796.0,,,unknown,
159.272,20:43:32.955,923.0,783.0,,,unknown,
159.292,20:43:32.975,927.0,794.0,,,unknown,
159.311,20:43:32.995,923.0,797.0,,,unknown,
159.332,20:43:33.015,923.0,796.0,,,unknown,
159.352,20:43:33.035,928.0,801.0,,,unknown,
159.372,20:43:33.055,921.0,793.0,,,unknown,
159.392,20:43:33.075,931.0,795.0,,,unknown,
159.412,20:43:33.095,923.0,796.0,,,unknown,
159.432,20:43:33.115,925.0,802.0,,,unknown,
159.452,20:43:33.135,931.0,792.0,,,unknown,
159.471,20:43:33.155,921.0,798.0,,,unknown,
159.492,20:43:33.175,919.0,797.0,,,unknown,
159.516,20:43:33.199,957.0,788.0,,,unknown,
159.532,20:43:33.215,925.0,788.0,,,unknown,
159.552,20:43:33.235,933.0,798.0,,,unknown,
159.572,20:43:33.255,921.0,809.0,,,unknown,
159.592,20:43:33.275,919.0,793.0,,,unknown,
159.612,20:43:33.295,921.0,793.0,,,unknown,
159.632,20:43:33.315,919.0,797.0,,,unknown,
159.652,20:43:33.335,923.0,794.0,,,unknown,
159.672,20:43:33.355,927.0,795.0,,,unknown,
159.692,20:43:33.375,919.0,795.0,,,unknown,
159.712,20:43:33.395,915.0,790.0,,,unknown,
159.731,20:43:33.415,911.0,795.0,,,unknown,
159.751,20:43:33.435,923.0,802.0,,,unknown,
159.772,20:43:33.455,931.0,802.0,,,unknown,
159.792,20:43:33.475,956.0,792.0,,,unknown,
159.812,20:43:33.495,921.0,802.0,,,unknown,
159.831,20:43:33.515,923.0,796.0,,,unknown,
159.852,20:43:33.535,921.0,797.0,,,unknown,
159.871,20:43:33.555,923.0,784.0,,,unknown,
159.892,20:43:33.575,928.0,801.0,,,unknown,
159.912,20:43:33.595,920.0,795.0,,,unknown,
159.931,20:43:33.615,920.0,796.0,,,unknown,
159.952,20:43:33.635,925.0,802.0,,,unknown,
159.971,20:43:33.655,921.0,795.0,,,unknown,
159.992,20:43:33.675,924.0,794.0,,,unknown,
160.012,20:43:33.695,923.0,796.0,,,unknown,
160.032,20:43:33.715,921.0,796.0,,,unknown,
160.052,20:43:33.735,919.0,794.0,,,unknown,
160.071,20:43:33.755,920.0,796.0,,,unknown,
160.092,20:43:33.775,921.0,793.0,,,unknown,
160.112,20:43:33.795,923.0,795.0,,,unknown,
160.132,20:43:33.815,933.0,797.0,,,unknown,
160.151,20:43:33.835,926.0,796.0,,,unknown,
160.171,20:43:33.854,923.0,791.0,,,unknown,
160.191,20:43:33.875,932.0,795.0,,,unknown,
160.211,20:43:33.895,921.0,796.0,,,unknown,
160.231,20:43:33.915,925.0,795.0,,,unknown,
160.251,20:43:33.935,921.0,793.0,,,unknown,
160.272,20:43:33.955,927.0,795.0,,,unknown,
160.291,20:43:33.974,921.0,793.0,,,unknown,
160.312,20:43:33.995,923.0,797.0,,,unknown,
160.331,20:43:34.015,923.0,801.0,,,unknown,
160.351,20:43:34.035,921.0,794.0,,,unknown,
160.372,20:43:34.055,923.0,794.0,,,unknown,
160.391,20:43:34.075,926.0,806.0,,,unknown,
160.412,20:43:34.095,920.0,795.0,,,unknown,
160.431,20:43:34.115,917.0,797.0,,,unknown,
160.451,20:43:34.135,925.0,794.0,,,unknown,
160.471,20:43:34.155,917.0,795.0,,,unknown,
160.492,20:43:34.175,921.0,795.0,,,unknown,
160.515,20:43:34.199,931.0,796.0,,,unknown,
160.531,20:43:34.215,920.0,798.0,,,unknown,
160.551,20:43:34.235,934.0,794.0,,,unknown,
160.572,20:43:34.255,921.0,797.0,,,unknown,
160.591,20:43:34.275,919.0,799.0,,,unknown,
160.612,20:43:34.295,921.0,793.0,,,unknown,
160.631,20:43:34.315,823.0,796.0,,,unknown,
160.651,20:43:34.335,934.0,792.0,,,unknown,
160.672,20:43:34.355,925.0,794.0,,,unknown,
160.691,20:43:34.375,917.0,795.0,,,unknown,
160.712,20:43:34.395,923.0,796.0,,,unknown,
160.731,20:43:34.415,937.0,810.0,,,unknown,
160.752,20:43:34.435,925.0,801.0,,,unknown,
160.771,20:43:34.455,930.0,796.0,,,unknown,
160.791,20:43:34.475,933.0,806.0,,,unknown,
160.812,20:43:34.495,940.0,810.0,,,unknown,
160.831,20:43:34.515,937.0,810.0,,,unknown,
160.851,20:43:34.535,951.0,814.0,,,unknown,
160.871,20:43:34.555,949.0,805.0,,,unknown,
160.891,20:43:34.575,955.0,821.0,,,unknown,
160.911,20:43:34.595,956.0,824.0,,,unknown,
160.931,20:43:34.614,951.0,827.0,,,unknown,
160.951,20:43:34.635,933.0,829.0,,,inhale,
160.971,20:43:34.654,967.0,829.0,,,inhale,
160.992,20:43:34.675,973.0,829.0,,,inhale,
161.011,20:43:34.695,971.0,842.0,,,inhale,signal_ok
161.031,20:43:34.714,968.0,826.0,,,inhale,
161.051,20:43:34.734,975.0,841.0,,,inhale,
161.071,20:43:34.754,985.0,840.0,,,inhale,
161.092,20:43:34.775,973.0,844.0,,,inhale,
161.111,20:43:34.795,981.0,845.0,,,inhale,
161.131,20:43:34.815,983.0,860.0,,,inhale,
161.151,20:43:34.835,995.0,846.0,,,inhale,
161.171,20:43:34.855,988.0,847.0,,,inhale,
161.192,20:43:34.875,981.0,849.0,,,inhale,
161.212,20:43:34.895,989.0,848.0,,,inhale,
161.231,20:43:34.915,983.0,852.0,,,inhale,
161.252,20:43:34.935,995.0,851.0,,,inhale,
161.271,20:43:34.954,987.0,856.0,,,inhale,
161.292,20:43:34.975,989.0,850.0,,,inhale,
161.311,20:43:34.995,991.0,854.0,,,inhale,
161.331,20:43:35.015,999.0,865.0,,,inhale,
161.351,20:43:35.035,987.0,858.0,,,inhale,
161.371,20:43:35.055,997.0,861.0,,,inhale,
161.391,20:43:35.075,985.0,858.0,,,inhale,
161.411,20:43:35.095,999.0,857.0,,,inhale,
161.432,20:43:35.115,1012.0,859.0,,,inhale,
161.452,20:43:35.135,1003.0,858.0,,,inhale,
161.472,20:43:35.155,1128.0,857.0,,,inhale,
161.492,20:43:35.175,1001.0,847.0,,,inhale,
161.516,20:43:35.199,998.0,858.0,,,inhale,
161.531,20:43:35.215,1008.0,862.0,,,inhale,
161.552,20:43:35.235,1000.0,859.0,,,inhale,
161.571,20:43:35.255,977.0,857.0,,,inhale,
161.592,20:43:35.275,1004.0,860.0,,,inhale,
161.611,20:43:35.295,999.0,861.0,,,inhale,
161.632,20:43:35.315,1012.0,863.0,,,inhale,
161.652,20:43:35.335,1003.0,861.0,,,inhale,
161.671,20:43:35.355,1003.0,861.0,,,inhale,
161.691,20:43:35.375,997.0,859.0,,,inhale,
161.712,20:43:35.395,1000.0,859.0,,,inhale,
161.731,20:43:35.415,991.0,860.0,,,inhale,
161.751,20:43:35.434,971.0,843.0,,,inhale,
161.771,20:43:35.455,981.0,857.0,,,inhale,
161.791,20:43:35.475,991.0,855.0,,,inhale,
161.811,20:43:35.494,991.0,853.0,,,inhale,
161.831,20:43:35.514,987.0,857.0,,,inhale,
161.851,20:43:35.535,987.0,852.0,,,inhale,
161.871,20:43:35.555,1001.0,856.0,,,inhale,
161.891,20:43:35.574,997.0,844.0,,,inhale,
161.911,20:43:35.594,986.0,849.0,,,inhale,
161.931,20:43:35.615,981.0,861.0,,,inhale,
161.952,20:43:35.635,983.0,849.0,,,inhale,
161.971,20:43:35.655,982.0,851.0,,,inhale,
161.991,20:43:35.675,1115.0,848.0,,,inhale,
162.011,20:43:35.694,987.0,846.0,,,inhale,
162.031,20:43:35.714,988.0,848.0,,,inhale,
162.051,20:43:35.735,990.0,848.0,,,inhale,
162.071,20:43:35.755,979.0,849.0,,,inhale,
162.091,20:43:35.774,981.0,847.0,,,inhale,
162.111,20:43:35.795,986.0,851.0,,,inhale,
162.131,20:43:35.815,989.0,848.0,,,inhale,
162.151,20:43:35.835,971.0,846.0,,,inhale,
162.171,20:43:35.855,988.0,865.0,,,exhale,exhale_onset
162.191,20:43:35.874,984.0,848.0,,,exhale,
162.211,20:43:35.895,984.0,848.0,,,exhale,
162.231,20:43:35.914,983.0,844.0,,,exhale,
162.257,20:43:35.940,981.0,846.0,,,exhale,
162.271,20:43:35.954,986.0,848.0,,,exhale,
162.291,20:43:35.974,987.0,855.0,,,exhale,
162.311,20:43:35.994,984.0,847.0,,,exhale,
162.331,20:43:36.014,983.0,845.0,,,exhale,
162.351,20:43:36.034,983.0,846.0,,,exhale,
162.371,20:43:36.054,981.0,841.0,,,exhale,
162.391,20:43:36.074,973.0,844.0,,,exhale,
162.411,20:43:36.094,975.0,841.0,,,exhale,
162.431,20:43:36.114,979.0,843.0,,,exhale,
162.451,20:43:36.135,979.0,842.0,,,exhale,
162.471,20:43:36.155,957.0,842.0,,,exhale,
162.492,20:43:36.175,1019.0,835.0,,,exhale,
162.515,20:43:36.198,973.0,839.0,,,exhale,
162.531,20:43:36.214,970.0,836.0,,,exhale,
162.551,20:43:36.234,981.0,836.0,,,exhale,
162.571,20:43:36.254,971.0,846.0,,,exhale,
162.591,20:43:36.274,979.0,836.0,,,exhale,
162.611,20:43:36.294,970.0,834.0,,,exhale,
162.631,20:43:36.314,968.0,835.0,,,exhale,
162.651,20:43:36.334,1011.0,839.0,,,exhale,
162.671,20:43:36.354,966.0,833.0,,,exhale,
162.691,20:43:36.374,965.0,834.0,,,exhale,
162.711,20:43:36.394,967.0,831.0,,,exhale,
162.731,20:43:36.414,967.0,815.0,,,exhale,
162.751,20:43:36.435,949.0,827.0,,,exhale,
162.771,20:43:36.455,958.0,828.0,,,exhale,
162.791,20:43:36.474,965.0,827.0,,,exhale,
162.811,20:43:36.494,959.0,827.0,,,exhale,
162.831,20:43:36.514,965.0,826.0,,,exhale,
162.851,20:43:36.535,956.0,826.0,,,exhale,
162.871,20:43:36.554,955.0,825.0,,,exhale,
162.891,20:43:36.575,955.0,823.0,,,exhale,
162.911,20:43:36.594,955.0,828.0,,,exhale,
162.931,20:43:36.614,957.0,815.0,,,exhale,
162.951,20:43:36.635,934.0,823.0,,,exhale,
162.971,20:43:36.655,955.0,820.0,,,exhale,
162.991,20:43:36.674,967.0,822.0,,,exhale,
163.011,20:43:36.694,955.0,822.0,,,exhale,
163.031,20:43:36.714,967.0,822.0,,,exhale,
163.051,20:43:36.734,949.0,812.0,,,exhale,
163.071,20:43:36.754,964.0,819.0,,,exhale,
163.091,20:43:36.774,955.0,827.0,,,exhale,
163.111,20:43:36.795,954.0,816.0,,,exhale,
163.131,20:43:36.814,952.0,827.0,,,exhale,
163.151,20:43:36.834,951.0,820.0,,,exhale,
163.171,20:43:36.854,950.0,815.0,,,exhale,
163.191,20:43:36.874,956.0,820.0,,,exhale,
163.211,20:43:36.895,951.0,811.0,,,exhale,
163.231,20:43:36.914,944.0,816.0,,,exhale,
163.251,20:43:36.934,952.0,814.0,,,exhale,
163.271,20:43:36.954,939.0,816.0,,,exhale,
163.291,20:43:36.975,949.0,816.0,,,exhale,
163.311,20:43:36.994,947.0,815.0,,,exhale,
163.331,20:43:37.014,948.0,816.0,,,exhale,
163.351,20:43:37.034,947.0,818.0,,,exhale,
163.371,20:43:37.054,942.0,816.0,,,exhale,
163.391,20:43:37.075,1068.0,814.0,,,exhale,
163.411,20:43:37.094,949.0,815.0,,,exhale,
163.431,20:43:37.114,941.0,812.0,,,exhale,
163.451,20:43:37.134,941.0,816.0,,,exhale,
163.471,20:43:37.154,941.0,813.0,,,exhale,
163.491,20:43:37.175,940.0,813.0,,,exhale,
163.515,20:43:37.198,941.0,814.0,,,exhale,
163.531,20:43:37.214,939.0,813.0,,,exhale,
163.551,20:43:37.234,938.0,813.0,,,exhale,
163.571,20:43:37.254,935.0,811.0,,,exhale,
163.592,20:43:37.275,943.0,809.0,,,exhale,
163.611,20:43:37.294,941.0,810.0,,,exhale,
163.631,20:43:37.314,952.0,811.0,,,exhale,
163.651,20:43:37.334,939.0,810.0,,,exhale,
163.671,20:43:37.354,917.0,812.0,,,exhale,
163.691,20:43:37.374,947.0,810.0,,,exhale,
163.711,20:43:37.394,941.0,816.0,,,exhale,
163.731,20:43:37.414,941.0,811.0,,,exhale,
163.751,20:43:37.434,939.0,809.0,,,exhale,
163.771,20:43:37.454,973.0,810.0,,,exhale,
163.791,20:43:37.474,918.0,800.0,,,exhale,
163.811,20:43:37.494,941.0,809.0,,,exhale,
163.831,20:43:37.514,942.0,812.0,,,exhale,
163.851,20:43:37.534,937.0,807.0,,,exhale,
163.871,20:43:37.554,951.0,809.0,,,exhale,
163.891,20:43:37.574,937.0,812.0,,,exhale,
163.911,20:43:37.594,939.0,803.0,,,exhale,
163.931,20:43:37.614,943.0,811.0,,,exhale,
163.951,20:43:37.634,937.0,807.0,,,exhale,
163.971,20:43:37.654,939.0,809.0,,,exhale,
163.991,20:43:37.674,947.0,812.0,,,exhale,
164.011,20:43:37.694,943.0,821.0,,,exhale,
164.031,20:43:37.714,951.0,820.0,,,exhale,
164.051,20:43:37.734,944.0,816.0,,,exhale,
164.071,20:43:37.754,957.0,808.0,,,inhale,inhale_onset
164.091,20:43:37.774,959.0,826.0,,,inhale,
164.111,20:43:37.794,959.0,826.0,,,inhale,
164.131,20:43:37.814,959.0,822.0,,,inhale,
164.151,20:43:37.834,965.0,832.0,,,inhale,
164.171,20:43:37.854,969.0,835.0,,,inhale,
164.191,20:43:37.874,940.0,844.0,,,inhale,
164.211,20:43:37.894,973.0,839.0,,,inhale,
164.231,20:43:37.914,978.0,853.0,,,inhale,
164.251,20:43:37.934,979.0,838.0,,,inhale,
164.271,20:43:37.954,973.0,842.0,,,inhale,
164.291,20:43:37.974,967.0,842.0,,,inhale,
164.311,20:43:37.994,981.0,844.0,,,inhale,
164.331,20:43:38.014,977.0,845.0,,,inhale,
164.351,20:43:38.034,991.0,846.0,,,inhale,
164.371,20:43:38.054,982.0,849.0,,,inhale,
164.391,20:43:38.074,983.0,833.0,,,inhale,
164.411,20:43:38.094,985.0,848.0,,,inhale,
164.431,20:43:38.114,987.0,849.0,,,inhale,
164.451,20:43:38.134,998.0,848.0,,,inhale,
164.471,20:43:38.154,981.0,847.0,,,inhale,
164.491,20:43:38.174,990.0,848.0,,,inhale,
164.515,20:43:38.199,990.0,846.0,,,inhale,
164.531,20:43:38.214,987.0,852.0,,,inhale,
164.551,20:43:38.234,989.0,849.0,,,inhale,
164.571,20:43:38.254,988.0,852.0,,,inhale,
164.591,20:43:38.274,991.0,857.0,,,inhale,
164.611,20:43:38.294,997.0,861.0,,,inhale,
164.631,20:43:38.314,887.0,856.0,,,inhale,
164.651,20:43:38.334,990.0,859.0,,,inhale,
164.671,20:43:38.354,995.0,859.0,,,inhale,
164.691,20:43:38.375,1005.0,857.0,,,inhale,
164.711,20:43:38.394,1001.0,860.0,,,inhale,
164.731,20:43:38.414,1007.0,862.0,,,inhale,
164.751,20:43:38.434,997.0,862.0,,,inhale,
164.771,20:43:38.454,997.0,867.0,,,inhale,
164.791,20:43:38.474,997.0,850.0,,,inhale,
164.811,20:43:38.494,999.0,864.0,,,inhale,
164.831,20:43:38.514,1004.0,866.0,,,inhale,
164.851,20:43:38.535,1007.0,868.0,,,inhale,
164.871,20:43:38.554,1004.0,868.0,,,inhale,
164.891,20:43:38.574,1007.0,866.0,,,inhale,
164.911,20:43:38.594,1011.0,865.0,,,inhale,
164.931,20:43:38.614,1005.0,868.0,,,inhale,
164.951,20:43:38.635,1005.0,868.0,,,inhale,
164.971,20:43:38.654,1005.0,865.0,,,inhale,
164.991,20:43:38.674,999.0,861.0,,,inhale,
165.011,20:43:38.694,1004.0,863.0,,,inhale,
165.031,20:43:38.714,1002.0,865.0,,,inhale,
165.051,20:43:38.734,998.0,859.0,,,inhale,
165.071,20:43:38.754,999.0,862.0,,,inhale,
165.091,20:43:38.774,1005.0,858.0,,,inhale,
165.111,20:43:38.794,997.0,857.0,,,inhale,
165.131,20:43:38.814,983.0,855.0,,,inhale,
165.151,20:43:38.834,997.0,855.0,,,inhale,
165.171,20:43:38.854,996.0,855.0,,,inhale,
165.191,20:43:38.874,999.0,855.0,,,inhale,
165.211,20:43:38.894,995.0,859.0,,,inhale,
165.231,20:43:38.914,989.0,860.0,,,inhale,
165.251,20:43:38.934,1003.0,865.0,,,inhale,
165.271,20:43:38.954,991.0,857.0,,,inhale,
165.291,20:43:38.974,999.0,855.0,,,exhale,exhale_onset
165.311,20:43:38.994,994.0,853.0,,,exhale,
165.331,20:43:39.014,991.0,858.0,,,exhale,
165.351,20:43:39.034,991.0,854.0,,,exhale,
165.371,20:43:39.054,997.0,856.0,,,exhale,
165.391,20:43:39.074,989.0,854.0,,,exhale,
165.411,20:43:39.094,991.0,859.0,,,exhale,
165.431,20:43:39.114,1034.0,857.0,,,exhale,
165.451,20:43:39.134,997.0,857.0,,,exhale,
165.471,20:43:39.154,989.0,848.0,,,exhale,
165.491,20:43:39.174,993.0,854.0,,,exhale,
165.515,20:43:39.198,997.0,853.0,,,exhale,
165.531,20:43:39.214,990.0,858.0,,,exhale,
165.551,20:43:39.234,987.0,858.0,,,exhale,
165.571,20:43:39.254,987.0,851.0,,,exhale,
165.591,20:43:39.274,987.0,859.0,,,exhale,
165.611,20:43:39.294,987.0,845.0,,,exhale,
165.631,20:43:39.314,992.0,849.0,,,exhale,
165.651,20:43:39.334,988.0,849.0,,,exhale,
165.671,20:43:39.354,983.0,848.0,,,exhale,
165.691,20:43:39.374,983.0,846.0,,,exhale,
165.711,20:43:39.394,987.0,850.0,,,exhale,
165.731,20:43:39.414,981.0,848.0,,,exhale,
165.751,20:43:39.434,979.0,845.0,,,exhale,
165.771,20:43:39.454,987.0,849.0,,,exhale,
165.791,20:43:39.474,987.0,845.0,,,exhale,
165.811,20:43:39.494,984.0,849.0,,,exhale,
165.831,20:43:39.514,977.0,845.0,,,exhale,
165.851,20:43:39.534,978.0,845.0,,,exhale,
165.871,20:43:39.554,986.0,844.0,,,exhale,
165.891,20:43:39.574,982.0,835.0,,,exhale,
165.911,20:43:39.594,979.0,836.0,,,exhale,
165.931,20:43:39.614,974.0,841.0,,,exhale,
165.951,20:43:39.634,973.0,838.0,,,exhale,
165.971,20:43:39.654,973.0,840.0,,,exhale,
165.991,20:43:39.674,978.0,818.0,,,exhale,
166.011,20:43:39.694,971.0,838.0,,,exhale,
166.031,20:43:39.714,969.0,837.0,,,exhale,
166.051,20:43:39.734,969.0,846.0,,,exhale,
166.071,20:43:39.754,959.0,833.0,,,exhale,
166.091,20:43:39.774,923.0,824.0,,,exhale,
166.111,20:43:39.794,972.0,826.0,,,exhale,
166.131,20:43:39.814,957.0,826.0,,,exhale,
166.151,20:43:39.834,955.0,825.0,,,exhale,
166.171,20:43:39.854,960.0,844.0,,,exhale,
166.191,20:43:39.874,957.0,830.0,,,exhale,
166.211,20:43:39.894,967.0,835.0,,,exhale,
166.240,20:43:39.923,965.0,843.0,,,exhale,
166.253,20:43:39.936,983.0,838.0,,,exhale,
166.271,20:43:39.954,972.0,840.0,,,exhale,
166.291,20:43:39.974,979.0,842.0,,,exhale,
166.311,20:43:39.994,977.0,842.0,,,exhale,
166.331,20:43:40.014,983.0,844.0,,,exhale,
166.351,20:43:40.034,980.0,844.0,,,exhale,
166.371,20:43:40.054,987.0,849.0,,,exhale,
166.391,20:43:40.074,990.0,844.0,,,exhale,
166.411,20:43:40.094,983.0,845.0,,,exhale,
166.431,20:43:40.114,985.0,865.0,,,exhale,
166.451,20:43:40.134,983.0,849.0,,,exhale,
166.471,20:43:40.154,1039.0,848.0,,,exhale,
166.491,20:43:40.174,995.0,847.0,,,exhale,
166.515,20:43:40.198,968.0,843.0,,,inhale,inhale_onset
166.531,20:43:40.214,990.0,853.0,,,inhale,
166.551,20:43:40.234,989.0,854.0,,,inhale,
166.571,20:43:40.254,991.0,853.0,,,inhale,
166.591,20:43:40.274,999.0,856.0,,,inhale,
166.611,20:43:40.294,997.0,855.0,,,inhale,
166.631,20:43:40.314,1004.0,859.0,,,inhale,
166.651,20:43:40.334,997.0,856.0,,,inhale,
166.671,20:43:40.354,997.0,855.0,,,inhale,
166.691,20:43:40.374,997.0,865.0,,,inhale,
166.711,20:43:40.394,998.0,858.0,,,inhale,
166.731,20:43:40.414,990.0,860.0,,,inhale,
166.751,20:43:40.434,998.0,857.0,,,inhale,
166.771,20:43:40.454,991.0,857.0,,,inhale,
166.791,20:43:40.474,999.0,854.0,,,inhale,
166.811,20:43:40.494,989.0,864.0,,,inhale,
166.831,20:43:40.514,990.0,859.0,,,inhale,
166.851,20:43:40.534,998.0,850.0,,,inhale,
166.871,20:43:40.554,989.0,851.0,,,inhale,
166.891,20:43:40.574,983.0,847.0,,,inhale,
166.911,20:43:40.594,985.0,846.0,,,inhale,
166.931,20:43:40.614,989.0,848.0,,,inhale,
166.951,20:43:40.634,989.0,833.0,,,inhale,
166.971,20:43:40.654,985.0,847.0,,,inhale,
166.991,20:43:40.674,984.0,847.0,,,inhale,
167.011,20:43:40.694,984.0,845.0,,,inhale,
167.031,20:43:40.714,989.0,848.0,,,inhale,
167.051,20:43:40.734,969.0,846.0,,,inhale,
167.071,20:43:40.754,985.0,841.0,,,inhale,
167.091,20:43:40.774,982.0,854.0,,,inhale,
167.111,20:43:40.794,983.0,848.0,,,inhale,
167.131,20:43:40.814,973.0,847.0,,,inhale,
167.151,20:43:40.834,983.0,845.0,,,inhale,
167.171,20:43:40.854,983.0,850.0,,,inhale,
167.191,20:43:40.874,980.0,843.0,,,inhale,
167.211,20:43:40.894,984.0,845.0,,,inhale,
167.231,20:43:40.914,985.0,845.0,,,inhale,
167.251,20:43:40.934,983.0,844.0,,,inhale,
167.271,20:43:40.954,973.0,843.0,,,inhale,
167.291,20:43:40.974,977.0,841.0,,,inhale,
167.311,20:43:40.994,979.0,841.0,,,inhale,
167.331,20:43:41.014,973.0,842.0,,,inhale,
167.351,20:43:41.034,973.0,841.0,,,inhale,
167.371,20:43:41.054,1075.0,837.0,,,inhale,
167.391,20:43:41.074,981.0,835.0,,,inhale,
167.411,20:43:41.094,973.0,837.0,,,inhale,
167.431,20:43:41.114,970.0,840.0,,,inhale,
167.451,20:43:41.134,970.0,836.0,,,inhale,
167.471,20:43:41.154,973.0,834.0,,,inhale,
167.491,20:43:41.174,959.0,826.0,,,inhale,
167.515,20:43:41.198,965.0,831.0,,,inhale,
167.531,20:43:41.214,956.0,828.0,,,inhale,
167.551,20:43:41.234,967.0,830.0,,,inhale,
167.571,20:43:41.254,967.0,831.0,,,inhale,
167.591,20:43:41.274,965.0,831.0,,,inhale,
167.611,20:43:41.294,967.0,833.0,,,inhale,
167.631,20:43:41.314,966.0,834.0,,,inhale,
167.651,20:43:41.334,968.0,833.0,,,inhale,
167.671,20:43:41.354,973.0,837.0,,,inhale,
167.691,20:43:41.374,968.0,838.0,,,inhale,
167.711,20:43:41.394,973.0,832.0,,,inhale,
167.731,20:43:41.414,973.0,839.0,,,inhale,
167.751,20:43:41.434,985.0,840.0,,,inhale,
167.771,20:43:41.454,972.0,839.0,,,inhale,
167.791,20:43:41.474,981.0,844.0,,,inhale,
167.811,20:43:41.494,979.0,841.0,,,inhale,
167.831,20:43:41.514,989.0,844.0,,,inhale,
167.851,20:43:41.534,991.0,847.0,,,inhale,
167.871,20:43:41.554,979.0,843.0,,,inhale,
167.891,20:43:41.574,987.0,845.0,,,inhale,
167.911,20:43:41.594,983.0,848.0,,,inhale,
167.931,20:43:41.614,989.0,848.0,,,inhale,
167.951,20:43:41.634,979.0,842.0,,,inhale,
167.971,20:43:41.654,979.0,843.0,,,inhale,
167.991,20:43:41.674,973.0,842.0,,,inhale,
168.011,20:43:41.694,974.0,844.0,,,inhale,
168.031,20:43:41.714,983.0,842.0,,,inhale,
168.051,20:43:41.734,981.0,831.0,,,inhale,
168.071,20:43:41.754,979.0,836.0,,,inhale,
168.091,20:43:41.774,965.0,827.0,,,inhale,
168.111,20:43:41.794,969.0,835.0,,,inhale,
168.131,20:43:41.814,967.0,838.0,,,inhale,
168.151,20:43:41.834,969.0,845.0,,,inhale,
168.171,20:43:41.854,966.0,836.0,,,inhale,
168.191,20:43:41.874,967.0,835.0,,,inhale,
168.211,20:43:41.894,969.0,837.0,,,inhale,
168.231,20:43:41.914,975.0,836.0,,,inhale,
168.251,20:43:41.934,965.0,834.0,,,inhale,
168.271,20:43:41.954,971.0,825.0,,,inhale,
168.291,20:43:41.974,971.0,834.0,,,inhale,
168.311,20:43:41.994,973.0,837.0,,,inhale,
168.331,20:43:42.014,973.0,833.0,,,inhale,
168.351,20:43:42.034,972.0,837.0,,,inhale,
168.371,20:43:42.054,967.0,835.0,,,inhale,
168.391,20:43:42.074,1001.0,836.0,,,inhale,
168.411,20:43:42.094,969.0,835.0,,,inhale,
168.431,20:43:42.114,973.0,837.0,,,inhale,
168.451,20:43:42.134,969.0,836.0,,,inhale,
168.471,20:43:42.154,970.0,838.0,,,inhale,
168.491,20:43:42.174,973.0,843.0,,,inhale,
168.515,20:43:42.198,970.0,838.0,,,inhale,
168.531,20:43:42.214,973.0,834.0,,,inhale,
168.551,20:43:42.234,969.0,834.0,,,inhale,
168.571,20:43:42.254,971.0,833.0,,,inhale,
168.591,20:43:42.274,969.0,835.0,,,inhale,
168.611,20:43:42.294,973.0,842.0,,,inhale,
168.631,20:43:42.314,966.0,842.0,,,inhale,
168.651,20:43:42.334,967.0,836.0,,,inhale,
168.671,20:43:42.354,965.0,844.0,,,inhale,
168.691,20:43:42.374,957.0,834.0,,,inhale,
168.711,20:43:42.394,972.0,836.0,,,inhale,
168.731,20:43:42.414,973.0,838.0,,,inhale,
168.751,20:43:42.434,965.0,838.0,,,inhale,
168.771,20:43:42.454,970.0,835.0,,,inhale,
168.791,20:43:42.474,973.0,834.0,,,inhale,
168.811,20:43:42.494,970.0,835.0,,,inhale,
168.831,20:43:42.514,1003.0,832.0,,,inhale,
168.851,20:43:42.534,965.0,830.0,,,inhale,
168.871,20:43:42.554,969.0,828.0,,,inhale,
168.891,20:43:42.574,972.0,832.0,,,inhale,
168.911,20:43:42.594,969.0,830.0,,,inhale,
168.931,20:43:42.614,966.0,828.0,,,inhale,
168.951,20:43:42.634,958.0,829.0,,,inhale,
168.971,20:43:42.654,959.0,828.0,,,inhale,
168.991,20:43:42.674,955.0,827.0,,,inhale,
169.011,20:43:42.694,959.0,828.0,,,inhale,
169.031,20:43:42.714,957.0,827.0,,,inhale,
169.051,20:43:42.734,957.0,824.0,,,inhale,
169.071,20:43:42.754,955.0,812.0,,,inhale,
169.091,20:43:42.774,909.0,827.0,,,inhale,
169.111,20:43:42.794,957.0,824.0,,,inhale,
169.131,20:43:42.814,953.0,826.0,,,inhale,
169.151,20:43:42.834,967.0,823.0,,,inhale,
169.171,20:43:42.854,954.0,821.0,,,inhale,
169.191,20:43:42.874,953.0,830.0,,,inhale,
169.211,20:43:42.894,954.0,825.0,,,inhale,
169.231,20:43:42.914,956.0,814.0,,,inhale,
169.251,20:43:42.934,949.0,822.0,,,inhale,
169.271,20:43:42.954,951.0,826.0,,,inhale,
169.291,20:43:42.974,951.0,822.0,,,inhale,
169.311,20:43:42.994,953.0,821.0,,,inhale,
169.331,20:43:43.014,953.0,822.0,,,inhale,
169.351,20:43:43.034,953.0,818.0,,,inhale,
169.371,20:43:43.054,949.0,820.0,,,inhale,
169.391,20:43:43.074,952.0,819.0,,,inhale,
169.411,20:43:43.094,951.0,819.0,,,inhale,
169.431,20:43:43.114,947.0,824.0,,,inhale,
169.451,20:43:43.134,950.0,817.0,,,inhale,
169.471,20:43:43.154,949.0,816.0,,,inhale,
169.491,20:43:43.174,947.0,818.0,,,inhale,
169.515,20:43:43.198,949.0,816.0,,,inhale,
169.531,20:43:43.214,947.0,820.0,,,inhale,
169.551,20:43:43.234,946.0,817.0,,,inhale,
169.571,20:43:43.254,950.0,821.0,,,inhale,
169.591,20:43:43.274,943.0,817.0,,,inhale,
169.611,20:43:43.294,951.0,828.0,,,inhale,
169.631,20:43:43.314,949.0,820.0,,,inhale,
169.651,20:43:43.334,949.0,816.0,,,inhale,
169.671,20:43:43.354,948.0,818.0,,,inhale,
169.691,20:43:43.374,947.0,816.0,,,inhale,
169.711,20:43:43.394,949.0,818.0,,,inhale,
169.731,20:43:43.414,952.0,818.0,,,inhale,
169.751,20:43:43.434,944.0,816.0,,,inhale,
169.771,20:43:43.454,949.0,820.0,,,inhale,
169.791,20:43:43.474,947.0,817.0,,,inhale,
169.811,20:43:43.494,949.0,823.0,,,inhale,
169.831,20:43:43.514,947.0,814.0,,,inhale,
169.851,20:43:43.534,947.0,816.0,,,inhale,
169.871,20:43:43.554,949.0,816.0,,,inhale,
169.891,20:43:43.574,940.0,817.0,,,inhale,
169.911,20:43:43.594,947.0,814.0,,,inhale,
169.931,20:43:43.614,947.0,814.0,,,inhale,
169.951,20:43:43.634,943.0,815.0,,,inhale,
169.971,20:43:43.654,941.0,813.0,,,inhale,
169.991,20:43:43.674,941.0,813.0,,,inhale,
170.011,20:43:43.694,942.0,799.0,,,inhale,
170.031,20:43:43.714,938.0,815.0,,,inhale,
170.051,20:43:43.734,943.0,811.0,,,inhale,
170.071,20:43:43.754,943.0,817.0,,,inhale,
170.091,20:43:43.774,943.0,815.0,,,inhale,
170.111,20:43:43.794,943.0,812.0,,,inhale,
170.131,20:43:43.814,943.0,808.0,,,inhale,
170.151,20:43:43.834,948.0,814.0,,,inhale,
170.171,20:43:43.854,943.0,813.0,,,inhale,
170.191,20:43:43.874,937.0,812.0,,,inhale,
170.211,20:43:43.894,943.0,808.0,,,inhale,
170.231,20:43:43.914,943.0,825.0,,,inhale,
170.251,20:43:43.934,937.0,806.0,,,inhale,
170.271,20:43:43.954,939.0,800.0,,,inhale,
170.291,20:43:43.974,938.0,805.0,,,inhale,
170.311,20:43:43.994,941.0,811.0,,,inhale,
170.331,20:43:44.014,941.0,810.0,,,inhale,
170.351,20:43:44.034,941.0,818.0,,,inhale,
170.371,20:43:44.054,939.0,811.0,,,inhale,
170.391,20:43:44.074,941.0,810.0,,,inhale,
170.415,20:43:44.098,941.0,804.0,,,inhale,
170.431,20:43:44.114,943.0,812.0,,,inhale,
170.451,20:43:44.134,938.0,810.0,,,inhale,
170.471,20:43:44.154,949.0,806.0,,,inhale,
170.491,20:43:44.174,943.0,812.0,,,inhale,
170.514,20:43:44.198,937.0,809.0,,,inhale,
170.531,20:43:44.214,941.0,811.0,,,inhale,
170.551,20:43:44.234,938.0,811.0,,,inhale,
170.571,20:43:44.254,936.0,811.0,,,inhale,
170.591,20:43:44.274,940.0,811.0,,,inhale,
170.611,20:43:44.294,940.0,813.0,,,inhale,
170.631,20:43:44.314,939.0,808.0,,,inhale,
170.651,20:43:44.334,941.0,811.0,,,inhale,
170.671,20:43:44.354,940.0,813.0,,,inhale,
170.691,20:43:44.374,939.0,810.0,,,inhale,
170.711,20:43:44.394,949.0,813.0,,,inhale,
170.731,20:43:44.414,941.0,802.0,,,inhale,
170.751,20:43:44.434,941.0,812.0,,,inhale,
170.771,20:43:44.454,947.0,805.0,,,inhale,
170.791,20:43:44.474,935.0,810.0,,,inhale,
