elapsed_s,timestamp,raw,mv,phase,cycle_index,det_phase,event
0.017,15:10:55.455,1176.0,1006.0,,,unknown,
0.037,15:10:55.475,1180.0,1008.0,,,unknown,
0.057,15:10:55.495,1181.0,1004.0,,,unknown,
0.077,15:10:55.515,1171.0,1002.0,,,unknown,
0.097,15:10:55.535,1171.0,1005.0,,,unknown,
0.117,15:10:55.555,1173.0,1002.0,,,unknown,
0.137,15:10:55.575,1170.0,996.0,,,unknown,
0.157,15:10:55.595,1167.0,1001.0,,,unknown,
0.177,15:10:55.616,1173.0,1000.0,,,unknown,
0.197,15:10:55.635,1167.0,1000.0,,,unknown,
0.217,15:10:55.655,1163.0,997.0,,,unknown,
0.237,15:10:55.675,1176.0,997.0,,,unknown,
0.257,15:10:55.695,1175.0,995.0,,,unknown,
0.277,15:10:55.715,1166.0,998.0,,,unknown,
0.297,15:10:55.735,1163.0,997.0,,,unknown,
0.317,15:10:55.755,1164.0,993.0,,,unknown,
0.337,15:10:55.775,1144.0,996.0,,,unknown,
0.361,15:10:55.800,1165.0,996.0,,,unknown,
0.377,15:10:55.815,1167.0,997.0,,,unknown,
0.397,15:10:55.835,1165.0,994.0,,,unknown,
0.417,15:10:55.855,1164.0,995.0,,,unknown,
0.437,15:10:55.875,1175.0,1002.0,,,unknown,
0.457,15:10:55.895,1162.0,994.0,,,unknown,
0.477,15:10:55.915,1171.0,998.0,,,unknown,
0.497,15:10:55.935,1164.0,998.0,,,unknown,
0.517,15:10:55.955,1157.0,995.0,,,unknown,
0.537,15:10:55.975,1164.0,996.0,,,unknown,
0.557,15:10:55.995,1206.0,995.0,,,unknown,
0.577,15:10:56.015,1163.0,995.0,,,unknown,
0.597,15:10:56.035,1161.0,998.0,,,unknown,
0.617,15:10:56.055,1160.0,995.0,,,unknown,
0.637,15:10:56.075,1151.0,990.0,,,unknown,
0.657,15:10:56.095,1160.0,994.0,,,unknown,
0.677,15:10:56.115,1161.0,993.0,,,unknown,
0.697,15:10:56.135,1159.0,986.0,,,unknown,
0.717,15:10:56.155,1141.0,992.0,,,unknown,
0.744,15:10:56.182,1160.0,992.0,,,unknown,
0.757,15:10:56.195,1161.0,992.0,,,unknown,
0.777,15:10:56.215,1159.0,990.0,,,unknown,
0.797,15:10:56.235,1159.0,991.0,,,unknown,
0.817,15:10:56.255,1144.0,988.0,,,unknown,
0.837,15:10:56.275,1159.0,987.0,,,unknown,
0.857,15:10:56.295,1157.0,985.0,,,unknown,
0.877,15:10:56.315,1145.0,988.0,,,unknown,
0.897,15:10:56.335,1141.0,988.0,,,unknown,
0.917,15:10:56.355,1162.0,984.0,,,unknown,
0.937,15:10:56.375,1157.0,985.0,,,unknown,
0.957,15:10:56.395,1158.0,984.0,,,unknown,
0.977,15:10:56.415,1151.0,985.0,,,unknown,
0.997,15:10:56.435,1149.0,987.0,,,unknown,
1.017,15:10:56.455,1149.0,990.0,,,unknown,
1.037,15:10:56.475,1151.0,990.0,,,unknown,
1.057,15:10:56.495,1139.0,989.0,,,unknown,
1.077,15:10:56.515,1146.0,987.0,,,unknown,
1.097,15:10:56.535,1159.0,991.0,,,unknown,
1.117,15:10:56.555,1145.0,993.0,,,unknown,
1.137,15:10:56.575,1159.0,991.0,,,unknown,
1.157,15:10:56.595,1161.0,994.0,,,unknown,
1.177,15:10:56.615,1163.0,990.0,,,unknown,
1.197,15:10:56.635,1161.0,995.0,,,unknown,
1.217,15:10:56.655,1161.0,995.0,,,unknown,
1.237,15:10:56.675,1163.0,996.0,,,unknown,
1.257,15:10:56.695,1162.0,998.0,,,unknown,
1.277,15:10:56.715,1165.0,993.0,,,unknown,
1.297,15:10:56.735,1163.0,995.0,,,unknown,
1.317,15:10:56.755,1159.0,994.0,,,unknown,
1.337,15:10:56.775,1166.0,996.0,,,unknown,
1.361,15:10:56.799,1163.0,996.0,,,unknown,
1.377,15:10:56.815,1164.0,995.0,,,unknown,
1.397,15:10:56.835,1176.0,997.0,,,unknown,
1.417,15:10:56.855,1175.0,992.0,,,unknown,
1.437,15:10:56.875,1167.0,998.0,,,unknown,
1.457,15:10:56.895,1167.0,999.0,,,unknown,
1.477,15:10:56.915,1173.0,1003.0,,,unknown,
1.497,15:10:56.935,1171.0,1001.0,,,unknown,
1.517,15:10:56.955,1173.0,1003.0,,,unknown,
1.537,15:10:56.975,1177.0,1009.0,,,unknown,
1.557,15:10:56.995,1173.0,1005.0,,,unknown,
1.577,15:10:57.015,1184.0,1006.0,,,unknown,
1.597,15:10:57.035,1176.0,1007.0,,,unknown,
1.617,15:10:57.055,1175.0,1007.0,,,unknown,
1.637,15:10:57.075,1177.0,1007.0,,,unknown,
1.657,15:10:57.095,1177.0,1008.0,,,unknown,
1.677,15:10:57.115,1179.0,1010.0,,,unknown,
1.697,15:10:57.135,1165.0,1012.0,,,unknown,
1.717,15:10:57.155,1177.0,1004.0,,,unknown,
1.737,15:10:57.175,1175.0,1007.0,,,unknown,
1.757,15:10:57.196,1175.0,1003.0,,,unknown,
1.777,15:10:57.215,1175.0,1009.0,,,unknown,
1.797,15:10:57.235,1173.0,1005.0,,,unknown,
1.817,15:10:57.255,1173.0,1004.0,,,unknown,
1.837,15:10:57.275,1173.0,1001.0,,,unknown,
1.857,15:10:57.295,1173.0,1003.0,,,unknown,
1.877,15:10:57.315,1171.0,1003.0,,,unknown,
1.897,15:10:57.335,1172.0,1003.0,,,unknown,
1.917,15:10:57.355,1170.0,1001.0,,,unknown,
1.937,15:10:57.375,1176.0,999.0,,,unknown,
1.957,15:10:57.395,1170.0,1002.0,,,unknown,
1.977,15:10:57.415,1171.0,1000.0,,,unknown,
1.997,15:10:57.435,1167.0,999.0,,,unknown,
2.017,15:10:57.455,1171.0,999.0,,,unknown,
2.037,15:10:57.475,1172.0,999.0,,,unknown,
2.057,15:10:57.495,1171.0,999.0,,,unknown,
2.077,15:10:57.515,1163.0,998.0,,,unknown,
2.097,15:10:57.535,1169.0,999.0,,,unknown,
2.117,15:10:57.555,1169.0,999.0,,,unknown,
2.137,15:10:57.575,1167.0,999.0,,,unknown,
2.157,15:10:57.595,1163.0,998.0,,,unknown,
2.177,15:10:57.615,1162.0,999.0,,,unknown,
2.197,15:10:57.635,1164.0,1000.0,,,unknown,
2.217,15:10:57.655,1167.0,1000.0,,,unknown,
2.237,15:10:57.675,1166.0,999.0,,,unknown,
2.257,15:10:57.695,1166.0,1002.0,,,unknown,
2.277,15:10:57.715,1165.0,998.0,,,unknown,
2.297,15:10:57.735,1160.0,999.0,,,unknown,
2.317,15:10:57.755,1166.0,997.0,,,unknown,
2.337,15:10:57.775,1170.0,999.0,,,unknown,
2.361,15:10:57.800,1167.0,998.0,,,unknown,
2.377,15:10:57.815,1166.0,998.0,,,unknown,
2.397,15:10:57.835,1167.0,1003.0,,,unknown,
2.417,15:10:57.855,1165.0,999.0,,,unknown,
2.438,15:10:57.876,1167.0,1004.0,,,unknown,
2.457,15:10:57.895,1175.0,1000.0,,,unknown,
2.478,15:10:57.916,1167.0,1001.0,,,unknown,
2.497,15:10:57.935,1173.0,1006.0,,,unknown,
2.517,15:10:57.956,1172.0,1005.0,,,unknown,
2.537,15:10:57.975,1165.0,1004.0,,,unknown,
2.557,15:10:57.995,1171.0,1007.0,,,unknown,
2.577,15:10:58.015,1178.0,1009.0,,,unknown,
2.597,15:10:58.035,1181.0,1010.0,,,unknown,
2.617,15:10:58.055,1183.0,1013.0,,,unknown,
2.637,15:10:58.075,1183.0,1013.0,,,unknown,
2.657,15:10:58.095,1183.0,1015.0,,,unknown,
2.677,15:10:58.115,1187.0,1015.0,,,unknown,
2.697,15:10:58.135,1187.0,1010.0,,,unknown,
2.717,15:10:58.155,1189.0,1013.0,,,unknown,
2.737,15:10:58.175,1183.0,1012.0,,,unknown,
2.757,15:10:58.195,1179.0,1015.0,,,unknown,
2.777,15:10:58.215,1187.0,1012.0,,,unknown,
2.798,15:10:58.236,1181.0,1012.0,,,unknown,
2.818,15:10:58.256,1192.0,1006.0,,,unknown,
2.837,15:10:58.275,1179.0,1010.0,,,unknown,
2.857,15:10:58.295,1179.0,1013.0,,,unknown,
2.877,15:10:58.315,1180.0,1009.0,,,unknown,
2.897,15:10:58.336,1177.0,1008.0,,,unknown,
2.917,15:10:58.356,1179.0,1006.0,,,unknown,
2.937,15:10:58.375,1142.0,1008.0,,,unknown,
2.957,15:10:58.396,1177.0,1007.0,,,unknown,
2.977,15:10:58.415,1183.0,1007.0,,,unknown,
2.997,15:10:58.435,1173.0,1006.0,,,unknown,
3.017,15:10:58.455,1176.0,1006.0,,,unknown,
3.037,15:10:58.475,1174.0,1006.0,,,unknown,
3.057,15:10:58.495,1173.0,1004.0,,,unknown,
3.077,15:10:58.515,1176.0,1005.0,,,unknown,
3.097,15:10:58.535,1173.0,1006.0,,,unknown,
3.117,15:10:58.555,1175.0,1004.0,,,unknown,
3.137,15:10:58.576,1175.0,1003.0,,,unknown,
3.157,15:10:58.595,1173.0,1005.0,,,unknown,
3.177,15:10:58.615,1181.0,1006.0,,,unknown,
3.197,15:10:58.636,1175.0,1004.0,,,unknown,
3.217,15:10:58.655,1175.0,1004.0,,,unknown,
3.237,15:10:58.675,1163.0,1002.0,,,unknown,
3.257,15:10:58.695,1171.0,1003.0,,,unknown,
3.277,15:10:58.715,1173.0,1004.0,,,unknown,
3.297,15:10:58.735,1183.0,1001.0,,,unknown,
3.317,15:10:58.755,1170.0,1002.0,,,unknown,
3.337,15:10:58.776,1169.0,997.0,,,unknown,
3.361,15:10:58.799,1171.0,1000.0,,,unknown,
3.377,15:10:58.816,1172.0,1000.0,,,unknown,
3.397,15:10:58.835,1167.0,1001.0,,,unknown,
3.417,15:10:58.855,1171.0,999.0,,,unknown,
3.437,15:10:58.875,1165.0,1003.0,,,unknown,
3.457,15:10:58.895,1171.0,1000.0,,,unknown,
3.477,15:10:58.916,1167.0,998.0,,,unknown,
3.497,15:10:58.935,1165.0,998.0,,,unknown,
3.517,15:10:58.955,1166.0,998.0,,,unknown,
3.537,15:10:58.975,1165.0,998.0,,,unknown,
3.557,15:10:58.995,1165.0,993.0,,,unknown,
3.577,15:10:59.015,1165.0,996.0,,,unknown,
3.597,15:10:59.035,1176.0,995.0,,,unknown,
3.617,15:10:59.055,1164.0,996.0,,,unknown,
3.637,15:10:59.075,1164.0,999.0,,,unknown,
3.657,15:10:59.095,1161.0,994.0,,,unknown,
3.677,15:10:59.115,1161.0,994.0,,,unknown,
3.697,15:10:59.135,1161.0,991.0,,,unknown,
3.717,15:10:59.155,1160.0,999.0,,,unknown,
3.737,15:10:59.175,1149.0,993.0,,,unknown,
3.757,15:10:59.195,1158.0,993.0,,,unknown,
3.777,15:10:59.215,1147.0,992.0,,,unknown,
3.797,15:10:59.235,1160.0,992.0,,,unknown,
3.817,15:10:59.255,1159.0,993.0,,,unknown,
3.837,15:10:59.275,1158.0,996.0,,,unknown,
3.857,15:10:59.295,1159.0,992.0,,,unknown,
3.877,15:10:59.315,1160.0,993.0,,,unknown,
3.897,15:10:59.335,1157.0,989.0,,,unknown,
3.917,15:10:59.355,1145.0,987.0,,,unknown,
3.937,15:10:59.375,1161.0,989.0,,,unknown,
3.957,15:10:59.395,1143.0,987.0,,,unknown,
3.977,15:10:59.415,1144.0,985.0,,,unknown,
3.997,15:10:59.435,1151.0,985.0,,,unknown,
4.017,15:10:59.455,1145.0,988.0,,,unknown,
4.037,15:10:59.476,1163.0,985.0,,,unknown,
4.057,15:10:59.495,1160.0,988.0,,,unknown,
4.077,15:10:59.515,1151.0,985.0,,,unknown,
4.097,15:10:59.535,1159.0,986.0,,,unknown,
4.117,15:10:59.555,1162.0,991.0,,,unknown,
4.137,15:10:59.575,1149.0,988.0,,,unknown,
4.157,15:10:59.595,1165.0,989.0,,,unknown,
4.177,15:10:59.615,1159.0,988.0,,,unknown,
4.197,15:10:59.635,1161.0,990.0,,,unknown,
4.217,15:10:59.655,1158.0,990.0,,,unknown,
4.237,15:10:59.675,1159.0,992.0,,,unknown,
4.257,15:10:59.695,1149.0,994.0,,,unknown,
4.277,15:10:59.715,1161.0,994.0,,,unknown,
4.297,15:10:59.735,1171.0,995.0,,,unknown,
4.317,15:10:59.755,1165.0,994.0,,,unknown,
4.337,15:10:59.775,1160.0,992.0,,,unknown,
4.361,15:10:59.799,1149.0,994.0,,,unknown,
4.377,15:10:59.815,1161.0,993.0,,,unknown,
4.397,15:10:59.835,1159.0,992.0,,,unknown,
4.417,15:10:59.855,1164.0,997.0,,,unknown,
4.437,15:10:59.875,1161.0,994.0,,,unknown,
4.458,15:10:59.896,1164.0,996.0,,,unknown,
4.477,15:10:59.915,1165.0,996.0,,,unknown,
4.497,15:10:59.935,1165.0,997.0,,,unknown,
4.517,15:10:59.955,1172.0,998.0,,,unknown,
4.537,15:10:59.975,1173.0,997.0,,,unknown,
4.557,15:10:59.995,1166.0,996.0,,,unknown,
4.577,15:11:00.015,1193.0,999.0,,,unknown,
4.597,15:11:00.035,1167.0,997.0,,,unknown,
4.617,15:11:00.055,1165.0,999.0,,,unknown,
4.637,15:11:00.075,1165.0,998.0,,,unknown,
4.657,15:11:00.095,1166.0,997.0,,,unknown,
4.677,15:11:00.115,1166.0,1001.0,,,unknown,
4.698,15:11:00.136,1167.0,1002.0,,,unknown,
4.721,15:11:00.159,1177.0,999.0,,,unknown,
4.740,15:11:00.178,1159.0,999.0,,,unknown,
4.761,15:11:00.199,1177.0,1002.0,,,unknown,
4.777,15:11:00.216,1172.0,1000.0,,,unknown,
4.797,15:11:00.236,1175.0,1001.0,,,unknown,
4.817,15:11:00.255,1171.0,1005.0,,,unknown,
4.837,15:11:00.275,1172.0,1003.0,,,unknown,
4.857,15:11:00.295,1167.0,1002.0,,,unknown,
4.877,15:11:00.315,1167.0,1004.0,,,unknown,
4.897,15:11:00.336,1161.0,1002.0,,,unknown,
4.917,15:11:00.356,1175.0,1003.0,,,unknown,
4.937,15:11:00.375,1183.0,1002.0,,,unknown,
4.957,15:11:00.395,1164.0,1006.0,,,unknown,
4.977,15:11:00.415,1175.0,1003.0,,,unknown,
4.997,15:11:00.435,1167.0,1001.0,,,unknown,
5.017,15:11:00.456,1171.0,1005.0,,,unknown,
5.038,15:11:00.476,1177.0,1004.0,,,unknown,
5.057,15:11:00.495,1173.0,1001.0,,,unknown,
5.077,15:11:00.516,1179.0,1001.0,,,unknown,
5.097,15:11:00.535,1175.0,1002.0,,,unknown,
5.117,15:11:00.555,1179.0,999.0,,,unknown,
5.138,15:11:00.576,1161.0,998.0,,,unknown,
5.157,15:11:00.595,1171.0,1000.0,,,unknown,
5.177,15:11:00.615,1165.0,999.0,,,unknown,
5.197,15:11:00.635,1167.0,997.0,,,unknown,
5.217,15:11:00.655,1165.0,998.0,,,unknown,
5.237,15:11:00.676,1167.0,1000.0,,,unknown,
5.257,15:11:00.695,1165.0,995.0,,,unknown,
5.277,15:11:00.715,1159.0,995.0,,,unknown,
5.297,15:11:00.735,1161.0,999.0,,,unknown,
5.317,15:11:00.755,1169.0,999.0,,,unknown,
5.337,15:11:00.775,1165.0,998.0,,,unknown,
5.361,15:11:00.800,1163.0,1000.0,,,unknown,
5.378,15:11:00.816,1148.0,996.0,,,unknown,
5.397,15:11:00.835,1163.0,990.0,,,unknown,
5.417,15:11:00.855,1162.0,995.0,,,unknown,
5.437,15:11:00.875,1161.0,991.0,,,unknown,
5.457,15:11:00.895,1165.0,997.0,,,unknown,
5.477,15:11:00.915,1173.0,992.0,,,unknown,
5.497,15:11:00.935,1164.0,996.0,,,unknown,
5.517,15:11:00.955,1159.0,995.0,,,unknown,
5.537,15:11:00.975,1161.0,993.0,,,unknown,
5.557,15:11:00.995,1145.0,994.0,,,unknown,
5.577,15:11:01.016,1163.0,994.0,,,unknown,
5.597,15:11:01.036,1161.0,996.0,,,unknown,
5.617,15:11:01.055,1163.0,996.0,,,unknown,
5.637,15:11:01.075,1163.0,995.0,,,unknown,
5.657,15:11:01.095,1171.0,995.0,,,unknown,
5.677,15:11:01.115,1165.0,997.0,,,unknown,
5.697,15:11:01.135,1163.0,994.0,,,unknown,
5.717,15:11:01.155,1165.0,998.0,,,unknown,
5.737,15:11:01.175,1164.0,995.0,,,unknown,
5.757,15:11:01.195,1161.0,997.0,,,unknown,
5.777,15:11:01.215,1165.0,998.0,,,unknown,
5.797,15:11:01.235,1167.0,999.0,,,unknown,
5.817,15:11:01.255,1171.0,999.0,,,unknown,
5.837,15:11:01.275,1166.0,1001.0,,,unknown,
5.857,15:11:01.296,1161.0,1001.0,,,unknown,
5.877,15:11:01.315,1167.0,1001.0,,,unknown,
5.897,15:11:01.335,1165.0,1001.0,,,unknown,
5.917,15:11:01.355,1173.0,1003.0,,,unknown,
5.937,15:11:01.375,1174.0,1005.0,,,unknown,
5.957,15:11:01.396,1175.0,1000.0,,,unknown,
5.977,15:11:01.415,1172.0,1001.0,,,unknown,
5.997,15:11:01.435,1172.0,1004.0,,,unknown,
6.017,15:11:01.455,1161.0,1004.0,,,unknown,
6.037,15:11:01.476,1173.0,1002.0,,,unknown,
6.057,15:11:01.496,1180.0,1004.0,,,unknown,
6.077,15:11:01.515,1176.0,1001.0,,,unknown,
6.097,15:11:01.536,1164.0,1000.0,,,unknown,
6.117,15:11:01.555,1173.0,1005.0,,,unknown,
6.137,15:11:01.575,1165.0,1003.0,,,unknown,
6.157,15:11:01.596,1187.0,1003.0,,,unknown,
6.177,15:11:01.616,1165.0,1003.0,,,unknown,
6.197,15:11:01.635,1169.0,1001.0,,,unknown,
6.217,15:11:01.655,1170.0,1001.0,,,unknown,
6.237,15:11:01.676,1171.0,1003.0,,,unknown,
6.257,15:11:01.695,1161.0,1001.0,,,unknown,
6.277,15:11:01.716,1164.0,1002.0,,,unknown,
6.297,15:11:01.735,1175.0,998.0,,,unknown,
6.317,15:11:01.755,1165.0,995.0,,,unknown,
6.337,15:11:01.775,1164.0,999.0,,,unknown,
6.361,15:11:01.799,1147.0,997.0,,,unknown,
6.377,15:11:01.815,1167.0,998.0,,,unknown,
6.397,15:11:01.835,1150.0,998.0,,,unknown,
6.417,15:11:01.855,1163.0,994.0,,,unknown,
6.437,15:11:01.875,1163.0,993.0,,,unknown,
6.457,15:11:01.895,1161.0,994.0,,,unknown,
6.477,15:11:01.916,1161.0,994.0,,,unknown,
6.497,15:11:01.935,1159.0,993.0,,,unknown,
6.517,15:11:01.955,1161.0,991.0,,,unknown,
6.537,15:11:01.975,1161.0,994.0,,,unknown,
6.557,15:11:01.995,1161.0,987.0,,,unknown,
6.577,15:11:02.015,1163.0,992.0,,,unknown,
6.597,15:11:02.035,1161.0,994.0,,,unknown,
6.617,15:11:02.055,1162.0,993.0,,,unknown,
6.637,15:11:02.075,1166.0,992.0,,,unknown,
6.657,15:11:02.095,1157.0,989.0,,,unknown,
6.677,15:11:02.115,1167.0,994.0,,,unknown,
6.697,15:11:02.135,1157.0,988.0,,,unknown,
6.717,15:11:02.155,1157.0,993.0,,,unknown,
6.737,15:11:02.175,1163.0,985.0,,,unknown,
6.757,15:11:02.195,1158.0,988.0,,,unknown,
6.777,15:11:02.215,1152.0,988.0,,,unknown,
6.797,15:11:02.235,1151.0,988.0,,,unknown,
6.817,15:11:02.255,1159.0,991.0,,,unknown,
6.837,15:11:02.275,1148.0,988.0,,,unknown,
6.857,15:11:02.295,1158.0,987.0,,,unknown,
6.877,15:11:02.315,1165.0,983.0,,,unknown,
6.897,15:11:02.335,1144.0,987.0,,,unknown,
6.917,15:11:02.355,1157.0,986.0,,,unknown,
6.937,15:11:02.375,1145.0,984.0,,,unknown,
6.957,15:11:02.395,1150.0,989.0,,,unknown,
6.977,15:11:02.415,1145.0,986.0,,,unknown,
6.997,15:11:02.435,1159.0,984.0,,,unknown,
7.017,15:11:02.455,1157.0,980.0,,,unknown,
7.037,15:11:02.476,1144.0,986.0,,,unknown,
7.062,15:11:02.500,1150.0,988.0,,,unknown,
7.081,15:11:02.519,1163.0,984.0,,,unknown,
7.097,15:11:02.535,1160.0,989.0,,,unknown,
7.117,15:11:02.555,1149.0,984.0,,,unknown,
7.137,15:11:02.575,1149.0,984.0,,,unknown,
7.157,15:11:02.595,1150.0,982.0,,,unknown,
7.177,15:11:02.615,1148.0,980.0,,,unknown,
7.197,15:11:02.635,1149.0,982.0,,,unknown,
7.217,15:11:02.655,1149.0,986.0,,,unknown,
7.237,15:11:02.675,1142.0,981.0,,,unknown,
7.257,15:11:02.695,1150.0,980.0,,,unknown,
7.277,15:11:02.715,1149.0,981.0,,,unknown,
7.297,15:11:02.735,1145.0,978.0,,,unknown,
7.317,15:11:02.755,1148.0,984.0,,,unknown,
7.337,15:11:02.775,1145.0,980.0,,,unknown,
7.361,15:11:02.799,1145.0,980.0,,,unknown,
7.377,15:11:02.815,1145.0,983.0,,,unknown,
7.397,15:11:02.835,1147.0,983.0,,,unknown,
7.417,15:11:02.855,1150.0,984.0,,,unknown,
7.437,15:11:02.875,1151.0,984.0,,,unknown,
7.457,15:11:02.895,1149.0,985.0,,,unknown,
7.477,15:11:02.915,1143.0,986.0,,,unknown,
7.497,15:11:02.935,1151.0,982.0,,,unknown,
7.517,15:11:02.955,1150.0,985.0,,,unknown,
7.537,15:11:02.975,1151.0,990.0,,,unknown,
7.557,15:11:02.995,1158.0,990.0,,,unknown,
7.577,15:11:03.015,1157.0,989.0,,,unknown,
7.597,15:11:03.035,1159.0,994.0,,,unknown,
7.617,15:11:03.055,1162.0,994.0,,,unknown,
7.637,15:11:03.075,1156.0,989.0,,,unknown,
7.657,15:11:03.095,1171.0,990.0,,,unknown,
7.677,15:11:03.115,1170.0,995.0,,,unknown,
7.697,15:11:03.135,1162.0,996.0,,,unknown,
7.717,15:11:03.155,1161.0,994.0,,,unknown,
7.737,15:11:03.175,1161.0,994.0,,,unknown,
7.757,15:11:03.195,1161.0,995.0,,,unknown,
7.777,15:11:03.215,1162.0,995.0,,,unknown,
7.797,15:11:03.235,1161.0,994.0,,,unknown,
7.817,15:11:03.255,1162.0,993.0,,,unknown,
7.837,15:11:03.275,1161.0,990.0,,,unknown,
7.857,15:11:03.295,1163.0,995.0,,,unknown,
7.877,15:11:03.315,1163.0,993.0,,,unknown,
7.897,15:11:03.335,1161.0,998.0,,,unknown,
7.917,15:11:03.355,1161.0,994.0,,,unknown,
7.938,15:11:03.376,1163.0,992.0,,,unknown,
7.957,15:11:03.395,1165.0,994.0,,,unknown,
7.977,15:11:03.415,1163.0,996.0,,,unknown,
7.997,15:11:03.435,1165.0,998.0,,,unknown,
8.017,15:11:03.455,1164.0,996.0,,,unknown,
8.037,15:11:03.475,1167.0,998.0,,,unknown,
8.057,15:11:03.495,1167.0,996.0,,,unknown,
8.077,15:11:03.515,1169.0,998.0,,,unknown,
8.097,15:11:03.535,1167.0,1007.0,,,unknown,
8.117,15:11:03.555,1173.0,1003.0,,,unknown,
8.138,15:11:03.576,1177.0,1003.0,,,unknown,
8.157,15:11:03.595,1175.0,1008.0,,,unknown,
8.177,15:11:03.615,1176.0,1009.0,,,unknown,
8.197,15:11:03.635,1175.0,1007.0,,,unknown,
8.217,15:11:03.655,1183.0,1012.0,,,unknown,
8.238,15:11:03.676,1181.0,1015.0,,,unknown,
8.257,15:11:03.695,1189.0,1010.0,,,unknown,
8.277,15:11:03.715,1189.0,1016.0,,,unknown,
8.297,15:11:03.736,1189.0,1019.0,,,unknown,
8.317,15:11:03.755,1189.0,1017.0,,,unknown,
8.337,15:11:03.775,1188.0,1016.0,,,unknown,
8.361,15:11:03.800,1179.0,1016.0,,,unknown,
8.377,15:11:03.815,1183.0,1015.0,,,unknown,
8.397,15:11:03.835,1188.0,1013.0,,,unknown,
8.417,15:11:03.855,1188.0,1013.0,,,unknown,
8.437,15:11:03.875,1183.0,1015.0,,,unknown,
8.457,15:11:03.895,1181.0,1012.0,,,unknown,
8.477,15:11:03.915,1181.0,1013.0,,,unknown,
8.497,15:11:03.935,1183.0,1012.0,,,unknown,
8.517,15:11:03.955,1183.0,1009.0,,,unknown,
8.537,15:11:03.975,1182.0,1013.0,,,unknown,
8.557,15:11:03.995,1195.0,1012.0,,,unknown,
8.577,15:11:04.015,1183.0,1010.0,,,unknown,
8.597,15:11:04.035,1177.0,1011.0,,,unknown,
8.617,15:11:04.055,1181.0,1009.0,,,unknown,
8.637,15:11:04.075,1180.0,1010.0,,,unknown,
8.657,15:11:04.095,1180.0,1008.0,,,unknown,
8.677,15:11:04.115,1181.0,1008.0,,,unknown,
8.697,15:11:04.135,1179.0,1011.0,,,unknown,
8.717,15:11:04.155,1180.0,1009.0,,,unknown,
8.737,15:11:04.175,1179.0,1008.0,,,unknown,
8.757,15:11:04.195,1178.0,1009.0,,,unknown,
8.777,15:11:04.215,1177.0,1008.0,,,unknown,
8.797,15:11:04.235,1179.0,1010.0,,,unknown,
8.817,15:11:04.255,1174.0,1008.0,,,unknown,
8.837,15:11:04.275,1177.0,1009.0,,,unknown,
8.857,15:11:04.295,1179.0,1008.0,,,unknown,
8.877,15:11:04.315,1177.0,1007.0,,,unknown,
8.897,15:11:04.335,1177.0,1008.0,,,unknown,
8.917,15:11:04.355,1179.0,1009.0,,,unknown,
8.937,15:11:04.375,1181.0,1006.0,,,unknown,
8.957,15:11:04.395,1181.0,1010.0,,,unknown,
8.977,15:11:04.415,1189.0,1012.0,,,unknown,
8.997,15:11:04.435,1180.0,1011.0,,,unknown,
9.017,15:11:04.455,1181.0,1014.0,,,unknown,
9.037,15:11:04.475,1191.0,1011.0,,,unknown,
9.057,15:11:04.495,1183.0,1009.0,,,unknown,
9.077,15:11:04.515,1191.0,1013.0,,,unknown,
9.097,15:11:04.535,1187.0,1013.0,,,unknown,
9.117,15:11:04.555,1184.0,1013.0,,,unknown,
9.137,15:11:04.575,1179.0,1014.0,,,unknown,
9.157,15:11:04.595,1189.0,1018.0,,,unknown,
9.177,15:11:04.615,1189.0,1013.0,,,unknown,
9.197,15:11:04.635,1190.0,1016.0,,,unknown,
9.218,15:11:04.656,1191.0,1018.0,,,unknown,
9.237,15:11:04.675,1193.0,1019.0,,,unknown,
9.257,15:11:04.695,1193.0,1020.0,,,unknown,
9.277,15:11:04.715,1197.0,1020.0,,,unknown,
9.297,15:11:04.735,1197.0,1022.0,,,unknown,
9.317,15:11:04.755,1195.0,1026.0,,,unknown,
9.337,15:11:04.775,1199.0,1025.0,,,unknown,
9.361,15:11:04.800,1197.0,1024.0,,,unknown,
9.377,15:11:04.815,1197.0,1024.0,,,unknown,
9.397,15:11:04.835,1197.0,1024.0,,,unknown,
9.417,15:11:04.855,1197.0,1023.0,,,unknown,
9.437,15:11:04.875,1194.0,1019.0,,,unknown,
9.457,15:11:04.895,1195.0,1021.0,,,unknown,
9.477,15:11:04.915,1195.0,1021.0,,,unknown,
9.497,15:11:04.935,1186.0,1019.0,,,unknown,
9.517,15:11:04.955,1191.0,1019.0,,,unknown,
9.537,15:11:04.975,1191.0,1019.0,,,unknown,
9.557,15:11:04.995,1291.0,1019.0,,,unknown,
9.577,15:11:05.015,1189.0,1017.0,,,unknown,
9.597,15:11:05.035,1188.0,1017.0,,,unknown,
9.617,15:11:05.055,1187.0,1014.0,,,unknown,
9.637,15:11:05.075,1187.0,1013.0,,,unknown,
9.657,15:11:05.095,1179.0,1015.0,,,unknown,
9.677,15:11:05.115,1183.0,1012.0,,,unknown,
9.697,15:11:05.135,1175.0,1012.0,,,unknown,
9.717,15:11:05.155,1180.0,1011.0,,,unknown,
9.737,15:11:05.175,1181.0,1009.0,,,unknown,
9.757,15:11:05.195,1183.0,1009.0,,,unknown,
9.777,15:11:05.215,1181.0,1011.0,,,unknown,
9.797,15:11:05.235,1181.0,1009.0,,,unknown,
9.817,15:11:05.255,1178.0,1010.0,,,unknown,
9.837,15:11:05.275,1179.0,1010.0,,,unknown,
9.857,15:11:05.296,1177.0,1009.0,,,unknown,
9.877,15:11:05.315,1177.0,1008.0,,,unknown,
9.907,15:11:05.345,1176.0,1007.0,,,unknown,
9.921,15:11:05.359,1176.0,1008.0,,,unknown,
9.937,15:11:05.375,1179.0,1006.0,,,unknown,
9.957,15:11:05.395,1175.0,1006.0,,,unknown,
9.977,15:11:05.415,1177.0,1007.0,,,unknown,
9.997,15:11:05.435,1176.0,1007.0,,,unknown,
10.017,15:11:05.455,1175.0,1008.0,,,unknown,
10.037,15:11:05.475,1177.0,1007.0,,,unknown,
10.057,15:11:05.495,1177.0,1003.0,,,unknown,
10.077,15:11:05.515,1176.0,1005.0,,,unknown,
10.097,15:11:05.535,1179.0,1004.0,,,unknown,
10.117,15:11:05.556,1176.0,1005.0,,,unknown,
10.137,15:11:05.575,1175.0,1004.0,,,unknown,
10.157,15:11:05.596,1171.0,1004.0,,,unknown,
10.177,15:11:05.615,1176.0,1004.0,,,unknown,
10.197,15:11:05.635,1175.0,1003.0,,,unknown,
10.217,15:11:05.655,1175.0,999.0,,,unknown,
10.237,15:11:05.675,1172.0,1003.0,,,unknown,
10.257,15:11:05.695,1172.0,1002.0,,,unknown,
10.277,15:11:05.716,1144.0,1001.0,,,unknown,
10.297,15:11:05.735,1171.0,999.0,,,unknown,
10.317,15:11:05.756,1167.0,1000.0,,,unknown,
10.337,15:11:05.775,1171.0,999.0,,,unknown,
10.361,15:11:05.800,1167.0,999.0,,,unknown,
10.377,15:11:05.815,1171.0,1001.0,,,unknown,
10.397,15:11:05.835,1171.0,998.0,,,unknown,
10.417,15:11:05.856,1167.0,998.0,,,unknown,
10.437,15:11:05.875,1165.0,998.0,,,unknown,
10.457,15:11:05.895,1165.0,998.0,,,unknown,
10.477,15:11:05.915,1160.0,997.0,,,unknown,
10.497,15:11:05.935,1161.0,998.0,,,unknown,
10.517,15:11:05.955,1164.0,996.0,,,unknown,
10.537,15:11:05.975,1165.0,1000.0,,,unknown,
10.557,15:11:05.995,1163.0,995.0,,,unknown,
10.577,15:11:06.015,1165.0,995.0,,,unknown,
10.597,15:11:06.035,1163.0,996.0,,,unknown,
10.617,15:11:06.055,1165.0,996.0,,,unknown,
10.637,15:11:06.076,1173.0,998.0,,,unknown,
10.657,15:11:06.095,1163.0,997.0,,,unknown,
10.677,15:11:06.115,1165.0,995.0,,,unknown,
10.697,15:11:06.135,1165.0,998.0,,,unknown,
10.717,15:11:06.155,1171.0,999.0,,,unknown,
10.738,15:11:06.176,1176.0,1002.0,,,unknown,
10.757,15:11:06.196,1169.0,1003.0,,,unknown,
10.777,15:11:06.216,1173.0,1002.0,,,unknown,
10.797,15:11:06.235,1173.0,1003.0,,,unknown,
10.817,15:11:06.255,1174.0,1004.0,,,unknown,
10.837,15:11:06.275,1173.0,1005.0,,,unknown,
10.857,15:11:06.295,1175.0,1011.0,,,unknown,
10.877,15:11:06.316,1175.0,1007.0,,,unknown,
10.897,15:11:06.335,1170.0,1004.0,,,unknown,
10.917,15:11:06.355,1177.0,1008.0,,,unknown,
10.937,15:11:06.375,1176.0,1010.0,,,unknown,
10.957,15:11:06.395,1176.0,1007.0,,,unknown,
10.977,15:11:06.416,1175.0,1005.0,,,unknown,
10.997,15:11:06.435,1170.0,1005.0,,,unknown,
11.017,15:11:06.455,1177.0,1008.0,,,unknown,
11.037,15:11:06.476,1176.0,1008.0,,,unknown,
11.057,15:11:06.495,1177.0,1009.0,,,unknown,
11.077,15:11:06.516,1177.0,1008.0,,,unknown,
11.097,15:11:06.535,1179.0,1009.0,,,unknown,
11.117,15:11:06.556,1176.0,1008.0,,,unknown,
11.138,15:11:06.576,1180.0,1009.0,,,unknown,
11.157,15:11:06.595,1178.0,1009.0,,,unknown,
11.177,15:11:06.615,1178.0,1008.0,,,unknown,
11.197,15:11:06.636,1179.0,1009.0,,,unknown,
11.217,15:11:06.656,1180.0,1009.0,,,unknown,
11.237,15:11:06.675,1179.0,1009.0,,,unknown,
11.257,15:11:06.696,1179.0,1012.0,,,unknown,
11.277,15:11:06.715,1179.0,1010.0,,,unknown,
11.297,15:11:06.735,1179.0,1009.0,,,unknown,
11.317,15:11:06.756,1177.0,1009.0,,,unknown,
11.337,15:11:06.775,1180.0,1005.0,,,unknown,
11.361,15:11:06.799,1181.0,1010.0,,,unknown,
11.377,15:11:06.816,1179.0,1008.0,,,unknown,
11.397,15:11:06.836,1180.0,1008.0,,,unknown,
11.417,15:11:06.856,1177.0,1005.0,,,unknown,
11.437,15:11:06.875,1179.0,1008.0,,,unknown,
11.457,15:11:06.895,1177.0,1006.0,,,unknown,
11.477,15:11:06.915,1183.0,1009.0,,,unknown,
11.497,15:11:06.936,1179.0,1009.0,,,unknown,
11.517,15:11:06.956,1188.0,1010.0,,,unknown,
11.537,15:11:06.975,1174.0,1009.0,,,unknown,
11.557,15:11:06.996,1181.0,1009.0,,,unknown,
11.577,15:11:07.015,1181.0,1010.0,,,unknown,
11.597,15:11:07.036,1180.0,1008.0,,,unknown,
11.617,15:11:07.056,1183.0,1008.0,,,unknown,
11.637,15:11:07.075,1180.0,1012.0,,,unknown,
11.657,15:11:07.095,1181.0,1013.0,,,unknown,
11.677,15:11:07.116,1181.0,1012.0,,,unknown,
11.713,15:11:07.151,1181.0,1007.0,,,unknown,
11.717,15:11:07.155,1181.0,1010.0,,,unknown,
11.737,15:11:07.175,1180.0,1010.0,,,unknown,
11.757,15:11:07.195,1179.0,1009.0,,,unknown,
11.777,15:11:07.215,1176.0,1008.0,,,unknown,
11.797,15:11:07.235,1179.0,1008.0,,,unknown,
11.817,15:11:07.255,1177.0,1008.0,,,unknown,
11.837,15:11:07.275,1177.0,1009.0,,,unknown,
11.857,15:11:07.295,1176.0,1008.0,,,unknown,
11.877,15:11:07.315,1169.0,1002.0,,,unknown,
11.897,15:11:07.335,1177.0,1007.0,,,unknown,
11.917,15:11:07.355,1177.0,1007.0,,,unknown,
11.937,15:11:07.375,1175.0,1005.0,,,unknown,
11.957,15:11:07.395,1175.0,1005.0,,,unknown,
11.977,15:11:07.415,1177.0,1005.0,,,unknown,
11.997,15:11:07.435,1175.0,1004.0,,,unknown,
12.017,15:11:07.455,1175.0,1005.0,,,unknown,
12.037,15:11:07.475,1173.0,1004.0,,,unknown,
12.057,15:11:07.495,1173.0,1008.0,,,unknown,
12.077,15:11:07.515,1172.0,1002.0,,,unknown,
12.097,15:11:07.535,1173.0,1004.0,,,exhale,
12.117,15:11:07.555,1167.0,1009.0,,,exhale,
12.137,15:11:07.576,1167.0,1005.0,,,exhale,
12.157,15:11:07.595,1177.0,1003.0,,,exhale,
12.177,15:11:07.616,1175.0,1004.0,,,exhale,
12.197,15:11:07.635,1177.0,1005.0,,,exhale,
12.217,15:11:07.655,1174.0,1004.0,,,exhale,
12.237,15:11:07.675,1175.0,1003.0,,,exhale,
12.257,15:11:07.695,1174.0,1005.0,,,exhale,
12.277,15:11:07.715,1176.0,1006.0,,,exhale,
12.297,15:11:07.735,1188.0,1008.0,,,exhale,
12.317,15:11:07.755,1177.0,1007.0,,,exhale,
12.337,15:11:07.775,1178.0,1007.0,,,exhale,
12.361,15:11:07.800,1177.0,1008.0,,,exhale,
12.377,15:11:07.815,1177.0,1010.0,,,exhale,
12.397,15:11:07.835,1183.0,1007.0,,,exhale,
12.417,15:11:07.855,1179.0,1009.0,,,exhale,
12.437,15:11:07.875,1180.0,1010.0,,,exhale,
12.457,15:11:07.895,1193.0,1010.0,,,exhale,
12.477,15:11:07.915,1181.0,1011.0,,,exhale,
12.497,15:11:07.935,1181.0,1011.0,,,exhale,
12.517,15:11:07.955,1181.0,1010.0,,,exhale,
12.537,15:11:07.976,1183.0,1011.0,,,exhale,
12.557,15:11:07.995,1179.0,1009.0,,,exhale,
12.577,15:11:08.015,1181.0,1012.0,,,exhale,
12.597,15:11:08.035,1182.0,1011.0,,,exhale,
12.617,15:11:08.055,1181.0,1011.0,,,exhale,
12.637,15:11:08.075,1181.0,1011.0,,,exhale,
12.657,15:11:08.095,1191.0,1008.0,,,exhale,
12.677,15:11:08.115,1181.0,1010.0,,,exhale,
12.697,15:11:08.135,1181.0,1009.0,,,exhale,
12.717,15:11:08.155,1180.0,1014.0,,,exhale,
12.737,15:11:08.175,1179.0,1010.0,,,exhale,
12.757,15:11:08.195,1177.0,1009.0,,,exhale,
12.777,15:11:08.215,1175.0,1009.0,,,exhale,
12.797,15:11:08.235,1179.0,1009.0,,,exhale,
12.817,15:11:08.255,1184.0,1009.0,,,exhale,
12.837,15:11:08.275,1179.0,1006.0,,,exhale,
12.857,15:11:08.295,1177.0,1008.0,,,exhale,
12.877,15:11:08.315,1160.0,1008.0,,,exhale,
12.897,15:11:08.335,1176.0,1003.0,,,exhale,
12.917,15:11:08.355,1173.0,1006.0,,,exhale,
12.937,15:11:08.375,1175.0,1006.0,,,exhale,
12.957,15:11:08.395,1174.0,1006.0,,,exhale,
12.977,15:11:08.415,1173.0,1005.0,,,exhale,
12.997,15:11:08.435,1175.0,1003.0,,,exhale,
13.017,15:11:08.455,1171.0,1004.0,,,exhale,
13.037,15:11:08.475,1174.0,1007.0,,,exhale,
13.057,15:11:08.495,1175.0,1004.0,,,exhale,
13.077,15:11:08.515,1173.0,1001.0,,,exhale,
13.097,15:11:08.535,1172.0,1003.0,,,exhale,
13.117,15:11:08.555,1175.0,1003.0,,,exhale,
13.137,15:11:08.575,1171.0,1001.0,,,exhale,
13.157,15:11:08.595,1166.0,999.0,,,exhale,
13.177,15:11:08.615,1161.0,999.0,,,exhale,
13.197,15:11:08.635,1171.0,999.0,,,exhale,
13.217,15:11:08.655,1165.0,997.0,,,exhale,
13.237,15:11:08.675,1173.0,1000.0,,,exhale,
13.257,15:11:08.695,1189.0,997.0,,,exhale,
13.277,15:11:08.715,1166.0,1001.0,,,exhale,
13.297,15:11:08.735,1162.0,995.0,,,exhale,
13.317,15:11:08.755,1163.0,995.0,,,exhale,
13.337,15:11:08.775,1176.0,997.0,,,exhale,
13.361,15:11:08.799,1163.0,994.0,,,exhale,
13.377,15:11:08.815,1162.0,995.0,,,exhale,
13.397,15:11:08.835,1165.0,992.0,,,exhale,
13.417,15:11:08.855,1164.0,995.0,,,exhale,
13.437,15:11:08.875,1171.0,997.0,,,exhale,
13.457,15:11:08.895,1163.0,996.0,,,exhale,
13.477,15:11:08.915,1164.0,995.0,,,exhale,
13.497,15:11:08.935,1165.0,996.0,,,exhale,
13.517,15:11:08.955,1163.0,997.0,,,exhale,
13.537,15:11:08.975,1159.0,999.0,,,exhale,
13.557,15:11:08.995,1167.0,996.0,,,exhale,
13.577,15:11:09.015,1165.0,997.0,,,exhale,
13.597,15:11:09.035,1164.0,998.0,,,exhale,
13.617,15:11:09.055,1164.0,997.0,,,exhale,
13.637,15:11:09.075,1163.0,999.0,,,exhale,
13.657,15:11:09.095,1166.0,998.0,,,exhale,
13.677,15:11:09.115,1167.0,999.0,,,exhale,
13.697,15:11:09.135,1173.0,1000.0,,,exhale,
13.717,15:11:09.155,1167.0,999.0,,,exhale,
13.737,15:11:09.175,1167.0,998.0,,,exhale,
13.757,15:11:09.195,1171.0,1000.0,,,exhale,
13.777,15:11:09.215,1170.0,1000.0,,,exhale,
13.797,15:11:09.235,1165.0,996.0,,,exhale,
13.817,15:11:09.255,1167.0,1000.0,,,exhale,
13.837,15:11:09.275,1165.0,1000.0,,,exhale,
13.857,15:11:09.295,1171.0,1000.0,,,exhale,
13.877,15:11:09.315,1169.0,999.0,,,exhale,
13.897,15:11:09.335,1170.0,1000.0,,,exhale,
13.917,15:11:09.355,1170.0,1001.0,,,exhale,
13.937,15:11:09.375,1164.0,995.0,,,exhale,
13.957,15:11:09.395,1167.0,1000.0,,,exhale,
13.977,15:11:09.415,1166.0,1001.0,,,exhale,
13.997,15:11:09.435,1171.0,1002.0,,,exhale,
14.017,15:11:09.455,1171.0,1002.0,,,exhale,
14.037,15:11:09.475,1171.0,1002.0,,,inhale,inhale_onset
14.057,15:11:09.495,1177.0,999.0,,,inhale,
14.077,15:11:09.515,1171.0,999.0,,,inhale,
14.097,15:11:09.535,1171.0,1000.0,,,inhale,
14.117,15:11:09.555,1170.0,1000.0,,,inhale,
14.137,15:11:09.575,1166.0,1003.0,,,inhale,
14.157,15:11:09.595,1167.0,1000.0,,,inhale,
14.177,15:11:09.615,1165.0,1000.0,,,inhale,
14.197,15:11:09.635,1161.0,999.0,,,inhale,
14.217,15:11:09.655,1177.0,999.0,,,inhale,
14.237,15:11:09.675,1163.0,998.0,,,inhale,
14.257,15:11:09.695,1163.0,998.0,,,inhale,
14.277,15:11:09.715,1163.0,998.0,,,inhale,
14.297,15:11:09.735,1166.0,997.0,,,inhale,
14.317,15:11:09.755,1163.0,996.0,,,inhale,
14.337,15:11:09.775,1165.0,997.0,,,inhale,
14.361,15:11:09.800,1163.0,994.0,,,inhale,
14.377,15:11:09.815,1162.0,995.0,,,inhale,
14.397,15:11:09.835,1163.0,994.0,,,inhale,
14.417,15:11:09.855,1167.0,995.0,,,inhale,
14.437,15:11:09.875,1161.0,993.0,,,inhale,
14.457,15:11:09.895,1159.0,995.0,,,inhale,
14.477,15:11:09.915,1158.0,989.0,,,inhale,
14.497,15:11:09.935,1159.0,991.0,,,inhale,
14.517,15:11:09.955,1158.0,990.0,,,inhale,
14.537,15:11:09.975,1157.0,990.0,,,inhale,
14.557,15:11:09.995,1157.0,987.0,,,inhale,
14.577,15:11:10.015,1165.0,988.0,,,inhale,
14.597,15:11:10.035,1158.0,990.0,,,inhale,
14.617,15:11:10.055,1159.0,991.0,,,inhale,
14.637,15:11:10.076,1151.0,988.0,,,inhale,
14.657,15:11:10.095,1159.0,990.0,,,inhale,
14.677,15:11:10.115,1165.0,994.0,,,inhale,
14.697,15:11:10.136,1159.0,990.0,,,inhale,
14.717,15:11:10.155,1159.0,991.0,,,inhale,
14.737,15:11:10.175,1159.0,991.0,,,inhale,
14.757,15:11:10.195,1159.0,992.0,,,inhale,
14.777,15:11:10.215,1157.0,991.0,,,inhale,
14.797,15:11:10.235,1151.0,990.0,,,inhale,
14.817,15:11:10.255,1159.0,992.0,,,inhale,
14.837,15:11:10.276,1149.0,991.0,,,inhale,
14.857,15:11:10.295,1159.0,992.0,,,inhale,
14.877,15:11:10.315,1152.0,991.0,,,inhale,
14.897,15:11:10.335,1159.0,991.0,,,inhale,
14.917,15:11:10.355,1159.0,991.0,,,inhale,
14.938,15:11:10.376,1143.0,992.0,,,inhale,
14.957,15:11:10.395,1159.0,994.0,,,inhale,
14.977,15:11:10.415,1159.0,987.0,,,inhale,
14.997,15:11:10.435,1159.0,994.0,,,inhale,
15.017,15:11:10.455,1159.0,995.0,,,inhale,
15.037,15:11:10.475,1159.0,993.0,,,inhale,
15.057,15:11:10.495,1160.0,992.0,,,inhale,
15.077,15:11:10.515,1157.0,999.0,,,inhale,
15.097,15:11:10.535,1157.0,992.0,,,inhale,
15.117,15:11:10.555,1157.0,995.0,,,inhale,
15.137,15:11:10.575,1159.0,992.0,,,inhale,
15.157,15:11:10.595,1160.0,993.0,,,inhale,
15.177,15:11:10.615,1163.0,992.0,,,inhale,
15.197,15:11:10.635,1147.0,993.0,,,inhale,
15.217,15:11:10.655,1161.0,990.0,,,inhale,
15.237,15:11:10.675,1160.0,989.0,,,inhale,
15.257,15:11:10.695,1157.0,988.0,,,inhale,
15.277,15:11:10.715,1151.0,987.0,,,inhale,
15.297,15:11:10.735,1157.0,991.0,,,inhale,
15.317,15:11:10.755,1158.0,996.0,,,inhale,
15.337,15:11:10.775,1171.0,990.0,,,inhale,
15.361,15:11:10.799,1170.0,991.0,,,inhale,
15.377,15:11:10.815,1134.0,988.0,,,inhale,
15.397,15:11:10.835,1157.0,989.0,,,inhale,
15.417,15:11:10.855,1151.0,986.0,,,inhale,
15.437,15:11:10.875,1157.0,987.0,,,inhale,
15.457,15:11:10.895,1162.0,989.0,,,inhale,
15.477,15:11:10.915,1159.0,986.0,,,inhale,
15.497,15:11:10.935,1150.0,986.0,,,inhale,
15.517,15:11:10.955,1150.0,985.0,,,inhale,
15.537,15:11:10.975,1151.0,984.0,,,inhale,
15.562,15:11:11.000,1161.0,985.0,,,inhale,
15.580,15:11:11.018,1159.0,983.0,,,inhale,
15.597,15:11:11.035,1149.0,982.0,,,inhale,
15.617,15:11:11.055,1161.0,988.0,,,inhale,
15.637,15:11:11.075,1160.0,984.0,,,inhale,
15.657,15:11:11.095,1151.0,983.0,,,inhale,
15.677,15:11:11.115,1149.0,983.0,,,inhale,
15.697,15:11:11.135,1149.0,982.0,,,inhale,
15.717,15:11:11.155,1139.0,977.0,,,inhale,
15.737,15:11:11.175,1149.0,982.0,,,inhale,
15.757,15:11:11.195,1147.0,982.0,,,inhale,
15.777,15:11:11.215,1147.0,982.0,,,inhale,
15.797,15:11:11.235,1150.0,982.0,,,inhale,
15.817,15:11:11.255,1147.0,982.0,,,inhale,
15.837,15:11:11.275,1146.0,982.0,,,inhale,
15.857,15:11:11.295,1145.0,981.0,,,inhale,
15.877,15:11:11.315,1135.0,986.0,,,inhale,
15.897,15:11:11.335,1146.0,981.0,,,inhale,
15.918,15:11:11.356,1145.0,982.0,,,inhale,
15.937,15:11:11.375,1147.0,983.0,,,inhale,
15.957,15:11:11.395,1145.0,982.0,,,inhale,
15.977,15:11:11.415,1147.0,985.0,,,inhale,
15.997,15:11:11.435,1145.0,982.0,,,inhale,
16.017,15:11:11.455,1145.0,981.0,,,inhale,
16.037,15:11:11.475,1144.0,981.0,,,inhale,
16.057,15:11:11.495,1145.0,981.0,,,inhale,
16.077,15:11:11.515,1132.0,980.0,,,inhale,
16.097,15:11:11.535,1167.0,981.0,,,inhale,
16.117,15:11:11.555,1142.0,980.0,,,inhale,
16.137,15:11:11.575,1143.0,978.0,,,inhale,
16.157,15:11:11.595,1142.0,980.0,,,inhale,
16.177,15:11:11.615,1144.0,980.0,,,inhale,
16.197,15:11:11.635,1144.0,979.0,,,inhale,
16.217,15:11:11.655,1143.0,979.0,,,inhale,
16.237,15:11:11.676,1142.0,980.0,,,inhale,
16.257,15:11:11.695,1143.0,980.0,,,inhale,
16.277,15:11:11.715,1148.0,981.0,,,inhale,
16.297,15:11:11.735,1145.0,983.0,,,inhale,
16.317,15:11:11.756,1147.0,985.0,,,inhale,
16.337,15:11:11.775,1148.0,981.0,,,inhale,
16.361,15:11:11.800,1146.0,982.0,,,inhale,
16.377,15:11:11.815,1149.0,983.0,,,inhale,
16.397,15:11:11.835,1148.0,982.0,,,inhale,
16.417,15:11:11.855,1157.0,985.0,,,inhale,
16.437,15:11:11.875,1157.0,985.0,,,inhale,
16.457,15:11:11.895,1151.0,986.0,,,inhale,
16.477,15:11:11.915,1158.0,987.0,,,inhale,
16.497,15:11:11.935,1156.0,986.0,,,inhale,
16.517,15:11:11.955,1157.0,991.0,,,inhale,
16.538,15:11:11.976,1151.0,990.0,,,inhale,
16.557,15:11:11.995,1158.0,993.0,,,inhale,
16.577,15:11:12.015,1225.0,995.0,,,inhale,
16.597,15:11:12.035,1167.0,993.0,,,inhale,
16.617,15:11:12.055,1161.0,994.0,,,inhale,
16.637,15:11:12.075,1160.0,993.0,,,inhale,
16.657,15:11:12.095,1161.0,998.0,,,inhale,
16.677,15:11:12.115,1162.0,995.0,,,inhale,
16.697,15:11:12.135,1161.0,995.0,,,inhale,
16.717,15:11:12.155,1162.0,994.0,,,inhale,
16.737,15:11:12.176,1161.0,994.0,,,inhale,
16.757,15:11:12.195,1161.0,991.0,,,inhale,
16.777,15:11:12.215,1161.0,995.0,,,inhale,
16.797,15:11:12.235,1160.0,994.0,,,inhale,
16.817,15:11:12.255,1161.0,995.0,,,inhale,
16.837,15:11:12.275,1163.0,994.0,,,inhale,
16.857,15:11:12.295,1161.0,997.0,,,inhale,
16.877,15:11:12.315,1161.0,995.0,,,inhale,
16.897,15:11:12.335,1163.0,995.0,,,inhale,
16.917,15:11:12.355,1159.0,994.0,,,inhale,
16.937,15:11:12.375,1161.0,995.0,,,inhale,
16.957,15:11:12.395,1160.0,992.0,,,inhale,
16.977,15:11:12.415,1159.0,994.0,,,inhale,
16.997,15:11:12.435,1161.0,993.0,,,inhale,
17.017,15:11:12.455,1159.0,988.0,,,inhale,
17.037,15:11:12.475,1159.0,993.0,,,inhale,
17.057,15:11:12.495,1161.0,994.0,,,inhale,
17.077,15:11:12.515,1159.0,992.0,,,inhale,
17.097,15:11:12.535,1160.0,993.0,,,inhale,
17.117,15:11:12.555,1159.0,991.0,,,inhale,
17.137,15:11:12.575,1151.0,992.0,,,inhale,
17.157,15:11:12.595,1157.0,992.0,,,inhale,
17.177,15:11:12.615,1157.0,994.0,,,inhale,
17.197,15:11:12.635,1159.0,988.0,,,inhale,
17.217,15:11:12.655,1157.0,988.0,,,inhale,
17.237,15:11:12.675,1152.0,987.0,,,inhale,
17.257,15:11:12.695,1158.0,987.0,,,inhale,
17.277,15:11:12.715,1166.0,983.0,,,inhale,
17.297,15:11:12.735,1147.0,986.0,,,inhale,
17.317,15:11:12.755,1157.0,984.0,,,inhale,
17.337,15:11:12.775,1157.0,985.0,,,inhale,
17.361,15:11:12.800,1147.0,983.0,,,inhale,
17.377,15:11:12.815,1158.0,981.0,,,inhale,
17.397,15:11:12.835,1149.0,982.0,,,inhale,
17.417,15:11:12.855,1146.0,983.0,,,inhale,
17.437,15:11:12.876,1148.0,981.0,,,inhale,
17.457,15:11:12.895,1148.0,982.0,,,exhale,exhale_onset
17.478,15:11:12.916,1147.0,983.0,,,exhale,
17.497,15:11:12.935,1148.0,982.0,,,exhale,
17.517,15:11:12.955,1150.0,982.0,,,exhale,
17.537,15:11:12.975,1158.0,986.0,,,exhale,
17.557,15:11:12.995,1147.0,982.0,,,exhale,
17.577,15:11:13.015,1147.0,982.0,,,exhale,
17.597,15:11:13.035,1147.0,982.0,,,exhale,
17.617,15:11:13.055,1149.0,983.0,,,exhale,
17.637,15:11:13.075,1140.0,982.0,,,exhale,
17.657,15:11:13.095,1151.0,984.0,,,exhale,
17.677,15:11:13.115,1157.0,987.0,,,exhale,
17.697,15:11:13.135,1151.0,987.0,,,exhale,
17.717,15:11:13.155,1162.0,990.0,,,exhale,
17.737,15:11:13.175,1160.0,990.0,,,exhale,
17.757,15:11:13.195,1159.0,991.0,,,exhale,
17.777,15:11:13.215,1157.0,985.0,,,exhale,
17.797,15:11:13.235,1151.0,985.0,,,exhale,
17.817,15:11:13.255,1151.0,985.0,,,exhale,
17.837,15:11:13.275,1149.0,984.0,,,exhale,
17.857,15:11:13.295,1149.0,985.0,,,exhale,
17.877,15:11:13.315,1149.0,984.0,,,exhale,
17.897,15:11:13.335,1145.0,984.0,,,exhale,
17.917,15:11:13.355,1149.0,983.0,,,exhale,
17.937,15:11:13.375,1147.0,982.0,,,exhale,
17.957,15:11:13.395,1148.0,979.0,,,exhale,
17.977,15:11:13.415,1148.0,982.0,,,exhale,
17.997,15:11:13.435,1147.0,985.0,,,exhale,
18.017,15:11:13.455,1147.0,982.0,,,exhale,
18.037,15:11:13.475,1146.0,982.0,,,exhale,
18.057,15:11:13.495,1144.0,981.0,,,exhale,
18.077,15:11:13.515,1145.0,981.0,,,exhale,
18.097,15:11:13.535,1132.0,981.0,,,exhale,
18.117,15:11:13.555,1143.0,980.0,,,exhale,
18.137,15:11:13.575,1145.0,981.0,,,exhale,
18.157,15:11:13.595,1135.0,979.0,,,exhale,
18.177,15:11:13.615,1144.0,979.0,,,exhale,
18.197,15:11:13.635,1144.0,980.0,,,exhale,
18.217,15:11:13.655,1141.0,981.0,,,exhale,
18.237,15:11:13.675,1141.0,978.0,,,exhale,
18.257,15:11:13.695,1139.0,977.0,,,exhale,
18.277,15:11:13.715,1143.0,980.0,,,exhale,
18.297,15:11:13.735,1144.0,979.0,,,exhale,
18.317,15:11:13.755,1144.0,979.0,,,exhale,
18.337,15:11:13.775,1144.0,979.0,,,exhale,
18.361,15:11:13.799,1144.0,978.0,,,exhale,
18.377,15:11:13.815,1143.0,979.0,,,exhale,
18.397,15:11:13.835,1142.0,978.0,,,exhale,
18.417,15:11:13.855,1149.0,978.0,,,exhale,
18.437,15:11:13.875,1143.0,978.0,,,exhale,
18.457,15:11:13.895,1144.0,979.0,,,exhale,
18.477,15:11:13.915,1140.0,976.0,,,exhale,
18.497,15:11:13.935,1141.0,979.0,,,exhale,
18.517,15:11:13.955,1144.0,977.0,,,exhale,
18.537,15:11:13.975,1144.0,979.0,,,exhale,
18.557,15:11:13.995,1143.0,981.0,,,exhale,
18.577,15:11:14.015,1144.0,979.0,,,exhale,
18.597,15:11:14.035,1139.0,978.0,,,exhale,
18.617,15:11:14.055,1140.0,978.0,,,exhale,
18.637,15:11:14.076,1165.0,978.0,,,exhale,
18.657,15:11:14.095,1141.0,977.0,,,exhale,
18.677,15:11:14.115,1133.0,973.0,,,exhale,
18.697,15:11:14.135,1134.0,976.0,,,exhale,
18.717,15:11:14.155,1141.0,974.0,,,exhale,
18.737,15:11:14.175,1141.0,975.0,,,exhale,
18.757,15:11:14.195,1139.0,976.0,,,exhale,
18.777,15:11:14.215,1131.0,973.0,,,exhale,
18.797,15:11:14.235,1139.0,974.0,,,exhale,
18.817,15:11:14.255,1139.0,975.0,,,exhale,
18.837,15:11:14.275,1135.0,974.0,,,exhale,
18.857,15:11:14.295,1135.0,973.0,,,exhale,
18.877,15:11:14.315,1135.0,973.0,,,exhale,
18.897,15:11:14.335,1135.0,973.0,,,exhale,
18.917,15:11:14.355,1139.0,973.0,,,exhale,
18.938,15:11:14.376,1125.0,974.0,,,exhale,
18.957,15:11:14.395,1139.0,972.0,,,exhale,
18.977,15:11:14.415,1135.0,977.0,,,exhale,
18.997,15:11:14.435,1135.0,975.0,,,exhale,
19.017,15:11:14.455,1140.0,976.0,,,exhale,
19.037,15:11:14.475,1139.0,977.0,,,exhale,
19.057,15:11:14.495,1144.0,977.0,,,exhale,
19.077,15:11:14.515,1109.0,978.0,,,exhale,
19.097,15:11:14.535,1141.0,975.0,,,exhale,
19.117,15:11:14.555,1143.0,978.0,,,exhale,
19.138,15:11:14.576,1149.0,980.0,,,exhale,
19.157,15:11:14.595,1143.0,981.0,,,exhale,
19.177,15:11:14.615,1141.0,980.0,,,exhale,
19.197,15:11:14.635,1145.0,977.0,,,exhale,
19.217,15:11:14.655,1145.0,982.0,,,inhale,inhale_onset
19.237,15:11:14.675,1147.0,981.0,,,inhale,
19.263,15:11:14.701,1146.0,983.0,,,inhale,
19.277,15:11:14.715,1146.0,982.0,,,inhale,
19.297,15:11:14.735,1157.0,979.0,,,inhale,
19.317,15:11:14.755,1149.0,982.0,,,inhale,
19.337,15:11:14.775,1145.0,979.0,,,inhale,
19.361,15:11:14.799,1147.0,982.0,,,inhale,
19.377,15:11:14.815,1149.0,983.0,,,inhale,
19.397,15:11:14.835,1151.0,983.0,,,inhale,
19.417,15:11:14.855,1150.0,985.0,,,inhale,
19.437,15:11:14.875,1150.0,985.0,,,inhale,
19.457,15:11:14.895,1157.0,984.0,,,inhale,
19.477,15:11:14.915,1150.0,985.0,,,inhale,
19.497,15:11:14.935,1157.0,987.0,,,inhale,
19.517,15:11:14.955,1158.0,986.0,,,inhale,
19.537,15:11:14.975,1151.0,987.0,,,inhale,
19.557,15:11:14.995,1161.0,991.0,,,inhale,
19.577,15:11:15.015,1158.0,992.0,,,inhale,
19.597,15:11:15.035,1158.0,987.0,,,inhale,
19.617,15:11:15.055,1151.0,986.0,,,inhale,
19.637,15:11:15.075,1157.0,984.0,,,inhale,
19.657,15:11:15.095,1163.0,985.0,,,inhale,
19.677,15:11:15.115,1151.0,983.0,,,inhale,
19.697,15:11:15.135,1165.0,984.0,,,inhale,
19.717,15:11:15.155,1149.0,983.0,,,inhale,
19.737,15:11:15.175,1148.0,984.0,,,inhale,
19.757,15:11:15.195,1149.0,982.0,,,inhale,
19.777,15:11:15.215,1149.0,979.0,,,inhale,
19.797,15:11:15.235,1148.0,983.0,,,inhale,
19.817,15:11:15.255,1141.0,984.0,,,inhale,
19.837,15:11:15.275,1095.0,982.0,,,inhale,
19.857,15:11:15.295,1145.0,982.0,,,inhale,
19.877,15:11:15.315,1123.0,978.0,,,inhale,
19.897,15:11:15.336,1147.0,981.0,,,inhale,
19.917,15:11:15.355,1145.0,980.0,,,inhale,
19.937,15:11:15.375,1145.0,980.0,,,inhale,
19.957,15:11:15.395,1145.0,981.0,,,inhale,
19.977,15:11:15.415,1145.0,982.0,,,inhale,
19.997,15:11:15.436,1145.0,981.0,,,inhale,
20.017,15:11:15.455,1143.0,980.0,,,inhale,
20.037,15:11:15.476,1143.0,974.0,,,inhale,
20.057,15:11:15.495,1150.0,979.0,,,inhale,
20.077,15:11:15.515,1134.0,978.0,,,inhale,
20.097,15:11:15.535,1142.0,978.0,,,inhale,
20.117,15:11:15.555,1143.0,977.0,,,inhale,
20.137,15:11:15.575,1143.0,977.0,,,inhale,
20.157,15:11:15.595,1143.0,978.0,,,inhale,
20.177,15:11:15.615,1132.0,977.0,,,inhale,
20.197,15:11:15.635,1141.0,977.0,,,inhale,
20.217,15:11:15.655,1141.0,977.0,,,inhale,
20.237,15:11:15.675,1141.0,978.0,,,inhale,
20.257,15:11:15.695,1141.0,977.0,,,inhale,
20.277,15:11:15.715,1145.0,977.0,,,inhale,
20.297,15:11:15.735,1140.0,980.0,,,inhale,
20.317,15:11:15.755,1141.0,977.0,,,inhale,
20.337,15:11:15.775,1131.0,977.0,,,inhale,
20.361,15:11:15.800,1145.0,978.0,,,inhale,
20.377,15:11:15.815,1141.0,978.0,,,inhale,
20.397,15:11:15.835,1141.0,977.0,,,inhale,
20.417,15:11:15.855,1143.0,978.0,,,inhale,
20.437,15:11:15.875,1143.0,973.0,,,exhale,exhale_onset
20.457,15:11:15.895,1141.0,978.0,,,exhale,
20.477,15:11:15.915,1143.0,978.0,,,exhale,
20.497,15:11:15.935,1142.0,979.0,,,exhale,
20.517,15:11:15.955,1141.0,977.0,,,exhale,
20.537,15:11:15.975,1143.0,978.0,,,exhale,
20.557,15:11:15.995,1146.0,977.0,,,exhale,
20.577,15:11:16.015,1141.0,979.0,,,exhale,
20.597,15:11:16.035,1148.0,978.0,,,exhale,
20.617,15:11:16.055,1143.0,978.0,,,exhale,
20.637,15:11:16.075,1142.0,978.0,,,exhale,
20.657,15:11:16.095,1142.0,977.0,,,exhale,
20.677,15:11:16.115,1139.0,977.0,,,exhale,
20.697,15:11:16.135,1143.0,977.0,,,exhale,
20.717,15:11:16.155,1141.0,977.0,,,exhale,
20.737,15:11:16.175,1143.0,977.0,,,exhale,
20.757,15:11:16.195,1140.0,977.0,,,exhale,
20.777,15:11:16.215,1139.0,976.0,,,exhale,
20.797,15:11:16.235,1142.0,978.0,,,exhale,
20.817,15:11:16.255,1139.0,976.0,,,exhale,
20.837,15:11:16.275,1139.0,974.0,,,exhale,
20.857,15:11:16.295,1135.0,972.0,,,exhale,
20.877,15:11:16.315,1135.0,975.0,,,exhale,
20.897,15:11:16.335,1139.0,974.0,,,exhale,
20.917,15:11:16.355,1139.0,973.0,,,exhale,
20.937,15:11:16.375,1135.0,975.0,,,exhale,
20.957,15:11:16.395,1127.0,973.0,,,exhale,
20.977,15:11:16.415,1183.0,977.0,,,exhale,
20.997,15:11:16.436,1141.0,975.0,,,exhale,
21.017,15:11:16.455,1139.0,975.0,,,exhale,
21.037,15:11:16.475,1139.0,975.0,,,exhale,
21.057,15:11:16.495,1139.0,972.0,,,exhale,
21.077,15:11:16.515,1139.0,978.0,,,exhale,
21.097,15:11:16.535,1141.0,973.0,,,exhale,
21.117,15:11:16.555,1135.0,975.0,,,exhale,
21.137,15:11:16.575,1135.0,971.0,,,exhale,
21.157,15:11:16.595,1135.0,975.0,,,exhale,
21.177,15:11:16.615,1135.0,972.0,,,exhale,
21.197,15:11:16.635,1131.0,972.0,,,exhale,
21.217,15:11:16.655,1132.0,974.0,,,exhale,
21.237,15:11:16.675,1133.0,971.0,,,exhale,
21.257,15:11:16.695,1132.0,971.0,,,exhale,
21.277,15:11:16.715,1133.0,969.0,,,exhale,
21.297,15:11:16.735,1133.0,968.0,,,exhale,
21.317,15:11:16.755,1125.0,968.0,,,exhale,
21.338,15:11:16.776,1193.0,967.0,,,exhale,
21.361,15:11:16.800,1134.0,969.0,,,exhale,
21.377,15:11:16.815,1131.0,968.0,,,exhale,
21.397,15:11:16.835,1126.0,973.0,,,exhale,
21.417,15:11:16.855,1131.0,967.0,,,exhale,
21.437,15:11:16.875,1134.0,966.0,,,exhale,
21.457,15:11:16.895,1131.0,966.0,,,exhale,
21.477,15:11:16.915,1133.0,969.0,,,exhale,
21.497,15:11:16.935,1128.0,967.0,,,exhale,
21.517,15:11:16.955,1129.0,968.0,,,exhale,
21.537,15:11:16.975,1127.0,967.0,,,exhale,
21.557,15:11:16.995,1129.0,966.0,,,exhale,
21.577,15:11:17.015,1131.0,964.0,,,exhale,
21.597,15:11:17.035,1128.0,966.0,,,exhale,
21.617,15:11:17.055,1129.0,967.0,,,exhale,
21.637,15:11:17.075,1133.0,967.0,,,exhale,
21.657,15:11:17.095,1131.0,967.0,,,exhale,
21.678,15:11:17.116,1131.0,964.0,,,exhale,
21.697,15:11:17.135,1131.0,967.0,,,exhale,
21.717,15:11:17.155,1131.0,968.0,,,exhale,
21.737,15:11:17.175,1125.0,968.0,,,exhale,
21.757,15:11:17.195,1133.0,966.0,,,exhale,
21.777,15:11:17.215,1135.0,971.0,,,exhale,
21.797,15:11:17.235,1135.0,971.0,,,exhale,
21.817,15:11:17.255,1123.0,972.0,,,exhale,
21.837,15:11:17.275,1145.0,975.0,,,exhale,
21.857,15:11:17.295,1135.0,973.0,,,exhale,
21.877,15:11:17.316,1139.0,974.0,,,exhale,
21.897,15:11:17.335,1140.0,976.0,,,exhale,
21.917,15:11:17.355,1141.0,977.0,,,exhale,
21.937,15:11:17.375,1143.0,978.0,,,exhale,
21.957,15:11:17.395,1141.0,978.0,,,inhale,inhale_onset
21.977,15:11:17.415,1147.0,979.0,,,inhale,
21.997,15:11:17.435,1146.0,979.0,,,inhale,
22.017,15:11:17.455,1144.0,980.0,,,inhale,
22.037,15:11:17.476,1145.0,981.0,,,inhale,
22.057,15:11:17.495,1147.0,981.0,,,inhale,
22.077,15:11:17.515,1145.0,981.0,,,inhale,
22.097,15:11:17.535,1149.0,980.0,,,inhale,
22.117,15:11:17.555,1146.0,982.0,,,inhale,
22.137,15:11:17.575,1147.0,982.0,,,inhale,
22.157,15:11:17.595,1149.0,982.0,,,inhale,
22.177,15:11:17.615,1148.0,983.0,,,inhale,
22.197,15:11:17.635,1144.0,985.0,,,inhale,
22.217,15:11:17.656,1149.0,985.0,,,inhale,
22.237,15:11:17.675,1150.0,985.0,,,inhale,
22.257,15:11:17.695,1151.0,987.0,,,inhale,
22.277,15:11:17.715,1151.0,986.0,,,inhale,
22.298,15:11:17.736,1150.0,987.0,,,inhale,
22.317,15:11:17.755,1151.0,988.0,,,inhale,
22.337,15:11:17.775,1150.0,988.0,,,inhale,
22.361,15:11:17.799,1162.0,989.0,,,inhale,
22.377,15:11:17.815,1145.0,988.0,,,inhale,
22.397,15:11:17.835,1151.0,987.0,,,inhale,
22.417,15:11:17.855,1159.0,988.0,,,inhale,
22.437,15:11:17.875,1151.0,988.0,,,inhale,
22.457,15:11:17.895,1158.0,986.0,,,inhale,
22.477,15:11:17.915,1157.0,983.0,,,inhale,
22.497,15:11:17.935,1151.0,986.0,,,inhale,
22.517,15:11:17.955,1157.0,986.0,,,inhale,
22.546,15:11:17.985,1151.0,985.0,,,inhale,
22.563,15:11:18.001,1149.0,988.0,,,inhale,
22.577,15:11:18.015,1151.0,984.0,,,inhale,
22.597,15:11:18.035,1148.0,985.0,,,inhale,
22.617,15:11:18.055,1149.0,983.0,,,inhale,
22.637,15:11:18.075,1149.0,982.0,,,inhale,
22.657,15:11:18.095,1146.0,983.0,,,inhale,
22.677,15:11:18.115,1149.0,982.0,,,inhale,
22.697,15:11:18.135,1149.0,982.0,,,inhale,
22.717,15:11:18.155,1135.0,980.0,,,inhale,
22.737,15:11:18.175,1145.0,981.0,,,inhale,
22.757,15:11:18.195,1145.0,981.0,,,inhale,
22.777,15:11:18.215,1145.0,982.0,,,inhale,
22.797,15:11:18.235,1145.0,981.0,,,inhale,
22.817,15:11:18.255,1145.0,981.0,,,inhale,
22.837,15:11:18.275,1145.0,981.0,,,inhale,
22.857,15:11:18.295,1141.0,981.0,,,inhale,
22.877,15:11:18.315,1135.0,981.0,,,inhale,
22.897,15:11:18.335,1145.0,982.0,,,inhale,
22.917,15:11:18.355,1144.0,984.0,,,inhale,
22.937,15:11:18.375,1143.0,980.0,,,inhale,
22.958,15:11:18.396,1143.0,978.0,,,inhale,
22.977,15:11:18.415,1149.0,976.0,,,inhale,
22.997,15:11:18.435,1139.0,978.0,,,inhale,
23.017,15:11:18.455,1144.0,978.0,,,inhale,
23.037,15:11:18.475,1142.0,978.0,,,inhale,
23.057,15:11:18.495,1141.0,978.0,,,inhale,
23.077,15:11:18.515,1143.0,979.0,,,inhale,
23.097,15:11:18.536,1142.0,977.0,,,inhale,
23.117,15:11:18.555,1143.0,977.0,,,inhale,
23.137,15:11:18.575,1133.0,976.0,,,inhale,
23.157,15:11:18.596,1143.0,977.0,,,exhale,exhale_onset
23.177,15:11:18.615,1143.0,978.0,,,exhale,
23.197,15:11:18.635,1145.0,979.0,,,exhale,
23.217,15:11:18.655,1142.0,977.0,,,exhale,
23.237,15:11:18.675,1145.0,975.0,,,exhale,
23.257,15:11:18.695,1141.0,980.0,,,exhale,
23.277,15:11:18.715,1133.0,979.0,,,exhale,
23.297,15:11:18.735,1143.0,979.0,,,exhale,
23.317,15:11:18.755,1143.0,976.0,,,exhale,
23.337,15:11:18.775,1143.0,980.0,,,exhale,
23.361,15:11:18.799,1144.0,981.0,,,exhale,
23.377,15:11:18.815,1145.0,981.0,,,exhale,
23.397,15:11:18.835,1143.0,984.0,,,exhale,
23.417,15:11:18.855,1145.0,981.0,,,exhale,
23.437,15:11:18.875,1143.0,980.0,,,exhale,
23.457,15:11:18.895,1147.0,980.0,,,exhale,
23.477,15:11:18.915,1145.0,980.0,,,exhale,
23.497,15:11:18.935,1141.0,981.0,,,exhale,
23.517,15:11:18.955,1143.0,980.0,,,exhale,
23.537,15:11:18.975,1140.0,979.0,,,exhale,
23.557,15:11:18.995,1144.0,979.0,,,exhale,
23.577,15:11:19.015,1085.0,978.0,,,exhale,
23.597,15:11:19.035,1143.0,978.0,,,exhale,
23.617,15:11:19.055,1142.0,978.0,,,exhale,
23.637,15:11:19.075,1143.0,978.0,,,exhale,
23.657,15:11:19.095,1129.0,975.0,,,exhale,
23.677,15:11:19.115,1140.0,976.0,,,exhale,
23.697,15:11:19.135,1139.0,975.0,,,exhale,
23.717,15:11:19.155,1141.0,976.0,,,exhale,
23.737,15:11:19.175,1138.0,985.0,,,exhale,
23.757,15:11:19.195,1141.0,975.0,,,exhale,
23.777,15:11:19.215,1139.0,975.0,,,exhale,
23.797,15:11:19.235,1133.0,974.0,,,exhale,
23.817,15:11:19.255,1139.0,974.0,,,exhale,
23.837,15:11:19.275,1136.0,974.0,,,exhale,
23.857,15:11:19.295,1133.0,974.0,,,exhale,
23.877,15:11:19.315,1141.0,973.0,,,exhale,
23.897,15:11:19.335,1139.0,975.0,,,exhale,
23.917,15:11:19.355,1136.0,976.0,,,exhale,
23.937,15:11:19.375,1138.0,973.0,,,exhale,
23.957,15:11:19.395,1139.0,974.0,,,exhale,
23.977,15:11:19.416,1135.0,974.0,,,exhale,
23.997,15:11:19.435,1135.0,972.0,,,exhale,
24.017,15:11:19.455,1142.0,973.0,,,exhale,
24.037,15:11:19.475,1133.0,976.0,,,exhale,
24.057,15:11:19.495,1134.0,972.0,,,exhale,
24.077,15:11:19.515,1133.0,972.0,,,exhale,
24.097,15:11:19.535,1135.0,972.0,,,exhale,
24.117,15:11:19.555,1141.0,974.0,,,exhale,
24.137,15:11:19.575,1138.0,973.0,,,exhale,
24.157,15:11:19.595,1139.0,973.0,,,exhale,
24.177,15:11:19.615,1138.0,972.0,,,exhale,
24.197,15:11:19.635,1131.0,971.0,,,exhale,
24.217,15:11:19.655,1135.0,972.0,,,exhale,
24.237,15:11:19.675,1132.0,969.0,,,exhale,
24.257,15:11:19.695,1131.0,969.0,,,exhale,
24.277,15:11:19.715,1132.0,969.0,,,exhale,
24.297,15:11:19.735,1132.0,969.0,,,exhale,
24.317,15:11:19.755,1132.0,969.0,,,exhale,
24.337,15:11:19.775,1131.0,967.0,,,exhale,
24.361,15:11:19.800,1131.0,968.0,,,exhale,
24.377,15:11:19.815,1126.0,967.0,,,exhale,
24.397,15:11:19.835,1131.0,968.0,,,exhale,
24.417,15:11:19.855,1131.0,967.0,,,exhale,
24.437,15:11:19.875,1131.0,967.0,,,exhale,
24.457,15:11:19.895,1129.0,967.0,,,exhale,
24.477,15:11:19.915,1126.0,966.0,,,exhale,
24.497,15:11:19.935,1129.0,966.0,,,exhale,
24.517,15:11:19.955,1125.0,965.0,,,exhale,
24.537,15:11:19.975,1127.0,964.0,,,exhale,
24.557,15:11:19.995,1128.0,966.0,,,exhale,
24.577,15:11:20.015,1129.0,962.0,,,exhale,
24.597,15:11:20.036,1128.0,966.0,,,exhale,
24.617,15:11:20.055,1129.0,966.0,,,exhale,
24.637,15:11:20.075,1116.0,964.0,,,exhale,
24.657,15:11:20.095,1128.0,965.0,,,exhale,
24.677,15:11:20.115,1129.0,966.0,,,exhale,
24.697,15:11:20.135,1128.0,966.0,,,exhale,
24.717,15:11:20.156,1131.0,967.0,,,exhale,
24.737,15:11:20.175,1129.0,967.0,,,exhale,
24.757,15:11:20.195,1132.0,965.0,,,exhale,
24.777,15:11:20.215,1133.0,968.0,,,exhale,
24.797,15:11:20.235,1127.0,970.0,,,exhale,
24.817,15:11:20.255,1135.0,973.0,,,exhale,
24.837,15:11:20.275,1134.0,973.0,,,exhale,
24.857,15:11:20.295,1139.0,974.0,,,exhale,
24.877,15:11:20.315,1138.0,975.0,,,exhale,
24.897,15:11:20.335,1134.0,974.0,,,exhale,
24.917,15:11:20.355,1140.0,977.0,,,exhale,
24.937,15:11:20.376,1139.0,977.0,,,exhale,
24.957,15:11:20.395,1143.0,978.0,,,exhale,
24.977,15:11:20.415,1144.0,979.0,,,inhale,inhale_onset
24.998,15:11:20.436,1145.0,980.0,,,inhale,
25.017,15:11:20.455,1145.0,981.0,,,inhale,
25.037,15:11:20.475,1107.0,981.0,,,inhale,
25.057,15:11:20.495,1139.0,982.0,,,inhale,
25.077,15:11:20.515,1255.0,981.0,,,inhale,
25.097,15:11:20.535,1148.0,982.0,,,inhale,
25.117,15:11:20.555,1149.0,983.0,,,inhale,
25.137,15:11:20.575,1151.0,987.0,,,inhale,
25.157,15:11:20.595,1175.0,984.0,,,inhale,
25.177,15:11:20.615,1149.0,985.0,,,inhale,
25.197,15:11:20.635,1150.0,985.0,,,inhale,
25.217,15:11:20.655,1151.0,987.0,,,inhale,
25.237,15:11:20.675,1157.0,984.0,,,inhale,
25.257,15:11:20.695,1159.0,991.0,,,inhale,
25.277,15:11:20.715,1159.0,992.0,,,inhale,
25.297,15:11:20.735,1160.0,993.0,,,inhale,
25.317,15:11:20.755,1163.0,993.0,,,inhale,
25.337,15:11:20.775,1162.0,995.0,,,inhale,
25.361,15:11:20.800,1162.0,995.0,,,inhale,
25.377,15:11:20.815,1163.0,999.0,,,inhale,
25.397,15:11:20.835,1164.0,996.0,,,inhale,
25.417,15:11:20.855,1160.0,994.0,,,inhale,
25.437,15:11:20.875,1163.0,996.0,,,inhale,
25.457,15:11:20.895,1163.0,996.0,,,inhale,
25.477,15:11:20.915,1164.0,997.0,,,inhale,
25.497,15:11:20.935,1165.0,996.0,,,inhale,
25.517,15:11:20.955,1171.0,995.0,,,inhale,
25.538,15:11:20.976,1171.0,1001.0,,,inhale,
25.557,15:11:20.995,1167.0,996.0,,,inhale,
25.577,15:11:21.015,1161.0,993.0,,,inhale,
25.597,15:11:21.036,1164.0,996.0,,,inhale,
25.617,15:11:21.055,1165.0,996.0,,,inhale,
25.637,15:11:21.075,1161.0,996.0,,,inhale,
25.657,15:11:21.096,1164.0,1001.0,,,inhale,
25.677,15:11:21.115,1163.0,998.0,,,inhale,
25.697,15:11:21.135,1165.0,998.0,,,inhale,
25.717,15:11:21.155,1162.0,995.0,,,inhale,
25.737,15:11:21.175,1163.0,995.0,,,inhale,
25.757,15:11:21.195,1163.0,995.0,,,inhale,
25.777,15:11:21.215,1159.0,993.0,,,inhale,
25.797,15:11:21.235,1165.0,996.0,,,inhale,
25.817,15:11:21.255,1167.0,998.0,,,inhale,
25.839,15:11:21.278,1165.0,995.0,,,inhale,
25.858,15:11:21.296,1164.0,998.0,,,inhale,
25.877,15:11:21.315,1165.0,996.0,,,inhale,
25.897,15:11:21.335,1165.0,998.0,,,inhale,
25.917,15:11:21.355,1165.0,997.0,,,inhale,
25.937,15:11:21.375,1173.0,999.0,,,inhale,
25.957,15:11:21.395,1165.0,997.0,,,inhale,
25.977,15:11:21.415,1099.0,997.0,,,inhale,
25.997,15:11:21.435,1164.0,996.0,,,inhale,
26.029,15:11:21.468,1163.0,997.0,,,inhale,
26.040,15:11:21.478,1165.0,998.0,,,inhale,
26.057,15:11:21.495,1161.0,995.0,,,inhale,
26.077,15:11:21.515,1162.0,997.0,,,inhale,
26.097,15:11:21.535,1163.0,995.0,,,inhale,
26.117,15:11:21.555,1164.0,994.0,,,inhale,
26.137,15:11:21.575,1161.0,994.0,,,inhale,
26.157,15:11:21.595,1245.0,994.0,,,inhale,
26.177,15:11:21.615,1160.0,994.0,,,inhale,
26.197,15:11:21.635,1160.0,996.0,,,inhale,
26.217,15:11:21.655,1161.0,990.0,,,inhale,
26.237,15:11:21.675,1161.0,990.0,,,exhale,exhale_onset
26.257,15:11:21.695,1159.0,992.0,,,exhale,
26.277,15:11:21.715,1159.0,992.0,,,exhale,
26.297,15:11:21.735,1162.0,990.0,,,exhale,
26.317,15:11:21.755,1159.0,992.0,,,exhale,
26.338,15:11:21.776,1157.0,991.0,,,exhale,
26.361,15:11:21.799,1159.0,990.0,,,exhale,
26.377,15:11:21.815,1157.0,991.0,,,exhale,
26.397,15:11:21.835,1159.0,992.0,,,exhale,
26.417,15:11:21.855,1159.0,993.0,,,exhale,
26.437,15:11:21.875,1160.0,993.0,,,exhale,
26.457,15:11:21.895,1163.0,990.0,,,exhale,
26.477,15:11:21.915,1160.0,992.0,,,exhale,
26.497,15:11:21.935,1159.0,994.0,,,exhale,
26.517,15:11:21.955,1164.0,993.0,,,exhale,
26.537,15:11:21.975,1159.0,994.0,,,exhale,
26.557,15:11:21.995,1161.0,993.0,,,exhale,
26.577,15:11:22.015,1163.0,994.0,,,exhale,
26.597,15:11:22.035,1163.0,995.0,,,exhale,
26.617,15:11:22.056,1163.0,998.0,,,exhale,
26.637,15:11:22.076,1163.0,993.0,,,exhale,
26.657,15:11:22.095,1163.0,997.0,,,exhale,
26.677,15:11:22.115,1159.0,994.0,,,exhale,
26.697,15:11:22.135,1162.0,994.0,,,exhale,
26.717,15:11:22.155,1163.0,991.0,,,exhale,
26.737,15:11:22.175,1161.0,997.0,,,exhale,
26.757,15:11:22.195,1161.0,994.0,,,exhale,
26.778,15:11:22.216,1159.0,994.0,,,exhale,
26.797,15:11:22.235,1161.0,998.0,,,exhale,
26.818,15:11:22.256,1165.0,995.0,,,exhale,
26.840,15:11:22.278,1161.0,995.0,,,exhale,
26.857,15:11:22.295,1163.0,995.0,,,exhale,
26.877,15:11:22.315,1160.0,995.0,,,exhale,
26.897,15:11:22.335,1163.0,994.0,,,exhale,
26.917,15:11:22.355,1163.0,993.0,,,exhale,
26.937,15:11:22.375,1163.0,994.0,,,exhale,
26.957,15:11:22.396,1160.0,994.0,,,exhale,
26.977,15:11:22.415,1162.0,990.0,,,exhale,
26.997,15:11:22.435,1159.0,994.0,,,exhale,
27.017,15:11:22.455,1161.0,995.0,,,exhale,
27.037,15:11:22.475,1161.0,993.0,,,exhale,
27.057,15:11:22.495,1160.0,992.0,,,exhale,
27.077,15:11:22.515,1161.0,990.0,,,exhale,
27.097,15:11:22.535,1161.0,993.0,,,exhale,
27.117,15:11:22.555,1161.0,997.0,,,exhale,
27.137,15:11:22.575,1161.0,995.0,,,exhale,
27.157,15:11:22.595,1159.0,992.0,,,exhale,
27.177,15:11:22.616,1163.0,995.0,,,exhale,
27.197,15:11:22.635,1158.0,985.0,,,exhale,
27.217,15:11:22.656,1159.0,989.0,,,exhale,
27.237,15:11:22.675,1157.0,989.0,,,exhale,
27.257,15:11:22.695,1157.0,988.0,,,exhale,
27.277,15:11:22.715,1175.0,984.0,,,exhale,
27.297,15:11:22.735,1150.0,986.0,,,exhale,
27.317,15:11:22.755,1149.0,982.0,,,exhale,
27.337,15:11:22.776,1144.0,982.0,,,exhale,
27.361,15:11:22.799,1151.0,985.0,,,exhale,
27.377,15:11:22.815,1131.0,985.0,,,exhale,
27.397,15:11:22.836,1149.0,982.0,,,exhale,
27.417,15:11:22.855,1148.0,985.0,,,exhale,
27.438,15:11:22.876,1160.0,980.0,,,exhale,
27.457,15:11:22.895,1148.0,982.0,,,exhale,
27.477,15:11:22.915,1151.0,980.0,,,exhale,
27.497,15:11:22.935,1147.0,981.0,,,exhale,
27.517,15:11:22.956,1147.0,979.0,,,exhale,
27.537,15:11:22.975,1147.0,982.0,,,exhale,
27.557,15:11:22.995,1147.0,981.0,,,exhale,
27.577,15:11:23.015,1145.0,981.0,,,exhale,
27.597,15:11:23.035,1140.0,981.0,,,exhale,
27.617,15:11:23.055,1147.0,982.0,,,exhale,
27.637,15:11:23.075,1147.0,982.0,,,exhale,
27.657,15:11:23.096,1149.0,982.0,,,exhale,
27.677,15:11:23.115,1144.0,982.0,,,exhale,
27.697,15:11:23.135,1139.0,980.0,,,exhale,
27.717,15:11:23.155,1144.0,984.0,,,exhale,
27.737,15:11:23.175,1142.0,981.0,,,exhale,
27.757,15:11:23.195,1145.0,983.0,,,exhale,
27.777,15:11:23.215,1143.0,978.0,,,exhale,
27.797,15:11:23.235,1143.0,980.0,,,exhale,
27.817,15:11:23.255,1145.0,980.0,,,exhale,
27.838,15:11:23.276,1141.0,980.0,,,exhale,
27.857,15:11:23.296,1132.0,979.0,,,exhale,
27.877,15:11:23.315,1143.0,979.0,,,exhale,
27.897,15:11:23.335,1143.0,979.0,,,exhale,
27.917,15:11:23.355,1143.0,978.0,,,exhale,
27.937,15:11:23.375,1145.0,977.0,,,exhale,
27.957,15:11:23.396,1143.0,981.0,,,exhale,
27.977,15:11:23.415,1141.0,977.0,,,exhale,
27.997,15:11:23.435,1139.0,976.0,,,exhale,
28.018,15:11:23.456,1141.0,976.0,,,exhale,
28.038,15:11:23.476,1140.0,976.0,,,exhale,
28.057,15:11:23.496,1143.0,976.0,,,exhale,
28.077,15:11:23.515,1139.0,976.0,,,exhale,
28.097,15:11:23.536,1141.0,976.0,,,exhale,
28.117,15:11:23.555,1151.0,976.0,,,exhale,
28.137,15:11:23.575,1143.0,978.0,,,exhale,
28.157,15:11:23.595,1141.0,980.0,,,exhale,
28.177,15:11:23.615,1144.0,980.0,,,exhale,
28.197,15:11:23.635,1145.0,981.0,,,exhale,
28.217,15:11:23.655,1151.0,980.0,,,exhale,
28.237,15:11:23.675,1145.0,981.0,,,exhale,
28.257,15:11:23.695,1148.0,979.0,,,exhale,
28.277,15:11:23.715,1147.0,978.0,,,exhale,
28.297,15:11:23.735,1145.0,982.0,,,exhale,
28.317,15:11:23.756,1147.0,982.0,,,exhale,
28.337,15:11:23.776,1149.0,985.0,,,exhale,
28.361,15:11:23.800,1149.0,984.0,,,exhale,
28.377,15:11:23.815,1151.0,985.0,,,exhale,
28.397,15:11:23.835,1157.0,985.0,,,exhale,
28.417,15:11:23.855,1151.0,986.0,,,exhale,
28.437,15:11:23.876,1151.0,987.0,,,exhale,
28.457,15:11:23.895,1157.0,988.0,,,inhale,inhale_onset
28.477,15:11:23.915,1145.0,990.0,,,inhale,
28.497,15:11:23.935,1157.0,986.0,,,inhale,
28.517,15:11:23.955,1157.0,989.0,,,inhale,
28.537,15:11:23.975,1159.0,994.0,,,inhale,
28.557,15:11:23.995,1159.0,988.0,,,inhale,
28.577,15:11:24.015,1163.0,991.0,,,inhale,
28.597,15:11:24.035,1160.0,991.0,,,inhale,
28.617,15:11:24.055,1160.0,993.0,,,inhale,
28.658,15:11:24.096,1161.0,993.0,,,inhale,
28.658,15:11:24.097,1160.0,994.0,,,inhale,
28.677,15:11:24.115,1159.0,994.0,,,inhale,
28.697,15:11:24.135,1159.0,994.0,,,inhale,
28.717,15:11:24.155,1161.0,995.0,,,inhale,
28.737,15:11:24.175,1163.0,988.0,,,inhale,
28.757,15:11:24.195,1160.0,994.0,,,inhale,
28.777,15:11:24.215,1161.0,994.0,,,inhale,
28.797,15:11:24.235,1163.0,995.0,,,inhale,
28.817,15:11:24.255,1163.0,995.0,,,inhale,
28.837,15:11:24.275,1125.0,997.0,,,inhale,
28.857,15:11:24.295,1163.0,994.0,,,inhale,
28.877,15:11:24.315,1163.0,997.0,,,inhale,
28.897,15:11:24.335,1165.0,997.0,,,inhale,
28.917,15:11:24.355,1163.0,995.0,,,inhale,
28.937,15:11:24.375,1164.0,996.0,,,inhale,
28.957,15:11:24.395,1165.0,996.0,,,inhale,
28.977,15:11:24.415,1163.0,995.0,,,inhale,
28.997,15:11:24.435,1151.0,993.0,,,inhale,
29.017,15:11:24.455,1164.0,995.0,,,inhale,
29.038,15:11:24.476,1162.0,995.0,,,inhale,
29.057,15:11:24.496,1163.0,1001.0,,,inhale,
29.077,15:11:24.516,1160.0,1000.0,,,inhale,
29.097,15:11:24.535,1171.0,994.0,,,inhale,
29.118,15:11:24.556,1163.0,995.0,,,inhale,
29.137,15:11:24.575,1161.0,992.0,,,inhale,
29.157,15:11:24.595,1161.0,995.0,,,inhale,
29.177,15:11:24.615,1161.0,994.0,,,inhale,
29.197,15:11:24.635,1163.0,994.0,,,inhale,
29.217,15:11:24.655,1162.0,992.0,,,inhale,
29.237,15:11:24.675,1163.0,998.0,,,inhale,
29.257,15:11:24.696,1149.0,989.0,,,inhale,
29.277,15:11:24.715,1162.0,993.0,,,inhale,
29.297,15:11:24.735,1160.0,993.0,,,inhale,
29.317,15:11:24.756,1172.0,995.0,,,inhale,
29.337,15:11:24.776,1160.0,993.0,,,inhale,
29.361,15:11:24.799,1144.0,992.0,,,inhale,
29.377,15:11:24.815,1161.0,992.0,,,inhale,
29.397,15:11:24.835,1159.0,992.0,,,inhale,
29.429,15:11:24.867,1160.0,992.0,,,inhale,
29.437,15:11:24.876,1158.0,991.0,,,inhale,
29.457,15:11:24.895,1159.0,990.0,,,inhale,
29.477,15:11:24.915,1162.0,992.0,,,inhale,
29.497,15:11:24.935,1157.0,989.0,,,inhale,
29.517,15:11:24.955,1171.0,992.0,,,inhale,
29.537,15:11:24.975,1157.0,987.0,,,inhale,
29.557,15:11:24.995,1157.0,987.0,,,inhale,
29.577,15:11:25.015,1150.0,987.0,,,inhale,
29.597,15:11:25.035,1157.0,986.0,,,inhale,
29.617,15:11:25.055,1157.0,988.0,,,inhale,
29.637,15:11:25.075,1149.0,986.0,,,inhale,
29.657,15:11:25.095,1157.0,984.0,,,inhale,
29.677,15:11:25.115,1158.0,990.0,,,exhale,exhale_onset
29.697,15:11:25.135,1157.0,987.0,,,exhale,
29.717,15:11:25.155,1163.0,986.0,,,exhale,
29.737,15:11:25.175,1149.0,984.0,,,exhale,
29.757,15:11:25.195,1151.0,984.0,,,exhale,
29.777,15:11:25.215,1149.0,983.0,,,exhale,
29.797,15:11:25.235,1148.0,983.0,,,exhale,
29.817,15:11:25.255,1146.0,983.0,,,exhale,
29.837,15:11:25.275,1147.0,984.0,,,exhale,
29.857,15:11:25.295,1151.0,983.0,,,exhale,
29.877,15:11:25.315,1159.0,984.0,,,exhale,
29.897,15:11:25.335,1149.0,983.0,,,exhale,
29.917,15:11:25.355,1149.0,983.0,,,exhale,
29.937,15:11:25.375,1149.0,984.0,,,exhale,
29.957,15:11:25.395,1149.0,983.0,,,exhale,
29.977,15:11:25.415,1149.0,985.0,,,exhale,
29.997,15:11:25.435,1148.0,982.0,,,exhale,
30.017,15:11:25.455,1148.0,987.0,,,exhale,
30.037,15:11:25.475,1149.0,986.0,,,exhale,
30.057,15:11:25.495,1151.0,984.0,,,exhale,
30.077,15:11:25.515,1151.0,985.0,,,exhale,
30.097,15:11:25.535,1151.0,986.0,,,exhale,
30.117,15:11:25.555,1151.0,984.0,,,exhale,
30.137,15:11:25.575,1148.0,984.0,,,exhale,
30.157,15:11:25.595,1150.0,984.0,,,exhale,
30.177,15:11:25.615,1151.0,987.0,,,exhale,
30.197,15:11:25.635,1149.0,988.0,,,exhale,
30.217,15:11:25.655,1159.0,987.0,,,exhale,
30.237,15:11:25.675,1165.0,988.0,,,exhale,
30.257,15:11:25.695,1157.0,987.0,,,exhale,
30.277,15:11:25.715,1151.0,989.0,,,exhale,
30.297,15:11:25.735,1164.0,988.0,,,exhale,
30.317,15:11:25.755,1157.0,992.0,,,exhale,
30.337,15:11:25.775,1157.0,991.0,,,exhale,
30.361,15:11:25.800,1163.0,990.0,,,exhale,
30.377,15:11:25.815,1157.0,989.0,,,exhale,
30.397,15:11:25.835,1163.0,988.0,,,exhale,
30.417,15:11:25.855,1149.0,990.0,,,exhale,
30.437,15:11:25.875,1157.0,988.0,,,exhale,
30.457,15:11:25.895,1159.0,989.0,,,exhale,
30.477,15:11:25.915,1159.0,988.0,,,exhale,
30.497,15:11:25.935,1156.0,988.0,,,exhale,
30.517,15:11:25.955,1157.0,991.0,,,exhale,
30.537,15:11:25.975,1157.0,991.0,,,exhale,
30.557,15:11:25.995,1157.0,991.0,,,exhale,
30.577,15:11:26.015,1159.0,993.0,,,exhale,
30.597,15:11:26.035,1157.0,991.0,,,exhale,
30.617,15:11:26.055,1157.0,990.0,,,exhale,
30.637,15:11:26.075,1159.0,988.0,,,exhale,
30.657,15:11:26.095,1144.0,987.0,,,exhale,
30.677,15:11:26.115,1158.0,985.0,,,exhale,
30.697,15:11:26.135,1149.0,986.0,,,exhale,
30.717,15:11:26.155,1159.0,987.0,,,exhale,
30.737,15:11:26.175,1161.0,986.0,,,exhale,
30.757,15:11:26.195,1151.0,986.0,,,exhale,
30.777,15:11:26.215,1151.0,983.0,,,exhale,
30.797,15:11:26.235,1149.0,989.0,,,exhale,
30.817,15:11:26.255,1151.0,986.0,,,exhale,
30.837,15:11:26.275,1157.0,987.0,,,exhale,
30.857,15:11:26.295,1148.0,986.0,,,exhale,
30.877,15:11:26.315,1149.0,985.0,,,exhale,
30.897,15:11:26.335,1157.0,987.0,,,inhale,inhale_onset
30.917,15:11:26.355,1143.0,986.0,,,inhale,
30.937,15:11:26.375,1149.0,985.0,,,inhale,
30.958,15:11:26.396,1146.0,983.0,,,inhale,
30.977,15:11:26.415,1148.0,981.0,,,inhale,
30.997,15:11:26.435,1158.0,980.0,,,inhale,
31.017,15:11:26.455,1146.0,986.0,,,inhale,
31.037,15:11:26.475,1148.0,983.0,,,inhale,
31.057,15:11:26.495,1147.0,982.0,,,inhale,
31.077,15:11:26.515,1119.0,982.0,,,inhale,
31.097,15:11:26.535,1149.0,983.0,,,inhale,
31.117,15:11:26.555,1151.0,980.0,,,inhale,
31.137,15:11:26.575,1147.0,985.0,,,inhale,
31.157,15:11:26.595,1145.0,981.0,,,inhale,
31.177,15:11:26.615,1135.0,983.0,,,inhale,
31.197,15:11:26.635,1145.0,982.0,,,inhale,
31.217,15:11:26.655,1143.0,981.0,,,inhale,
31.237,15:11:26.675,1143.0,980.0,,,inhale,
31.257,15:11:26.696,1144.0,980.0,,,inhale,
31.277,15:11:26.715,1143.0,978.0,,,inhale,
31.297,15:11:26.735,1142.0,979.0,,,inhale,
31.317,15:11:26.755,1143.0,978.0,,,inhale,
31.337,15:11:26.775,1142.0,978.0,,,inhale,
31.361,15:11:26.800,1141.0,977.0,,,inhale,
31.377,15:11:26.815,1144.0,975.0,,,inhale,
31.397,15:11:26.835,1151.0,977.0,,,inhale,
31.417,15:11:26.855,1140.0,979.0,,,inhale,
31.437,15:11:26.875,1139.0,974.0,,,inhale,
31.457,15:11:26.895,1141.0,977.0,,,inhale,
31.477,15:11:26.915,1141.0,976.0,,,inhale,
31.497,15:11:26.936,1139.0,977.0,,,inhale,
31.517,15:11:26.955,1139.0,973.0,,,inhale,
31.537,15:11:26.975,1141.0,976.0,,,inhale,
31.557,15:11:26.995,1139.0,971.0,,,inhale,
31.577,15:11:27.015,1141.0,973.0,,,inhale,
31.597,15:11:27.036,1133.0,974.0,,,inhale,
31.617,15:11:27.055,1143.0,975.0,,,inhale,
31.637,15:11:27.075,1143.0,976.0,,,inhale,
31.657,15:11:27.095,1140.0,976.0,,,inhale,
31.677,15:11:27.115,1141.0,975.0,,,inhale,
31.698,15:11:27.136,1144.0,974.0,,,inhale,
31.717,15:11:27.155,1135.0,976.0,,,inhale,
31.737,15:11:27.175,1139.0,975.0,,,inhale,
31.757,15:11:27.195,1135.0,975.0,,,inhale,
31.777,15:11:27.215,1134.0,976.0,,,inhale,
31.797,15:11:27.235,1141.0,975.0,,,inhale,
31.817,15:11:27.255,1135.0,974.0,,,inhale,
31.837,15:11:27.275,1142.0,975.0,,,inhale,
31.857,15:11:27.295,1141.0,975.0,,,inhale,
31.877,15:11:27.315,1135.0,974.0,,,inhale,
31.897,15:11:27.335,1139.0,974.0,,,inhale,
31.917,15:11:27.355,1136.0,974.0,,,inhale,
31.938,15:11:27.376,1139.0,974.0,,,inhale,
31.957,15:11:27.395,1135.0,974.0,,,inhale,
31.977,15:11:27.415,1139.0,974.0,,,inhale,
31.997,15:11:27.435,1132.0,973.0,,,inhale,
32.017,15:11:27.455,1135.0,972.0,,,inhale,
32.037,15:11:27.475,1133.0,971.0,,,inhale,
32.057,15:11:27.495,1131.0,973.0,,,inhale,
32.077,15:11:27.515,1135.0,970.0,,,inhale,
32.097,15:11:27.535,1139.0,972.0,,,inhale,
32.117,15:11:27.555,1135.0,971.0,,,inhale,
32.137,15:11:27.575,1135.0,972.0,,,inhale,
32.157,15:11:27.595,1134.0,970.0,,,inhale,
32.177,15:11:27.615,1135.0,973.0,,,inhale,
32.197,15:11:27.635,1139.0,966.0,,,inhale,
32.217,15:11:27.655,1138.0,973.0,,,inhale,
32.237,15:11:27.675,1141.0,974.0,,,inhale,
32.257,15:11:27.695,1136.0,974.0,,,inhale,
32.277,15:11:27.715,1141.0,976.0,,,inhale,
32.297,15:11:27.735,1141.0,976.0,,,inhale,
32.317,15:11:27.755,1131.0,974.0,,,inhale,
32.337,15:11:27.775,1141.0,978.0,,,inhale,
32.361,15:11:27.800,1141.0,977.0,,,inhale,
32.377,15:11:27.815,1144.0,978.0,,,inhale,
32.397,15:11:27.835,1142.0,981.0,,,inhale,
32.417,15:11:27.855,1151.0,978.0,,,inhale,
32.437,15:11:27.875,1144.0,981.0,,,inhale,
32.457,15:11:27.895,1145.0,981.0,,,inhale,
32.477,15:11:27.915,1145.0,979.0,,,inhale,
32.497,15:11:27.935,1147.0,982.0,,,inhale,
32.517,15:11:27.955,1147.0,983.0,,,inhale,
32.537,15:11:27.975,1147.0,982.0,,,inhale,
32.557,15:11:27.995,1147.0,979.0,,,inhale,
32.577,15:11:28.015,1145.0,986.0,,,inhale,
32.597,15:11:28.035,1147.0,983.0,,,inhale,
32.617,15:11:28.055,1149.0,983.0,,,inhale,
32.637,15:11:28.075,1149.0,983.0,,,inhale,
32.657,15:11:28.095,1147.0,985.0,,,inhale,
32.677,15:11:28.115,1149.0,989.0,,,inhale,
32.697,15:11:28.135,1158.0,985.0,,,inhale,
32.717,15:11:28.155,1143.0,985.0,,,inhale,
32.738,15:11:28.176,1151.0,985.0,,,inhale,
32.757,15:11:28.195,1151.0,986.0,,,inhale,
32.777,15:11:28.215,1167.0,987.0,,,inhale,
32.797,15:11:28.235,1157.0,987.0,,,inhale,
32.817,15:11:28.255,1157.0,988.0,,,inhale,
32.837,15:11:28.275,1143.0,986.0,,,inhale,
32.857,15:11:28.295,1151.0,989.0,,,inhale,
32.879,15:11:28.317,1151.0,994.0,,,inhale,
32.897,15:11:28.335,1159.0,989.0,,,inhale,
32.917,15:11:28.355,1160.0,989.0,,,inhale,
32.937,15:11:28.375,1159.0,990.0,,,inhale,
32.957,15:11:28.395,1160.0,991.0,,,inhale,
32.977,15:11:28.415,1159.0,994.0,,,inhale,
32.997,15:11:28.435,1157.0,992.0,,,inhale,
33.017,15:11:28.455,1161.0,995.0,,,inhale,
33.037,15:11:28.475,1163.0,991.0,,,inhale,
33.057,15:11:28.495,1151.0,999.0,,,inhale,
33.077,15:11:28.515,1167.0,992.0,,,inhale,
33.097,15:11:28.535,1162.0,995.0,,,inhale,
33.117,15:11:28.555,1159.0,993.0,,,inhale,
33.137,15:11:28.575,1159.0,994.0,,,inhale,
33.157,15:11:28.595,1161.0,994.0,,,inhale,
33.177,15:11:28.615,1159.0,995.0,,,inhale,
33.197,15:11:28.635,1163.0,992.0,,,inhale,
33.217,15:11:28.655,1160.0,993.0,,,inhale,
33.237,15:11:28.675,1159.0,991.0,,,inhale,
33.257,15:11:28.695,1151.0,990.0,,,inhale,
33.277,15:11:28.715,1159.0,988.0,,,inhale,
33.297,15:11:28.735,1161.0,990.0,,,inhale,
33.317,15:11:28.755,1157.0,990.0,,,inhale,
33.337,15:11:28.775,1159.0,990.0,,,inhale,
33.361,15:11:28.800,1157.0,988.0,,,inhale,
33.377,15:11:28.815,1157.0,989.0,,,inhale,
33.397,15:11:28.835,1171.0,988.0,,,inhale,
33.417,15:11:28.855,1151.0,986.0,,,inhale,
33.437,15:11:28.875,1151.0,990.0,,,inhale,
33.457,15:11:28.895,1147.0,989.0,,,inhale,
33.477,15:11:28.915,1149.0,985.0,,,inhale,
33.497,15:11:28.935,1151.0,986.0,,,inhale,
33.517,15:11:28.955,1149.0,985.0,,,inhale,
33.537,15:11:28.975,1141.0,984.0,,,inhale,
33.557,15:11:28.995,1148.0,984.0,,,inhale,
33.577,15:11:29.015,1149.0,984.0,,,inhale,
33.597,15:11:29.035,1147.0,982.0,,,inhale,
33.617,15:11:29.055,1147.0,982.0,,,inhale,
33.637,15:11:29.075,1147.0,982.0,,,exhale,exhale_onset
33.657,15:11:29.095,1148.0,982.0,,,exhale,
33.677,15:11:29.115,1145.0,985.0,,,exhale,
33.697,15:11:29.135,1147.0,983.0,,,exhale,
33.717,15:11:29.155,1139.0,983.0,,,exhale,
33.737,15:11:29.175,1147.0,984.0,,,exhale,
33.757,15:11:29.195,1144.0,982.0,,,exhale,
33.777,15:11:29.215,1171.0,982.0,,,exhale,
33.797,15:11:29.235,1145.0,981.0,,,exhale,
33.817,15:11:29.255,1143.0,981.0,,,exhale,
33.837,15:11:29.275,1149.0,981.0,,,exhale,
33.857,15:11:29.295,1149.0,982.0,,,exhale,
33.877,15:11:29.315,1151.0,979.0,,,exhale,
33.897,15:11:29.335,1148.0,981.0,,,exhale,
33.917,15:11:29.355,1145.0,976.0,,,exhale,
33.937,15:11:29.375,1148.0,981.0,,,exhale,
33.957,15:11:29.395,1145.0,984.0,,,exhale,
33.977,15:11:29.415,1144.0,978.0,,,exhale,
33.997,15:11:29.435,1147.0,984.0,,,exhale,
34.017,15:11:29.455,1146.0,982.0,,,exhale,
34.037,15:11:29.475,1147.0,982.0,,,exhale,
34.057,15:11:29.495,1145.0,981.0,,,exhale,
34.077,15:11:29.515,1093.0,982.0,,,exhale,
34.097,15:11:29.535,1149.0,984.0,,,exhale,
34.117,15:11:29.555,1149.0,982.0,,,exhale,
34.137,15:11:29.575,1150.0,984.0,,,exhale,
34.157,15:11:29.595,1155.0,984.0,,,exhale,
34.177,15:11:29.615,1147.0,985.0,,,exhale,
34.197,15:11:29.635,1151.0,986.0,,,exhale,
34.217,15:11:29.655,1157.0,987.0,,,exhale,
34.237,15:11:29.675,1159.0,986.0,,,exhale,
34.257,15:11:29.695,1159.0,987.0,,,exhale,
34.277,15:11:29.715,1151.0,987.0,,,exhale,
34.298,15:11:29.736,1165.0,990.0,,,exhale,
34.317,15:11:29.755,1157.0,989.0,,,exhale,
34.337,15:11:29.775,1160.0,995.0,,,exhale,
34.361,15:11:29.800,1157.0,994.0,,,exhale,
34.377,15:11:29.815,1157.0,985.0,,,exhale,
34.397,15:11:29.836,1159.0,994.0,,,exhale,
34.417,15:11:29.855,1163.0,986.0,,,exhale,
34.437,15:11:29.875,1165.0,990.0,,,exhale,
34.457,15:11:29.895,1158.0,989.0,,,exhale,
34.477,15:11:29.915,1159.0,990.0,,,exhale,
34.497,15:11:29.935,1157.0,990.0,,,exhale,
34.517,15:11:29.955,1158.0,989.0,,,exhale,
34.537,15:11:29.975,1157.0,987.0,,,exhale,
34.557,15:11:29.995,1151.0,988.0,,,exhale,
34.579,15:11:30.017,1151.0,988.0,,,exhale,
34.597,15:11:30.035,1147.0,986.0,,,exhale,
34.617,15:11:30.055,1148.0,986.0,,,exhale,
34.637,15:11:30.075,1150.0,986.0,,,exhale,
34.657,15:11:30.095,1149.0,984.0,,,exhale,
34.677,15:11:30.115,1151.0,983.0,,,exhale,
34.697,15:11:30.135,1157.0,985.0,,,exhale,
34.717,15:11:30.155,1150.0,982.0,,,exhale,
34.737,15:11:30.175,1150.0,983.0,,,exhale,
34.757,15:11:30.195,1148.0,983.0,,,exhale,
34.777,15:11:30.215,1159.0,982.0,,,exhale,
34.797,15:11:30.235,1147.0,984.0,,,exhale,
34.817,15:11:30.255,1151.0,982.0,,,exhale,
34.838,15:11:30.276,1144.0,981.0,,,exhale,
34.857,15:11:30.295,1147.0,983.0,,,exhale,
34.877,15:11:30.315,1144.0,981.0,,,exhale,
34.898,15:11:30.336,1143.0,981.0,,,exhale,
34.917,15:11:30.355,1145.0,981.0,,,exhale,
34.937,15:11:30.375,1144.0,978.0,,,exhale,
34.957,15:11:30.395,1157.0,985.0,,,exhale,
34.977,15:11:30.415,1145.0,981.0,,,exhale,
34.997,15:11:30.435,1151.0,980.0,,,exhale,
35.017,15:11:30.455,1145.0,980.0,,,exhale,
35.037,15:11:30.476,1144.0,980.0,,,exhale,
35.057,15:11:30.495,1143.0,980.0,,,exhale,
35.077,15:11:30.515,1145.0,978.0,,,exhale,
35.097,15:11:30.535,1141.0,979.0,,,exhale,
35.117,15:11:30.555,1146.0,981.0,,,exhale,
35.137,15:11:30.575,1141.0,980.0,,,exhale,
35.157,15:11:30.595,1142.0,978.0,,,exhale,
35.177,15:11:30.615,1142.0,979.0,,,exhale,
35.197,15:11:30.635,1143.0,978.0,,,exhale,
35.217,15:11:30.655,1150.0,978.0,,,exhale,
35.237,15:11:30.675,1143.0,977.0,,,exhale,
35.257,15:11:30.695,1141.0,978.0,,,exhale,
35.277,15:11:30.715,1141.0,983.0,,,exhale,
35.297,15:11:30.735,1142.0,977.0,,,exhale,
35.317,15:11:30.755,1141.0,980.0,,,exhale,
35.337,15:11:30.775,1140.0,977.0,,,exhale,
35.361,15:11:30.800,1140.0,976.0,,,exhale,
35.377,15:11:30.815,1146.0,977.0,,,exhale,
35.397,15:11:30.835,1139.0,976.0,,,exhale,
35.417,15:11:30.855,1139.0,976.0,,,exhale,
35.437,15:11:30.875,1139.0,975.0,,,exhale,
35.457,15:11:30.895,1136.0,974.0,,,exhale,
35.477,15:11:30.915,1141.0,971.0,,,exhale,
35.497,15:11:30.935,1141.0,974.0,,,exhale,
35.517,15:11:30.955,1137.0,974.0,,,exhale,
35.537,15:11:30.975,1139.0,973.0,,,exhale,
35.557,15:11:30.995,1138.0,972.0,,,exhale,
35.577,15:11:31.015,1134.0,974.0,,,exhale,
35.597,15:11:31.035,1139.0,973.0,,,exhale,
35.617,15:11:31.055,1133.0,969.0,,,exhale,
35.637,15:11:31.075,1133.0,972.0,,,exhale,
35.657,15:11:31.095,1135.0,972.0,,,exhale,
35.677,15:11:31.115,1133.0,975.0,,,exhale,
35.697,15:11:31.135,1135.0,971.0,,,exhale,
35.717,15:11:31.155,1148.0,971.0,,,exhale,
35.737,15:11:31.176,1134.0,968.0,,,exhale,
35.757,15:11:31.195,1133.0,972.0,,,exhale,
35.777,15:11:31.215,1135.0,973.0,,,exhale,
35.797,15:11:31.235,1141.0,978.0,,,exhale,
35.817,15:11:31.255,1139.0,973.0,,,exhale,
35.837,15:11:31.275,1143.0,974.0,,,exhale,
35.857,15:11:31.295,1136.0,976.0,,,exhale,
35.877,15:11:31.315,1139.0,975.0,,,exhale,
35.897,15:11:31.335,1135.0,978.0,,,exhale,
35.917,15:11:31.355,1142.0,978.0,,,exhale,
35.937,15:11:31.375,1134.0,978.0,,,exhale,
35.957,15:11:31.395,1143.0,979.0,,,exhale,
35.977,15:11:31.415,1145.0,984.0,,,exhale,
35.997,15:11:31.435,1143.0,983.0,,,exhale,
36.017,15:11:31.455,1145.0,981.0,,,exhale,
36.038,15:11:31.476,1144.0,981.0,,,exhale,
36.057,15:11:31.495,1191.0,981.0,,,exhale,
36.077,15:11:31.515,1145.0,980.0,,,inhale,inhale_onset
36.098,15:11:31.537,1149.0,983.0,,,inhale,
36.117,15:11:31.555,1145.0,978.0,,,inhale,
36.137,15:11:31.575,1149.0,982.0,,,inhale,
36.157,15:11:31.595,1146.0,983.0,,,inhale,
36.177,15:11:31.615,1148.0,979.0,,,inhale,
36.197,15:11:31.635,1148.0,982.0,,,inhale,
36.217,15:11:31.655,1148.0,984.0,,,inhale,
36.237,15:11:31.675,1131.0,982.0,,,inhale,
36.257,15:11:31.695,1141.0,984.0,,,inhale,
36.277,15:11:31.715,1149.0,983.0,,,inhale,
36.297,15:11:31.735,1149.0,984.0,,,inhale,
36.317,15:11:31.755,1149.0,985.0,,,inhale,
36.349,15:11:31.787,1151.0,984.0,,,inhale,
36.364,15:11:31.802,1145.0,986.0,,,inhale,
36.377,15:11:31.815,1151.0,990.0,,,inhale,
36.397,15:11:31.835,1149.0,982.0,,,inhale,
36.417,15:11:31.855,1150.0,980.0,,,inhale,
36.437,15:11:31.875,1149.0,985.0,,,inhale,
36.457,15:11:31.895,1151.0,985.0,,,inhale,
36.477,15:11:31.915,1157.0,985.0,,,inhale,
36.497,15:11:31.935,1149.0,990.0,,,inhale,
36.517,15:11:31.955,1157.0,987.0,,,inhale,
36.537,15:11:31.975,1152.0,986.0,,,inhale,
36.557,15:11:31.995,1149.0,982.0,,,inhale,
36.577,15:11:32.015,1147.0,988.0,,,inhale,
36.597,15:11:32.035,1149.0,982.0,,,inhale,
36.617,15:11:32.055,1151.0,987.0,,,inhale,
36.637,15:11:32.075,1147.0,983.0,,,inhale,
36.657,15:11:32.095,1148.0,983.0,,,inhale,
36.677,15:11:32.115,1148.0,982.0,,,inhale,
36.697,15:11:32.135,1147.0,982.0,,,inhale,
36.717,15:11:32.155,1143.0,981.0,,,inhale,
36.737,15:11:32.175,1147.0,982.0,,,inhale,
36.757,15:11:32.195,1145.0,984.0,,,inhale,
36.777,15:11:32.215,1135.0,982.0,,,inhale,
36.797,15:11:32.235,1148.0,982.0,,,inhale,
36.817,15:11:32.255,1143.0,981.0,,,inhale,
36.837,15:11:32.275,1140.0,981.0,,,inhale,
36.857,15:11:32.295,1147.0,979.0,,,inhale,
36.877,15:11:32.315,1150.0,982.0,,,inhale,
36.897,15:11:32.335,1147.0,981.0,,,inhale,
36.917,15:11:32.355,1144.0,984.0,,,inhale,
36.937,15:11:32.375,1143.0,979.0,,,inhale,
36.957,15:11:32.395,1145.0,979.0,,,inhale,
36.977,15:11:32.415,1149.0,979.0,,,inhale,
36.997,15:11:32.435,1159.0,979.0,,,inhale,
37.017,15:11:32.455,1143.0,979.0,,,inhale,
37.037,15:11:32.475,1149.0,977.0,,,inhale,
37.057,15:11:32.495,1144.0,978.0,,,inhale,
37.077,15:11:32.515,1145.0,977.0,,,inhale,
37.097,15:11:32.535,1141.0,977.0,,,inhale,
37.117,15:11:32.555,1143.0,979.0,,,inhale,
37.137,15:11:32.575,1143.0,975.0,,,inhale,
37.157,15:11:32.595,1143.0,978.0,,,inhale,
37.177,15:11:32.615,1143.0,980.0,,,inhale,
37.197,15:11:32.635,1143.0,977.0,,,inhale,
37.217,15:11:32.655,1143.0,978.0,,,inhale,
37.237,15:11:32.675,1144.0,978.0,,,inhale,
37.257,15:11:32.695,1142.0,979.0,,,inhale,
37.277,15:11:32.715,1145.0,979.0,,,inhale,
37.297,15:11:32.736,1159.0,979.0,,,exhale,exhale_onset
37.317,15:11:32.755,1144.0,977.0,,,exhale,
37.337,15:11:32.775,1145.0,978.0,,,exhale,
37.361,15:11:32.799,1143.0,980.0,,,exhale,
37.377,15:11:32.815,1144.0,979.0,,,exhale,
37.397,15:11:32.835,1139.0,980.0,,,exhale,
37.417,15:11:32.855,1145.0,981.0,,,exhale,
37.437,15:11:32.875,1140.0,981.0,,,exhale,
37.457,15:11:32.895,1145.0,982.0,,,exhale,
37.477,15:11:32.916,1143.0,984.0,,,exhale,
37.497,15:11:32.935,1145.0,980.0,,,exhale,
37.517,15:11:32.955,1145.0,981.0,,,exhale,
37.537,15:11:32.975,1145.0,983.0,,,exhale,
37.557,15:11:32.995,1156.0,979.0,,,exhale,
37.577,15:11:33.015,1145.0,978.0,,,exhale,
37.597,15:11:33.035,1144.0,982.0,,,exhale,
37.617,15:11:33.055,1143.0,981.0,,,exhale,
37.637,15:11:33.075,1146.0,981.0,,,exhale,
37.657,15:11:33.096,1147.0,982.0,,,exhale,
37.677,15:11:33.115,1143.0,979.0,,,exhale,
37.697,15:11:33.136,1142.0,977.0,,,exhale,
37.717,15:11:33.155,1139.0,976.0,,,exhale,
37.737,15:11:33.175,1139.0,973.0,,,exhale,
37.757,15:11:33.195,1095.0,974.0,,,exhale,
37.777,15:11:33.215,1139.0,976.0,,,exhale,
37.797,15:11:33.235,1140.0,975.0,,,exhale,
37.817,15:11:33.255,1139.0,977.0,,,exhale,
37.837,15:11:33.275,1139.0,976.0,,,exhale,
37.857,15:11:33.295,1135.0,974.0,,,exhale,
37.877,15:11:33.315,1142.0,974.0,,,exhale,
37.897,15:11:33.336,1135.0,976.0,,,exhale,
37.917,15:11:33.355,1134.0,976.0,,,exhale,
37.937,15:11:33.375,1142.0,976.0,,,exhale,
37.957,15:11:33.395,1130.0,976.0,,,exhale,
37.977,15:11:33.415,1143.0,981.0,,,exhale,
37.997,15:11:33.435,1134.0,975.0,,,exhale,
38.017,15:11:33.455,1139.0,975.0,,,exhale,
38.037,15:11:33.475,1133.0,977.0,,,exhale,
38.057,15:11:33.495,1140.0,973.0,,,exhale,
38.077,15:11:33.515,1140.0,976.0,,,exhale,
38.098,15:11:33.537,1136.0,975.0,,,exhale,
38.117,15:11:33.555,1139.0,976.0,,,exhale,
38.137,15:11:33.575,1135.0,974.0,,,exhale,
38.157,15:11:33.595,1135.0,974.0,,,exhale,
38.177,15:11:33.615,1139.0,974.0,,,exhale,
38.197,15:11:33.635,1140.0,974.0,,,exhale,
38.217,15:11:33.655,1137.0,972.0,,,exhale,
38.237,15:11:33.675,1135.0,972.0,,,exhale,
38.257,15:11:33.695,1130.0,974.0,,,exhale,
38.277,15:11:33.715,1141.0,969.0,,,exhale,
38.297,15:11:33.735,1135.0,972.0,,,exhale,
38.318,15:11:33.756,1133.0,971.0,,,exhale,
38.337,15:11:33.775,1132.0,969.0,,,exhale,
38.361,15:11:33.800,1130.0,971.0,,,exhale,
38.377,15:11:33.815,1131.0,971.0,,,exhale,
38.397,15:11:33.835,1134.0,970.0,,,exhale,
38.417,15:11:33.855,1133.0,971.0,,,exhale,
38.438,15:11:33.876,1148.0,974.0,,,exhale,
38.457,15:11:33.895,1132.0,970.0,,,exhale,
38.477,15:11:33.915,1132.0,968.0,,,exhale,
38.497,15:11:33.935,1131.0,966.0,,,exhale,
38.517,15:11:33.955,1131.0,968.0,,,exhale,
38.537,15:11:33.975,1128.0,969.0,,,exhale,
38.557,15:11:33.995,1134.0,967.0,,,exhale,
38.577,15:11:34.015,1133.0,969.0,,,exhale,
38.597,15:11:34.035,1133.0,969.0,,,exhale,
38.617,15:11:34.055,1135.0,971.0,,,exhale,
38.637,15:11:34.075,1134.0,972.0,,,exhale,
38.657,15:11:34.095,1139.0,974.0,,,exhale,
38.677,15:11:34.115,1141.0,973.0,,,exhale,
38.697,15:11:34.135,1147.0,972.0,,,exhale,
38.717,15:11:34.155,1140.0,976.0,,,exhale,
38.737,15:11:34.175,1140.0,977.0,,,exhale,
38.757,15:11:34.195,1147.0,976.0,,,exhale,
38.777,15:11:34.215,1141.0,977.0,,,exhale,
38.797,15:11:34.235,1142.0,977.0,,,exhale,
38.817,15:11:34.255,1143.0,978.0,,,exhale,
38.837,15:11:34.275,1174.0,978.0,,,exhale,
38.857,15:11:34.295,1143.0,980.0,,,exhale,
38.877,15:11:34.315,1144.0,980.0,,,inhale,inhale_onset
38.897,15:11:34.335,1147.0,981.0,,,inhale,
38.917,15:11:34.355,1145.0,981.0,,,inhale,
38.937,15:11:34.376,1147.0,981.0,,,inhale,
38.957,15:11:34.395,1151.0,982.0,,,inhale,
38.977,15:11:34.415,1145.0,980.0,,,inhale,
38.997,15:11:34.435,1145.0,981.0,,,inhale,
39.017,15:11:34.455,1146.0,977.0,,,inhale,
39.037,15:11:34.475,1147.0,982.0,,,inhale,
39.057,15:11:34.495,1145.0,980.0,,,inhale,
39.077,15:11:34.515,1148.0,981.0,,,inhale,
39.097,15:11:34.535,1147.0,982.0,,,inhale,
39.117,15:11:34.555,1149.0,982.0,,,inhale,
39.137,15:11:34.575,1140.0,981.0,,,inhale,
39.157,15:11:34.595,1149.0,983.0,,,inhale,
39.177,15:11:34.615,1149.0,983.0,,,inhale,
39.197,15:11:34.635,1147.0,982.0,,,inhale,
39.217,15:11:34.655,1149.0,981.0,,,inhale,
39.237,15:11:34.675,1149.0,984.0,,,inhale,
39.257,15:11:34.695,1150.0,982.0,,,inhale,
39.277,15:11:34.715,1151.0,983.0,,,inhale,
39.297,15:11:34.735,1158.0,986.0,,,inhale,
39.317,15:11:34.755,1165.0,989.0,,,inhale,
39.337,15:11:34.775,1158.0,991.0,,,inhale,
39.361,15:11:34.800,1159.0,988.0,,,inhale,
39.377,15:11:34.815,1157.0,990.0,,,inhale,
39.397,15:11:34.835,1157.0,990.0,,,inhale,
39.417,15:11:34.855,1151.0,987.0,,,inhale,
39.437,15:11:34.875,1158.0,991.0,,,inhale,
39.457,15:11:34.895,1160.0,992.0,,,inhale,
39.477,15:11:34.915,1159.0,992.0,,,inhale,
39.497,15:11:34.935,1160.0,991.0,,,inhale,
39.517,15:11:34.955,1159.0,991.0,,,inhale,
39.537,15:11:34.975,1161.0,991.0,,,inhale,
39.557,15:11:34.995,1158.0,990.0,,,inhale,
39.577,15:11:35.015,1151.0,988.0,,,inhale,
39.597,15:11:35.035,1157.0,988.0,,,inhale,
39.617,15:11:35.055,1157.0,992.0,,,inhale,
39.637,15:11:35.075,1157.0,986.0,,,inhale,
39.657,15:11:35.095,1157.0,988.0,,,inhale,
39.677,15:11:35.115,1151.0,985.0,,,inhale,
39.697,15:11:35.135,1157.0,986.0,,,inhale,
39.717,15:11:35.155,1149.0,988.0,,,inhale,
39.737,15:11:35.175,1151.0,985.0,,,inhale,
39.757,15:11:35.196,1151.0,985.0,,,inhale,
39.777,15:11:35.215,1149.0,984.0,,,inhale,
39.797,15:11:35.235,1147.0,982.0,,,inhale,
39.829,15:11:35.268,1147.0,982.0,,,inhale,
39.839,15:11:35.278,1147.0,982.0,,,inhale,
39.857,15:11:35.295,1145.0,980.0,,,inhale,
39.877,15:11:35.315,1147.0,982.0,,,inhale,
39.897,15:11:35.335,1147.0,979.0,,,inhale,
39.917,15:11:35.355,1147.0,980.0,,,inhale,
39.937,15:11:35.375,1147.0,980.0,,,inhale,
39.957,15:11:35.395,1141.0,981.0,,,inhale,
39.978,15:11:35.416,1147.0,979.0,,,inhale,
39.997,15:11:35.435,1143.0,980.0,,,inhale,
40.017,15:11:35.455,1145.0,982.0,,,inhale,
40.037,15:11:35.475,1147.0,978.0,,,inhale,
40.057,15:11:35.495,1145.0,979.0,,,inhale,
40.077,15:11:35.515,1147.0,981.0,,,exhale,exhale_onset
40.097,15:11:35.535,1143.0,978.0,,,exhale,
40.117,15:11:35.555,1145.0,981.0,,,exhale,
40.137,15:11:35.575,1145.0,981.0,,,exhale,
40.157,15:11:35.595,1144.0,980.0,,,exhale,
40.177,15:11:35.615,1145.0,979.0,,,exhale,
40.197,15:11:35.635,1144.0,980.0,,,exhale,
40.217,15:11:35.655,1145.0,981.0,,,exhale,
40.237,15:11:35.675,1147.0,982.0,,,exhale,
40.257,15:11:35.695,1132.0,982.0,,,exhale,
40.277,15:11:35.715,1147.0,982.0,,,exhale,
40.297,15:11:35.735,1146.0,981.0,,,exhale,
40.317,15:11:35.755,1147.0,981.0,,,exhale,
40.337,15:11:35.775,1147.0,982.0,,,exhale,
40.361,15:11:35.799,1151.0,985.0,,,exhale,
40.377,15:11:35.815,1149.0,983.0,,,exhale,
40.397,15:11:35.835,1151.0,986.0,,,exhale,
40.417,15:11:35.855,1151.0,983.0,,,exhale,
40.437,15:11:35.875,1150.0,984.0,,,exhale,
40.457,15:11:35.895,1149.0,990.0,,,exhale,
40.477,15:11:35.915,1151.0,985.0,,,exhale,
40.497,15:11:35.935,1151.0,984.0,,,exhale,
40.517,15:11:35.955,1151.0,985.0,,,exhale,
40.537,15:11:35.975,1151.0,985.0,,,exhale,
40.557,15:11:35.995,1145.0,985.0,,,exhale,
40.577,15:11:36.015,1157.0,985.0,,,exhale,
40.597,15:11:36.035,1149.0,985.0,,,exhale,
40.617,15:11:36.055,1151.0,984.0,,,exhale,
40.637,15:11:36.075,1149.0,985.0,,,exhale,
40.657,15:11:36.095,1134.0,985.0,,,exhale,
40.677,15:11:36.115,1150.0,985.0,,,exhale,
40.697,15:11:36.135,1149.0,984.0,,,exhale,
40.717,15:11:36.155,1149.0,983.0,,,exhale,
40.737,15:11:36.175,1149.0,981.0,,,exhale,
40.757,15:11:36.195,1147.0,981.0,,,exhale,
40.777,15:11:36.215,1145.0,982.0,,,exhale,
40.797,15:11:36.235,1147.0,985.0,,,exhale,
40.817,15:11:36.255,1146.0,980.0,,,exhale,
40.837,15:11:36.275,1145.0,985.0,,,exhale,
40.857,15:11:36.295,1145.0,980.0,,,exhale,
40.877,15:11:36.315,1145.0,985.0,,,exhale,
40.897,15:11:36.335,1145.0,981.0,,,exhale,
40.917,15:11:36.355,1145.0,981.0,,,exhale,
40.937,15:11:36.375,1142.0,981.0,,,exhale,
40.957,15:11:36.395,1133.0,981.0,,,exhale,
40.977,15:11:36.415,1144.0,983.0,,,exhale,
40.997,15:11:36.435,1117.0,980.0,,,exhale,
41.017,15:11:36.455,1141.0,979.0,,,exhale,
41.037,15:11:36.475,1141.0,979.0,,,exhale,
41.057,15:11:36.495,1143.0,978.0,,,exhale,
41.077,15:11:36.515,1149.0,979.0,,,exhale,
41.097,15:11:36.535,1142.0,977.0,,,exhale,
41.117,15:11:36.555,1144.0,979.0,,,exhale,
41.137,15:11:36.575,1145.0,978.0,,,exhale,
41.157,15:11:36.595,1141.0,978.0,,,exhale,
41.177,15:11:36.615,1139.0,979.0,,,exhale,
41.197,15:11:36.635,1107.0,977.0,,,exhale,
41.217,15:11:36.655,1143.0,977.0,,,exhale,
41.237,15:11:36.675,1145.0,976.0,,,exhale,
41.257,15:11:36.695,1143.0,978.0,,,exhale,
41.277,15:11:36.715,1136.0,978.0,,,exhale,
41.297,15:11:36.735,1143.0,974.0,,,exhale,
41.317,15:11:36.755,1141.0,976.0,,,exhale,
41.337,15:11:36.775,1135.0,979.0,,,exhale,
41.361,15:11:36.799,1136.0,977.0,,,exhale,
41.377,15:11:36.815,1139.0,974.0,,,exhale,
41.397,15:11:36.835,1139.0,974.0,,,exhale,
41.417,15:11:36.855,1139.0,975.0,,,exhale,
41.437,15:11:36.875,1139.0,975.0,,,exhale,
41.457,15:11:36.895,1135.0,972.0,,,exhale,
41.477,15:11:36.915,1135.0,972.0,,,exhale,
41.505,15:11:36.943,1135.0,972.0,,,exhale,
41.517,15:11:36.955,1134.0,970.0,,,exhale,
41.537,15:11:36.975,1135.0,974.0,,,exhale,
41.557,15:11:36.995,1135.0,970.0,,,exhale,
41.577,15:11:37.015,1134.0,972.0,,,exhale,
41.597,15:11:37.035,1142.0,971.0,,,exhale,
41.617,15:11:37.055,1139.0,973.0,,,exhale,
41.637,15:11:37.075,1139.0,974.0,,,exhale,
41.657,15:11:37.095,1139.0,976.0,,,exhale,
41.677,15:11:37.115,1139.0,976.0,,,exhale,
41.697,15:11:37.135,1139.0,976.0,,,exhale,
41.717,15:11:37.155,1133.0,977.0,,,exhale,
41.737,15:11:37.175,1143.0,977.0,,,exhale,
41.757,15:11:37.195,1135.0,982.0,,,exhale,
41.777,15:11:37.215,1143.0,975.0,,,exhale,
41.797,15:11:37.235,1143.0,978.0,,,exhale,
41.817,15:11:37.255,1142.0,980.0,,,exhale,
41.837,15:11:37.275,1143.0,976.0,,,exhale,
41.857,15:11:37.295,1143.0,978.0,,,exhale,
41.877,15:11:37.315,1143.0,981.0,,,exhale,
41.897,15:11:37.335,1145.0,981.0,,,exhale,
41.917,15:11:37.355,1145.0,981.0,,,exhale,
41.937,15:11:37.375,1145.0,980.0,,,exhale,
41.957,15:11:37.395,1148.0,982.0,,,exhale,
41.977,15:11:37.415,1147.0,981.0,,,exhale,
41.997,15:11:37.435,1142.0,982.0,,,exhale,
42.017,15:11:37.455,1147.0,980.0,,,inhale,inhale_onset
42.038,15:11:37.476,1148.0,982.0,,,inhale,
42.057,15:11:37.495,1145.0,982.0,,,inhale,
42.077,15:11:37.515,1144.0,981.0,,,inhale,
42.097,15:11:37.535,1147.0,981.0,,,inhale,
42.117,15:11:37.555,1145.0,980.0,,,inhale,
42.137,15:11:37.575,1145.0,981.0,,,inhale,
42.157,15:11:37.595,1144.0,983.0,,,inhale,
42.177,15:11:37.615,1145.0,982.0,,,inhale,
42.197,15:11:37.635,1141.0,982.0,,,inhale,
42.217,15:11:37.655,1150.0,979.0,,,inhale,
42.237,15:11:37.675,1149.0,980.0,,,inhale,
42.257,15:11:37.695,1148.0,982.0,,,inhale,
42.277,15:11:37.715,1147.0,986.0,,,inhale,
42.297,15:11:37.735,1147.0,984.0,,,inhale,
42.317,15:11:37.755,1147.0,983.0,,,inhale,
42.337,15:11:37.775,1148.0,982.0,,,inhale,
42.361,15:11:37.800,1147.0,984.0,,,inhale,
42.377,15:11:37.815,1147.0,984.0,,,inhale,
42.397,15:11:37.835,1149.0,985.0,,,inhale,
42.417,15:11:37.855,1151.0,985.0,,,inhale,
42.437,15:11:37.875,1150.0,984.0,,,inhale,
42.457,15:11:37.895,1151.0,986.0,,,inhale,
42.477,15:11:37.915,1144.0,990.0,,,inhale,
42.497,15:11:37.935,1157.0,984.0,,,inhale,
42.517,15:11:37.955,1151.0,986.0,,,inhale,
42.537,15:11:37.975,1157.0,988.0,,,inhale,
42.557,15:11:37.995,1159.0,993.0,,,inhale,
42.577,15:11:38.015,1159.0,990.0,,,inhale,
42.597,15:11:38.035,1159.0,990.0,,,inhale,
42.617,15:11:38.055,1160.0,992.0,,,inhale,
42.637,15:11:38.075,1157.0,989.0,,,inhale,
42.657,15:11:38.095,1161.0,991.0,,,inhale,
42.677,15:11:38.115,1159.0,994.0,,,inhale,
42.697,15:11:38.135,1159.0,993.0,,,inhale,
42.717,15:11:38.155,1159.0,992.0,,,inhale,
42.737,15:11:38.175,1151.0,993.0,,,inhale,
42.757,15:11:38.195,1159.0,995.0,,,inhale,
42.777,15:11:38.215,1191.0,993.0,,,inhale,
42.797,15:11:38.235,1157.0,993.0,,,inhale,
42.817,15:11:38.255,1160.0,994.0,,,inhale,
42.837,15:11:38.275,1159.0,993.0,,,inhale,
42.857,15:11:38.295,1160.0,993.0,,,inhale,
42.877,15:11:38.315,1152.0,991.0,,,inhale,
42.897,15:11:38.335,1145.0,986.0,,,inhale,
42.917,15:11:38.355,1157.0,989.0,,,inhale,
42.937,15:11:38.375,1157.0,989.0,,,inhale,
42.957,15:11:38.395,1158.0,987.0,,,inhale,
42.977,15:11:38.415,1158.0,985.0,,,inhale,
42.997,15:11:38.435,1143.0,988.0,,,inhale,
43.017,15:11:38.455,1150.0,989.0,,,inhale,
43.037,15:11:38.475,1161.0,992.0,,,inhale,
43.057,15:11:38.495,1159.0,986.0,,,inhale,
43.077,15:11:38.515,1149.0,988.0,,,inhale,
43.097,15:11:38.535,1157.0,987.0,,,inhale,
43.117,15:11:38.555,1150.0,983.0,,,inhale,
43.137,15:11:38.575,1157.0,982.0,,,inhale,
43.157,15:11:38.595,1161.0,987.0,,,inhale,
43.177,15:11:38.615,1151.0,988.0,,,inhale,
43.197,15:11:38.635,1149.0,986.0,,,inhale,
43.217,15:11:38.655,1150.0,985.0,,,inhale,
43.237,15:11:38.675,1151.0,986.0,,,inhale,
43.257,15:11:38.695,1143.0,987.0,,,exhale,exhale_onset
43.277,15:11:38.715,1162.0,986.0,,,exhale,
43.297,15:11:38.735,1149.0,984.0,,,exhale,
43.317,15:11:38.755,1151.0,985.0,,,exhale,
43.345,15:11:38.783,1151.0,985.0,,,exhale,
43.360,15:11:38.799,1151.0,984.0,,,exhale,
43.377,15:11:38.815,1151.0,984.0,,,exhale,
43.397,15:11:38.835,1150.0,985.0,,,exhale,
43.417,15:11:38.855,1140.0,984.0,,,exhale,
43.437,15:11:38.875,1150.0,985.0,,,exhale,
43.457,15:11:38.895,1149.0,983.0,,,exhale,
43.477,15:11:38.915,1146.0,984.0,,,exhale,
43.497,15:11:38.935,1151.0,986.0,,,exhale,
43.517,15:11:38.955,1149.0,987.0,,,exhale,
43.537,15:11:38.975,1151.0,986.0,,,exhale,
43.557,15:11:38.995,1150.0,983.0,,,exhale,
43.577,15:11:39.015,1149.0,984.0,,,exhale,
43.597,15:11:39.035,1149.0,985.0,,,exhale,
43.617,15:11:39.055,1147.0,982.0,,,exhale,
43.637,15:11:39.075,1148.0,984.0,,,exhale,
43.657,15:11:39.095,1149.0,982.0,,,exhale,
43.677,15:11:39.115,1149.0,980.0,,,exhale,
43.697,15:11:39.135,1147.0,983.0,,,exhale,
43.717,15:11:39.155,1147.0,982.0,,,exhale,
43.737,15:11:39.175,1148.0,980.0,,,exhale,
43.757,15:11:39.195,1148.0,982.0,,,exhale,
43.777,15:11:39.215,1143.0,980.0,,,exhale,
43.797,15:11:39.235,1147.0,982.0,,,exhale,
43.817,15:11:39.255,1145.0,982.0,,,exhale,
43.837,15:11:39.275,1147.0,981.0,,,exhale,
43.857,15:11:39.295,1147.0,982.0,,,exhale,
43.877,15:11:39.315,1144.0,982.0,,,exhale,
43.897,15:11:39.335,1145.0,981.0,,,exhale,
43.917,15:11:39.355,1147.0,981.0,,,exhale,
43.937,15:11:39.375,1145.0,982.0,,,exhale,
43.957,15:11:39.395,1147.0,982.0,,,exhale,
43.977,15:11:39.415,1146.0,977.0,,,exhale,
43.997,15:11:39.435,1145.0,981.0,,,exhale,
44.017,15:11:39.455,1147.0,981.0,,,exhale,
44.037,15:11:39.475,1145.0,982.0,,,exhale,
44.057,15:11:39.495,1150.0,982.0,,,exhale,
44.077,15:11:39.515,1145.0,981.0,,,exhale,
44.097,15:11:39.535,1147.0,981.0,,,exhale,
44.117,15:11:39.555,1147.0,982.0,,,exhale,
44.137,15:11:39.575,1151.0,983.0,,,exhale,
44.157,15:11:39.595,1149.0,982.0,,,exhale,
44.177,15:11:39.615,1150.0,984.0,,,exhale,
44.197,15:11:39.636,1148.0,985.0,,,exhale,
44.217,15:11:39.655,1123.0,983.0,,,exhale,
44.237,15:11:39.675,1148.0,985.0,,,exhale,
44.257,15:11:39.695,1151.0,985.0,,,exhale,
44.277,15:11:39.715,1151.0,991.0,,,exhale,
44.297,15:11:39.735,1163.0,985.0,,,exhale,
44.317,15:11:39.755,1150.0,988.0,,,exhale,
44.337,15:11:39.775,1149.0,986.0,,,exhale,
44.361,15:11:39.800,1157.0,985.0,,,exhale,
44.377,15:11:39.815,1151.0,989.0,,,exhale,
44.397,15:11:39.835,1163.0,990.0,,,exhale,
44.417,15:11:39.855,1158.0,990.0,,,exhale,
44.437,15:11:39.875,1161.0,993.0,,,exhale,
44.457,15:11:39.895,1159.0,997.0,,,inhale,inhale_onset
44.477,15:11:39.915,1161.0,994.0,,,inhale,
44.497,15:11:39.935,1163.0,995.0,,,inhale,
44.517,15:11:39.955,1162.0,995.0,,,inhale,
44.537,15:11:39.975,1150.0,997.0,,,inhale,
44.557,15:11:39.995,1163.0,996.0,,,inhale,
44.577,15:11:40.015,1163.0,993.0,,,inhale,
44.597,15:11:40.035,1162.0,997.0,,,inhale,
44.617,15:11:40.055,1163.0,994.0,,,inhale,
44.637,15:11:40.075,1162.0,992.0,,,inhale,
44.657,15:11:40.095,1165.0,993.0,,,inhale,
44.678,15:11:40.117,1160.0,994.0,,,inhale,
44.697,15:11:40.135,1160.0,990.0,,,inhale,
44.717,15:11:40.155,1160.0,994.0,,,inhale,
44.738,15:11:40.177,1160.0,992.0,,,inhale,
44.757,15:11:40.195,1165.0,993.0,,,inhale,
44.777,15:11:40.215,1160.0,993.0,,,inhale,
44.797,15:11:40.235,1160.0,992.0,,,inhale,
44.817,15:11:40.255,1167.0,990.0,,,inhale,
44.837,15:11:40.275,1158.0,992.0,,,inhale,
44.857,15:11:40.295,1157.0,988.0,,,inhale,
44.877,15:11:40.315,1159.0,988.0,,,inhale,
44.897,15:11:40.335,1157.0,988.0,,,inhale,
44.917,15:11:40.355,1159.0,984.0,,,inhale,
44.937,15:11:40.375,1157.0,989.0,,,inhale,
44.957,15:11:40.395,1158.0,991.0,,,inhale,
44.977,15:11:40.415,1151.0,987.0,,,inhale,
44.997,15:11:40.435,1157.0,987.0,,,inhale,
45.017,15:11:40.455,1166.0,988.0,,,inhale,
45.037,15:11:40.475,1151.0,987.0,,,inhale,
45.057,15:11:40.495,1157.0,986.0,,,inhale,
45.077,15:11:40.516,1159.0,985.0,,,inhale,
45.097,15:11:40.535,1161.0,986.0,,,inhale,
45.117,15:11:40.555,1149.0,990.0,,,inhale,
45.137,15:11:40.575,1161.0,987.0,,,inhale,
45.157,15:11:40.595,1159.0,992.0,,,inhale,
45.177,15:11:40.615,1149.0,989.0,,,inhale,
45.197,15:11:40.636,1159.0,993.0,,,inhale,
45.217,15:11:40.656,1151.0,989.0,,,inhale,
45.237,15:11:40.675,1151.0,986.0,,,inhale,
45.257,15:11:40.695,1149.0,988.0,,,inhale,
45.277,15:11:40.715,1146.0,991.0,,,inhale,
45.297,15:11:40.735,1251.0,989.0,,,inhale,
45.317,15:11:40.755,1160.0,990.0,,,inhale,
45.338,15:11:40.776,1159.0,990.0,,,inhale,
45.361,15:11:40.800,1161.0,989.0,,,inhale,
45.377,15:11:40.815,1159.0,991.0,,,inhale,
45.397,15:11:40.835,1159.0,992.0,,,inhale,
45.417,15:11:40.855,1159.0,991.0,,,inhale,
45.437,15:11:40.875,1150.0,995.0,,,inhale,
45.457,15:11:40.895,1159.0,995.0,,,inhale,
45.477,15:11:40.915,1160.0,992.0,,,inhale,
45.497,15:11:40.935,1160.0,994.0,,,inhale,
45.517,15:11:40.955,1161.0,993.0,,,inhale,
45.540,15:11:40.978,1151.0,992.0,,,inhale,
45.557,15:11:40.995,1107.0,993.0,,,inhale,
45.577,15:11:41.015,1159.0,992.0,,,inhale,
45.597,15:11:41.035,1161.0,991.0,,,inhale,
45.617,15:11:41.055,1159.0,990.0,,,inhale,
45.637,15:11:41.075,1159.0,989.0,,,inhale,
45.657,15:11:41.095,1157.0,990.0,,,inhale,
45.677,15:11:41.115,1149.0,988.0,,,inhale,
45.697,15:11:41.135,1145.0,986.0,,,inhale,
45.718,15:11:41.156,1151.0,987.0,,,inhale,
45.737,15:11:41.175,1157.0,987.0,,,inhale,
45.757,15:11:41.195,1151.0,985.0,,,exhale,exhale_onset
45.777,15:11:41.215,1159.0,991.0,,,unknown,signal_lost
45.797,15:11:41.235,1144.0,984.0,,,unknown,
45.817,15:11:41.255,1150.0,983.0,,,unknown,
45.837,15:11:41.275,1148.0,984.0,,,unknown,
45.857,15:11:41.295,1149.0,982.0,,,unknown,
45.877,15:11:41.315,1149.0,984.0,,,unknown,
45.897,15:11:41.335,1149.0,983.0,,,unknown,
45.917,15:11:41.355,1149.0,984.0,,,unknown,
45.937,15:11:41.375,1148.0,981.0,,,unknown,
45.957,15:11:41.395,1145.0,981.0,,,unknown,
45.977,15:11:41.415,1147.0,982.0,,,unknown,
45.997,15:11:41.435,1149.0,983.0,,,unknown,
46.017,15:11:41.455,1147.0,981.0,,,unknown,
46.037,15:11:41.475,1147.0,982.0,,,unknown,
46.057,15:11:41.495,1162.0,981.0,,,unknown,
46.077,15:11:41.515,1148.0,981.0,,,exhale,
46.097,15:11:41.535,1145.0,982.0,,,exhale,
46.117,15:11:41.555,1148.0,982.0,,,exhale,
46.137,15:11:41.575,1149.0,982.0,,,exhale,
46.157,15:11:41.595,1147.0,982.0,,,exhale,
46.177,15:11:41.615,1147.0,981.0,,,exhale,
46.197,15:11:41.635,1151.0,983.0,,,exhale,
46.217,15:11:41.655,1146.0,984.0,,,exhale,
46.237,15:11:41.675,1146.0,978.0,,,exhale,
46.257,15:11:41.695,1145.0,981.0,,,exhale,
46.277,15:11:41.715,1146.0,982.0,,,exhale,
46.297,15:11:41.735,1144.0,978.0,,,exhale,signal_ok
46.317,15:11:41.755,1145.0,981.0,,,exhale,
46.337,15:11:41.775,1143.0,981.0,,,exhale,
46.361,15:11:41.799,1146.0,980.0,,,exhale,
46.377,15:11:41.815,1147.0,980.0,,,exhale,
46.397,15:11:41.835,1144.0,981.0,,,exhale,
46.417,15:11:41.855,1144.0,985.0,,,exhale,
46.437,15:11:41.875,1144.0,981.0,,,exhale,
46.457,15:11:41.895,1143.0,980.0,,,exhale,
46.477,15:11:41.915,1151.0,978.0,,,exhale,
46.497,15:11:41.935,1143.0,979.0,,,exhale,
46.517,15:11:41.955,1141.0,978.0,,,exhale,
46.537,15:11:41.975,1143.0,979.0,,,exhale,
46.557,15:11:41.995,1142.0,977.0,,,exhale,
46.577,15:11:42.015,1141.0,981.0,,,exhale,
46.597,15:11:42.035,1142.0,978.0,,,exhale,
46.617,15:11:42.055,1143.0,977.0,,,exhale,
46.646,15:11:42.084,1147.0,978.0,,,exhale,
46.659,15:11:42.098,1142.0,978.0,,,exhale,
46.677,15:11:42.115,1139.0,974.0,,,exhale,
46.697,15:11:42.135,1139.0,982.0,,,exhale,
46.717,15:11:42.155,1141.0,977.0,,,exhale,
46.737,15:11:42.175,1141.0,977.0,,,exhale,
46.757,15:11:42.195,1141.0,977.0,,,exhale,
46.777,15:11:42.215,1141.0,977.0,,,exhale,
46.797,15:11:42.235,1143.0,977.0,,,exhale,
46.817,15:11:42.255,1141.0,977.0,,,exhale,
46.837,15:11:42.275,1151.0,975.0,,,exhale,
46.857,15:11:42.295,1140.0,976.0,,,exhale,
46.877,15:11:42.315,1141.0,977.0,,,exhale,
46.897,15:11:42.336,1141.0,976.0,,,exhale,
46.917,15:11:42.355,1140.0,976.0,,,exhale,
46.937,15:11:42.375,1147.0,977.0,,,exhale,
46.957,15:11:42.395,1140.0,977.0,,,exhale,
46.977,15:11:42.415,1141.0,982.0,,,exhale,
46.997,15:11:42.435,1144.0,979.0,,,exhale,
47.017,15:11:42.455,1142.0,978.0,,,exhale,
47.037,15:11:42.475,1141.0,981.0,,,exhale,
47.057,15:11:42.495,1181.0,979.0,,,exhale,
47.077,15:11:42.515,1144.0,980.0,,,exhale,
47.097,15:11:42.535,1145.0,983.0,,,exhale,
47.117,15:11:42.555,1075.0,981.0,,,exhale,
47.137,15:11:42.575,1146.0,982.0,,,exhale,
47.157,15:11:42.595,1147.0,982.0,,,exhale,
47.177,15:11:42.615,1148.0,982.0,,,exhale,
47.197,15:11:42.635,1157.0,987.0,,,exhale,
47.217,15:11:42.655,1149.0,985.0,,,exhale,
47.237,15:11:42.675,1149.0,985.0,,,exhale,
47.257,15:11:42.695,1147.0,987.0,,,exhale,
47.277,15:11:42.715,1157.0,987.0,,,exhale,
47.297,15:11:42.735,1129.0,990.0,,,inhale,inhale_onset
47.317,15:11:42.755,1159.0,988.0,,,inhale,
47.337,15:11:42.775,1151.0,990.0,,,inhale,
47.361,15:11:42.799,1151.0,990.0,,,inhale,
47.381,15:11:42.819,1159.0,992.0,,,inhale,
47.414,15:11:42.852,1160.0,993.0,,,inhale,
47.418,15:11:42.856,1161.0,996.0,,,inhale,
47.437,15:11:42.875,1161.0,994.0,,,inhale,
47.457,15:11:42.895,1148.0,994.0,,,inhale,
47.477,15:11:42.915,1161.0,994.0,,,inhale,
47.497,15:11:42.935,1163.0,995.0,,,inhale,
47.517,15:11:42.955,1141.0,995.0,,,inhale,
47.537,15:11:42.975,1163.0,996.0,,,inhale,
47.557,15:11:42.995,1163.0,995.0,,,inhale,
47.577,15:11:43.015,1163.0,999.0,,,inhale,
47.598,15:11:43.036,1165.0,998.0,,,inhale,
47.617,15:11:43.056,1175.0,993.0,,,inhale,
47.637,15:11:43.075,1165.0,996.0,,,inhale,
47.657,15:11:43.095,1171.0,999.0,,,inhale,
47.677,15:11:43.115,1165.0,996.0,,,inhale,
47.697,15:11:43.135,1165.0,999.0,,,inhale,
47.717,15:11:43.156,1165.0,999.0,,,inhale,
47.738,15:11:43.176,1166.0,998.0,,,inhale,
47.757,15:11:43.196,1167.0,1000.0,,,inhale,
47.777,15:11:43.215,1165.0,997.0,,,inhale,
47.797,15:11:43.235,1165.0,995.0,,,inhale,
47.817,15:11:43.255,1167.0,999.0,,,inhale,
47.837,15:11:43.275,1165.0,998.0,,,inhale,
47.857,15:11:43.296,1169.0,1000.0,,,inhale,
47.877,15:11:43.315,1171.0,997.0,,,inhale,
47.897,15:11:43.335,1165.0,997.0,,,inhale,
47.917,15:11:43.355,1165.0,996.0,,,inhale,
47.937,15:11:43.375,1165.0,997.0,,,inhale,
47.957,15:11:43.395,1165.0,995.0,,,inhale,
47.977,15:11:43.416,1166.0,997.0,,,inhale,
47.997,15:11:43.435,1171.0,997.0,,,inhale,
48.017,15:11:43.455,1165.0,1000.0,,,inhale,
48.037,15:11:43.475,1165.0,997.0,,,inhale,
48.057,15:11:43.495,1165.0,998.0,,,inhale,
48.077,15:11:43.515,1167.0,993.0,,,inhale,
48.097,15:11:43.535,1166.0,998.0,,,inhale,
48.117,15:11:43.556,1174.0,997.0,,,inhale,
48.138,15:11:43.576,1167.0,999.0,,,inhale,
48.157,15:11:43.595,1163.0,998.0,,,inhale,
48.177,15:11:43.615,1166.0,998.0,,,inhale,
48.197,15:11:43.636,1164.0,1003.0,,,inhale,
48.217,15:11:43.655,1165.0,997.0,,,inhale,
48.238,15:11:43.676,1178.0,999.0,,,inhale,
48.257,15:11:43.695,1167.0,997.0,,,inhale,
48.277,15:11:43.715,1164.0,991.0,,,inhale,
48.297,15:11:43.736,1167.0,1002.0,,,inhale,
48.317,15:11:43.756,1169.0,997.0,,,inhale,
48.337,15:11:43.775,1163.0,997.0,,,inhale,
48.362,15:11:43.800,1165.0,996.0,,,inhale,
48.377,15:11:43.815,1163.0,998.0,,,inhale,
48.397,15:11:43.835,1167.0,997.0,,,inhale,
48.417,15:11:43.856,1165.0,998.0,,,inhale,
48.437,15:11:43.875,1164.0,997.0,,,inhale,
48.457,15:11:43.895,1165.0,999.0,,,inhale,
48.477,15:11:43.915,1164.0,996.0,,,inhale,
48.497,15:11:43.935,1170.0,995.0,,,inhale,
48.517,15:11:43.955,1165.0,998.0,,,exhale,exhale_onset
48.540,15:11:43.978,1165.0,997.0,,,exhale,
48.557,15:11:43.995,1166.0,995.0,,,exhale,
48.577,15:11:44.015,1166.0,997.0,,,exhale,
48.597,15:11:44.035,1177.0,1001.0,,,exhale,
48.617,15:11:44.055,1165.0,992.0,,,exhale,
48.637,15:11:44.076,1163.0,996.0,,,exhale,
48.657,15:11:44.095,1164.0,996.0,,,exhale,
48.677,15:11:44.115,1163.0,995.0,,,exhale,
48.697,15:11:44.135,1165.0,993.0,,,exhale,
48.717,15:11:44.155,1163.0,995.0,,,exhale,
48.737,15:11:44.175,1163.0,994.0,,,exhale,
48.757,15:11:44.195,1149.0,996.0,,,exhale,
48.777,15:11:44.215,1163.0,995.0,,,exhale,
48.797,15:11:44.235,1163.0,995.0,,,exhale,
48.817,15:11:44.255,1161.0,999.0,,,exhale,
48.837,15:11:44.275,1163.0,995.0,,,exhale,
48.857,15:11:44.295,1151.0,994.0,,,exhale,
48.877,15:11:44.315,1161.0,995.0,,,exhale,
48.897,15:11:44.335,1161.0,994.0,,,exhale,
48.917,15:11:44.355,1166.0,994.0,,,exhale,
48.937,15:11:44.375,1163.0,994.0,,,exhale,
48.957,15:11:44.395,1161.0,994.0,,,exhale,
48.977,15:11:44.415,1161.0,994.0,,,exhale,
48.997,15:11:44.435,1163.0,994.0,,,exhale,
49.017,15:11:44.455,1151.0,991.0,,,exhale,
49.038,15:11:44.476,1161.0,994.0,,,exhale,
49.057,15:11:44.495,1163.0,995.0,,,exhale,
49.077,15:11:44.515,1161.0,996.0,,,exhale,
49.097,15:11:44.536,1161.0,993.0,,,exhale,
49.117,15:11:44.555,1149.0,992.0,,,exhale,
49.137,15:11:44.575,1161.0,994.0,,,exhale,
49.157,15:11:44.595,1159.0,995.0,,,exhale,
49.177,15:11:44.615,1160.0,994.0,,,exhale,
49.197,15:11:44.635,1160.0,995.0,,,exhale,
49.217,15:11:44.655,1164.0,993.0,,,exhale,
49.237,15:11:44.675,1160.0,998.0,,,exhale,
49.257,15:11:44.695,1159.0,993.0,,,exhale,
49.277,15:11:44.715,1145.0,990.0,,,exhale,
49.297,15:11:44.735,1159.0,993.0,,,exhale,
49.317,15:11:44.755,1159.0,991.0,,,exhale,
49.337,15:11:44.775,1158.0,993.0,,,exhale,
49.361,15:11:44.800,1157.0,992.0,,,exhale,
49.377,15:11:44.815,1151.0,992.0,,,exhale,
49.397,15:11:44.835,1157.0,991.0,,,exhale,
49.417,15:11:44.855,1157.0,990.0,,,exhale,
49.437,15:11:44.875,1157.0,991.0,,,exhale,
49.457,15:11:44.895,1161.0,990.0,,,exhale,
49.477,15:11:44.915,1150.0,989.0,,,exhale,
49.497,15:11:44.935,1158.0,990.0,,,exhale,
49.517,15:11:44.955,1151.0,994.0,,,exhale,
49.537,15:11:44.975,1165.0,989.0,,,exhale,
49.557,15:11:44.995,1159.0,989.0,,,exhale,
49.577,15:11:45.015,1151.0,987.0,,,exhale,
49.597,15:11:45.035,1151.0,988.0,,,exhale,
49.617,15:11:45.055,1157.0,987.0,,,exhale,
49.637,15:11:45.075,1152.0,994.0,,,exhale,
49.657,15:11:45.095,1151.0,985.0,,,exhale,
49.677,15:11:45.115,1149.0,987.0,,,exhale,
49.697,15:11:45.135,1159.0,986.0,,,exhale,
49.717,15:11:45.155,1151.0,986.0,,,exhale,
49.737,15:11:45.175,1151.0,987.0,,,exhale,
49.757,15:11:45.195,1151.0,988.0,,,exhale,
49.777,15:11:45.215,1151.0,989.0,,,exhale,
49.797,15:11:45.235,1158.0,983.0,,,exhale,
49.817,15:11:45.255,1157.0,989.0,,,exhale,
49.837,15:11:45.275,1158.0,987.0,,,exhale,
49.857,15:11:45.295,1151.0,988.0,,,exhale,
49.877,15:11:45.315,1157.0,985.0,,,exhale,
49.897,15:11:45.335,1143.0,987.0,,,exhale,
49.917,15:11:45.355,1157.0,987.0,,,exhale,
49.937,15:11:45.375,1157.0,988.0,,,exhale,
49.957,15:11:45.395,1152.0,989.0,,,exhale,
49.977,15:11:45.415,1158.0,990.0,,,exhale,
49.997,15:11:45.435,1147.0,987.0,,,exhale,
50.017,15:11:45.455,1158.0,991.0,,,exhale,
50.046,15:11:45.485,1160.0,986.0,,,exhale,
50.058,15:11:45.496,1158.0,991.0,,,exhale,
50.077,15:11:45.515,1159.0,993.0,,,exhale,
50.097,15:11:45.535,1257.0,991.0,,,exhale,
50.117,15:11:45.555,1161.0,993.0,,,exhale,
50.137,15:11:45.575,1160.0,993.0,,,exhale,
50.157,15:11:45.595,1158.0,992.0,,,exhale,
50.177,15:11:45.615,1159.0,994.0,,,exhale,
50.197,15:11:45.635,1161.0,994.0,,,exhale,
50.217,15:11:45.655,1162.0,995.0,,,exhale,
50.237,15:11:45.675,1163.0,995.0,,,exhale,
50.257,15:11:45.695,1157.0,996.0,,,exhale,
50.277,15:11:45.715,1161.0,995.0,,,exhale,
50.297,15:11:45.735,1163.0,995.0,,,inhale,inhale_onset
50.317,15:11:45.755,1163.0,995.0,,,inhale,
50.337,15:11:45.775,1164.0,1001.0,,,inhale,
50.361,15:11:45.799,1162.0,994.0,,,inhale,
50.377,15:11:45.815,1163.0,994.0,,,inhale,
50.397,15:11:45.835,1165.0,994.0,,,inhale,
50.417,15:11:45.855,1164.0,998.0,,,inhale,
50.437,15:11:45.875,1163.0,999.0,,,inhale,
50.457,15:11:45.895,1163.0,995.0,,,inhale,
50.477,15:11:45.915,1163.0,993.0,,,inhale,
50.497,15:11:45.935,1163.0,995.0,,,inhale,
50.517,15:11:45.955,1148.0,993.0,,,inhale,
50.537,15:11:45.975,1163.0,995.0,,,inhale,
50.557,15:11:45.995,1161.0,995.0,,,inhale,
50.577,15:11:46.015,1159.0,994.0,,,inhale,
50.597,15:11:46.035,1167.0,994.0,,,inhale,
50.617,15:11:46.055,1162.0,995.0,,,inhale,
50.637,15:11:46.075,1161.0,995.0,,,inhale,
50.657,15:11:46.095,1160.0,994.0,,,inhale,
50.677,15:11:46.115,1150.0,990.0,,,inhale,
50.697,15:11:46.135,1161.0,992.0,,,inhale,
50.717,15:11:46.155,1161.0,994.0,,,inhale,
50.737,15:11:46.175,1160.0,995.0,,,inhale,
50.757,15:11:46.195,1161.0,999.0,,,inhale,
50.777,15:11:46.215,1161.0,990.0,,,inhale,
50.797,15:11:46.235,1159.0,993.0,,,inhale,
50.817,15:11:46.255,1159.0,992.0,,,inhale,
50.837,15:11:46.275,1158.0,991.0,,,inhale,
50.857,15:11:46.295,1159.0,991.0,,,inhale,
50.877,15:11:46.315,1159.0,992.0,,,inhale,
50.897,15:11:46.335,1157.0,990.0,,,inhale,
50.917,15:11:46.355,1157.0,991.0,,,inhale,
50.937,15:11:46.375,1165.0,987.0,,,inhale,
50.957,15:11:46.395,1157.0,985.0,,,inhale,
50.977,15:11:46.415,1151.0,987.0,,,inhale,
50.997,15:11:46.435,1151.0,986.0,,,inhale,
51.017,15:11:46.455,1159.0,985.0,,,inhale,
51.037,15:11:46.475,1147.0,986.0,,,inhale,
51.057,15:11:46.495,1147.0,984.0,,,inhale,
51.077,15:11:46.515,1147.0,979.0,,,inhale,
51.097,15:11:46.535,1145.0,982.0,,,inhale,
51.117,15:11:46.555,1145.0,982.0,,,inhale,
51.137,15:11:46.575,1145.0,984.0,,,inhale,
51.157,15:11:46.595,1144.0,981.0,,,inhale,
51.177,15:11:46.615,1143.0,981.0,,,inhale,
51.197,15:11:46.635,1144.0,982.0,,,inhale,
51.217,15:11:46.655,1145.0,980.0,,,inhale,
51.237,15:11:46.675,1144.0,980.0,,,inhale,
51.257,15:11:46.695,1141.0,979.0,,,inhale,
51.277,15:11:46.715,1144.0,977.0,,,inhale,
51.297,15:11:46.735,1135.0,979.0,,,inhale,
51.317,15:11:46.755,1148.0,979.0,,,inhale,
51.337,15:11:46.775,1145.0,981.0,,,inhale,
51.361,15:11:46.800,1143.0,980.0,,,inhale,
51.377,15:11:46.815,1144.0,981.0,,,inhale,
51.397,15:11:46.835,1141.0,979.0,,,inhale,
51.417,15:11:46.855,1147.0,981.0,,,inhale,
51.437,15:11:46.875,1145.0,981.0,,,inhale,
51.457,15:11:46.895,1146.0,983.0,,,inhale,
51.477,15:11:46.915,1147.0,982.0,,,inhale,
51.497,15:11:46.935,1147.0,983.0,,,inhale,
51.517,15:11:46.955,1148.0,979.0,,,inhale,
51.537,15:11:46.975,1148.0,983.0,,,inhale,
51.557,15:11:46.995,1150.0,980.0,,,inhale,
51.577,15:11:47.015,1149.0,983.0,,,inhale,
51.597,15:11:47.035,1197.0,983.0,,,inhale,
51.617,15:11:47.055,1149.0,982.0,,,inhale,
51.637,15:11:47.075,1148.0,980.0,,,inhale,
51.657,15:11:47.095,1157.0,983.0,,,inhale,
51.677,15:11:47.115,1149.0,987.0,,,inhale,
51.697,15:11:47.135,1149.0,987.0,,,inhale,
51.717,15:11:47.155,1149.0,989.0,,,inhale,
51.737,15:11:47.175,1147.0,985.0,,,inhale,
51.757,15:11:47.195,1150.0,986.0,,,inhale,
51.777,15:11:47.215,1151.0,985.0,,,inhale,
51.797,15:11:47.235,1151.0,987.0,,,inhale,
51.817,15:11:47.255,1144.0,986.0,,,inhale,
51.837,15:11:47.275,1151.0,987.0,,,inhale,
51.857,15:11:47.295,1151.0,986.0,,,inhale,
51.877,15:11:47.315,1151.0,985.0,,,inhale,
51.897,15:11:47.335,1151.0,983.0,,,inhale,
51.917,15:11:47.355,1163.0,985.0,,,inhale,
51.937,15:11:47.375,1149.0,988.0,,,inhale,
51.957,15:11:47.395,1157.0,989.0,,,inhale,
51.977,15:11:47.415,1157.0,988.0,,,inhale,
51.997,15:11:47.435,1098.0,988.0,,,inhale,
52.017,15:11:47.455,1158.0,990.0,,,inhale,
52.037,15:11:47.475,1157.0,988.0,,,inhale,
52.057,15:11:47.495,1159.0,990.0,,,inhale,
52.077,15:11:47.515,1133.0,984.0,,,inhale,
52.097,15:11:47.535,1157.0,979.0,,,inhale,
52.117,15:11:47.555,1149.0,981.0,,,inhale,
52.137,15:11:47.575,1147.0,983.0,,,inhale,
52.157,15:11:47.595,1149.0,982.0,,,inhale,
52.177,15:11:47.615,1140.0,984.0,,,inhale,
52.197,15:11:47.635,1149.0,982.0,,,inhale,
52.217,15:11:47.655,1147.0,983.0,,,inhale,
52.237,15:11:47.675,1149.0,985.0,,,inhale,
52.257,15:11:47.695,1146.0,988.0,,,inhale,
52.277,15:11:47.715,1147.0,981.0,,,inhale,
52.297,15:11:47.735,1147.0,982.0,,,inhale,
52.317,15:11:47.755,1139.0,981.0,,,inhale,
52.337,15:11:47.775,1141.0,981.0,,,inhale,
52.361,15:11:47.800,1142.0,983.0,,,inhale,
52.377,15:11:47.815,1145.0,981.0,,,inhale,
52.397,15:11:47.835,1144.0,981.0,,,inhale,
52.417,15:11:47.855,1144.0,986.0,,,inhale,
52.437,15:11:47.875,1144.0,981.0,,,inhale,
52.457,15:11:47.895,1143.0,980.0,,,inhale,
52.477,15:11:47.915,1143.0,980.0,,,inhale,
52.497,15:11:47.935,1143.0,980.0,,,inhale,
52.517,15:11:47.955,1145.0,979.0,,,inhale,
52.537,15:11:47.976,1147.0,977.0,,,inhale,
52.557,15:11:47.995,1144.0,979.0,,,inhale,
52.577,15:11:48.015,1141.0,978.0,,,inhale,
52.597,15:11:48.035,1151.0,977.0,,,inhale,
52.617,15:11:48.055,1145.0,977.0,,,inhale,
52.637,15:11:48.075,1141.0,978.0,,,inhale,
52.657,15:11:48.095,1143.0,978.0,,,inhale,
52.677,15:11:48.115,1143.0,979.0,,,inhale,
52.697,15:11:48.135,1150.0,983.0,,,inhale,
52.717,15:11:48.155,1143.0,984.0,,,inhale,
52.737,15:11:48.175,1143.0,980.0,,,inhale,
52.757,15:11:48.195,1143.0,978.0,,,inhale,
52.777,15:11:48.215,1143.0,981.0,,,inhale,
52.797,15:11:48.235,1141.0,977.0,,,inhale,
52.817,15:11:48.255,1147.0,974.0,,,inhale,
52.837,15:11:48.275,1143.0,982.0,,,inhale,
52.857,15:11:48.295,1144.0,974.0,,,inhale,
52.877,15:11:48.315,1145.0,983.0,,,inhale,
52.897,15:11:48.335,1147.0,982.0,,,inhale,
52.917,15:11:48.355,1145.0,981.0,,,inhale,
52.937,15:11:48.375,1147.0,981.0,,,inhale,
52.957,15:11:48.395,1135.0,982.0,,,inhale,
52.977,15:11:48.415,1149.0,983.0,,,inhale,
52.997,15:11:48.435,1149.0,984.0,,,inhale,
53.017,15:11:48.455,1147.0,982.0,,,inhale,
53.037,15:11:48.475,1146.0,982.0,,,inhale,
53.057,15:11:48.495,1151.0,985.0,,,inhale,
53.077,15:11:48.515,1147.0,981.0,,,inhale,
53.097,15:11:48.535,1141.0,979.0,,,inhale,
53.117,15:11:48.555,1147.0,985.0,,,inhale,
53.137,15:11:48.575,1147.0,982.0,,,inhale,
53.157,15:11:48.595,1145.0,981.0,,,inhale,
53.177,15:11:48.615,1147.0,980.0,,,inhale,
53.197,15:11:48.635,1147.0,982.0,,,inhale,
53.217,15:11:48.655,1149.0,983.0,,,inhale,
53.237,15:11:48.675,1145.0,981.0,,,inhale,
53.257,15:11:48.695,1127.0,982.0,,,inhale,
53.277,15:11:48.715,1145.0,981.0,,,inhale,
