elapsed_s,timestamp,raw,mv,phase,cycle_index,det_phase,event
0.000,14:58:07.705,32.0,970.0,,,unknown,
0.001,14:58:07.705,1135.0,971.0,,,unknown,
0.001,14:58:07.705,1134.0,971.0,,,unknown,
0.001,14:58:07.705,1129.0,977.0,,,unknown,
0.001,14:58:07.705,1133.0,973.0,,,unknown,
0.001,14:58:07.705,1133.0,969.0,,,unknown,
0.001,14:58:07.706,1133.0,974.0,,,unknown,
0.001,14:58:07.706,1133.0,969.0,,,unknown,
0.010,14:58:07.714,1133.0,970.0,,,unknown,
0.030,14:58:07.734,1131.0,967.0,,,unknown,
0.050,14:58:07.754,1132.0,969.0,,,unknown,
0.070,14:58:07.774,1131.0,970.0,,,unknown,
0.094,14:58:07.799,1133.0,972.0,,,unknown,
0.110,14:58:07.814,1132.0,969.0,,,unknown,
0.130,14:58:07.834,1132.0,968.0,,,unknown,
0.150,14:58:07.854,1127.0,969.0,,,unknown,
0.170,14:58:07.874,1131.0,968.0,,,unknown,
0.190,14:58:07.894,1131.0,965.0,,,unknown,
0.210,14:58:07.914,1131.0,967.0,,,unknown,
0.230,14:58:07.934,1130.0,971.0,,,unknown,
0.250,14:58:07.954,1129.0,968.0,,,unknown,
0.270,14:58:07.974,1131.0,968.0,,,unknown,
0.290,14:58:07.994,1130.0,967.0,,,unknown,
0.310,14:58:08.014,1129.0,968.0,,,unknown,
0.330,14:58:08.034,1129.0,968.0,,,unknown,
0.350,14:58:08.054,1132.0,968.0,,,unknown,
0.370,14:58:08.074,1131.0,967.0,,,unknown,
0.390,14:58:08.094,1129.0,970.0,,,unknown,
0.410,14:58:08.114,1131.0,967.0,,,unknown,
0.430,14:58:08.134,1129.0,966.0,,,unknown,
0.450,14:58:08.154,1131.0,966.0,,,unknown,
0.470,14:58:08.174,1129.0,967.0,,,unknown,
0.490,14:58:08.194,1128.0,966.0,,,unknown,
0.510,14:58:08.214,1129.0,968.0,,,unknown,
0.530,14:58:08.234,1129.0,965.0,,,unknown,
0.550,14:58:08.254,1129.0,967.0,,,unknown,
0.570,14:58:08.274,1130.0,968.0,,,unknown,
0.590,14:58:08.294,1149.0,968.0,,,unknown,
0.610,14:58:08.314,1132.0,969.0,,,unknown,
0.630,14:58:08.334,1133.0,968.0,,,unknown,
0.650,14:58:08.354,1129.0,970.0,,,unknown,
0.670,14:58:08.374,1135.0,969.0,,,unknown,
0.690,14:58:08.394,1135.0,972.0,,,unknown,
0.710,14:58:08.414,1135.0,975.0,,,unknown,
0.730,14:58:08.434,1136.0,973.0,,,unknown,
0.750,14:58:08.454,1144.0,976.0,,,unknown,
0.770,14:58:08.474,1141.0,977.0,,,unknown,
0.790,14:58:08.494,1142.0,978.0,,,unknown,
0.810,14:58:08.514,1142.0,978.0,,,unknown,
0.830,14:58:08.534,1144.0,977.0,,,unknown,
0.850,14:58:08.554,1145.0,981.0,,,unknown,
0.870,14:58:08.574,1109.0,982.0,,,unknown,
0.890,14:58:08.594,1149.0,983.0,,,unknown,
0.910,14:58:08.614,1141.0,990.0,,,unknown,
0.931,14:58:08.636,1151.0,991.0,,,unknown,
0.950,14:58:08.654,1159.0,993.0,,,unknown,
0.970,14:58:08.674,1162.0,994.0,,,unknown,
0.990,14:58:08.694,1159.0,993.0,,,unknown,
1.010,14:58:08.714,1163.0,1000.0,,,unknown,
1.030,14:58:08.734,1165.0,998.0,,,unknown,
1.050,14:58:08.754,1166.0,999.0,,,unknown,
1.070,14:58:08.774,1166.0,999.0,,,unknown,
1.094,14:58:08.798,1171.0,999.0,,,unknown,
1.110,14:58:08.814,1159.0,1001.0,,,unknown,
1.130,14:58:08.834,1171.0,1001.0,,,unknown,
1.150,14:58:08.854,1171.0,1006.0,,,unknown,
1.170,14:58:08.874,1171.0,994.0,,,unknown,
1.190,14:58:08.894,1176.0,1006.0,,,unknown,
1.210,14:58:08.914,1175.0,1006.0,,,unknown,
1.230,14:58:08.934,1174.0,1004.0,,,unknown,
1.250,14:58:08.954,1179.0,1007.0,,,unknown,
1.270,14:58:08.974,1177.0,1006.0,,,unknown,
1.290,14:58:08.994,1179.0,1007.0,,,unknown,
1.310,14:58:09.014,1177.0,1011.0,,,unknown,
1.332,14:58:09.037,1179.0,1009.0,,,unknown,
1.350,14:58:09.054,1181.0,1013.0,,,unknown,
1.370,14:58:09.074,1180.0,1010.0,,,unknown,
1.390,14:58:09.094,1181.0,1010.0,,,unknown,
1.410,14:58:09.114,1181.0,1008.0,,,unknown,
1.430,14:58:09.134,1183.0,1013.0,,,unknown,
1.450,14:58:09.154,1189.0,1013.0,,,unknown,
1.470,14:58:09.174,1189.0,1014.0,,,unknown,
1.490,14:58:09.194,1187.0,1017.0,,,unknown,
1.510,14:58:09.214,1189.0,1017.0,,,unknown,
1.530,14:58:09.234,1191.0,1019.0,,,unknown,
1.550,14:58:09.254,1191.0,1018.0,,,unknown,
1.570,14:58:09.274,1192.0,1016.0,,,unknown,
1.590,14:58:09.294,1190.0,1021.0,,,unknown,
1.610,14:58:09.314,1193.0,1017.0,,,unknown,
1.631,14:58:09.335,1193.0,1016.0,,,unknown,
1.650,14:58:09.354,1193.0,1027.0,,,unknown,
1.670,14:58:09.374,1192.0,1016.0,,,unknown,
1.690,14:58:09.394,1196.0,1022.0,,,unknown,
1.710,14:58:09.414,1196.0,1023.0,,,unknown,
1.731,14:58:09.435,1196.0,1024.0,,,unknown,
1.750,14:58:09.454,1197.0,1024.0,,,unknown,
1.770,14:58:09.474,1196.0,1023.0,,,unknown,
1.790,14:58:09.494,1197.0,1028.0,,,unknown,
1.810,14:58:09.514,1195.0,1020.0,,,unknown,
1.830,14:58:09.534,1194.0,1022.0,,,unknown,
1.850,14:58:09.554,1195.0,1024.0,,,unknown,
1.870,14:58:09.574,1189.0,1024.0,,,unknown,
1.890,14:58:09.594,1197.0,1023.0,,,unknown,
1.910,14:58:09.614,1198.0,1024.0,,,unknown,
1.930,14:58:09.634,1190.0,1024.0,,,unknown,
1.950,14:58:09.654,1197.0,1024.0,,,unknown,
1.970,14:58:09.674,1197.0,1022.0,,,unknown,
1.990,14:58:09.694,1193.0,1017.0,,,unknown,
2.010,14:58:09.714,1193.0,1022.0,,,unknown,
2.032,14:58:09.736,1195.0,1022.0,,,unknown,
2.050,14:58:09.754,1193.0,1022.0,,,unknown,
2.070,14:58:09.774,1193.0,1021.0,,,unknown,
2.094,14:58:09.798,1193.0,1020.0,,,unknown,
2.110,14:58:09.814,1194.0,1020.0,,,unknown,
2.131,14:58:09.835,1195.0,1017.0,,,unknown,
2.150,14:58:09.854,1193.0,1019.0,,,unknown,
2.170,14:58:09.874,1193.0,1021.0,,,unknown,
2.190,14:58:09.894,1195.0,1021.0,,,unknown,
2.210,14:58:09.914,1195.0,1020.0,,,unknown,
2.231,14:58:09.935,1192.0,1026.0,,,unknown,
2.250,14:58:09.954,1194.0,1020.0,,,unknown,
2.270,14:58:09.974,1193.0,1021.0,,,unknown,
2.290,14:58:09.994,1193.0,1020.0,,,unknown,
2.310,14:58:10.014,1191.0,1021.0,,,unknown,
2.331,14:58:10.035,1192.0,1019.0,,,unknown,
2.350,14:58:10.054,1191.0,1020.0,,,unknown,
2.370,14:58:10.074,1191.0,1019.0,,,unknown,
2.390,14:58:10.094,1193.0,1019.0,,,unknown,
2.410,14:58:10.114,1191.0,1019.0,,,unknown,
2.430,14:58:10.134,1193.0,1019.0,,,unknown,
2.450,14:58:10.154,1191.0,1019.0,,,unknown,
2.470,14:58:10.174,1191.0,1018.0,,,unknown,
2.490,14:58:10.194,1192.0,1019.0,,,unknown,
2.510,14:58:10.214,1192.0,1017.0,,,unknown,
2.531,14:58:10.236,1192.0,1023.0,,,unknown,
2.550,14:58:10.254,1191.0,1019.0,,,unknown,
2.570,14:58:10.274,1193.0,1020.0,,,unknown,
2.590,14:58:10.294,1189.0,1020.0,,,unknown,
2.610,14:58:10.314,1193.0,1020.0,,,unknown,
2.631,14:58:10.336,1193.0,1021.0,,,unknown,
2.650,14:58:10.354,1191.0,1021.0,,,unknown,
2.670,14:58:10.374,1193.0,1022.0,,,unknown,
2.690,14:58:10.394,1194.0,1022.0,,,unknown,
2.710,14:58:10.414,1195.0,1022.0,,,unknown,
2.730,14:58:10.435,1157.0,1023.0,,,unknown,
2.750,14:58:10.454,1193.0,1024.0,,,unknown,
2.770,14:58:10.474,1199.0,1019.0,,,unknown,
2.790,14:58:10.494,1196.0,1024.0,,,unknown,
2.810,14:58:10.514,1196.0,1024.0,,,unknown,
2.830,14:58:10.534,1197.0,1024.0,,,unknown,
2.850,14:58:10.554,1197.0,1024.0,,,unknown,
2.870,14:58:10.574,1199.0,1024.0,,,unknown,
2.890,14:58:10.594,1196.0,1031.0,,,unknown,
2.910,14:58:10.614,1197.0,1025.0,,,unknown,
2.931,14:58:10.636,1199.0,1025.0,,,unknown,
2.950,14:58:10.654,1195.0,1025.0,,,unknown,
2.970,14:58:10.674,1199.0,1025.0,,,unknown,
2.990,14:58:10.694,1209.0,1025.0,,,unknown,
3.010,14:58:10.714,1199.0,1027.0,,,unknown,
3.030,14:58:10.734,1203.0,1029.0,,,unknown,
3.050,14:58:10.754,1203.0,1027.0,,,unknown,
3.070,14:58:10.774,1203.0,1027.0,,,unknown,
3.094,14:58:10.799,1203.0,1025.0,,,unknown,
3.110,14:58:10.814,1207.0,1026.0,,,unknown,
3.131,14:58:10.835,1203.0,1026.0,,,unknown,
3.150,14:58:10.854,1200.0,1028.0,,,unknown,
3.170,14:58:10.874,1199.0,1027.0,,,unknown,
3.190,14:58:10.894,1203.0,1026.0,,,unknown,
3.210,14:58:10.914,1199.0,1027.0,,,unknown,
3.231,14:58:10.935,1222.0,1026.0,,,unknown,
3.250,14:58:10.954,1203.0,1028.0,,,unknown,
3.270,14:58:10.974,1203.0,1029.0,,,unknown,
3.290,14:58:10.994,1202.0,1028.0,,,unknown,
3.310,14:58:11.015,1203.0,1028.0,,,unknown,
3.331,14:58:11.036,1197.0,1027.0,,,unknown,
3.350,14:58:11.054,1199.0,1026.0,,,unknown,
3.370,14:58:11.074,1200.0,1026.0,,,unknown,
3.390,14:58:11.094,1198.0,1027.0,,,unknown,
3.410,14:58:11.114,1202.0,1026.0,,,unknown,
3.431,14:58:11.135,1197.0,1025.0,,,unknown,
3.450,14:58:11.154,1241.0,1025.0,,,unknown,
3.470,14:58:11.174,1199.0,1026.0,,,unknown,
3.490,14:58:11.194,1195.0,1024.0,,,unknown,
3.510,14:58:11.214,1203.0,1025.0,,,unknown,
3.530,14:58:11.235,1197.0,1024.0,,,unknown,
3.550,14:58:11.254,1197.0,1026.0,,,unknown,
3.570,14:58:11.274,1197.0,1024.0,,,unknown,
3.590,14:58:11.294,1196.0,1024.0,,,unknown,
3.610,14:58:11.314,1193.0,1023.0,,,unknown,
3.630,14:58:11.334,1193.0,1024.0,,,unknown,
3.650,14:58:11.354,1197.0,1024.0,,,unknown,
3.670,14:58:11.374,1199.0,1023.0,,,unknown,
3.690,14:58:11.394,1197.0,1023.0,,,unknown,
3.710,14:58:11.414,1197.0,1023.0,,,unknown,
3.730,14:58:11.434,1195.0,1025.0,,,unknown,
3.750,14:58:11.454,1195.0,1023.0,,,unknown,
3.770,14:58:11.475,1195.0,1023.0,,,unknown,
3.790,14:58:11.494,1195.0,1025.0,,,unknown,
3.810,14:58:11.515,1193.0,1020.0,,,unknown,
3.831,14:58:11.535,1193.0,1021.0,,,unknown,
3.850,14:58:11.554,1193.0,1020.0,,,unknown,
3.870,14:58:11.574,1193.0,1023.0,,,unknown,
3.890,14:58:11.594,1193.0,1019.0,,,unknown,
3.910,14:58:11.615,1191.0,1018.0,,,unknown,
3.930,14:58:11.634,1191.0,1018.0,,,unknown,
3.950,14:58:11.654,1191.0,1018.0,,,unknown,
3.970,14:58:11.674,1191.0,1022.0,,,unknown,
3.990,14:58:11.694,1189.0,1018.0,,,unknown,
4.010,14:58:11.714,1189.0,1017.0,,,unknown,
4.030,14:58:11.734,1190.0,1016.0,,,unknown,
4.050,14:58:11.754,1187.0,1015.0,,,unknown,
4.070,14:58:11.774,1189.0,1014.0,,,unknown,
4.094,14:58:11.799,1182.0,1013.0,,,unknown,
4.110,14:58:11.815,1183.0,1013.0,,,unknown,
4.131,14:58:11.835,1183.0,1013.0,,,unknown,
4.150,14:58:11.854,1181.0,1012.0,,,unknown,
4.170,14:58:11.874,1183.0,1011.0,,,unknown,
4.190,14:58:11.894,1179.0,1011.0,,,unknown,
4.210,14:58:11.914,1180.0,1011.0,,,unknown,
4.231,14:58:11.936,1179.0,1010.0,,,unknown,
4.250,14:58:11.954,1182.0,1010.0,,,unknown,
4.270,14:58:11.974,1177.0,1010.0,,,unknown,
4.290,14:58:11.995,1101.0,1011.0,,,unknown,
4.310,14:58:12.015,1177.0,1013.0,,,unknown,
4.331,14:58:12.035,1179.0,1009.0,,,unknown,
4.350,14:58:12.054,1175.0,1011.0,,,unknown,
4.370,14:58:12.075,1179.0,1009.0,,,unknown,
4.390,14:58:12.095,1178.0,1008.0,,,unknown,
4.410,14:58:12.114,1170.0,1005.0,,,unknown,
4.431,14:58:12.135,1177.0,1008.0,,,unknown,
4.450,14:58:12.154,1179.0,1008.0,,,unknown,
4.470,14:58:12.174,1176.0,1007.0,,,unknown,
4.490,14:58:12.194,1173.0,1008.0,,,unknown,
4.510,14:58:12.214,1177.0,1007.0,,,unknown,
4.531,14:58:12.236,1177.0,1011.0,,,unknown,
4.550,14:58:12.254,1175.0,1007.0,,,unknown,
4.570,14:58:12.275,1177.0,1007.0,,,unknown,
4.590,14:58:12.294,1177.0,1007.0,,,unknown,
4.610,14:58:12.315,1163.0,1007.0,,,unknown,
4.631,14:58:12.336,1176.0,1007.0,,,unknown,
4.650,14:58:12.354,1174.0,1007.0,,,unknown,
4.670,14:58:12.374,1177.0,1006.0,,,unknown,
4.690,14:58:12.394,1174.0,1007.0,,,unknown,
4.710,14:58:12.414,1176.0,1007.0,,,unknown,
4.731,14:58:12.435,1175.0,1007.0,,,unknown,
4.750,14:58:12.454,1174.0,1007.0,,,unknown,
4.770,14:58:12.475,1175.0,1007.0,,,unknown,
4.790,14:58:12.494,1177.0,1009.0,,,unknown,
4.810,14:58:12.515,1173.0,1007.0,,,unknown,
4.831,14:58:12.535,1181.0,1007.0,,,unknown,
4.850,14:58:12.554,1171.0,1006.0,,,unknown,
4.870,14:58:12.574,1175.0,1005.0,,,unknown,
4.890,14:58:12.594,1175.0,1006.0,,,unknown,
4.910,14:58:12.615,1175.0,1006.0,,,unknown,
4.931,14:58:12.635,1177.0,1006.0,,,unknown,
4.950,14:58:12.654,1174.0,1004.0,,,unknown,
4.970,14:58:12.674,1175.0,1002.0,,,unknown,
4.990,14:58:12.694,1175.0,1002.0,,,unknown,
5.010,14:58:12.714,1173.0,1005.0,,,unknown,
5.030,14:58:12.735,1175.0,1005.0,,,unknown,
5.050,14:58:12.754,1172.0,1004.0,,,unknown,
5.070,14:58:12.774,1173.0,1003.0,,,unknown,
5.094,14:58:12.799,1171.0,1003.0,,,unknown,
5.110,14:58:12.814,1171.0,1003.0,,,unknown,
5.131,14:58:12.835,1173.0,1004.0,,,unknown,
5.157,14:58:12.862,1173.0,1004.0,,,unknown,
5.174,14:58:12.878,1173.0,1004.0,,,unknown,
5.189,14:58:12.894,1173.0,999.0,,,unknown,
5.210,14:58:12.914,1193.0,1004.0,,,unknown,
5.230,14:58:12.934,1177.0,1006.0,,,unknown,
5.250,14:58:12.954,1175.0,1006.0,,,unknown,
5.270,14:58:12.974,1175.0,1007.0,,,unknown,
5.290,14:58:12.994,1177.0,1008.0,,,unknown,
5.310,14:58:13.014,1177.0,1007.0,,,unknown,
5.331,14:58:13.035,1179.0,1008.0,,,unknown,
5.350,14:58:13.054,1177.0,1008.0,,,unknown,
5.370,14:58:13.074,1179.0,1008.0,,,unknown,
5.390,14:58:13.094,1179.0,1009.0,,,unknown,
5.410,14:58:13.114,1251.0,1009.0,,,unknown,
5.431,14:58:13.136,1180.0,1009.0,,,unknown,
5.450,14:58:13.154,1181.0,1010.0,,,unknown,
5.470,14:58:13.174,1180.0,1011.0,,,unknown,
5.490,14:58:13.194,1181.0,1011.0,,,unknown,
5.510,14:58:13.215,1183.0,1010.0,,,unknown,
5.531,14:58:13.235,1183.0,1013.0,,,unknown,
5.550,14:58:13.254,1183.0,1012.0,,,unknown,
5.570,14:58:13.274,1184.0,1008.0,,,unknown,
5.590,14:58:13.294,1183.0,1013.0,,,unknown,
5.610,14:58:13.315,1187.0,1019.0,,,unknown,
5.631,14:58:13.335,1191.0,1015.0,,,unknown,
5.650,14:58:13.354,1187.0,1015.0,,,unknown,
5.670,14:58:13.374,1188.0,1015.0,,,unknown,
5.690,14:58:13.394,1187.0,1016.0,,,unknown,
5.710,14:58:13.415,1189.0,1017.0,,,unknown,
5.731,14:58:13.436,1187.0,1018.0,,,unknown,
5.750,14:58:13.454,1187.0,1018.0,,,unknown,
5.770,14:58:13.474,1188.0,1017.0,,,unknown,
5.790,14:58:13.494,1187.0,1018.0,,,unknown,
5.810,14:58:13.514,1191.0,1018.0,,,unknown,
5.832,14:58:13.536,1184.0,1016.0,,,unknown,
5.850,14:58:13.554,1192.0,1018.0,,,unknown,
5.870,14:58:13.575,1193.0,1019.0,,,unknown,
5.890,14:58:13.594,1193.0,1017.0,,,unknown,
5.910,14:58:13.614,1192.0,1019.0,,,unknown,
5.931,14:58:13.635,1193.0,1019.0,,,unknown,
5.950,14:58:13.654,1192.0,1021.0,,,unknown,
5.970,14:58:13.674,1182.0,1020.0,,,unknown,
5.990,14:58:13.694,1193.0,1020.0,,,unknown,
6.010,14:58:13.714,1198.0,1022.0,,,unknown,
6.031,14:58:13.735,1191.0,1020.0,,,unknown,
6.050,14:58:13.754,1192.0,1021.0,,,unknown,
6.070,14:58:13.774,1195.0,1021.0,,,unknown,
6.094,14:58:13.799,1189.0,1021.0,,,unknown,
6.110,14:58:13.814,1194.0,1019.0,,,unknown,
6.131,14:58:13.836,1196.0,1020.0,,,unknown,
6.150,14:58:13.854,1193.0,1021.0,,,unknown,
6.170,14:58:13.874,1193.0,1021.0,,,unknown,
6.190,14:58:13.894,1189.0,1020.0,,,unknown,
6.210,14:58:13.915,1192.0,1021.0,,,unknown,
6.231,14:58:13.936,1192.0,1022.0,,,unknown,
6.250,14:58:13.954,1193.0,1021.0,,,unknown,
6.270,14:58:13.974,1197.0,1024.0,,,unknown,
6.290,14:58:13.994,1198.0,1023.0,,,unknown,
6.310,14:58:14.015,1195.0,1022.0,,,unknown,
6.331,14:58:14.035,1195.0,1022.0,,,unknown,
6.350,14:58:14.054,1195.0,1023.0,,,unknown,
6.370,14:58:14.074,1195.0,1022.0,,,unknown,
6.390,14:58:14.095,1195.0,1023.0,,,unknown,
6.410,14:58:14.115,1197.0,1018.0,,,unknown,
6.431,14:58:14.135,1199.0,1024.0,,,unknown,
6.450,14:58:14.154,1199.0,1025.0,,,unknown,
6.470,14:58:14.174,1200.0,1026.0,,,unknown,
6.490,14:58:14.194,1204.0,1028.0,,,unknown,
6.510,14:58:14.214,1203.0,1026.0,,,unknown,
6.531,14:58:14.236,1202.0,1027.0,,,unknown,
6.550,14:58:14.254,1203.0,1028.0,,,unknown,
6.570,14:58:14.274,1225.0,1030.0,,,unknown,
6.590,14:58:14.295,1205.0,1032.0,,,unknown,
6.610,14:58:14.315,1205.0,1032.0,,,unknown,
6.630,14:58:14.335,1205.0,1034.0,,,unknown,
6.650,14:58:14.354,1203.0,1033.0,,,unknown,
6.670,14:58:14.374,1207.0,1033.0,,,unknown,
6.690,14:58:14.395,1209.0,1034.0,,,unknown,
6.710,14:58:14.414,1207.0,1033.0,,,unknown,
6.731,14:58:14.435,1208.0,1034.0,,,unknown,
6.750,14:58:14.454,1211.0,1034.0,,,unknown,
6.770,14:58:14.474,1210.0,1029.0,,,unknown,
6.790,14:58:14.494,1211.0,1034.0,,,unknown,
6.810,14:58:14.514,1211.0,1028.0,,,unknown,
6.830,14:58:14.534,1225.0,1035.0,,,unknown,
6.850,14:58:14.554,1209.0,1035.0,,,unknown,
6.870,14:58:14.574,1204.0,1036.0,,,unknown,
6.890,14:58:14.594,1209.0,1036.0,,,unknown,
6.910,14:58:14.614,1210.0,1037.0,,,unknown,
6.930,14:58:14.634,1209.0,1034.0,,,unknown,
6.950,14:58:14.654,1209.0,1034.0,,,unknown,
6.970,14:58:14.674,1223.0,1034.0,,,unknown,
6.990,14:58:14.694,1209.0,1035.0,,,unknown,
7.010,14:58:14.714,1209.0,1034.0,,,unknown,
7.035,14:58:14.740,1209.0,1034.0,,,unknown,
7.050,14:58:14.755,1207.0,1033.0,,,unknown,
7.070,14:58:14.774,1207.0,1034.0,,,unknown,
7.094,14:58:14.798,1207.0,1032.0,,,unknown,
7.110,14:58:14.814,1209.0,1029.0,,,unknown,
7.134,14:58:14.838,1208.0,1032.0,,,unknown,
7.150,14:58:14.854,1198.0,1035.0,,,unknown,
7.170,14:58:14.874,1206.0,1030.0,,,unknown,
7.190,14:58:14.894,1198.0,1031.0,,,unknown,
7.210,14:58:14.915,1205.0,1031.0,,,unknown,
7.233,14:58:14.938,1206.0,1031.0,,,unknown,
7.250,14:58:14.954,1205.0,1032.0,,,unknown,
7.270,14:58:14.974,1206.0,1032.0,,,unknown,
7.290,14:58:14.994,1205.0,1032.0,,,unknown,
7.310,14:58:15.014,1203.0,1031.0,,,unknown,
7.331,14:58:15.035,1205.0,1031.0,,,unknown,
7.350,14:58:15.054,1206.0,1036.0,,,unknown,
7.370,14:58:15.074,1207.0,1035.0,,,unknown,
7.390,14:58:15.094,1206.0,1031.0,,,unknown,
7.410,14:58:15.114,1207.0,1034.0,,,unknown,
7.431,14:58:15.136,1206.0,1033.0,,,unknown,
7.450,14:58:15.154,1210.0,1037.0,,,unknown,
7.470,14:58:15.174,1209.0,1035.0,,,unknown,
7.490,14:58:15.195,1209.0,1035.0,,,unknown,
7.510,14:58:15.214,1212.0,1041.0,,,unknown,
7.530,14:58:15.234,1213.0,1037.0,,,unknown,
7.550,14:58:15.254,1213.0,1037.0,,,unknown,
7.570,14:58:15.275,1215.0,1037.0,,,unknown,
7.590,14:58:15.295,1209.0,1034.0,,,unknown,
7.610,14:58:15.314,1213.0,1038.0,,,unknown,
7.631,14:58:15.335,1215.0,1036.0,,,unknown,
7.650,14:58:15.354,1215.0,1037.0,,,unknown,
7.670,14:58:15.374,1215.0,1038.0,,,unknown,
7.690,14:58:15.394,1229.0,1042.0,,,unknown,
7.710,14:58:15.415,1215.0,1045.0,,,unknown,
7.731,14:58:15.435,1215.0,1033.0,,,unknown,
7.750,14:58:15.454,1215.0,1039.0,,,unknown,
7.770,14:58:15.474,1215.0,1038.0,,,unknown,
7.790,14:58:15.494,1295.0,1039.0,,,unknown,
7.810,14:58:15.515,1215.0,1041.0,,,unknown,
7.831,14:58:15.535,1198.0,1039.0,,,unknown,
7.850,14:58:15.554,1193.0,1039.0,,,unknown,
7.870,14:58:15.574,1214.0,1032.0,,,unknown,
7.890,14:58:15.595,1222.0,1039.0,,,unknown,
7.910,14:58:15.615,1215.0,1040.0,,,unknown,
7.931,14:58:15.635,1221.0,1041.0,,,unknown,
7.950,14:58:15.654,1222.0,1041.0,,,unknown,
7.970,14:58:15.674,1213.0,1041.0,,,unknown,
7.990,14:58:15.695,1215.0,1044.0,,,unknown,
8.010,14:58:15.714,1215.0,1041.0,,,unknown,
8.031,14:58:15.736,1222.0,1039.0,,,unknown,
8.052,14:58:15.756,1215.0,1040.0,,,unknown,
8.070,14:58:15.774,1224.0,1042.0,,,unknown,
8.094,14:58:15.799,1220.0,1040.0,,,unknown,
8.110,14:58:15.814,1213.0,1040.0,,,unknown,
8.131,14:58:15.835,1213.0,1038.0,,,unknown,
8.150,14:58:15.854,1213.0,1045.0,,,unknown,
8.170,14:58:15.874,1215.0,1039.0,,,unknown,
8.190,14:58:15.895,1215.0,1033.0,,,unknown,
8.210,14:58:15.914,1215.0,1042.0,,,unknown,
8.231,14:58:15.936,1215.0,1041.0,,,unknown,
8.250,14:58:15.954,1215.0,1039.0,,,unknown,
8.270,14:58:15.974,1197.0,1038.0,,,unknown,
8.290,14:58:15.995,1213.0,1038.0,,,unknown,
8.310,14:58:16.015,1213.0,1037.0,,,unknown,
8.331,14:58:16.036,1211.0,1036.0,,,unknown,
8.350,14:58:16.054,1215.0,1038.0,,,unknown,
8.370,14:58:16.074,1211.0,1036.0,,,unknown,
8.390,14:58:16.094,1209.0,1034.0,,,unknown,
8.410,14:58:16.115,1213.0,1036.0,,,unknown,
8.432,14:58:16.136,1211.0,1035.0,,,unknown,
8.450,14:58:16.154,1208.0,1035.0,,,unknown,
8.470,14:58:16.175,1210.0,1037.0,,,unknown,
8.490,14:58:16.194,1209.0,1033.0,,,unknown,
8.510,14:58:16.215,1210.0,1034.0,,,unknown,
8.531,14:58:16.236,1209.0,1034.0,,,unknown,
8.550,14:58:16.254,1207.0,1033.0,,,unknown,
8.570,14:58:16.274,1205.0,1032.0,,,unknown,
8.590,14:58:16.295,1247.0,1033.0,,,unknown,
8.610,14:58:16.314,1207.0,1030.0,,,unknown,
8.630,14:58:16.335,1206.0,1032.0,,,unknown,
8.650,14:58:16.355,1171.0,1032.0,,,unknown,
8.670,14:58:16.375,1207.0,1032.0,,,unknown,
8.690,14:58:16.394,1205.0,1032.0,,,unknown,
8.710,14:58:16.415,1225.0,1029.0,,,unknown,
8.731,14:58:16.435,1203.0,1028.0,,,unknown,
8.750,14:58:16.454,1202.0,1031.0,,,unknown,
8.770,14:58:16.474,1205.0,1032.0,,,unknown,
8.790,14:58:16.495,1203.0,1028.0,,,unknown,
8.810,14:58:16.515,1203.0,1029.0,,,unknown,
8.830,14:58:16.535,1199.0,1028.0,,,unknown,
8.850,14:58:16.554,1181.0,1027.0,,,unknown,
8.870,14:58:16.574,1197.0,1025.0,,,unknown,
8.890,14:58:16.594,1199.0,1027.0,,,unknown,
8.910,14:58:16.615,1213.0,1023.0,,,unknown,
8.931,14:58:16.635,1197.0,1024.0,,,unknown,
8.950,14:58:16.654,1197.0,1025.0,,,unknown,
8.970,14:58:16.675,1197.0,1028.0,,,unknown,
8.990,14:58:16.695,1197.0,1029.0,,,unknown,
9.010,14:58:16.714,1199.0,1024.0,,,unknown,
9.032,14:58:16.736,1194.0,1025.0,,,unknown,
9.050,14:58:16.755,1196.0,1024.0,,,unknown,
9.070,14:58:16.775,1195.0,1024.0,,,unknown,
9.094,14:58:16.799,1195.0,1024.0,,,unknown,
9.110,14:58:16.815,1195.0,1022.0,,,unknown,
9.130,14:58:16.835,1195.0,1022.0,,,unknown,
9.150,14:58:16.854,1199.0,1022.0,,,unknown,
9.170,14:58:16.874,1195.0,1023.0,,,unknown,
9.190,14:58:16.895,1193.0,1023.0,,,unknown,
9.210,14:58:16.915,1189.0,1020.0,,,unknown,
9.230,14:58:16.935,1192.0,1022.0,,,unknown,
9.250,14:58:16.955,1193.0,1023.0,,,unknown,
9.270,14:58:16.974,1193.0,1020.0,,,unknown,
9.290,14:58:16.994,1194.0,1020.0,,,unknown,
9.310,14:58:17.015,1197.0,1020.0,,,unknown,
9.331,14:58:17.036,1189.0,1024.0,,,unknown,
9.350,14:58:17.054,1194.0,1022.0,,,unknown,
9.370,14:58:17.074,1191.0,1020.0,,,unknown,
9.390,14:58:17.094,1193.0,1019.0,,,unknown,
9.410,14:58:17.115,1189.0,1019.0,,,unknown,
9.432,14:58:17.136,1183.0,1017.0,,,unknown,
9.450,14:58:17.154,1191.0,1017.0,,,unknown,
9.470,14:58:17.174,1191.0,1015.0,,,unknown,
9.490,14:58:17.195,1196.0,1015.0,,,unknown,
9.510,14:58:17.214,1193.0,1012.0,,,unknown,
9.531,14:58:17.235,1179.0,1017.0,,,unknown,
9.550,14:58:17.254,1181.0,1016.0,,,unknown,
9.570,14:58:17.274,1191.0,1014.0,,,unknown,
9.590,14:58:17.295,1189.0,1016.0,,,unknown,
9.610,14:58:17.314,1181.0,1015.0,,,unknown,
9.630,14:58:17.335,1190.0,1014.0,,,unknown,
9.651,14:58:17.355,1187.0,1015.0,,,unknown,
9.670,14:58:17.374,1188.0,1020.0,,,unknown,
9.690,14:58:17.395,1181.0,1016.0,,,unknown,
9.721,14:58:17.425,1189.0,1016.0,,,unknown,
9.735,14:58:17.439,1177.0,1016.0,,,unknown,
9.750,14:58:17.454,1192.0,1018.0,,,unknown,
9.770,14:58:17.474,1183.0,1017.0,,,unknown,
9.790,14:58:17.494,1189.0,1018.0,,,unknown,
9.810,14:58:17.514,1191.0,1019.0,,,unknown,
9.830,14:58:17.534,1199.0,1019.0,,,unknown,
9.850,14:58:17.555,1189.0,1018.0,,,unknown,
9.870,14:58:17.574,1191.0,1023.0,,,unknown,
9.890,14:58:17.594,1187.0,1012.0,,,unknown,
9.910,14:58:17.614,1187.0,1021.0,,,unknown,
9.931,14:58:17.635,1207.0,1017.0,,,unknown,
9.950,14:58:17.654,1191.0,1006.0,,,unknown,
9.970,14:58:17.675,1194.0,1020.0,,,unknown,
9.990,14:58:17.694,1181.0,1019.0,,,unknown,
10.010,14:58:17.714,1188.0,1016.0,,,unknown,
10.030,14:58:17.734,1191.0,1020.0,,,unknown,
10.050,14:58:17.754,1195.0,1020.0,,,unknown,
10.070,14:58:17.774,1188.0,1022.0,,,unknown,
10.093,14:58:17.798,1241.0,1022.0,,,unknown,
10.110,14:58:17.814,1194.0,1026.0,,,unknown,
10.130,14:58:17.834,1195.0,1018.0,,,unknown,
10.150,14:58:17.854,1195.0,1024.0,,,unknown,
10.170,14:58:17.874,1193.0,1022.0,,,unknown,
10.190,14:58:17.894,1193.0,1022.0,,,unknown,
10.210,14:58:17.914,1195.0,1023.0,,,unknown,
10.233,14:58:17.937,1195.0,1022.0,,,unknown,
10.251,14:58:17.956,1216.0,1024.0,,,unknown,
10.270,14:58:17.974,1193.0,1023.0,,,unknown,
10.290,14:58:17.994,1195.0,1025.0,,,unknown,
10.310,14:58:18.014,1195.0,1025.0,,,unknown,
10.331,14:58:18.035,1193.0,1025.0,,,unknown,
10.350,14:58:18.054,1200.0,1027.0,,,unknown,
10.370,14:58:18.074,1207.0,1030.0,,,unknown,
10.390,14:58:18.094,1199.0,1027.0,,,unknown,
10.410,14:58:18.114,1203.0,1027.0,,,unknown,
10.430,14:58:18.134,1199.0,1025.0,,,unknown,
10.450,14:58:18.154,1203.0,1029.0,,,unknown,
10.470,14:58:18.175,1205.0,1030.0,,,unknown,
10.490,14:58:18.195,1211.0,1034.0,,,unknown,
10.510,14:58:18.214,1209.0,1031.0,,,unknown,
10.530,14:58:18.235,1205.0,1029.0,,,unknown,
10.550,14:58:18.254,1205.0,1033.0,,,unknown,
10.570,14:58:18.275,1223.0,1042.0,,,unknown,
10.590,14:58:18.294,1227.0,1032.0,,,unknown,
10.610,14:58:18.315,1206.0,1032.0,,,unknown,
10.630,14:58:18.334,1199.0,1034.0,,,unknown,
10.650,14:58:18.354,1199.0,1033.0,,,unknown,
10.670,14:58:18.374,1211.0,1034.0,,,unknown,
10.690,14:58:18.395,1325.0,1033.0,,,unknown,
10.710,14:58:18.415,1205.0,1035.0,,,unknown,
10.731,14:58:18.435,1213.0,1032.0,,,unknown,
10.750,14:58:18.454,1204.0,1035.0,,,unknown,
10.770,14:58:18.474,1207.0,1035.0,,,unknown,
10.790,14:58:18.494,1215.0,1024.0,,,unknown,
10.810,14:58:18.514,1205.0,1028.0,,,unknown,
10.830,14:58:18.535,1210.0,1039.0,,,unknown,
10.850,14:58:18.554,1211.0,1034.0,,,unknown,
10.870,14:58:18.574,1215.0,1038.0,,,unknown,
10.890,14:58:18.594,1211.0,1036.0,,,unknown,
10.910,14:58:18.614,1205.0,1037.0,,,unknown,
10.932,14:58:18.637,1206.0,1034.0,,,unknown,
10.950,14:58:18.654,1203.0,1035.0,,,unknown,
10.970,14:58:18.674,1205.0,1033.0,,,unknown,
10.990,14:58:18.694,1207.0,1034.0,,,unknown,
11.010,14:58:18.714,1207.0,1036.0,,,unknown,
11.030,14:58:18.734,1211.0,1030.0,,,unknown,
11.050,14:58:18.754,1208.0,1033.0,,,unknown,
11.070,14:58:18.774,1241.0,1046.0,,,unknown,
11.094,14:58:18.798,1212.0,1029.0,,,unknown,
11.110,14:58:18.814,1207.0,1031.0,,,unknown,
11.130,14:58:18.834,1207.0,1030.0,,,unknown,
11.150,14:58:18.854,1223.0,1030.0,,,unknown,
11.170,14:58:18.874,1205.0,1042.0,,,unknown,
11.190,14:58:18.894,1199.0,1040.0,,,unknown,
11.210,14:58:18.914,1191.0,1027.0,,,unknown,
11.230,14:58:18.934,1205.0,1026.0,,,unknown,
11.250,14:58:18.954,1209.0,1033.0,,,unknown,
11.270,14:58:18.974,1203.0,1030.0,,,unknown,
11.290,14:58:18.994,1207.0,1023.0,,,unknown,
11.310,14:58:19.015,1203.0,1028.0,,,unknown,
11.331,14:58:19.035,1199.0,1028.0,,,unknown,
11.350,14:58:19.054,1205.0,1029.0,,,unknown,
11.370,14:58:19.074,1199.0,1029.0,,,unknown,
11.390,14:58:19.094,1197.0,1023.0,,,unknown,
11.410,14:58:19.115,1200.0,1029.0,,,unknown,
11.430,14:58:19.134,1195.0,1032.0,,,unknown,
11.450,14:58:19.154,1205.0,1024.0,,,unknown,
11.470,14:58:19.174,1198.0,1021.0,,,unknown,
11.490,14:58:19.194,1193.0,1029.0,,,unknown,
11.510,14:58:19.214,1199.0,1024.0,,,unknown,
11.530,14:58:19.234,1195.0,1020.0,,,unknown,
11.550,14:58:19.254,1207.0,1024.0,,,unknown,
11.570,14:58:19.274,1191.0,1027.0,,,unknown,
11.590,14:58:19.294,1200.0,1025.0,,,unknown,
11.610,14:58:19.314,1197.0,1026.0,,,unknown,
11.630,14:58:19.334,1203.0,1024.0,,,unknown,
11.650,14:58:19.354,1199.0,1024.0,,,unknown,
11.670,14:58:19.374,1197.0,1029.0,,,unknown,
11.690,14:58:19.394,1206.0,1023.0,,,unknown,
11.710,14:58:19.414,1207.0,1026.0,,,unknown,
11.730,14:58:19.434,1205.0,1024.0,,,unknown,
11.750,14:58:19.454,1215.0,1024.0,,,unknown,
11.770,14:58:19.474,1199.0,1024.0,,,unknown,
11.790,14:58:19.494,1199.0,1031.0,,,unknown,
11.810,14:58:19.514,987.0,1028.0,,,unknown,
11.830,14:58:19.534,1196.0,1028.0,,,unknown,
11.850,14:58:19.554,1195.0,1030.0,,,unknown,
11.870,14:58:19.574,1195.0,1035.0,,,unknown,
11.890,14:58:19.594,1205.0,1030.0,,,unknown,
11.910,14:58:19.614,1195.0,1032.0,,,unknown,
11.930,14:58:19.634,1195.0,1027.0,,,unknown,
11.950,14:58:19.654,1209.0,1031.0,,,unknown,
11.970,14:58:19.674,1196.0,1034.0,,,unknown,
11.991,14:58:19.695,1209.0,1029.0,,,unknown,
12.011,14:58:19.715,1210.0,1030.0,,,exhale,
12.030,14:58:19.734,1211.0,1025.0,,,exhale,
12.050,14:58:19.754,1207.0,1033.0,,,exhale,
12.070,14:58:19.774,1211.0,1034.0,,,exhale,
12.093,14:58:19.798,1205.0,1033.0,,,exhale,
12.110,14:58:19.814,1227.0,1044.0,,,exhale,
12.130,14:58:19.834,1211.0,1037.0,,,exhale,
12.150,14:58:19.854,1208.0,1034.0,,,exhale,
12.170,14:58:19.874,1207.0,1033.0,,,exhale,
12.190,14:58:19.894,1213.0,1027.0,,,exhale,
12.210,14:58:19.914,1207.0,1032.0,,,exhale,
12.230,14:58:19.934,1199.0,1035.0,,,exhale,
12.250,14:58:19.954,1203.0,1033.0,,,exhale,
12.270,14:58:19.974,1206.0,1034.0,,,exhale,
12.290,14:58:19.994,1199.0,1034.0,,,exhale,
12.310,14:58:20.014,1207.0,1031.0,,,exhale,
12.330,14:58:20.034,1203.0,1033.0,,,exhale,
12.350,14:58:20.054,1208.0,1034.0,,,exhale,
12.370,14:58:20.074,1212.0,1035.0,,,exhale,
12.390,14:58:20.094,1209.0,1033.0,,,exhale,
12.410,14:58:20.114,1207.0,1033.0,,,exhale,
12.430,14:58:20.134,1207.0,1034.0,,,exhale,
12.450,14:58:20.154,1174.0,1032.0,,,exhale,
12.470,14:58:20.174,1205.0,1032.0,,,exhale,
12.492,14:58:20.196,1205.0,1027.0,,,exhale,
12.541,14:58:20.246,1205.0,1041.0,,,exhale,
12.541,14:58:20.246,1213.0,1037.0,,,exhale,
12.550,14:58:20.255,1207.0,1036.0,,,exhale,
12.570,14:58:20.274,1206.0,1031.0,,,exhale,
12.590,14:58:20.294,1204.0,1030.0,,,exhale,
12.610,14:58:20.314,1199.0,1034.0,,,exhale,
12.630,14:58:20.334,1203.0,1036.0,,,exhale,
12.650,14:58:20.354,1207.0,1037.0,,,exhale,
12.670,14:58:20.374,1203.0,1030.0,,,exhale,
12.690,14:58:20.394,1199.0,1029.0,,,exhale,
12.710,14:58:20.414,1199.0,1034.0,,,exhale,
12.730,14:58:20.434,1208.0,1029.0,,,exhale,
12.750,14:58:20.454,1203.0,1028.0,,,exhale,
12.770,14:58:20.474,1211.0,1028.0,,,exhale,
12.790,14:58:20.494,1201.0,1029.0,,,exhale,
12.810,14:58:20.514,1204.0,1028.0,,,exhale,
12.831,14:58:20.535,1204.0,1027.0,,,exhale,
12.850,14:58:20.554,1199.0,1026.0,,,exhale,
12.870,14:58:20.574,1195.0,1029.0,,,exhale,
12.890,14:58:20.594,1193.0,1024.0,,,exhale,
12.910,14:58:20.614,1195.0,1027.0,,,exhale,
12.930,14:58:20.634,1197.0,1024.0,,,exhale,
12.950,14:58:20.654,1195.0,1024.0,,,exhale,
12.970,14:58:20.674,1196.0,1025.0,,,exhale,
12.990,14:58:20.694,1193.0,1023.0,,,exhale,
13.010,14:58:20.714,1198.0,1032.0,,,exhale,
13.030,14:58:20.734,1191.0,1022.0,,,exhale,
13.050,14:58:20.754,1195.0,1023.0,,,exhale,
13.070,14:58:20.774,1195.0,1023.0,,,exhale,
13.094,14:58:20.798,1195.0,1019.0,,,exhale,
13.110,14:58:20.814,1237.0,1022.0,,,exhale,
13.130,14:58:20.834,1196.0,1020.0,,,exhale,
13.150,14:58:20.854,1193.0,1021.0,,,exhale,
13.170,14:58:20.874,1197.0,1021.0,,,exhale,
13.190,14:58:20.895,1192.0,1020.0,,,exhale,
13.210,14:58:20.915,1193.0,1019.0,,,exhale,
13.230,14:58:20.934,1187.0,1017.0,,,exhale,
13.250,14:58:20.954,1191.0,1021.0,,,exhale,
13.270,14:58:20.974,1187.0,1023.0,,,exhale,
13.290,14:58:20.994,1223.0,1018.0,,,exhale,
13.310,14:58:21.015,1189.0,1018.0,,,exhale,
13.330,14:58:21.035,1189.0,1019.0,,,exhale,
13.350,14:58:21.054,1207.0,1020.0,,,exhale,
13.370,14:58:21.074,1189.0,1025.0,,,exhale,
13.390,14:58:21.094,1184.0,1021.0,,,exhale,
13.410,14:58:21.114,1181.0,1015.0,,,exhale,
13.430,14:58:21.134,1190.0,1017.0,,,exhale,
13.450,14:58:21.154,1189.0,1013.0,,,exhale,
13.470,14:58:21.174,1193.0,1017.0,,,exhale,
13.490,14:58:21.194,1181.0,1016.0,,,exhale,
13.510,14:58:21.214,1171.0,1016.0,,,exhale,
13.531,14:58:21.236,1188.0,1016.0,,,exhale,
13.550,14:58:21.254,1188.0,1015.0,,,exhale,
13.570,14:58:21.274,1181.0,1016.0,,,exhale,
13.590,14:58:21.294,1179.0,1014.0,,,exhale,
13.610,14:58:21.314,1183.0,1015.0,,,exhale,
13.631,14:58:21.335,1181.0,1013.0,,,exhale,
13.650,14:58:21.354,1190.0,1014.0,,,exhale,
13.670,14:58:21.374,1181.0,1016.0,,,exhale,
13.690,14:58:21.394,1179.0,1012.0,,,exhale,
13.710,14:58:21.414,1191.0,1003.0,,,exhale,
13.730,14:58:21.434,1177.0,1014.0,,,exhale,
13.750,14:58:21.454,1183.0,1018.0,,,exhale,
13.770,14:58:21.474,1190.0,1004.0,,,exhale,
13.790,14:58:21.494,1189.0,1008.0,,,exhale,
13.810,14:58:21.514,1183.0,1013.0,,,exhale,
13.831,14:58:21.535,1189.0,1014.0,,,exhale,
13.850,14:58:21.554,1181.0,1011.0,,,exhale,
13.870,14:58:21.574,1191.0,1012.0,,,exhale,
13.890,14:58:21.594,1173.0,1011.0,,,exhale,
13.910,14:58:21.615,1179.0,1011.0,,,exhale,
13.930,14:58:21.635,1183.0,1020.0,,,exhale,
13.950,14:58:21.654,1181.0,1011.0,,,exhale,
13.970,14:58:21.674,1182.0,1011.0,,,exhale,
13.990,14:58:21.694,1177.0,1011.0,,,exhale,
14.010,14:58:21.714,1179.0,1001.0,,,exhale,
14.030,14:58:21.734,1181.0,1010.0,,,exhale,
14.050,14:58:21.754,1176.0,1012.0,,,exhale,
14.070,14:58:21.774,1187.0,1010.0,,,exhale,
14.094,14:58:21.798,1179.0,1009.0,,,exhale,
14.110,14:58:21.814,1179.0,1010.0,,,exhale,
14.131,14:58:21.835,1175.0,1014.0,,,exhale,
14.150,14:58:21.854,1179.0,1009.0,,,exhale,
14.170,14:58:21.874,1177.0,1013.0,,,exhale,
14.190,14:58:21.894,1179.0,1008.0,,,exhale,
14.210,14:58:21.914,1183.0,1013.0,,,exhale,
14.230,14:58:21.934,1183.0,1011.0,,,exhale,
14.250,14:58:21.954,1175.0,1014.0,,,exhale,
14.270,14:58:21.974,1187.0,1011.0,,,exhale,
14.290,14:58:21.994,1189.0,1017.0,,,exhale,
14.310,14:58:22.014,1184.0,1012.0,,,exhale,
14.330,14:58:22.034,1178.0,1012.0,,,exhale,
14.351,14:58:22.056,1183.0,1014.0,,,exhale,
14.370,14:58:22.074,1179.0,1014.0,,,inhale,inhale_onset
14.390,14:58:22.094,1187.0,1013.0,,,inhale,
14.410,14:58:22.114,1187.0,1017.0,,,inhale,
14.430,14:58:22.134,1189.0,1017.0,,,inhale,
14.450,14:58:22.154,1195.0,1019.0,,,inhale,
14.470,14:58:22.174,1189.0,1021.0,,,inhale,
14.490,14:58:22.194,1191.0,1021.0,,,inhale,
14.510,14:58:22.214,1191.0,1020.0,,,inhale,
14.530,14:58:22.234,1194.0,1022.0,,,inhale,
14.550,14:58:22.254,1193.0,1021.0,,,inhale,
14.570,14:58:22.274,1183.0,1023.0,,,inhale,
14.590,14:58:22.294,1202.0,1021.0,,,inhale,
14.610,14:58:22.315,1193.0,1022.0,,,inhale,
14.630,14:58:22.334,1191.0,1023.0,,,inhale,
14.650,14:58:22.355,1196.0,1024.0,,,inhale,
14.670,14:58:22.374,1196.0,1025.0,,,inhale,
14.690,14:58:22.395,1195.0,1024.0,,,inhale,
14.710,14:58:22.414,1189.0,1023.0,,,inhale,
14.730,14:58:22.434,1187.0,1026.0,,,inhale,
14.757,14:58:22.462,1199.0,1024.0,,,inhale,
14.774,14:58:22.478,1199.0,1026.0,,,inhale,
14.790,14:58:22.494,1205.0,1026.0,,,inhale,
14.810,14:58:22.514,1203.0,1027.0,,,inhale,
14.830,14:58:22.534,1195.0,1025.0,,,inhale,
14.850,14:58:22.554,1195.0,1026.0,,,inhale,
14.870,14:58:22.574,1203.0,1029.0,,,inhale,
14.890,14:58:22.594,1203.0,1028.0,,,inhale,
14.910,14:58:22.614,1207.0,1023.0,,,inhale,
14.930,14:58:22.634,1195.0,1027.0,,,inhale,
14.950,14:58:22.654,1199.0,1026.0,,,inhale,
14.970,14:58:22.674,1205.0,1025.0,,,inhale,
14.990,14:58:22.694,1207.0,1027.0,,,inhale,
15.010,14:58:22.715,1205.0,1026.0,,,inhale,
15.030,14:58:22.734,1199.0,1027.0,,,inhale,
15.050,14:58:22.754,1207.0,1028.0,,,inhale,
15.070,14:58:22.774,1211.0,1029.0,,,inhale,
15.094,14:58:22.798,1196.0,1028.0,,,inhale,
15.110,14:58:22.815,1197.0,1025.0,,,inhale,
15.131,14:58:22.835,1203.0,1027.0,,,inhale,
15.150,14:58:22.854,1203.0,1029.0,,,inhale,
15.170,14:58:22.874,1203.0,1031.0,,,inhale,
15.190,14:58:22.895,1204.0,1031.0,,,inhale,
15.210,14:58:22.914,1199.0,1023.0,,,inhale,
15.231,14:58:22.935,1211.0,1031.0,,,inhale,
15.250,14:58:22.954,1208.0,1030.0,,,inhale,
15.270,14:58:22.974,1209.0,1030.0,,,inhale,
15.290,14:58:22.995,1199.0,1029.0,,,inhale,
15.310,14:58:23.015,1208.0,1031.0,,,inhale,
15.331,14:58:23.035,1203.0,1033.0,,,inhale,
15.350,14:58:23.054,1207.0,1030.0,,,inhale,
15.370,14:58:23.075,1211.0,1044.0,,,inhale,
15.390,14:58:23.095,1211.0,1033.0,,,inhale,
15.410,14:58:23.114,1207.0,1032.0,,,inhale,
15.431,14:58:23.136,1211.0,1032.0,,,inhale,
15.450,14:58:23.154,1206.0,1033.0,,,inhale,
15.470,14:58:23.174,1209.0,1033.0,,,inhale,
15.490,14:58:23.195,1209.0,1032.0,,,inhale,
15.510,14:58:23.215,1211.0,1031.0,,,inhale,
15.531,14:58:23.235,1204.0,1032.0,,,inhale,
15.550,14:58:23.254,1195.0,1035.0,,,inhale,
15.570,14:58:23.274,1208.0,1034.0,,,inhale,
15.590,14:58:23.295,1209.0,1033.0,,,inhale,
15.610,14:58:23.315,1205.0,1034.0,,,inhale,
15.631,14:58:23.335,1205.0,1031.0,,,inhale,
15.650,14:58:23.354,1203.0,1030.0,,,inhale,
15.670,14:58:23.374,1207.0,1031.0,,,inhale,
15.690,14:58:23.395,1205.0,1030.0,,,inhale,
15.710,14:58:23.414,1198.0,1023.0,,,inhale,
15.732,14:58:23.436,1203.0,1030.0,,,inhale,
15.750,14:58:23.454,1197.0,1032.0,,,inhale,
15.770,14:58:23.475,1197.0,1028.0,,,inhale,
15.790,14:58:23.495,1203.0,1035.0,,,inhale,
15.810,14:58:23.515,1197.0,1028.0,,,inhale,
15.831,14:58:23.535,1203.0,1029.0,,,inhale,
15.850,14:58:23.554,1203.0,1026.0,,,inhale,
15.870,14:58:23.574,1205.0,1030.0,,,inhale,
15.890,14:58:23.595,1200.0,1028.0,,,inhale,
15.910,14:58:23.615,1199.0,1028.0,,,inhale,
15.931,14:58:23.635,1203.0,1025.0,,,inhale,
15.950,14:58:23.654,1203.0,1028.0,,,exhale,exhale_onset
15.970,14:58:23.675,1199.0,1029.0,,,exhale,
15.990,14:58:23.694,1197.0,1032.0,,,exhale,
16.010,14:58:23.714,1199.0,1029.0,,,exhale,
16.031,14:58:23.735,1199.0,1029.0,,,exhale,
16.050,14:58:23.754,1196.0,1031.0,,,exhale,
16.070,14:58:23.774,1205.0,1029.0,,,exhale,
16.094,14:58:23.798,1199.0,1027.0,,,exhale,
16.110,14:58:23.814,1206.0,1030.0,,,exhale,
16.131,14:58:23.836,1197.0,1028.0,,,exhale,
16.150,14:58:23.854,1200.0,1029.0,,,exhale,
16.170,14:58:23.875,1205.0,1024.0,,,exhale,
16.190,14:58:23.894,1203.0,1023.0,,,exhale,
16.210,14:58:23.914,1207.0,1027.0,,,exhale,
16.231,14:58:23.936,1203.0,1026.0,,,exhale,
16.250,14:58:23.954,1211.0,1032.0,,,exhale,
16.270,14:58:23.974,1214.0,1029.0,,,exhale,
16.290,14:58:23.995,1275.0,1031.0,,,exhale,
16.310,14:58:24.014,1203.0,1029.0,,,exhale,
16.331,14:58:24.036,1209.0,1035.0,,,exhale,
16.350,14:58:24.054,1209.0,1032.0,,,exhale,
16.370,14:58:24.074,1206.0,1035.0,,,exhale,
16.390,14:58:24.094,1199.0,1033.0,,,exhale,
16.410,14:58:24.115,1204.0,1033.0,,,exhale,
16.430,14:58:24.135,1206.0,1019.0,,,exhale,
16.450,14:58:24.154,1207.0,1030.0,,,exhale,
16.470,14:58:24.174,1209.0,1044.0,,,exhale,
16.490,14:58:24.194,1213.0,1035.0,,,exhale,
16.510,14:58:24.214,1209.0,1031.0,,,exhale,
16.531,14:58:24.235,1213.0,1033.0,,,exhale,
16.550,14:58:24.254,1205.0,1035.0,,,exhale,
16.570,14:58:24.274,1209.0,1037.0,,,exhale,
16.590,14:58:24.294,1209.0,1035.0,,,exhale,
16.610,14:58:24.314,1223.0,1036.0,,,exhale,
16.631,14:58:24.336,1206.0,1034.0,,,exhale,
16.650,14:58:24.354,1209.0,1031.0,,,exhale,
16.670,14:58:24.374,1209.0,1038.0,,,exhale,
16.690,14:58:24.394,1208.0,1035.0,,,exhale,
16.710,14:58:24.414,1210.0,1034.0,,,exhale,
16.731,14:58:24.436,1215.0,1037.0,,,exhale,
16.750,14:58:24.454,1207.0,1032.0,,,exhale,
16.770,14:58:24.474,1208.0,1038.0,,,exhale,
16.790,14:58:24.494,1215.0,1031.0,,,exhale,
16.810,14:58:24.514,1207.0,1034.0,,,exhale,
16.830,14:58:24.534,1203.0,1035.0,,,exhale,
16.850,14:58:24.554,1212.0,1034.0,,,exhale,
16.870,14:58:24.574,1213.0,1030.0,,,exhale,
16.890,14:58:24.594,1205.0,1028.0,,,exhale,
16.910,14:58:24.614,1209.0,1034.0,,,exhale,
16.930,14:58:24.634,1208.0,1032.0,,,exhale,
16.950,14:58:24.654,1206.0,1032.0,,,exhale,
16.970,14:58:24.674,1211.0,1032.0,,,exhale,
16.990,14:58:24.694,1295.0,1033.0,,,exhale,
17.010,14:58:24.714,1211.0,1032.0,,,exhale,
17.031,14:58:24.736,1200.0,1031.0,,,exhale,
17.050,14:58:24.754,1235.0,1029.0,,,exhale,
17.070,14:58:24.774,1206.0,1031.0,,,exhale,
17.094,14:58:24.798,1205.0,1031.0,,,exhale,
17.110,14:58:24.814,1209.0,1030.0,,,exhale,
17.131,14:58:24.835,1205.0,1028.0,,,exhale,
17.150,14:58:24.854,1203.0,1027.0,,,exhale,
17.170,14:58:24.874,1195.0,1028.0,,,exhale,
17.190,14:58:24.894,1199.0,1028.0,,,exhale,
17.210,14:58:24.915,1199.0,1027.0,,,exhale,
17.230,14:58:24.934,1195.0,1027.0,,,exhale,
17.250,14:58:24.954,1199.0,1029.0,,,exhale,
17.270,14:58:24.974,1204.0,1026.0,,,exhale,
17.290,14:58:24.994,1202.0,1024.0,,,exhale,
17.310,14:58:25.014,1197.0,1025.0,,,exhale,
17.331,14:58:25.036,1197.0,1019.0,,,exhale,
17.350,14:58:25.054,1195.0,1026.0,,,exhale,
17.370,14:58:25.075,1199.0,1027.0,,,exhale,
17.390,14:58:25.094,1196.0,1024.0,,,exhale,
17.410,14:58:25.115,1199.0,1024.0,,,exhale,
17.431,14:58:25.135,1203.0,1024.0,,,exhale,
17.450,14:58:25.154,1198.0,1024.0,,,exhale,
17.470,14:58:25.175,1205.0,1025.0,,,exhale,
17.490,14:58:25.195,1195.0,1024.0,,,exhale,
17.510,14:58:25.214,1198.0,1023.0,,,exhale,
17.533,14:58:25.237,1196.0,1024.0,,,exhale,
17.550,14:58:25.254,1193.0,1025.0,,,exhale,
17.570,14:58:25.274,1198.0,1023.0,,,exhale,
17.590,14:58:25.294,1193.0,1023.0,,,exhale,
17.610,14:58:25.314,1195.0,1021.0,,,exhale,
17.631,14:58:25.335,1195.0,1021.0,,,exhale,
17.650,14:58:25.354,1189.0,1024.0,,,exhale,
17.670,14:58:25.374,1195.0,1022.0,,,exhale,
17.690,14:58:25.394,1192.0,1024.0,,,exhale,
17.710,14:58:25.414,1221.0,1020.0,,,exhale,
17.731,14:58:25.436,1187.0,1020.0,,,exhale,
17.750,14:58:25.454,1194.0,1020.0,,,exhale,
17.770,14:58:25.474,1193.0,1020.0,,,exhale,
17.790,14:58:25.494,1192.0,1020.0,,,exhale,
17.810,14:58:25.514,1187.0,1016.0,,,exhale,
17.831,14:58:25.536,1187.0,1018.0,,,exhale,
17.850,14:58:25.554,1191.0,1019.0,,,exhale,
17.870,14:58:25.574,1191.0,1015.0,,,exhale,
17.890,14:58:25.594,1194.0,1019.0,,,exhale,
17.910,14:58:25.614,1189.0,1017.0,,,exhale,
17.931,14:58:25.636,1186.0,1016.0,,,exhale,
17.950,14:58:25.654,1191.0,1016.0,,,exhale,
17.970,14:58:25.674,1190.0,1017.0,,,exhale,
17.990,14:58:25.694,1187.0,1017.0,,,exhale,
18.010,14:58:25.714,1195.0,1014.0,,,exhale,
18.031,14:58:25.736,1193.0,1015.0,,,exhale,
18.050,14:58:25.754,1190.0,1015.0,,,exhale,
18.070,14:58:25.774,1183.0,1017.0,,,exhale,
18.094,14:58:25.799,1189.0,1015.0,,,exhale,
18.110,14:58:25.815,1183.0,1015.0,,,exhale,
18.131,14:58:25.835,1193.0,1015.0,,,exhale,
18.150,14:58:25.854,1181.0,1012.0,,,exhale,
18.170,14:58:25.874,1179.0,1012.0,,,exhale,
18.190,14:58:25.894,1177.0,1012.0,,,exhale,
18.210,14:58:25.914,1182.0,1011.0,,,exhale,
18.230,14:58:25.935,1189.0,1013.0,,,exhale,
18.250,14:58:25.954,1176.0,1013.0,,,exhale,
18.270,14:58:25.974,1183.0,1013.0,,,exhale,
18.290,14:58:25.994,1183.0,1016.0,,,exhale,
18.310,14:58:26.014,1193.0,1019.0,,,exhale,
18.330,14:58:26.034,1179.0,1019.0,,,exhale,
18.350,14:58:26.054,1187.0,1011.0,,,exhale,
18.370,14:58:26.074,1187.0,1012.0,,,exhale,
18.390,14:58:26.094,1183.0,1018.0,,,exhale,
18.410,14:58:26.114,1187.0,1022.0,,,exhale,
18.430,14:58:26.135,1189.0,1018.0,,,exhale,
18.450,14:58:26.154,1189.0,1020.0,,,exhale,
18.470,14:58:26.175,1193.0,1023.0,,,exhale,
18.490,14:58:26.194,1187.0,1021.0,,,exhale,
18.510,14:58:26.214,1190.0,1022.0,,,exhale,
18.531,14:58:26.236,1189.0,1022.0,,,exhale,
18.550,14:58:26.254,1193.0,1025.0,,,exhale,
18.570,14:58:26.274,1208.0,1025.0,,,exhale,
18.590,14:58:26.294,1194.0,1026.0,,,inhale,inhale_onset
18.610,14:58:26.314,1191.0,1021.0,,,inhale,
18.630,14:58:26.334,1193.0,1025.0,,,inhale,
18.650,14:58:26.354,1203.0,1025.0,,,inhale,
18.670,14:58:26.374,1199.0,1029.0,,,inhale,
18.690,14:58:26.395,1207.0,1023.0,,,inhale,
18.710,14:58:26.414,1197.0,1023.0,,,inhale,
18.730,14:58:26.434,1199.0,1036.0,,,inhale,
18.750,14:58:26.454,1199.0,1029.0,,,inhale,
18.770,14:58:26.474,1203.0,1026.0,,,inhale,
18.790,14:58:26.494,1196.0,1025.0,,,inhale,
18.810,14:58:26.515,1197.0,1025.0,,,inhale,
18.830,14:58:26.535,1195.0,1027.0,,,inhale,
18.850,14:58:26.554,1205.0,1032.0,,,inhale,
18.870,14:58:26.574,1205.0,1029.0,,,inhale,
18.890,14:58:26.594,1196.0,1028.0,,,inhale,
18.910,14:58:26.614,1209.0,1029.0,,,inhale,
18.932,14:58:26.636,1189.0,1032.0,,,inhale,
18.950,14:58:26.654,1199.0,1030.0,,,inhale,
18.970,14:58:26.674,1209.0,1028.0,,,inhale,
18.990,14:58:26.695,1203.0,1030.0,,,inhale,
19.010,14:58:26.714,1208.0,1026.0,,,inhale,
19.031,14:58:26.735,1203.0,1030.0,,,inhale,
19.050,14:58:26.754,1197.0,1028.0,,,inhale,
19.070,14:58:26.774,1203.0,1029.0,,,inhale,
19.094,14:58:26.799,1181.0,1028.0,,,inhale,
19.110,14:58:26.814,1197.0,1033.0,,,inhale,
19.130,14:58:26.835,1203.0,1029.0,,,inhale,
19.150,14:58:26.854,1204.0,1031.0,,,inhale,
19.170,14:58:26.874,1210.0,1030.0,,,inhale,
19.190,14:58:26.894,1197.0,1032.0,,,inhale,
19.210,14:58:26.914,1210.0,1034.0,,,inhale,
19.231,14:58:26.936,1207.0,1028.0,,,inhale,
19.250,14:58:26.954,1199.0,1030.0,,,inhale,
19.270,14:58:26.974,1290.0,1032.0,,,inhale,
19.290,14:58:26.994,1198.0,1021.0,,,inhale,
19.310,14:58:27.014,1209.0,1031.0,,,inhale,
19.331,14:58:27.035,1206.0,1031.0,,,inhale,
19.350,14:58:27.055,1204.0,1031.0,,,inhale,
19.370,14:58:27.075,1204.0,1035.0,,,inhale,
19.390,14:58:27.095,1205.0,1029.0,,,inhale,
19.410,14:58:27.114,1211.0,1032.0,,,inhale,
19.431,14:58:27.135,1199.0,1031.0,,,inhale,
19.450,14:58:27.154,1207.0,1031.0,,,inhale,
19.470,14:58:27.174,1207.0,1032.0,,,inhale,
19.490,14:58:27.195,1207.0,1031.0,,,inhale,
19.510,14:58:27.215,1209.0,1032.0,,,inhale,
19.531,14:58:27.235,1207.0,1029.0,,,inhale,
19.550,14:58:27.254,1207.0,1028.0,,,inhale,
19.570,14:58:27.275,1215.0,1032.0,,,inhale,
19.590,14:58:27.295,1207.0,1032.0,,,inhale,
19.610,14:58:27.314,1207.0,1032.0,,,inhale,
19.631,14:58:27.336,1199.0,1033.0,,,inhale,
19.650,14:58:27.354,1207.0,1037.0,,,inhale,
19.670,14:58:27.374,1210.0,1032.0,,,inhale,
19.690,14:58:27.395,1200.0,1030.0,,,inhale,
19.710,14:58:27.414,1196.0,1031.0,,,inhale,
19.731,14:58:27.435,1229.0,1030.0,,,inhale,
19.750,14:58:27.454,1204.0,1031.0,,,inhale,
19.770,14:58:27.474,1205.0,1033.0,,,inhale,
19.790,14:58:27.495,1197.0,1029.0,,,inhale,
19.810,14:58:27.515,1204.0,1028.0,,,inhale,
19.831,14:58:27.535,1209.0,1030.0,,,inhale,
19.850,14:58:27.554,1196.0,1024.0,,,inhale,
19.870,14:58:27.574,1208.0,1029.0,,,inhale,
19.890,14:58:27.594,1203.0,1028.0,,,inhale,
19.910,14:58:27.614,1203.0,1027.0,,,inhale,
19.931,14:58:27.636,1206.0,1029.0,,,inhale,
19.950,14:58:27.654,1204.0,1028.0,,,inhale,
19.970,14:58:27.674,1199.0,1029.0,,,exhale,exhale_onset
19.990,14:58:27.695,1199.0,1028.0,,,exhale,
20.010,14:58:27.714,1197.0,1026.0,,,exhale,
20.031,14:58:27.735,1199.0,1027.0,,,exhale,
20.050,14:58:27.754,1199.0,1027.0,,,exhale,
20.070,14:58:27.774,1209.0,1029.0,,,exhale,
20.094,14:58:27.799,1195.0,1036.0,,,exhale,
20.110,14:58:27.814,1207.0,1025.0,,,exhale,
20.130,14:58:27.834,1199.0,1027.0,,,exhale,
20.150,14:58:27.854,1183.0,1023.0,,,exhale,
20.170,14:58:27.875,1199.0,1033.0,,,exhale,
20.190,14:58:27.894,1195.0,1023.0,,,exhale,
20.210,14:58:27.914,1195.0,1028.0,,,exhale,
20.230,14:58:27.935,1192.0,1028.0,,,exhale,
20.250,14:58:27.954,1197.0,1025.0,,,exhale,
20.270,14:58:27.975,1193.0,1026.0,,,exhale,
20.290,14:58:27.994,1191.0,1027.0,,,exhale,
20.310,14:58:28.015,1194.0,1020.0,,,exhale,
20.330,14:58:28.034,1206.0,1025.0,,,exhale,
20.350,14:58:28.054,1203.0,1026.0,,,exhale,
20.370,14:58:28.075,1199.0,1029.0,,,exhale,
20.390,14:58:28.095,1225.0,1026.0,,,exhale,
20.410,14:58:28.115,1197.0,1024.0,,,exhale,
20.430,14:58:28.134,1206.0,1027.0,,,exhale,
20.450,14:58:28.154,1205.0,1025.0,,,exhale,
20.470,14:58:28.175,1203.0,1033.0,,,exhale,
20.490,14:58:28.194,1200.0,1029.0,,,exhale,
20.510,14:58:28.214,1203.0,1028.0,,,exhale,
20.532,14:58:28.236,1209.0,1030.0,,,exhale,
20.550,14:58:28.254,1204.0,1033.0,,,exhale,
20.570,14:58:28.274,1199.0,1031.0,,,exhale,
20.590,14:58:28.295,1209.0,1031.0,,,exhale,
20.610,14:58:28.315,1195.0,1030.0,,,exhale,
20.630,14:58:28.335,1206.0,1033.0,,,exhale,
20.650,14:58:28.354,1223.0,1031.0,,,exhale,
20.670,14:58:28.374,1207.0,1030.0,,,exhale,
20.690,14:58:28.395,1209.0,1030.0,,,exhale,
20.710,14:58:28.415,1204.0,1032.0,,,exhale,
20.730,14:58:28.435,1207.0,1034.0,,,exhale,
20.750,14:58:28.454,1205.0,1036.0,,,exhale,
20.770,14:58:28.474,1212.0,1039.0,,,exhale,
20.790,14:58:28.494,1205.0,1033.0,,,exhale,
20.810,14:58:28.515,1199.0,1032.0,,,exhale,
20.830,14:58:28.535,1171.0,1034.0,,,exhale,
20.850,14:58:28.554,1209.0,1036.0,,,exhale,
20.870,14:58:28.575,1214.0,1035.0,,,exhale,
20.890,14:58:28.594,1214.0,1034.0,,,exhale,
20.910,14:58:28.615,1208.0,1033.0,,,exhale,
20.930,14:58:28.635,1212.0,1037.0,,,exhale,
20.950,14:58:28.654,1208.0,1055.0,,,exhale,
20.970,14:58:28.674,1215.0,1027.0,,,exhale,
20.990,14:58:28.695,1204.0,1034.0,,,exhale,
21.010,14:58:28.714,1205.0,1033.0,,,exhale,
21.030,14:58:28.734,1205.0,1036.0,,,exhale,
21.050,14:58:28.754,1235.0,1035.0,,,exhale,
21.070,14:58:28.774,1209.0,1039.0,,,exhale,
21.094,14:58:28.799,1205.0,1037.0,,,exhale,
21.110,14:58:28.814,1209.0,1031.0,,,exhale,
21.130,14:58:28.834,1207.0,1035.0,,,exhale,
21.150,14:58:28.855,1209.0,1034.0,,,exhale,
21.170,14:58:28.874,1209.0,1036.0,,,exhale,
21.190,14:58:28.895,1203.0,1033.0,,,exhale,
21.210,14:58:28.915,1213.0,1022.0,,,exhale,
21.230,14:58:28.934,1205.0,1035.0,,,exhale,
21.250,14:58:28.954,1202.0,1034.0,,,exhale,
21.270,14:58:28.974,1205.0,1034.0,,,exhale,
21.290,14:58:28.995,1209.0,1034.0,,,exhale,
21.310,14:58:29.015,1210.0,1032.0,,,exhale,
21.330,14:58:29.035,1213.0,1028.0,,,exhale,
21.350,14:58:29.054,1209.0,1035.0,,,exhale,
21.370,14:58:29.075,1200.0,1038.0,,,exhale,
21.390,14:58:29.095,1215.0,1033.0,,,exhale,
21.410,14:58:29.115,1208.0,1026.0,,,exhale,
21.430,14:58:29.135,1200.0,1033.0,,,exhale,
21.450,14:58:29.154,1209.0,1033.0,,,exhale,
21.470,14:58:29.175,1207.0,1031.0,,,exhale,
21.490,14:58:29.194,1213.0,1030.0,,,exhale,
21.510,14:58:29.215,1205.0,1030.0,,,exhale,
21.530,14:58:29.234,1206.0,1029.0,,,exhale,
21.550,14:58:29.254,1203.0,1031.0,,,exhale,
21.570,14:58:29.274,1205.0,1032.0,,,exhale,
21.590,14:58:29.294,1207.0,1031.0,,,exhale,
21.610,14:58:29.314,1197.0,1031.0,,,exhale,
21.630,14:58:29.334,1205.0,1029.0,,,exhale,
21.650,14:58:29.354,1199.0,1029.0,,,exhale,
21.670,14:58:29.374,1171.0,1028.0,,,exhale,
21.690,14:58:29.395,1195.0,1026.0,,,exhale,
21.710,14:58:29.415,1206.0,1027.0,,,exhale,
21.730,14:58:29.435,1199.0,1029.0,,,exhale,
21.750,14:58:29.454,1188.0,1024.0,,,exhale,
21.770,14:58:29.474,1199.0,1032.0,,,exhale,
21.790,14:58:29.495,1197.0,1026.0,,,exhale,
21.810,14:58:29.514,1198.0,1023.0,,,exhale,
21.830,14:58:29.534,1199.0,1025.0,,,exhale,
21.850,14:58:29.554,1196.0,1026.0,,,exhale,
21.870,14:58:29.574,1195.0,1024.0,,,exhale,
21.908,14:58:29.613,1183.0,1023.0,,,exhale,
21.910,14:58:29.614,1210.0,1011.0,,,exhale,
21.930,14:58:29.634,1193.0,1024.0,,,exhale,
21.950,14:58:29.654,1192.0,1024.0,,,exhale,
21.970,14:58:29.674,1192.0,1013.0,,,exhale,
21.990,14:58:29.694,1193.0,1025.0,,,exhale,
22.010,14:58:29.714,1183.0,1021.0,,,exhale,
22.030,14:58:29.734,1199.0,1023.0,,,exhale,
22.050,14:58:29.754,1193.0,1022.0,,,exhale,
22.070,14:58:29.774,1193.0,1023.0,,,exhale,
22.094,14:58:29.798,1193.0,1023.0,,,exhale,
22.110,14:58:29.814,1194.0,1020.0,,,exhale,
22.130,14:58:29.834,1189.0,1021.0,,,exhale,
22.150,14:58:29.854,1193.0,1024.0,,,exhale,
22.170,14:58:29.874,1193.0,1022.0,,,exhale,
22.190,14:58:29.894,1191.0,1023.0,,,exhale,
22.210,14:58:29.915,1192.0,1016.0,,,exhale,
22.230,14:58:29.934,1188.0,1020.0,,,exhale,
22.250,14:58:29.954,1195.0,1018.0,,,exhale,
22.270,14:58:29.974,1199.0,1020.0,,,exhale,
22.290,14:58:29.994,1203.0,1023.0,,,exhale,
22.310,14:58:30.014,1181.0,1020.0,,,exhale,
22.330,14:58:30.034,1189.0,1017.0,,,exhale,
22.350,14:58:30.054,1206.0,1019.0,,,exhale,
22.370,14:58:30.075,1189.0,1013.0,,,exhale,
22.390,14:58:30.094,1181.0,1018.0,,,exhale,
22.410,14:58:30.115,1180.0,1017.0,,,exhale,
22.430,14:58:30.134,1188.0,1021.0,,,exhale,
22.450,14:58:30.154,1191.0,1015.0,,,exhale,
22.470,14:58:30.175,1187.0,1017.0,,,exhale,
22.490,14:58:30.195,1193.0,1016.0,,,exhale,
22.510,14:58:30.215,1181.0,1016.0,,,exhale,
22.531,14:58:30.235,1182.0,1015.0,,,exhale,
22.550,14:58:30.254,1175.0,1017.0,,,exhale,
22.570,14:58:30.274,1186.0,1016.0,,,exhale,
22.590,14:58:30.294,1183.0,1015.0,,,exhale,
22.610,14:58:30.315,1181.0,1014.0,,,exhale,
22.631,14:58:30.335,1189.0,1015.0,,,exhale,
22.650,14:58:30.354,1187.0,1016.0,,,exhale,
22.670,14:58:30.374,1189.0,1017.0,,,exhale,
22.690,14:58:30.395,1183.0,1015.0,,,exhale,
22.710,14:58:30.414,1180.0,1019.0,,,exhale,
22.731,14:58:30.435,1192.0,1026.0,,,exhale,
22.750,14:58:30.454,1191.0,1018.0,,,exhale,
22.770,14:58:30.474,1195.0,1023.0,,,exhale,
22.790,14:58:30.494,1192.0,1019.0,,,exhale,
22.810,14:58:30.515,1181.0,1019.0,,,exhale,
22.831,14:58:30.536,1188.0,1021.0,,,exhale,
22.850,14:58:30.555,1192.0,1021.0,,,exhale,
22.870,14:58:30.575,1191.0,1022.0,,,exhale,
22.890,14:58:30.594,1193.0,1022.0,,,exhale,
22.910,14:58:30.615,1215.0,1022.0,,,exhale,
22.931,14:58:30.636,1179.0,1024.0,,,exhale,
22.950,14:58:30.654,1204.0,1024.0,,,inhale,inhale_onset
22.970,14:58:30.674,1197.0,1024.0,,,inhale,
22.990,14:58:30.694,1196.0,1024.0,,,inhale,
23.010,14:58:30.714,1194.0,1022.0,,,inhale,
23.031,14:58:30.735,1197.0,1025.0,,,inhale,
23.050,14:58:30.754,1195.0,1026.0,,,inhale,
23.070,14:58:30.774,1200.0,1027.0,,,inhale,
23.094,14:58:30.799,1193.0,1026.0,,,inhale,
23.110,14:58:30.814,1198.0,1025.0,,,inhale,
23.133,14:58:30.837,1193.0,1025.0,,,inhale,
23.150,14:58:30.854,1197.0,1027.0,,,inhale,
23.170,14:58:30.874,1203.0,1024.0,,,inhale,
23.190,14:58:30.895,1200.0,1025.0,,,inhale,
23.210,14:58:30.915,1198.0,1026.0,,,inhale,
23.230,14:58:30.935,1195.0,1026.0,,,inhale,
23.250,14:58:30.954,1208.0,1028.0,,,inhale,
23.270,14:58:30.974,1193.0,1028.0,,,inhale,
23.290,14:58:30.995,1203.0,1025.0,,,inhale,
23.310,14:58:31.015,1195.0,1024.0,,,inhale,
23.330,14:58:31.034,1199.0,1025.0,,,inhale,
23.350,14:58:31.054,1199.0,1038.0,,,inhale,
23.370,14:58:31.075,1209.0,1026.0,,,inhale,
23.390,14:58:31.095,1197.0,1024.0,,,inhale,
23.410,14:58:31.114,1199.0,1021.0,,,inhale,
23.431,14:58:31.136,1205.0,1024.0,,,inhale,
23.450,14:58:31.154,1198.0,1028.0,,,inhale,
23.470,14:58:31.174,1202.0,1027.0,,,inhale,
23.490,14:58:31.194,1208.0,1028.0,,,inhale,
23.510,14:58:31.214,1197.0,1027.0,,,inhale,
23.531,14:58:31.235,1206.0,1029.0,,,inhale,
23.550,14:58:31.254,1199.0,1027.0,,,inhale,
23.570,14:58:31.274,1195.0,1026.0,,,inhale,
23.590,14:58:31.295,1197.0,1026.0,,,inhale,
23.610,14:58:31.315,1205.0,1026.0,,,inhale,
23.631,14:58:31.335,1205.0,1027.0,,,inhale,
23.650,14:58:31.354,1199.0,1034.0,,,inhale,
23.670,14:58:31.374,1203.0,1025.0,,,inhale,
23.690,14:58:31.395,1197.0,1026.0,,,inhale,
23.710,14:58:31.414,1205.0,1030.0,,,inhale,
23.731,14:58:31.436,1224.0,1024.0,,,inhale,
23.750,14:58:31.454,1199.0,1027.0,,,inhale,
23.770,14:58:31.475,1203.0,1024.0,,,inhale,
23.790,14:58:31.495,1195.0,1028.0,,,inhale,
23.810,14:58:31.514,1197.0,1014.0,,,inhale,
23.830,14:58:31.535,1196.0,1025.0,,,inhale,
23.850,14:58:31.554,1197.0,1025.0,,,inhale,
23.870,14:58:31.574,1195.0,1024.0,,,inhale,
23.890,14:58:31.595,1191.0,1023.0,,,inhale,
23.910,14:58:31.615,1193.0,1020.0,,,inhale,
23.931,14:58:31.635,1199.0,1021.0,,,inhale,
23.950,14:58:31.654,1191.0,1020.0,,,inhale,
23.970,14:58:31.675,1195.0,1021.0,,,inhale,
23.990,14:58:31.694,1187.0,1018.0,,,inhale,
24.010,14:58:31.715,1195.0,1020.0,,,inhale,
24.030,14:58:31.734,1190.0,1022.0,,,inhale,
24.050,14:58:31.754,1195.0,1023.0,,,inhale,
24.070,14:58:31.774,1203.0,1022.0,,,inhale,
24.094,14:58:31.799,1193.0,1021.0,,,inhale,
24.110,14:58:31.814,1209.0,1017.0,,,inhale,
24.131,14:58:31.835,1193.0,1025.0,,,inhale,
24.150,14:58:31.854,1187.0,1020.0,,,inhale,
24.170,14:58:31.874,1197.0,1019.0,,,exhale,exhale_onset
24.190,14:58:31.895,1191.0,1011.0,,,exhale,
24.210,14:58:31.914,1385.0,1018.0,,,exhale,
24.231,14:58:31.936,1187.0,1021.0,,,exhale,
24.250,14:58:31.954,1189.0,1020.0,,,exhale,
24.270,14:58:31.975,1189.0,1018.0,,,exhale,
24.290,14:58:31.995,1189.0,1019.0,,,exhale,
24.310,14:58:32.015,1183.0,1020.0,,,exhale,
24.330,14:58:32.035,1189.0,1018.0,,,exhale,
24.350,14:58:32.054,1187.0,1023.0,,,exhale,
24.370,14:58:32.074,1197.0,1019.0,,,exhale,
24.390,14:58:32.095,1195.0,1023.0,,,exhale,
24.410,14:58:32.115,1189.0,1017.0,,,exhale,
24.430,14:58:32.134,1189.0,1018.0,,,exhale,
24.450,14:58:32.154,1189.0,1018.0,,,exhale,
24.470,14:58:32.174,1188.0,1022.0,,,exhale,
24.490,14:58:32.195,1189.0,1018.0,,,exhale,
24.510,14:58:32.215,1192.0,1028.0,,,exhale,
24.530,14:58:32.234,1193.0,1018.0,,,exhale,
24.550,14:58:32.254,1193.0,1020.0,,,exhale,
24.570,14:58:32.275,1195.0,1020.0,,,exhale,
24.590,14:58:32.294,1193.0,1024.0,,,exhale,
24.610,14:58:32.315,1190.0,1020.0,,,exhale,
24.631,14:58:32.336,1193.0,1026.0,,,exhale,
24.650,14:58:32.354,1191.0,1023.0,,,exhale,
24.670,14:58:32.375,1193.0,1022.0,,,exhale,
24.690,14:58:32.394,1189.0,1025.0,,,exhale,
24.711,14:58:32.416,1199.0,1022.0,,,exhale,
24.730,14:58:32.434,1195.0,1023.0,,,exhale,
24.750,14:58:32.454,1191.0,1021.0,,,exhale,
24.770,14:58:32.474,1190.0,1023.0,,,exhale,
24.790,14:58:32.495,1197.0,1020.0,,,exhale,
24.810,14:58:32.514,1195.0,1022.0,,,exhale,
24.830,14:58:32.535,1159.0,1023.0,,,exhale,
24.850,14:58:32.554,1192.0,1023.0,,,exhale,
24.870,14:58:32.574,1191.0,1024.0,,,exhale,
24.890,14:58:32.595,1203.0,1024.0,,,exhale,
24.910,14:58:32.615,1189.0,1024.0,,,exhale,
24.930,14:58:32.634,1203.0,1025.0,,,exhale,
24.950,14:58:32.654,1207.0,1025.0,,,exhale,
24.970,14:58:32.674,1193.0,1027.0,,,exhale,
24.990,14:58:32.695,1193.0,1028.0,,,exhale,
25.010,14:58:32.714,1202.0,1023.0,,,exhale,
25.031,14:58:32.736,1196.0,1023.0,,,exhale,
25.050,14:58:32.754,1195.0,1026.0,,,exhale,
25.070,14:58:32.774,1197.0,1025.0,,,exhale,
25.094,14:58:32.798,1197.0,1025.0,,,exhale,
25.110,14:58:32.815,1197.0,1023.0,,,exhale,
25.131,14:58:32.835,1271.0,1024.0,,,exhale,
25.150,14:58:32.854,1191.0,1025.0,,,exhale,
25.170,14:58:32.874,1197.0,1024.0,,,exhale,
25.190,14:58:32.894,1196.0,1013.0,,,exhale,
25.210,14:58:32.914,1195.0,1022.0,,,exhale,
25.230,14:58:32.935,1190.0,1024.0,,,exhale,
25.250,14:58:32.954,1195.0,1025.0,,,exhale,
25.270,14:58:32.975,1195.0,1023.0,,,exhale,
25.290,14:58:32.995,1203.0,1016.0,,,exhale,
25.310,14:58:33.014,1191.0,1022.0,,,exhale,
25.331,14:58:33.036,1195.0,1020.0,,,exhale,
25.350,14:58:33.054,1197.0,1025.0,,,exhale,
25.370,14:58:33.074,1196.0,1019.0,,,exhale,
25.390,14:58:33.094,1193.0,1024.0,,,exhale,
25.412,14:58:33.117,1191.0,1023.0,,,exhale,
25.430,14:58:33.134,1208.0,1023.0,,,exhale,
25.450,14:58:33.154,1195.0,1023.0,,,exhale,
25.470,14:58:33.174,1192.0,1026.0,,,exhale,
25.490,14:58:33.194,1192.0,1022.0,,,exhale,
25.510,14:58:33.214,1194.0,1020.0,,,exhale,
25.530,14:58:33.234,1195.0,1024.0,,,exhale,
25.550,14:58:33.254,1204.0,1026.0,,,exhale,
25.570,14:58:33.274,1189.0,1021.0,,,exhale,
25.590,14:58:33.295,1196.0,1021.0,,,exhale,
25.610,14:58:33.314,1191.0,1016.0,,,exhale,
25.631,14:58:33.336,1193.0,1020.0,,,exhale,
25.650,14:58:33.354,1195.0,1020.0,,,exhale,
25.670,14:58:33.374,1193.0,1019.0,,,exhale,
25.690,14:58:33.394,1184.0,1019.0,,,exhale,
25.710,14:58:33.415,1191.0,1019.0,,,exhale,
25.730,14:58:33.434,1187.0,1021.0,,,exhale,
25.750,14:58:33.454,1179.0,1018.0,,,exhale,
25.770,14:58:33.474,1187.0,1017.0,,,exhale,
25.790,14:58:33.494,1187.0,1021.0,,,exhale,
25.810,14:58:33.514,1189.0,1015.0,,,exhale,
25.832,14:58:33.536,1183.0,1017.0,,,exhale,
25.850,14:58:33.554,1181.0,1016.0,,,exhale,
25.870,14:58:33.574,1064.0,1026.0,,,exhale,
25.890,14:58:33.595,1181.0,1014.0,,,exhale,
25.910,14:58:33.615,1177.0,1022.0,,,exhale,
25.931,14:58:33.636,1183.0,1010.0,,,exhale,
25.950,14:58:33.654,1181.0,1013.0,,,exhale,
25.973,14:58:33.677,1181.0,1013.0,,,exhale,
25.990,14:58:33.694,1179.0,1019.0,,,exhale,
26.010,14:58:33.714,1180.0,1012.0,,,exhale,
26.034,14:58:33.739,1181.0,1019.0,,,exhale,
26.050,14:58:33.754,1183.0,1013.0,,,exhale,
26.070,14:58:33.775,1188.0,1012.0,,,exhale,
26.094,14:58:33.798,1190.0,1011.0,,,exhale,
26.110,14:58:33.815,1175.0,1012.0,,,exhale,
26.132,14:58:33.836,1181.0,1013.0,,,exhale,
26.150,14:58:33.854,1179.0,1013.0,,,exhale,
26.170,14:58:33.874,1180.0,1009.0,,,exhale,
26.190,14:58:33.894,1187.0,1014.0,,,exhale,
26.210,14:58:33.914,1175.0,1013.0,,,exhale,
26.230,14:58:33.934,1179.0,1012.0,,,exhale,
26.250,14:58:33.954,1180.0,1012.0,,,exhale,
26.270,14:58:33.974,1189.0,1011.0,,,exhale,
26.290,14:58:33.994,1184.0,1010.0,,,exhale,
26.310,14:58:34.015,1177.0,1011.0,,,exhale,
26.330,14:58:34.034,1180.0,1012.0,,,exhale,
26.350,14:58:34.054,1179.0,1012.0,,,exhale,
26.370,14:58:34.074,1175.0,995.0,,,exhale,
26.390,14:58:34.094,1175.0,1010.0,,,exhale,
26.410,14:58:34.114,1177.0,1010.0,,,unknown,
26.430,14:58:34.135,1267.0,1008.0,,,unknown,
26.450,14:58:34.154,1179.0,1010.0,,,unknown,
26.470,14:58:34.174,1174.0,1012.0,,,exhale,
26.490,14:58:34.194,1183.0,1010.0,,,exhale,
26.510,14:58:34.215,1187.0,1009.0,,,exhale,
26.531,14:58:34.235,1180.0,1011.0,,,exhale,
26.550,14:58:34.254,1180.0,1008.0,,,exhale,
26.570,14:58:34.274,1184.0,1010.0,,,exhale,
26.590,14:58:34.294,1176.0,1000.0,,,exhale,
26.610,14:58:34.314,1180.0,1008.0,,,exhale,
26.632,14:58:34.337,1181.0,1011.0,,,exhale,
26.650,14:58:34.354,1189.0,1012.0,,,exhale,
26.670,14:58:34.374,1183.0,1013.0,,,exhale,
26.690,14:58:34.394,1195.0,1012.0,,,exhale,
26.710,14:58:34.415,1184.0,1002.0,,,exhale,
26.731,14:58:34.435,1183.0,1014.0,,,exhale,
26.750,14:58:34.454,1183.0,1025.0,,,exhale,
26.770,14:58:34.474,1187.0,1018.0,,,exhale,
26.790,14:58:34.494,1189.0,1019.0,,,exhale,
26.810,14:58:34.514,1193.0,1019.0,,,exhale,
26.830,14:58:34.534,1181.0,1015.0,,,exhale,
26.850,14:58:34.554,1203.0,1019.0,,,exhale,
26.870,14:58:34.574,1187.0,1018.0,,,exhale,
26.890,14:58:34.594,1191.0,1017.0,,,exhale,
26.910,14:58:34.614,1193.0,1018.0,,,exhale,
26.930,14:58:34.634,1191.0,1019.0,,,exhale,
26.950,14:58:34.654,1191.0,1020.0,,,exhale,
26.970,14:58:34.674,1190.0,1018.0,,,exhale,
26.990,14:58:34.694,1184.0,1018.0,,,exhale,
27.010,14:58:34.714,1204.0,1020.0,,,exhale,
27.031,14:58:34.736,1193.0,1019.0,,,exhale,
27.050,14:58:34.754,1189.0,1021.0,,,exhale,
27.070,14:58:34.774,1191.0,1020.0,,,exhale,
27.094,14:58:34.798,1192.0,1024.0,,,exhale,
27.110,14:58:34.814,1193.0,1018.0,,,exhale,
27.130,14:58:34.834,1191.0,1011.0,,,exhale,
27.150,14:58:34.854,1193.0,1022.0,,,exhale,
27.170,14:58:34.874,1192.0,1025.0,,,exhale,
27.190,14:58:34.895,1195.0,1020.0,,,exhale,
27.210,14:58:34.914,1199.0,1021.0,,,exhale,
27.230,14:58:34.934,1193.0,1020.0,,,exhale,
27.250,14:58:34.954,1197.0,1023.0,,,exhale,
27.270,14:58:34.975,1203.0,1021.0,,,exhale,
27.290,14:58:34.994,1196.0,1021.0,,,exhale,
27.310,14:58:35.014,1183.0,1021.0,,,exhale,
27.332,14:58:35.037,1191.0,1021.0,,,exhale,
27.350,14:58:35.054,1195.0,1024.0,,,exhale,
27.370,14:58:35.074,1191.0,1025.0,,,exhale,
27.390,14:58:35.094,1193.0,1022.0,,,exhale,
27.410,14:58:35.115,1194.0,1023.0,,,exhale,
27.430,14:58:35.134,1195.0,1025.0,,,exhale,
27.450,14:58:35.154,1195.0,1024.0,,,exhale,
27.470,14:58:35.175,1195.0,1022.0,,,exhale,
27.490,14:58:35.194,1192.0,1027.0,,,exhale,
27.510,14:58:35.214,1193.0,1024.0,,,exhale,
27.530,14:58:35.235,1199.0,1022.0,,,exhale,
27.550,14:58:35.254,1195.0,1024.0,,,exhale,
27.570,14:58:35.274,1199.0,1027.0,,,exhale,
27.590,14:58:35.294,1196.0,1021.0,,,exhale,
27.610,14:58:35.314,1187.0,1023.0,,,exhale,
27.630,14:58:35.335,1191.0,1024.0,,,exhale,
27.650,14:58:35.354,1195.0,1023.0,,,exhale,
27.670,14:58:35.374,1191.0,1020.0,,,exhale,
27.690,14:58:35.395,1189.0,1020.0,,,exhale,
27.710,14:58:35.415,1193.0,1019.0,,,exhale,
27.731,14:58:35.435,1205.0,1020.0,,,exhale,
27.750,14:58:35.454,1194.0,1023.0,,,exhale,
27.770,14:58:35.475,1205.0,1020.0,,,exhale,
27.790,14:58:35.494,1193.0,1019.0,,,exhale,
27.810,14:58:35.515,1230.0,1018.0,,,exhale,
27.831,14:58:35.535,1189.0,1020.0,,,exhale,
27.850,14:58:35.554,1191.0,1016.0,,,exhale,
27.870,14:58:35.574,1191.0,1018.0,,,exhale,
27.890,14:58:35.594,1191.0,1019.0,,,exhale,
27.910,14:58:35.615,1189.0,1022.0,,,exhale,
27.931,14:58:35.635,1181.0,1018.0,,,exhale,
27.950,14:58:35.654,1189.0,1019.0,,,exhale,
27.970,14:58:35.674,1181.0,1016.0,,,exhale,
27.990,14:58:35.694,1183.0,1016.0,,,exhale,
28.010,14:58:35.715,1078.0,1014.0,,,exhale,
28.031,14:58:35.735,1187.0,1019.0,,,exhale,
28.050,14:58:35.754,1189.0,1017.0,,,exhale,
28.070,14:58:35.774,1187.0,1018.0,,,exhale,
28.094,14:58:35.798,1183.0,1020.0,,,exhale,
28.110,14:58:35.815,1187.0,1014.0,,,exhale,
28.132,14:58:35.836,1182.0,1017.0,,,exhale,
28.150,14:58:35.854,1183.0,1017.0,,,exhale,
28.170,14:58:35.874,1189.0,1015.0,,,exhale,
28.190,14:58:35.894,1179.0,1016.0,,,exhale,
28.210,14:58:35.914,1191.0,1014.0,,,exhale,
28.232,14:58:35.936,1183.0,1014.0,,,exhale,
28.250,14:58:35.954,1184.0,1016.0,,,exhale,
28.270,14:58:35.974,1190.0,1017.0,,,exhale,
28.290,14:58:35.995,1192.0,1021.0,,,exhale,
28.310,14:58:36.014,1184.0,1015.0,,,exhale,
28.330,14:58:36.034,1183.0,1011.0,,,exhale,
28.350,14:58:36.054,1183.0,1023.0,,,exhale,
28.370,14:58:36.074,1183.0,1015.0,,,exhale,
28.390,14:58:36.095,1187.0,1022.0,,,exhale,
28.410,14:58:36.115,1181.0,1013.0,,,exhale,
28.431,14:58:36.136,1184.0,1013.0,,,exhale,
28.450,14:58:36.154,1187.0,1010.0,,,exhale,
28.470,14:58:36.174,1187.0,1011.0,,,exhale,
28.490,14:58:36.195,1187.0,1004.0,,,exhale,
28.510,14:58:36.215,1181.0,1014.0,,,exhale,
28.531,14:58:36.236,1190.0,1012.0,,,exhale,
28.550,14:58:36.255,1183.0,1010.0,,,exhale,
28.570,14:58:36.274,1179.0,1013.0,,,exhale,
28.590,14:58:36.295,1180.0,1013.0,,,exhale,
28.610,14:58:36.315,1184.0,1009.0,,,exhale,
28.630,14:58:36.335,1188.0,1014.0,,,exhale,
28.650,14:58:36.354,1189.0,1008.0,,,exhale,
28.670,14:58:36.374,1189.0,1014.0,,,exhale,
28.690,14:58:36.394,1193.0,1010.0,,,exhale,
28.710,14:58:36.415,1191.0,1015.0,,,exhale,
28.731,14:58:36.435,1184.0,1013.0,,,exhale,
28.750,14:58:36.454,1187.0,1018.0,,,exhale,
28.770,14:58:36.474,1188.0,1018.0,,,exhale,
28.790,14:58:36.494,1176.0,1014.0,,,exhale,
28.810,14:58:36.514,1189.0,1023.0,,,exhale,
28.832,14:58:36.536,1195.0,1018.0,,,exhale,
28.850,14:58:36.554,1192.0,1018.0,,,exhale,
28.870,14:58:36.574,1191.0,1019.0,,,exhale,
28.890,14:58:36.594,1197.0,1018.0,,,exhale,
28.910,14:58:36.615,1193.0,1019.0,,,exhale,
28.931,14:58:36.636,1197.0,1019.0,,,exhale,
28.950,14:58:36.654,1188.0,1020.0,,,exhale,
28.970,14:58:36.674,1202.0,1020.0,,,exhale,
28.990,14:58:36.694,1191.0,1018.0,,,exhale,
29.010,14:58:36.715,1189.0,1021.0,,,exhale,
29.031,14:58:36.735,1197.0,1014.0,,,inhale,inhale_onset
29.050,14:58:36.754,1199.0,1023.0,,,inhale,
29.070,14:58:36.774,1193.0,1021.0,,,inhale,
29.094,14:58:36.798,1195.0,1020.0,,,inhale,
29.110,14:58:36.814,1191.0,1020.0,,,inhale,
29.131,14:58:36.835,1194.0,1022.0,,,inhale,
29.150,14:58:36.854,1195.0,1023.0,,,inhale,
29.170,14:58:36.874,1193.0,1023.0,,,inhale,
29.190,14:58:36.894,1191.0,1022.0,,,inhale,
29.210,14:58:36.915,1193.0,1011.0,,,inhale,
29.230,14:58:36.934,1203.0,1025.0,,,inhale,
29.252,14:58:36.956,1199.0,1023.0,,,inhale,
29.270,14:58:36.974,1191.0,1023.0,,,inhale,
29.290,14:58:36.994,1192.0,1022.0,,,inhale,
29.310,14:58:37.014,1193.0,1021.0,,,inhale,
29.330,14:58:37.034,1195.0,1023.0,,,inhale,
29.350,14:58:37.054,1196.0,1018.0,,,inhale,
29.370,14:58:37.074,1203.0,1022.0,,,inhale,
29.390,14:58:37.094,1197.0,1021.0,,,inhale,
29.410,14:58:37.115,1191.0,1030.0,,,inhale,
29.431,14:58:37.135,1189.0,1017.0,,,inhale,
29.450,14:58:37.154,1194.0,1023.0,,,inhale,
29.470,14:58:37.174,1180.0,1021.0,,,inhale,
29.490,14:58:37.194,1193.0,1021.0,,,inhale,
29.510,14:58:37.214,1196.0,1022.0,,,inhale,
29.531,14:58:37.235,1189.0,1025.0,,,inhale,
29.550,14:58:37.254,1191.0,1020.0,,,inhale,
29.570,14:58:37.274,1187.0,1019.0,,,inhale,
29.590,14:58:37.294,1200.0,1012.0,,,inhale,
29.610,14:58:37.314,1191.0,1019.0,,,inhale,
29.630,14:58:37.334,1204.0,1019.0,,,inhale,
29.650,14:58:37.354,1193.0,1019.0,,,inhale,
29.670,14:58:37.374,1190.0,1020.0,,,inhale,
29.690,14:58:37.394,1191.0,1016.0,,,inhale,
29.710,14:58:37.415,1195.0,1017.0,,,inhale,
29.730,14:58:37.435,1195.0,1025.0,,,inhale,
29.750,14:58:37.454,1192.0,1019.0,,,inhale,
29.770,14:58:37.474,1188.0,1019.0,,,inhale,
29.790,14:58:37.494,1195.0,1018.0,,,inhale,
29.810,14:58:37.514,1205.0,1019.0,,,inhale,
29.830,14:58:37.534,1183.0,1016.0,,,inhale,
29.850,14:58:37.554,1193.0,1018.0,,,inhale,
29.870,14:58:37.574,1183.0,1017.0,,,inhale,
29.890,14:58:37.594,1184.0,1016.0,,,inhale,
29.910,14:58:37.614,1188.0,1016.0,,,inhale,
29.930,14:58:37.634,1187.0,1017.0,,,inhale,
29.950,14:58:37.654,1189.0,1017.0,,,inhale,
29.970,14:58:37.674,1188.0,1015.0,,,inhale,
29.990,14:58:37.694,1184.0,1016.0,,,inhale,
30.010,14:58:37.714,1182.0,1015.0,,,inhale,
30.030,14:58:37.734,1181.0,1016.0,,,inhale,
30.050,14:58:37.754,1187.0,1018.0,,,inhale,
30.070,14:58:37.774,981.0,1014.0,,,inhale,
30.094,14:58:37.798,1184.0,1016.0,,,inhale,
30.110,14:58:37.814,1183.0,1016.0,,,inhale,
30.130,14:58:37.834,1191.0,1021.0,,,inhale,
30.150,14:58:37.854,1191.0,1017.0,,,inhale,
30.170,14:58:37.875,1184.0,1018.0,,,inhale,
30.190,14:58:37.895,1182.0,1015.0,,,inhale,
30.210,14:58:37.915,1181.0,1011.0,,,inhale,
30.232,14:58:37.936,1183.0,1014.0,,,exhale,exhale_onset
30.250,14:58:37.955,1190.0,1015.0,,,exhale,
30.270,14:58:37.974,1184.0,1015.0,,,exhale,
30.290,14:58:37.994,1183.0,1012.0,,,exhale,
30.310,14:58:38.015,1189.0,1014.0,,,exhale,
30.330,14:58:38.035,1182.0,1013.0,,,exhale,
30.350,14:58:38.054,1189.0,1014.0,,,exhale,
30.370,14:58:38.074,1181.0,1015.0,,,exhale,
30.390,14:58:38.094,1191.0,1011.0,,,exhale,
30.410,14:58:38.115,1183.0,1012.0,,,exhale,
30.430,14:58:38.135,1189.0,1011.0,,,exhale,
30.450,14:58:38.154,1190.0,1012.0,,,exhale,
30.470,14:58:38.174,1181.0,1011.0,,,exhale,
30.490,14:58:38.194,1189.0,1014.0,,,exhale,
30.510,14:58:38.214,1179.0,998.0,,,exhale,
30.531,14:58:38.235,1183.0,1010.0,,,exhale,
30.550,14:58:38.255,1179.0,1012.0,,,exhale,
30.570,14:58:38.275,1183.0,1015.0,,,exhale,
30.590,14:58:38.294,1177.0,1009.0,,,exhale,
30.610,14:58:38.315,1177.0,1009.0,,,exhale,
30.630,14:58:38.335,1301.0,1010.0,,,exhale,
30.650,14:58:38.354,1180.0,1011.0,,,exhale,
30.670,14:58:38.374,1180.0,1009.0,,,exhale,
30.690,14:58:38.395,1179.0,1008.0,,,exhale,
30.710,14:58:38.414,1175.0,1010.0,,,exhale,
30.730,14:58:38.435,1178.0,1008.0,,,exhale,
30.750,14:58:38.454,1181.0,1014.0,,,exhale,
30.770,14:58:38.474,1177.0,1007.0,,,exhale,
30.790,14:58:38.495,1175.0,1006.0,,,exhale,
30.810,14:58:38.515,1181.0,1008.0,,,exhale,
30.830,14:58:38.535,1176.0,1008.0,,,exhale,
30.850,14:58:38.554,1179.0,1011.0,,,exhale,
30.870,14:58:38.574,1175.0,1008.0,,,exhale,
30.890,14:58:38.595,1176.0,1010.0,,,exhale,
30.910,14:58:38.615,1179.0,1008.0,,,exhale,
30.930,14:58:38.635,1172.0,1004.0,,,exhale,
30.950,14:58:38.654,1183.0,1010.0,,,exhale,
30.970,14:58:38.675,1183.0,1000.0,,,exhale,
30.990,14:58:38.695,1175.0,1007.0,,,exhale,
31.010,14:58:38.714,1179.0,1007.0,,,exhale,
31.030,14:58:38.734,1183.0,1006.0,,,exhale,
31.050,14:58:38.754,1177.0,1007.0,,,exhale,
31.070,14:58:38.775,1176.0,1007.0,,,exhale,
31.094,14:58:38.798,1173.0,1010.0,,,exhale,
31.110,14:58:38.815,1179.0,1008.0,,,exhale,
31.130,14:58:38.835,1174.0,1009.0,,,exhale,
31.150,14:58:38.855,1177.0,1004.0,,,exhale,
31.170,14:58:38.874,1183.0,1005.0,,,exhale,
31.190,14:58:38.894,1179.0,1007.0,,,exhale,
31.210,14:58:38.914,1177.0,996.0,,,exhale,
31.231,14:58:38.935,1183.0,1006.0,,,exhale,
31.250,14:58:38.954,1175.0,1007.0,,,exhale,
31.279,14:58:38.983,1175.0,1004.0,,,exhale,
31.290,14:58:38.994,1172.0,1003.0,,,exhale,
31.310,14:58:39.014,1173.0,1010.0,,,exhale,
31.330,14:58:39.034,1177.0,1005.0,,,exhale,
31.350,14:58:39.054,1177.0,1007.0,,,exhale,
31.370,14:58:39.074,1173.0,1010.0,,,exhale,
31.390,14:58:39.094,1145.0,1002.0,,,exhale,
31.410,14:58:39.114,1165.0,1005.0,,,exhale,
31.430,14:58:39.134,1174.0,1007.0,,,exhale,
31.450,14:58:39.154,1177.0,1009.0,,,exhale,
31.470,14:58:39.175,1177.0,1016.0,,,exhale,
31.490,14:58:39.194,1176.0,1008.0,,,exhale,
31.510,14:58:39.215,1181.0,1008.0,,,exhale,
31.530,14:58:39.235,1187.0,1011.0,,,exhale,
31.550,14:58:39.254,1189.0,1007.0,,,exhale,
31.570,14:58:39.274,1179.0,1011.0,,,inhale,inhale_onset
31.590,14:58:39.294,1181.0,1010.0,,,inhale,
31.610,14:58:39.314,1182.0,1010.0,,,inhale,
31.630,14:58:39.334,1182.0,1013.0,,,inhale,
31.650,14:58:39.354,1184.0,1014.0,,,inhale,
31.670,14:58:39.374,1181.0,1013.0,,,inhale,
31.690,14:58:39.394,1188.0,1014.0,,,inhale,
31.710,14:58:39.414,1187.0,1018.0,,,inhale,
31.732,14:58:39.436,1179.0,1016.0,,,inhale,
31.750,14:58:39.454,1189.0,1015.0,,,inhale,
31.770,14:58:39.474,1191.0,1017.0,,,inhale,
31.790,14:58:39.495,1188.0,1016.0,,,inhale,
31.810,14:58:39.514,1269.0,1027.0,,,inhale,
31.830,14:58:39.534,1189.0,1025.0,,,inhale,
31.850,14:58:39.554,1194.0,1019.0,,,inhale,
31.870,14:58:39.574,1195.0,1016.0,,,inhale,
31.890,14:58:39.594,1197.0,1020.0,,,inhale,
31.910,14:58:39.614,1189.0,1017.0,,,inhale,
31.930,14:58:39.634,1197.0,1019.0,,,inhale,
31.950,14:58:39.654,1187.0,1021.0,,,inhale,
31.970,14:58:39.674,1191.0,1020.0,,,inhale,
31.990,14:58:39.694,1193.0,1026.0,,,inhale,
32.010,14:58:39.714,1196.0,1016.0,,,inhale,
32.030,14:58:39.734,1187.0,1020.0,,,inhale,
32.050,14:58:39.754,1191.0,1020.0,,,inhale,
32.070,14:58:39.774,1191.0,1034.0,,,inhale,
32.094,14:58:39.798,1189.0,1022.0,,,inhale,
32.110,14:58:39.814,1191.0,1019.0,,,inhale,
32.130,14:58:39.835,1191.0,1019.0,,,inhale,
32.150,14:58:39.854,1193.0,1020.0,,,inhale,
32.170,14:58:39.875,1195.0,1021.0,,,inhale,
32.190,14:58:39.895,1193.0,1021.0,,,inhale,
32.210,14:58:39.915,1193.0,1012.0,,,inhale,
32.230,14:58:39.935,1199.0,1022.0,,,inhale,
32.250,14:58:39.954,1195.0,1023.0,,,inhale,
32.270,14:58:39.974,1193.0,1022.0,,,inhale,
32.290,14:58:39.995,1195.0,1017.0,,,inhale,
32.310,14:58:40.015,1193.0,1020.0,,,inhale,
32.330,14:58:40.035,1193.0,1030.0,,,inhale,
32.350,14:58:40.055,1193.0,1020.0,,,inhale,
32.370,14:58:40.074,1199.0,1022.0,,,inhale,
32.390,14:58:40.095,1195.0,1027.0,,,inhale,
32.410,14:58:40.115,1193.0,1024.0,,,inhale,
32.430,14:58:40.135,1192.0,1021.0,,,inhale,
32.450,14:58:40.155,1195.0,1024.0,,,inhale,
32.470,14:58:40.174,1315.0,1022.0,,,inhale,
32.490,14:58:40.195,1197.0,1021.0,,,inhale,
32.510,14:58:40.215,1195.0,1021.0,,,inhale,
32.530,14:58:40.235,1191.0,1020.0,,,inhale,
32.550,14:58:40.254,1215.0,1022.0,,,inhale,
32.570,14:58:40.274,1197.0,1020.0,,,inhale,
32.590,14:58:40.295,1191.0,1021.0,,,inhale,
32.610,14:58:40.315,1192.0,1019.0,,,inhale,
32.630,14:58:40.334,1187.0,1021.0,,,inhale,
32.650,14:58:40.354,1192.0,1011.0,,,inhale,
32.674,14:58:40.379,1191.0,1019.0,,,inhale,
32.690,14:58:40.394,1197.0,1019.0,,,inhale,
32.710,14:58:40.414,1189.0,1020.0,,,inhale,
32.730,14:58:40.434,1191.0,1018.0,,,inhale,
32.750,14:58:40.454,1189.0,1020.0,,,inhale,
32.770,14:58:40.474,1191.0,1019.0,,,inhale,
32.790,14:58:40.494,1189.0,1017.0,,,inhale,
32.810,14:58:40.514,1188.0,1019.0,,,inhale,
32.830,14:58:40.534,1193.0,1027.0,,,exhale,exhale_onset
32.850,14:58:40.554,1195.0,1016.0,,,exhale,
32.870,14:58:40.574,1187.0,1014.0,,,exhale,
32.890,14:58:40.595,1183.0,1018.0,,,exhale,
32.910,14:58:40.614,1188.0,1014.0,,,exhale,
32.930,14:58:40.635,1183.0,1016.0,,,exhale,
32.950,14:58:40.654,1183.0,1015.0,,,exhale,
32.970,14:58:40.675,1191.0,1016.0,,,exhale,
32.990,14:58:40.694,1180.0,1014.0,,,exhale,
33.010,14:58:40.714,1184.0,1015.0,,,exhale,
33.032,14:58:40.737,1182.0,1015.0,,,exhale,
33.050,14:58:40.754,1187.0,1014.0,,,exhale,
33.070,14:58:40.774,1181.0,1011.0,,,exhale,
33.094,14:58:40.799,1179.0,1001.0,,,exhale,
33.110,14:58:40.814,1189.0,1008.0,,,exhale,
33.130,14:58:40.834,1177.0,1013.0,,,exhale,
33.150,14:58:40.854,1189.0,1012.0,,,exhale,
33.170,14:58:40.875,1183.0,1008.0,,,exhale,
33.190,14:58:40.895,1177.0,1011.0,,,exhale,
33.210,14:58:40.915,1192.0,1007.0,,,exhale,
33.230,14:58:40.935,1181.0,1010.0,,,exhale,
33.250,14:58:40.954,1193.0,1013.0,,,exhale,
33.270,14:58:40.975,1181.0,1012.0,,,exhale,
33.290,14:58:40.995,1134.0,1011.0,,,exhale,
33.310,14:58:41.015,1181.0,1012.0,,,exhale,
33.331,14:58:41.035,1199.0,1012.0,,,exhale,
33.350,14:58:41.054,1183.0,1012.0,,,exhale,
33.370,14:58:41.074,1182.0,1011.0,,,exhale,
33.390,14:58:41.094,1183.0,1011.0,,,exhale,
33.410,14:58:41.115,1191.0,1030.0,,,exhale,
33.430,14:58:41.135,1178.0,1014.0,,,exhale,
33.450,14:58:41.154,1188.0,1017.0,,,exhale,
33.470,14:58:41.174,1193.0,1019.0,,,exhale,
33.490,14:58:41.195,1181.0,1012.0,,,exhale,
33.510,14:58:41.214,1191.0,1016.0,,,exhale,
33.530,14:58:41.235,1193.0,1017.0,,,exhale,
33.550,14:58:41.254,1195.0,1021.0,,,exhale,
33.570,14:58:41.274,1197.0,1012.0,,,exhale,
33.590,14:58:41.294,1189.0,1020.0,,,exhale,
33.610,14:58:41.315,1193.0,1019.0,,,exhale,
33.630,14:58:41.335,1223.0,1021.0,,,exhale,
33.650,14:58:41.354,1197.0,1019.0,,,exhale,
33.670,14:58:41.374,1188.0,1019.0,,,exhale,
33.690,14:58:41.395,1189.0,1022.0,,,exhale,
33.710,14:58:41.415,1192.0,1019.0,,,exhale,
33.730,14:58:41.435,1188.0,1021.0,,,exhale,
33.750,14:58:41.454,1189.0,1021.0,,,exhale,
33.770,14:58:41.474,1194.0,1015.0,,,exhale,
33.790,14:58:41.495,1189.0,1019.0,,,exhale,
33.810,14:58:41.515,1189.0,1010.0,,,exhale,
33.830,14:58:41.535,1191.0,1018.0,,,exhale,
33.850,14:58:41.554,1192.0,1023.0,,,exhale,
33.870,14:58:41.575,1191.0,1019.0,,,exhale,
33.890,14:58:41.595,1183.0,1018.0,,,exhale,
33.910,14:58:41.614,1193.0,1015.0,,,exhale,
33.930,14:58:41.635,1188.0,1017.0,,,exhale,
33.950,14:58:41.654,1225.0,1020.0,,,exhale,
33.970,14:58:41.674,1188.0,1017.0,,,exhale,
33.990,14:58:41.695,1190.0,1017.0,,,exhale,
34.010,14:58:41.715,1191.0,1020.0,,,exhale,
34.030,14:58:41.735,1193.0,1019.0,,,inhale,inhale_onset
34.051,14:58:41.755,1187.0,1007.0,,,inhale,
34.070,14:58:41.774,1189.0,1006.0,,,inhale,
34.094,14:58:41.798,1193.0,1015.0,,,inhale,
34.110,14:58:41.814,1189.0,1031.0,,,inhale,
34.130,14:58:41.834,1191.0,1016.0,,,inhale,
34.150,14:58:41.854,1195.0,1018.0,,,inhale,
34.170,14:58:41.874,1182.0,1017.0,,,inhale,
34.190,14:58:41.894,1183.0,1016.0,,,inhale,
34.210,14:58:41.915,1187.0,1018.0,,,inhale,
34.230,14:58:41.935,1183.0,1016.0,,,inhale,
34.250,14:58:41.954,1181.0,1013.0,,,inhale,
34.270,14:58:41.975,1187.0,1014.0,,,inhale,
34.290,14:58:41.995,1183.0,1018.0,,,inhale,
34.310,14:58:42.014,1183.0,1018.0,,,inhale,
34.330,14:58:42.034,1183.0,1016.0,,,inhale,
34.350,14:58:42.054,1187.0,1018.0,,,inhale,
34.370,14:58:42.074,1177.0,1014.0,,,inhale,
34.390,14:58:42.095,1187.0,1011.0,,,inhale,
34.410,14:58:42.115,1188.0,1015.0,,,inhale,
34.431,14:58:42.135,1189.0,1013.0,,,inhale,
34.450,14:58:42.154,1192.0,1014.0,,,inhale,
34.470,14:58:42.174,1183.0,1014.0,,,inhale,
34.490,14:58:42.194,1183.0,1013.0,,,inhale,
34.510,14:58:42.214,1189.0,1012.0,,,inhale,
34.530,14:58:42.234,1192.0,1002.0,,,inhale,
34.550,14:58:42.255,1187.0,1014.0,,,inhale,
34.570,14:58:42.274,1189.0,1012.0,,,inhale,
34.590,14:58:42.295,1187.0,1006.0,,,inhale,
34.610,14:58:42.314,1186.0,1013.0,,,inhale,
34.632,14:58:42.336,1181.0,1014.0,,,inhale,
34.650,14:58:42.354,1189.0,1016.0,,,inhale,
34.670,14:58:42.374,1176.0,1012.0,,,inhale,
34.690,14:58:42.394,1176.0,1012.0,,,inhale,
34.710,14:58:42.414,1181.0,1007.0,,,inhale,
34.730,14:58:42.434,1181.0,1009.0,,,inhale,
34.750,14:58:42.454,1180.0,1012.0,,,inhale,
34.770,14:58:42.474,1189.0,1010.0,,,inhale,
34.790,14:58:42.494,1181.0,1012.0,,,inhale,
34.810,14:58:42.515,1173.0,1006.0,,,inhale,
34.830,14:58:42.535,1174.0,1010.0,,,inhale,
34.850,14:58:42.554,1187.0,1010.0,,,inhale,
34.870,14:58:42.575,1178.0,1011.0,,,inhale,
34.890,14:58:42.595,1179.0,1013.0,,,inhale,
34.910,14:58:42.614,1180.0,1006.0,,,inhale,
34.931,14:58:42.636,1181.0,1007.0,,,inhale,
34.950,14:58:42.655,1176.0,1007.0,,,inhale,
34.970,14:58:42.674,1179.0,1009.0,,,inhale,
34.990,14:58:42.695,1177.0,1006.0,,,inhale,
35.010,14:58:42.715,1179.0,1009.0,,,inhale,
35.030,14:58:42.735,1187.0,1009.0,,,inhale,
35.050,14:58:42.755,1171.0,1008.0,,,inhale,
35.070,14:58:42.774,1176.0,1009.0,,,inhale,
35.094,14:58:42.799,1175.0,1008.0,,,inhale,
35.110,14:58:42.815,1171.0,1008.0,,,inhale,
35.130,14:58:42.835,1170.0,1006.0,,,inhale,
35.150,14:58:42.855,1174.0,1008.0,,,inhale,
35.170,14:58:42.875,1173.0,1008.0,,,inhale,
35.190,14:58:42.895,1177.0,1006.0,,,inhale,
35.210,14:58:42.915,1171.0,1007.0,,,inhale,
35.231,14:58:42.936,1151.0,1007.0,,,inhale,
35.250,14:58:42.954,1175.0,1005.0,,,inhale,
35.270,14:58:42.974,1175.0,1009.0,,,inhale,
35.290,14:58:42.995,1173.0,1007.0,,,inhale,
35.310,14:58:43.014,1171.0,1006.0,,,inhale,
35.331,14:58:43.035,1181.0,1008.0,,,inhale,
35.350,14:58:43.054,1175.0,1006.0,,,inhale,
35.370,14:58:43.075,1171.0,1007.0,,,inhale,
35.390,14:58:43.095,1180.0,1005.0,,,inhale,
35.410,14:58:43.115,1173.0,1009.0,,,inhale,
35.431,14:58:43.136,1177.0,1006.0,,,inhale,
35.450,14:58:43.154,1173.0,1005.0,,,inhale,
35.470,14:58:43.175,1171.0,1006.0,,,inhale,
35.490,14:58:43.195,1167.0,1004.0,,,inhale,
35.510,14:58:43.215,1175.0,1004.0,,,inhale,
35.531,14:58:43.235,1173.0,1005.0,,,inhale,
35.550,14:58:43.254,1177.0,1005.0,,,inhale,
35.570,14:58:43.274,1173.0,1006.0,,,inhale,
35.590,14:58:43.295,1183.0,1000.0,,,inhale,
35.610,14:58:43.314,1181.0,992.0,,,inhale,
35.630,14:58:43.335,1171.0,1004.0,,,inhale,
35.650,14:58:43.355,1175.0,1006.0,,,inhale,
35.670,14:58:43.374,1176.0,1006.0,,,inhale,
35.690,14:58:43.395,1173.0,1006.0,,,inhale,
35.710,14:58:43.415,1175.0,1007.0,,,inhale,
35.730,14:58:43.434,1177.0,1008.0,,,inhale,
35.750,14:58:43.454,1182.0,1009.0,,,inhale,
35.770,14:58:43.474,1183.0,1007.0,,,inhale,
35.790,14:58:43.494,1178.0,1009.0,,,inhale,
35.810,14:58:43.515,1178.0,1010.0,,,inhale,
35.831,14:58:43.536,1179.0,1011.0,,,inhale,
35.850,14:58:43.554,1371.0,1010.0,,,inhale,
35.870,14:58:43.575,1179.0,1011.0,,,inhale,
35.890,14:58:43.594,1181.0,1010.0,,,inhale,
35.910,14:58:43.615,1189.0,1011.0,,,inhale,
35.931,14:58:43.636,1184.0,1005.0,,,inhale,
35.950,14:58:43.655,1183.0,1011.0,,,inhale,
35.970,14:58:43.674,1181.0,1011.0,,,inhale,
35.990,14:58:43.695,1175.0,1014.0,,,inhale,
36.010,14:58:43.714,1183.0,1015.0,,,inhale,
36.031,14:58:43.735,1183.0,1012.0,,,inhale,
36.050,14:58:43.755,1181.0,1001.0,,,inhale,
36.070,14:58:43.775,1195.0,1015.0,,,inhale,
36.094,14:58:43.799,1184.0,1004.0,,,inhale,
36.122,14:58:43.827,1189.0,1015.0,,,inhale,
36.136,14:58:43.840,1203.0,1018.0,,,inhale,
36.150,14:58:43.854,1187.0,1017.0,,,inhale,
36.170,14:58:43.874,1191.0,1016.0,,,inhale,
36.190,14:58:43.894,1179.0,1016.0,,,inhale,
36.210,14:58:43.914,1165.0,1018.0,,,inhale,
36.230,14:58:43.934,1188.0,1018.0,,,inhale,
36.250,14:58:43.954,1199.0,1019.0,,,inhale,
36.270,14:58:43.974,1183.0,1017.0,,,inhale,
36.290,14:58:43.995,1182.0,1017.0,,,inhale,
36.310,14:58:44.015,1192.0,1015.0,,,inhale,
36.331,14:58:44.035,1189.0,1019.0,,,inhale,
36.350,14:58:44.054,1191.0,1019.0,,,inhale,
36.370,14:58:44.075,1189.0,1016.0,,,inhale,
36.390,14:58:44.095,1189.0,1017.0,,,inhale,
36.410,14:58:44.115,1189.0,1018.0,,,inhale,
36.431,14:58:44.136,1195.0,1018.0,,,inhale,
36.450,14:58:44.154,1195.0,1023.0,,,inhale,
36.470,14:58:44.175,1183.0,1020.0,,,inhale,
36.490,14:58:44.195,1193.0,1015.0,,,inhale,
36.510,14:58:44.215,1190.0,1012.0,,,inhale,
36.531,14:58:44.236,1193.0,1020.0,,,inhale,
36.550,14:58:44.254,1189.0,1021.0,,,inhale,
36.570,14:58:44.275,1191.0,1019.0,,,inhale,
36.590,14:58:44.295,1191.0,1018.0,,,inhale,
36.610,14:58:44.315,1193.0,1014.0,,,inhale,
36.630,14:58:44.335,1189.0,1020.0,,,inhale,
36.650,14:58:44.354,1193.0,1020.0,,,inhale,
36.670,14:58:44.375,1190.0,1018.0,,,inhale,
36.690,14:58:44.395,1183.0,1024.0,,,inhale,
36.710,14:58:44.415,1197.0,1020.0,,,inhale,
36.731,14:58:44.435,1100.0,1024.0,,,inhale,
36.750,14:58:44.454,1189.0,1021.0,,,inhale,
36.770,14:58:44.475,1190.0,1026.0,,,inhale,
36.790,14:58:44.495,1211.0,1016.0,,,inhale,
36.810,14:58:44.514,1193.0,1020.0,,,inhale,
36.830,14:58:44.534,1183.0,1019.0,,,inhale,
36.850,14:58:44.554,1199.0,1017.0,,,inhale,
36.870,14:58:44.574,1190.0,1019.0,,,inhale,
36.890,14:58:44.594,1193.0,1018.0,,,inhale,
36.910,14:58:44.614,1192.0,1016.0,,,inhale,
36.930,14:58:44.634,1197.0,1019.0,,,inhale,
36.950,14:58:44.654,1189.0,1019.0,,,inhale,
36.970,14:58:44.674,1187.0,1014.0,,,inhale,
36.990,14:58:44.694,1193.0,1019.0,,,inhale,
37.010,14:58:44.714,1188.0,1020.0,,,inhale,
37.033,14:58:44.738,1193.0,1025.0,,,inhale,
37.050,14:58:44.754,1193.0,1016.0,,,inhale,
37.070,14:58:44.774,1191.0,1020.0,,,inhale,
37.094,14:58:44.799,1194.0,1016.0,,,inhale,
37.110,14:58:44.815,1191.0,1017.0,,,inhale,
37.131,14:58:44.835,1193.0,1017.0,,,inhale,
37.150,14:58:44.854,1194.0,1019.0,,,inhale,
37.170,14:58:44.874,1188.0,1018.0,,,inhale,
37.190,14:58:44.894,1191.0,1016.0,,,inhale,
37.210,14:58:44.915,1190.0,1014.0,,,inhale,
37.230,14:58:44.935,1195.0,1018.0,,,inhale,
37.250,14:58:44.955,1187.0,1019.0,,,inhale,
37.270,14:58:44.975,1189.0,1016.0,,,exhale,exhale_onset
37.290,14:58:44.994,1179.0,1015.0,,,exhale,
37.310,14:58:45.014,1189.0,1016.0,,,exhale,
37.330,14:58:45.035,1189.0,1014.0,,,exhale,
37.350,14:58:45.054,1189.0,1014.0,,,exhale,
37.370,14:58:45.075,1183.0,1016.0,,,exhale,
37.390,14:58:45.095,1181.0,1021.0,,,exhale,
37.410,14:58:45.115,1179.0,1024.0,,,exhale,
37.431,14:58:45.135,1191.0,1014.0,,,exhale,
37.450,14:58:45.154,1187.0,1013.0,,,exhale,
37.470,14:58:45.175,1181.0,1011.0,,,exhale,
37.490,14:58:45.194,1188.0,1012.0,,,exhale,
37.510,14:58:45.215,1183.0,1012.0,,,exhale,
37.531,14:58:45.236,1179.0,1012.0,,,exhale,
37.550,14:58:45.254,1179.0,1010.0,,,exhale,
37.570,14:58:45.275,1184.0,1017.0,,,exhale,
37.590,14:58:45.295,1181.0,1021.0,,,exhale,
37.610,14:58:45.315,1191.0,1012.0,,,exhale,
37.631,14:58:45.336,1180.0,1010.0,,,exhale,
37.650,14:58:45.354,1147.0,1007.0,,,exhale,
37.670,14:58:45.375,1188.0,1013.0,,,exhale,
37.690,14:58:45.395,1327.0,1009.0,,,exhale,
37.710,14:58:45.415,1191.0,1012.0,,,exhale,
37.731,14:58:45.435,1177.0,1013.0,,,exhale,
37.750,14:58:45.454,1181.0,1009.0,,,exhale,
37.770,14:58:45.474,1180.0,1010.0,,,exhale,
37.790,14:58:45.495,1183.0,1011.0,,,exhale,
37.810,14:58:45.514,1176.0,1015.0,,,exhale,
37.833,14:58:45.537,1183.0,1010.0,,,exhale,
37.850,14:58:45.555,1179.0,1011.0,,,exhale,
37.870,14:58:45.575,1187.0,1010.0,,,exhale,
37.890,14:58:45.595,1189.0,1010.0,,,exhale,
37.910,14:58:45.615,1182.0,1009.0,,,exhale,
37.931,14:58:45.635,1181.0,1012.0,,,exhale,
37.950,14:58:45.654,1180.0,1012.0,,,exhale,
37.970,14:58:45.675,1181.0,1010.0,,,exhale,
37.990,14:58:45.695,1179.0,1000.0,,,exhale,
38.010,14:58:45.714,1181.0,1011.0,,,exhale,
38.031,14:58:45.736,1179.0,1012.0,,,exhale,
38.050,14:58:45.755,1187.0,1006.0,,,exhale,
38.070,14:58:45.774,1182.0,1012.0,,,exhale,
38.094,14:58:45.798,1187.0,1014.0,,,exhale,
38.110,14:58:45.815,1189.0,1017.0,,,exhale,
38.131,14:58:45.836,1183.0,1016.0,,,exhale,
38.150,14:58:45.854,1113.0,1015.0,,,exhale,
38.170,14:58:45.874,1188.0,1014.0,,,exhale,
38.190,14:58:45.895,1148.0,1015.0,,,exhale,
38.210,14:58:45.915,1188.0,1015.0,,,exhale,
38.231,14:58:45.935,1189.0,1008.0,,,exhale,
38.250,14:58:45.955,1182.0,1018.0,,,exhale,
38.270,14:58:45.975,1188.0,1021.0,,,exhale,
38.290,14:58:45.995,1189.0,1019.0,,,exhale,
38.310,14:58:46.015,1193.0,1019.0,,,exhale,
38.330,14:58:46.035,1191.0,1009.0,,,exhale,
38.350,14:58:46.054,1191.0,1019.0,,,exhale,
38.370,14:58:46.075,1187.0,1019.0,,,exhale,
38.390,14:58:46.095,1132.0,1017.0,,,exhale,
38.410,14:58:46.115,1179.0,1030.0,,,exhale,
38.430,14:58:46.134,1188.0,1008.0,,,exhale,
38.452,14:58:46.157,1191.0,1017.0,,,exhale,
38.470,14:58:46.174,1191.0,1010.0,,,exhale,
38.490,14:58:46.195,1189.0,1017.0,,,inhale,inhale_onset
38.510,14:58:46.214,1190.0,1019.0,,,inhale,
38.531,14:58:46.235,1191.0,1020.0,,,inhale,
38.550,14:58:46.254,1197.0,1018.0,,,inhale,
38.570,14:58:46.274,1199.0,1021.0,,,inhale,
38.590,14:58:46.294,1189.0,1020.0,,,inhale,
38.610,14:58:46.314,1196.0,1019.0,,,inhale,
38.630,14:58:46.335,1184.0,1023.0,,,inhale,
38.650,14:58:46.354,1190.0,1013.0,,,inhale,
38.670,14:58:46.375,1189.0,1016.0,,,inhale,
38.690,14:58:46.395,1187.0,1014.0,,,inhale,
38.710,14:58:46.415,1181.0,1017.0,,,inhale,
38.730,14:58:46.434,1189.0,1019.0,,,inhale,
38.750,14:58:46.454,1189.0,1016.0,,,inhale,
38.770,14:58:46.475,1187.0,1015.0,,,inhale,
38.790,14:58:46.495,1190.0,1011.0,,,inhale,
38.810,14:58:46.514,1189.0,1025.0,,,inhale,
38.831,14:58:46.536,1183.0,1008.0,,,inhale,
38.850,14:58:46.554,1194.0,1016.0,,,inhale,
38.870,14:58:46.574,1192.0,1014.0,,,inhale,
38.890,14:58:46.595,1189.0,1016.0,,,inhale,
38.910,14:58:46.615,1165.0,1016.0,,,inhale,
38.931,14:58:46.635,1190.0,1016.0,,,inhale,
38.950,14:58:46.654,1181.0,1015.0,,,inhale,
38.970,14:58:46.675,1192.0,1014.0,,,inhale,
38.990,14:58:46.695,1191.0,1015.0,,,inhale,
39.010,14:58:46.715,1305.0,1013.0,,,inhale,
39.031,14:58:46.736,1187.0,1015.0,,,inhale,
39.051,14:58:46.756,1183.0,1016.0,,,inhale,
39.071,14:58:46.775,1182.0,1009.0,,,inhale,
39.094,14:58:46.798,1189.0,1012.0,,,inhale,
39.110,14:58:46.815,1183.0,1013.0,,,inhale,
39.131,14:58:46.836,1193.0,1013.0,,,inhale,
39.150,14:58:46.854,1173.0,1013.0,,,inhale,
39.170,14:58:46.875,1185.0,1013.0,,,inhale,
39.190,14:58:46.894,1181.0,1011.0,,,inhale,
39.210,14:58:46.915,1193.0,1011.0,,,inhale,
39.231,14:58:46.935,1183.0,1013.0,,,inhale,
39.250,14:58:46.955,1177.0,1009.0,,,inhale,
39.270,14:58:46.975,1179.0,1018.0,,,inhale,
39.290,14:58:46.995,1183.0,1009.0,,,inhale,
39.310,14:58:47.015,1179.0,1011.0,,,inhale,
39.331,14:58:47.036,1179.0,1012.0,,,inhale,
39.350,14:58:47.054,1175.0,1007.0,,,inhale,
39.370,14:58:47.074,1179.0,1009.0,,,inhale,
39.390,14:58:47.095,1177.0,1009.0,,,inhale,
39.410,14:58:47.114,1174.0,1008.0,,,inhale,
39.432,14:58:47.136,1180.0,1008.0,,,inhale,
39.451,14:58:47.155,1177.0,1008.0,,,inhale,
39.470,14:58:47.175,1177.0,1008.0,,,inhale,
39.490,14:58:47.194,1173.0,999.0,,,inhale,
39.512,14:58:47.216,1179.0,1008.0,,,inhale,
39.530,14:58:47.234,1175.0,998.0,,,inhale,
39.550,14:58:47.254,1177.0,1008.0,,,inhale,
39.570,14:58:47.274,1174.0,1010.0,,,inhale,
39.590,14:58:47.294,1177.0,1006.0,,,inhale,
39.610,14:58:47.314,1178.0,1008.0,,,inhale,
39.630,14:58:47.334,1177.0,1008.0,,,inhale,
39.650,14:58:47.355,1173.0,1007.0,,,inhale,
39.670,14:58:47.374,1177.0,1007.0,,,inhale,
39.690,14:58:47.394,1174.0,1007.0,,,inhale,
39.710,14:58:47.414,1175.0,993.0,,,inhale,
39.731,14:58:47.436,1173.0,1007.0,,,inhale,
39.750,14:58:47.454,1205.0,1007.0,,,inhale,
39.770,14:58:47.474,1175.0,1008.0,,,inhale,
39.790,14:58:47.495,1175.0,1006.0,,,inhale,
39.810,14:58:47.514,1175.0,1007.0,,,inhale,
39.831,14:58:47.536,1177.0,1007.0,,,inhale,
39.850,14:58:47.555,1177.0,999.0,,,inhale,
39.870,14:58:47.575,1175.0,1008.0,,,inhale,
39.890,14:58:47.595,1174.0,1006.0,,,inhale,
39.910,14:58:47.615,1171.0,1006.0,,,inhale,
39.931,14:58:47.636,1177.0,1006.0,,,inhale,
39.950,14:58:47.654,1177.0,1008.0,,,inhale,
39.970,14:58:47.675,1177.0,1005.0,,,inhale,
39.990,14:58:47.695,1178.0,1004.0,,,inhale,
40.010,14:58:47.715,1175.0,1002.0,,,inhale,
40.031,14:58:47.736,1171.0,1007.0,,,inhale,
40.051,14:58:47.756,1174.0,1005.0,,,inhale,
40.070,14:58:47.775,1174.0,1005.0,,,inhale,
40.094,14:58:47.799,1175.0,1007.0,,,inhale,
40.110,14:58:47.815,1172.0,1004.0,,,inhale,
40.130,14:58:47.835,1171.0,1007.0,,,inhale,
40.150,14:58:47.854,1177.0,1006.0,,,inhale,
40.170,14:58:47.874,1176.0,999.0,,,inhale,
40.190,14:58:47.894,1166.0,1010.0,,,inhale,
40.210,14:58:47.915,1173.0,1001.0,,,inhale,
40.231,14:58:47.935,1171.0,1005.0,,,inhale,
40.250,14:58:47.954,1167.0,1004.0,,,inhale,
40.270,14:58:47.975,1167.0,1004.0,,,inhale,
40.290,14:58:47.994,1174.0,1004.0,,,inhale,
40.310,14:58:48.015,1171.0,1014.0,,,inhale,
40.330,14:58:48.035,1170.0,1003.0,,,inhale,
40.350,14:58:48.055,1173.0,1003.0,,,inhale,
40.370,14:58:48.074,1171.0,1004.0,,,inhale,
40.390,14:58:48.095,1171.0,1000.0,,,inhale,
40.410,14:58:48.115,1164.0,1002.0,,,inhale,
40.431,14:58:48.135,1172.0,1003.0,,,inhale,
40.450,14:58:48.154,1173.0,1004.0,,,inhale,
40.470,14:58:48.175,1171.0,1003.0,,,inhale,
40.490,14:58:48.195,1173.0,1002.0,,,inhale,
40.510,14:58:48.215,1171.0,1002.0,,,inhale,
40.531,14:58:48.236,1171.0,1003.0,,,inhale,
40.550,14:58:48.254,1171.0,1001.0,,,inhale,
40.570,14:58:48.274,1171.0,1002.0,,,inhale,
40.590,14:58:48.295,1171.0,1006.0,,,inhale,
40.610,14:58:48.314,1167.0,1002.0,,,inhale,
40.630,14:58:48.335,1167.0,1004.0,,,inhale,
40.650,14:58:48.354,1163.0,1001.0,,,inhale,
40.670,14:58:48.374,1169.0,1007.0,,,inhale,
40.690,14:58:48.394,1199.0,996.0,,,inhale,
40.710,14:58:48.415,1170.0,1005.0,,,inhale,
40.730,14:58:48.435,1166.0,1000.0,,,inhale,
40.750,14:58:48.454,1165.0,998.0,,,inhale,
40.770,14:58:48.475,1173.0,1007.0,,,inhale,
40.790,14:58:48.494,1171.0,1002.0,,,inhale,
40.810,14:58:48.515,1172.0,1003.0,,,inhale,
40.830,14:58:48.535,1171.0,1003.0,,,inhale,
40.850,14:58:48.554,1172.0,1004.0,,,inhale,
40.870,14:58:48.575,1173.0,1008.0,,,inhale,
40.890,14:58:48.595,1177.0,1007.0,,,inhale,
40.910,14:58:48.615,1173.0,1007.0,,,inhale,
40.930,14:58:48.635,1174.0,1007.0,,,inhale,
40.950,14:58:48.654,1176.0,1007.0,,,inhale,
40.970,14:58:48.675,1178.0,1007.0,,,inhale,
40.990,14:58:48.695,1180.0,1011.0,,,inhale,
41.010,14:58:48.714,1181.0,1009.0,,,inhale,
41.030,14:58:48.735,1177.0,1011.0,,,inhale,
41.050,14:58:48.754,1181.0,1004.0,,,inhale,
41.070,14:58:48.774,1180.0,1010.0,,,inhale,
41.094,14:58:48.799,1182.0,1011.0,,,inhale,
41.110,14:58:48.815,1179.0,1013.0,,,inhale,
41.130,14:58:48.834,1193.0,1015.0,,,inhale,
41.150,14:58:48.854,1183.0,1011.0,,,inhale,
41.170,14:58:48.874,1188.0,1020.0,,,inhale,
41.190,14:58:48.895,1181.0,1013.0,,,inhale,
41.210,14:58:48.915,1189.0,1016.0,,,inhale,
41.230,14:58:48.935,1187.0,1018.0,,,inhale,
41.250,14:58:48.954,1187.0,1016.0,,,inhale,
41.270,14:58:48.974,1187.0,1017.0,,,inhale,
41.290,14:58:48.994,1182.0,1019.0,,,inhale,
41.310,14:58:49.015,1189.0,1020.0,,,inhale,
41.330,14:58:49.034,1195.0,1013.0,,,inhale,
41.350,14:58:49.054,1187.0,1019.0,,,inhale,
41.370,14:58:49.075,1191.0,1016.0,,,inhale,
41.390,14:58:49.095,1192.0,1018.0,,,inhale,
41.410,14:58:49.115,1191.0,1017.0,,,inhale,
41.431,14:58:49.136,1190.0,1019.0,,,inhale,
41.450,14:58:49.154,1183.0,1018.0,,,inhale,
41.470,14:58:49.175,1189.0,1018.0,,,inhale,
41.490,14:58:49.194,1191.0,1015.0,,,inhale,
41.510,14:58:49.214,1191.0,1018.0,,,inhale,
41.530,14:58:49.235,1183.0,1017.0,,,inhale,
41.550,14:58:49.254,1187.0,1018.0,,,inhale,
41.570,14:58:49.275,1188.0,1018.0,,,inhale,
41.590,14:58:49.295,1203.0,1022.0,,,inhale,
41.610,14:58:49.314,1191.0,1018.0,,,inhale,
41.631,14:58:49.336,1195.0,1014.0,,,inhale,
41.650,14:58:49.355,1191.0,1016.0,,,inhale,
41.670,14:58:49.375,1192.0,1016.0,,,inhale,
41.690,14:58:49.394,1187.0,1025.0,,,inhale,
41.710,14:58:49.415,1187.0,1022.0,,,inhale,
41.731,14:58:49.435,1191.0,1023.0,,,inhale,
41.750,14:58:49.454,1195.0,1018.0,,,inhale,
41.770,14:58:49.474,1187.0,1018.0,,,inhale,
41.790,14:58:49.495,1188.0,1018.0,,,inhale,
41.810,14:58:49.514,1195.0,1018.0,,,inhale,
41.830,14:58:49.534,1190.0,1017.0,,,inhale,
41.850,14:58:49.554,1189.0,1017.0,,,inhale,
41.870,14:58:49.574,1187.0,1014.0,,,inhale,
41.890,14:58:49.594,1183.0,1015.0,,,inhale,
41.910,14:58:49.614,1189.0,1015.0,,,inhale,
41.930,14:58:49.634,1192.0,1016.0,,,inhale,
41.950,14:58:49.654,1184.0,1009.0,,,inhale,
41.970,14:58:49.674,1187.0,1014.0,,,inhale,
41.990,14:58:49.694,1187.0,1015.0,,,inhale,
42.010,14:58:49.714,1181.0,1012.0,,,inhale,
42.032,14:58:49.736,1179.0,1014.0,,,inhale,
42.050,14:58:49.754,1186.0,1013.0,,,inhale,
42.070,14:58:49.774,1188.0,1013.0,,,inhale,
42.094,14:58:49.799,1181.0,1012.0,,,inhale,
42.110,14:58:49.814,1170.0,1015.0,,,exhale,exhale_onset
42.130,14:58:49.834,1183.0,1019.0,,,exhale,
42.150,14:58:49.854,1182.0,1015.0,,,exhale,
42.170,14:58:49.874,1179.0,1014.0,,,exhale,
42.190,14:58:49.894,1183.0,1007.0,,,exhale,
42.210,14:58:49.914,1181.0,1009.0,,,exhale,
42.232,14:58:49.936,1183.0,1012.0,,,exhale,
42.250,14:58:49.954,1183.0,1012.0,,,exhale,
42.270,14:58:49.974,1179.0,1012.0,,,exhale,
42.290,14:58:49.994,1175.0,1014.0,,,exhale,
42.310,14:58:50.014,1181.0,1013.0,,,exhale,
42.330,14:58:50.035,1189.0,1013.0,,,exhale,
42.350,14:58:50.054,1183.0,1017.0,,,exhale,
42.370,14:58:50.074,1203.0,1011.0,,,exhale,
42.390,14:58:50.095,1191.0,1013.0,,,exhale,
42.410,14:58:50.115,1177.0,1010.0,,,exhale,
42.430,14:58:50.134,1184.0,1013.0,,,exhale,
42.450,14:58:50.154,1180.0,1010.0,,,exhale,
42.470,14:58:50.174,1188.0,1013.0,,,exhale,
42.490,14:58:50.194,1181.0,1011.0,,,exhale,
42.510,14:58:50.215,1189.0,1007.0,,,exhale,
42.530,14:58:50.234,1177.0,1013.0,,,exhale,
42.550,14:58:50.254,1177.0,1010.0,,,exhale,
42.570,14:58:50.275,1183.0,1009.0,,,exhale,
42.590,14:58:50.294,1187.0,1009.0,,,exhale,
42.610,14:58:50.314,1181.0,1009.0,,,exhale,
42.630,14:58:50.334,1196.0,1010.0,,,exhale,
42.650,14:58:50.354,1177.0,1009.0,,,exhale,
42.670,14:58:50.375,1165.0,1012.0,,,exhale,
42.690,14:58:50.395,1179.0,1014.0,,,exhale,
42.710,14:58:50.414,1176.0,1009.0,,,exhale,
42.730,14:58:50.435,1179.0,1011.0,,,exhale,
42.750,14:58:50.454,1179.0,1009.0,,,exhale,
42.770,14:58:50.474,1177.0,1008.0,,,exhale,
42.790,14:58:50.495,1181.0,1009.0,,,exhale,
42.810,14:58:50.514,1177.0,1006.0,,,exhale,
42.830,14:58:50.534,1179.0,1009.0,,,exhale,
42.850,14:58:50.554,1383.0,1008.0,,,exhale,
42.870,14:58:50.574,1178.0,1007.0,,,exhale,
42.890,14:58:50.595,1182.0,1014.0,,,exhale,
42.910,14:58:50.615,1178.0,1011.0,,,exhale,
42.931,14:58:50.636,1176.0,1010.0,,,exhale,
42.950,14:58:50.654,1187.0,1009.0,,,exhale,
42.970,14:58:50.674,1179.0,1014.0,,,exhale,
42.990,14:58:50.695,1176.0,1009.0,,,exhale,
43.010,14:58:50.714,1181.0,1013.0,,,exhale,
43.030,14:58:50.735,1182.0,1012.0,,,exhale,
43.050,14:58:50.754,1189.0,1011.0,,,exhale,
43.070,14:58:50.775,1183.0,1009.0,,,exhale,
43.094,14:58:50.798,1179.0,1014.0,,,exhale,
43.110,14:58:50.814,1183.0,1014.0,,,exhale,
43.130,14:58:50.834,1224.0,1014.0,,,exhale,
43.150,14:58:50.854,1179.0,1014.0,,,exhale,
43.170,14:58:50.874,1189.0,1009.0,,,exhale,
43.190,14:58:50.894,1191.0,1015.0,,,exhale,
43.210,14:58:50.914,1193.0,1015.0,,,exhale,
43.230,14:58:50.934,1187.0,1021.0,,,exhale,
43.250,14:58:50.955,1184.0,1015.0,,,exhale,
43.270,14:58:50.974,1183.0,1015.0,,,exhale,
43.290,14:58:50.995,1184.0,1017.0,,,exhale,
43.310,14:58:51.015,1183.0,1015.0,,,inhale,inhale_onset
43.335,14:58:51.039,1189.0,1014.0,,,inhale,
43.357,14:58:51.062,1181.0,1015.0,,,inhale,
43.370,14:58:51.074,1180.0,1013.0,,,inhale,
43.390,14:58:51.094,1189.0,1014.0,,,inhale,
43.410,14:58:51.114,1190.0,1020.0,,,inhale,
43.430,14:58:51.134,1197.0,1018.0,,,inhale,
43.450,14:58:51.154,1172.0,1016.0,,,inhale,
43.470,14:58:51.174,1190.0,1016.0,,,inhale,
43.490,14:58:51.194,1189.0,1013.0,,,inhale,
43.510,14:58:51.214,1188.0,1014.0,,,inhale,
43.530,14:58:51.235,1193.0,1018.0,,,inhale,
43.550,14:58:51.254,1181.0,1012.0,,,inhale,
43.570,14:58:51.274,1192.0,1008.0,,,inhale,
43.590,14:58:51.294,1187.0,1015.0,,,inhale,
43.610,14:58:51.315,1182.0,1025.0,,,inhale,
43.630,14:58:51.334,1191.0,1015.0,,,inhale,
43.650,14:58:51.354,1188.0,1011.0,,,inhale,
43.670,14:58:51.374,1181.0,1018.0,,,inhale,
43.690,14:58:51.394,1181.0,1008.0,,,inhale,
43.710,14:58:51.415,1181.0,1012.0,,,inhale,
43.730,14:58:51.435,1182.0,1011.0,,,inhale,
43.750,14:58:51.454,1183.0,1010.0,,,inhale,
43.770,14:58:51.475,1179.0,1009.0,,,inhale,
43.790,14:58:51.494,1177.0,1009.0,,,inhale,
43.810,14:58:51.515,1183.0,1010.0,,,inhale,
43.830,14:58:51.534,1177.0,1011.0,,,inhale,
43.850,14:58:51.554,1187.0,1011.0,,,inhale,
43.870,14:58:51.574,1176.0,1010.0,,,inhale,
43.890,14:58:51.594,1181.0,1014.0,,,inhale,
43.910,14:58:51.615,1179.0,1010.0,,,inhale,
43.930,14:58:51.634,1179.0,1012.0,,,inhale,
43.950,14:58:51.654,1174.0,1009.0,,,inhale,
43.970,14:58:51.674,1177.0,998.0,,,inhale,
43.990,14:58:51.695,1171.0,1009.0,,,inhale,
44.010,14:58:51.715,1181.0,1009.0,,,inhale,
44.030,14:58:51.734,1176.0,1012.0,,,inhale,
44.050,14:58:51.755,1179.0,1010.0,,,inhale,
44.070,14:58:51.774,1179.0,1010.0,,,inhale,
44.094,14:58:51.799,1181.0,1009.0,,,inhale,
44.110,14:58:51.815,1179.0,1009.0,,,inhale,
44.130,14:58:51.834,1197.0,1012.0,,,inhale,
44.150,14:58:51.854,1179.0,1007.0,,,inhale,
44.170,14:58:51.875,1175.0,1006.0,,,inhale,
44.190,14:58:51.894,1173.0,1013.0,,,inhale,
44.210,14:58:51.914,1177.0,1008.0,,,inhale,
44.230,14:58:51.934,1177.0,999.0,,,inhale,
44.250,14:58:51.954,1181.0,1006.0,,,inhale,
44.270,14:58:51.974,1179.0,1007.0,,,inhale,
44.290,14:58:51.995,1171.0,1008.0,,,inhale,
44.310,14:58:52.015,1165.0,1007.0,,,inhale,
44.330,14:58:52.035,1169.0,1006.0,,,inhale,
44.350,14:58:52.054,1147.0,999.0,,,inhale,
44.370,14:58:52.075,1171.0,1007.0,,,inhale,
44.390,14:58:52.095,1167.0,1007.0,,,inhale,
44.410,14:58:52.115,1175.0,1006.0,,,inhale,
44.430,14:58:52.135,1177.0,1006.0,,,inhale,
44.450,14:58:52.154,1172.0,1010.0,,,inhale,
44.470,14:58:52.175,1174.0,1002.0,,,inhale,
44.490,14:58:52.195,1173.0,1003.0,,,inhale,
44.510,14:58:52.215,1169.0,1004.0,,,inhale,
44.530,14:58:52.234,1173.0,1001.0,,,inhale,
44.550,14:58:52.254,1165.0,1004.0,,,inhale,
44.570,14:58:52.274,1163.0,1003.0,,,inhale,
44.590,14:58:52.295,1172.0,1001.0,,,inhale,
44.610,14:58:52.315,1173.0,1004.0,,,inhale,
44.630,14:58:52.334,1171.0,1004.0,,,inhale,
44.650,14:58:52.354,1167.0,1001.0,,,inhale,
44.670,14:58:52.374,1172.0,1002.0,,,inhale,
44.690,14:58:52.394,1169.0,1002.0,,,inhale,
44.710,14:58:52.415,1172.0,1005.0,,,inhale,
44.730,14:58:52.435,1177.0,1003.0,,,inhale,
44.750,14:58:52.454,1178.0,1002.0,,,inhale,
44.770,14:58:52.474,1173.0,999.0,,,inhale,
44.790,14:58:52.494,1172.0,1004.0,,,inhale,
44.810,14:58:52.514,1177.0,998.0,,,inhale,
44.831,14:58:52.535,1175.0,1004.0,,,inhale,
44.850,14:58:52.554,1171.0,1004.0,,,inhale,
44.870,14:58:52.574,1170.0,1000.0,,,inhale,
44.890,14:58:52.595,1171.0,1011.0,,,inhale,
44.910,14:58:52.615,1160.0,1003.0,,,inhale,
44.930,14:58:52.634,1178.0,1009.0,,,inhale,
44.950,14:58:52.654,1174.0,1001.0,,,inhale,
44.970,14:58:52.674,1165.0,1003.0,,,inhale,
44.990,14:58:52.695,1165.0,1001.0,,,inhale,
45.010,14:58:52.714,1171.0,1004.0,,,inhale,
45.031,14:58:52.735,1173.0,1003.0,,,inhale,
45.050,14:58:52.754,1172.0,1002.0,,,inhale,
45.070,14:58:52.774,1164.0,1003.0,,,inhale,
45.094,14:58:52.799,1167.0,1001.0,,,inhale,
45.110,14:58:52.815,1357.0,1001.0,,,inhale,
45.130,14:58:52.835,1173.0,1001.0,,,inhale,
45.150,14:58:52.854,1176.0,994.0,,,inhale,
45.170,14:58:52.874,1167.0,998.0,,,inhale,
45.190,14:58:52.894,1165.0,1005.0,,,inhale,
45.210,14:58:52.914,1170.0,999.0,,,inhale,
45.230,14:58:52.935,1173.0,1000.0,,,inhale,
45.250,14:58:52.954,1171.0,1001.0,,,inhale,
45.270,14:58:52.974,1159.0,997.0,,,inhale,
45.290,14:58:52.995,1177.0,1000.0,,,inhale,
45.310,14:58:53.014,1169.0,997.0,,,inhale,
45.330,14:58:53.035,1171.0,1001.0,,,inhale,
45.350,14:58:53.054,1166.0,1001.0,,,inhale,
45.370,14:58:53.075,1164.0,998.0,,,inhale,
45.390,14:58:53.094,1164.0,999.0,,,inhale,
45.410,14:58:53.114,1171.0,997.0,,,inhale,
45.430,14:58:53.134,1167.0,999.0,,,inhale,
45.450,14:58:53.154,1161.0,999.0,,,inhale,
45.470,14:58:53.174,1163.0,984.0,,,inhale,
45.490,14:58:53.194,1161.0,997.0,,,inhale,
45.510,14:58:53.214,1163.0,999.0,,,inhale,
45.530,14:58:53.235,1160.0,998.0,,,inhale,
45.550,14:58:53.254,1172.0,998.0,,,inhale,
45.570,14:58:53.275,1157.0,1001.0,,,inhale,
45.590,14:58:53.294,1162.0,998.0,,,inhale,
45.610,14:58:53.314,1183.0,996.0,,,inhale,
45.631,14:58:53.335,1174.0,1000.0,,,inhale,
45.650,14:58:53.354,1223.0,997.0,,,inhale,
45.670,14:58:53.374,1171.0,997.0,,,inhale,
45.690,14:58:53.394,1173.0,997.0,,,inhale,
45.710,14:58:53.414,1165.0,997.0,,,inhale,
45.730,14:58:53.435,1165.0,997.0,,,inhale,
45.750,14:58:53.454,1165.0,996.0,,,inhale,
45.770,14:58:53.474,1171.0,994.0,,,inhale,
45.790,14:58:53.494,1171.0,999.0,,,inhale,
45.810,14:58:53.514,1171.0,999.0,,,inhale,
45.831,14:58:53.535,1164.0,996.0,,,inhale,
45.850,14:58:53.554,1165.0,1000.0,,,inhale,
45.870,14:58:53.574,1161.0,996.0,,,inhale,
45.890,14:58:53.594,1163.0,999.0,,,inhale,
45.910,14:58:53.614,1171.0,997.0,,,inhale,
45.930,14:58:53.634,1165.0,997.0,,,inhale,
45.950,14:58:53.654,1162.0,996.0,,,inhale,
45.970,14:58:53.674,1159.0,996.0,,,inhale,
45.990,14:58:53.694,1170.0,997.0,,,inhale,
46.010,14:58:53.714,1166.0,995.0,,,inhale,
46.030,14:58:53.734,1175.0,998.0,,,inhale,
46.050,14:58:53.754,1161.0,996.0,,,inhale,
46.070,14:58:53.774,1163.0,996.0,,,inhale,
46.094,14:58:53.799,1161.0,995.0,,,inhale,
46.110,14:58:53.814,1167.0,997.0,,,inhale,
46.132,14:58:53.836,1167.0,997.0,,,inhale,
46.150,14:58:53.855,1163.0,1003.0,,,inhale,
46.170,14:58:53.874,1167.0,994.0,,,inhale,
46.190,14:58:53.894,1161.0,999.0,,,inhale,
46.210,14:58:53.914,1160.0,995.0,,,inhale,
46.230,14:58:53.935,1163.0,995.0,,,inhale,
46.250,14:58:53.954,1170.0,996.0,,,inhale,
46.270,14:58:53.974,1161.0,994.0,,,inhale,
46.290,14:58:53.994,1167.0,997.0,,,inhale,
46.310,14:58:54.014,1170.0,995.0,,,inhale,
46.330,14:58:54.035,1163.0,998.0,,,inhale,
46.350,14:58:54.054,1163.0,996.0,,,inhale,
46.370,14:58:54.074,1166.0,994.0,,,inhale,
46.390,14:58:54.094,1161.0,995.0,,,inhale,
46.410,14:58:54.115,1165.0,1001.0,,,inhale,
46.431,14:58:54.136,1166.0,1000.0,,,inhale,
46.450,14:58:54.154,1160.0,1001.0,,,inhale,
46.470,14:58:54.174,1165.0,994.0,,,inhale,
46.490,14:58:54.194,1163.0,996.0,,,inhale,
46.510,14:58:54.214,1161.0,996.0,,,inhale,
46.531,14:58:54.235,1169.0,994.0,,,inhale,
46.550,14:58:54.254,1171.0,997.0,,,inhale,
46.570,14:58:54.274,1171.0,997.0,,,inhale,
46.590,14:58:54.294,1165.0,998.0,,,inhale,
46.610,14:58:54.314,1171.0,1001.0,,,inhale,
46.631,14:58:54.336,1176.0,1000.0,,,inhale,
46.650,14:58:54.354,1171.0,1002.0,,,inhale,
46.670,14:58:54.375,1163.0,1006.0,,,inhale,
46.690,14:58:54.395,1167.0,1004.0,,,inhale,
46.710,14:58:54.414,1173.0,1005.0,,,inhale,
46.730,14:58:54.434,1173.0,1003.0,,,inhale,
46.750,14:58:54.455,1175.0,1006.0,,,inhale,
46.770,14:58:54.474,1167.0,1009.0,,,inhale,
46.790,14:58:54.495,1176.0,1005.0,,,inhale,
46.810,14:58:54.514,1195.0,1009.0,,,inhale,
46.830,14:58:54.534,1195.0,1008.0,,,inhale,
46.850,14:58:54.554,1175.0,1008.0,,,inhale,
46.870,14:58:54.574,1183.0,1007.0,,,inhale,
46.890,14:58:54.594,1179.0,1009.0,,,inhale,
46.910,14:58:54.614,1183.0,1009.0,,,inhale,
46.930,14:58:54.634,1176.0,1009.0,,,inhale,
46.950,14:58:54.654,1187.0,1009.0,,,inhale,
46.970,14:58:54.674,1179.0,1011.0,,,inhale,
46.990,14:58:54.694,1181.0,1009.0,,,inhale,
47.010,14:58:54.714,1277.0,1014.0,,,inhale,
47.030,14:58:54.734,1179.0,1013.0,,,inhale,
47.050,14:58:54.754,1181.0,1012.0,,,inhale,
47.070,14:58:54.774,1189.0,1012.0,,,inhale,
47.094,14:58:54.799,1191.0,1015.0,,,inhale,
47.110,14:58:54.815,1183.0,1012.0,,,inhale,
47.130,14:58:54.834,1189.0,1013.0,,,inhale,
47.150,14:58:54.855,1184.0,1013.0,,,inhale,
47.170,14:58:54.874,1193.0,1017.0,,,inhale,
47.190,14:58:54.895,1191.0,1013.0,,,inhale,
47.210,14:58:54.915,1189.0,1016.0,,,inhale,
47.230,14:58:54.934,1184.0,1016.0,,,inhale,
47.250,14:58:54.954,1189.0,1016.0,,,inhale,
47.270,14:58:54.975,1183.0,1020.0,,,inhale,
47.290,14:58:54.995,1182.0,1015.0,,,inhale,
47.310,14:58:55.015,1194.0,1015.0,,,inhale,
47.331,14:58:55.036,1183.0,1015.0,,,inhale,
47.350,14:58:55.055,1181.0,1016.0,,,inhale,
47.370,14:58:55.075,1183.0,1010.0,,,inhale,
47.390,14:58:55.095,1192.0,1011.0,,,inhale,
47.410,14:58:55.114,1183.0,1017.0,,,inhale,
47.430,14:58:55.134,1192.0,1016.0,,,inhale,
47.450,14:58:55.154,1193.0,1013.0,,,inhale,
47.470,14:58:55.174,1191.0,1013.0,,,inhale,
47.490,14:58:55.194,1183.0,1006.0,,,inhale,
47.510,14:58:55.215,1187.0,1015.0,,,inhale,
47.530,14:58:55.234,1179.0,1015.0,,,inhale,
47.550,14:58:55.254,1183.0,1017.0,,,inhale,
47.570,14:58:55.274,1193.0,1015.0,,,inhale,
47.590,14:58:55.295,1180.0,1016.0,,,inhale,
47.610,14:58:55.315,1183.0,1010.0,,,inhale,
47.630,14:58:55.335,1194.0,1013.0,,,inhale,
47.650,14:58:55.354,1187.0,1015.0,,,inhale,
47.670,14:58:55.375,1187.0,1013.0,,,inhale,
47.690,14:58:55.394,1193.0,1013.0,,,inhale,
47.710,14:58:55.414,1124.0,1016.0,,,inhale,
47.731,14:58:55.435,1179.0,1014.0,,,inhale,
47.750,14:58:55.454,1182.0,1012.0,,,inhale,
47.770,14:58:55.475,1172.0,1011.0,,,inhale,
47.791,14:58:55.495,1179.0,1015.0,,,inhale,
47.812,14:58:55.517,1191.0,1012.0,,,inhale,
47.830,14:58:55.534,1179.0,1011.0,,,inhale,
47.850,14:58:55.554,1180.0,1012.0,,,inhale,
47.870,14:58:55.574,1176.0,1006.0,,,inhale,
47.890,14:58:55.594,1183.0,996.0,,,inhale,
47.910,14:58:55.614,1181.0,1011.0,,,exhale,exhale_onset
47.930,14:58:55.634,1193.0,1010.0,,,exhale,
47.950,14:58:55.654,1175.0,999.0,,,exhale,
47.970,14:58:55.674,1187.0,1010.0,,,exhale,
47.990,14:58:55.694,1189.0,1010.0,,,exhale,
48.010,14:58:55.714,1191.0,1010.0,,,exhale,
48.030,14:58:55.734,1179.0,1012.0,,,exhale,
48.050,14:58:55.754,1177.0,1011.0,,,exhale,
48.070,14:58:55.775,1183.0,1010.0,,,exhale,
48.094,14:58:55.799,1173.0,1009.0,,,exhale,
48.110,14:58:55.814,1176.0,1010.0,,,exhale,
48.130,14:58:55.835,1177.0,1008.0,,,exhale,
48.150,14:58:55.855,1179.0,1005.0,,,exhale,
48.170,14:58:55.875,1177.0,1008.0,,,exhale,
48.190,14:58:55.895,1183.0,1009.0,,,exhale,
48.210,14:58:55.915,1178.0,1010.0,,,exhale,
48.230,14:58:55.935,1177.0,1007.0,,,exhale,
48.250,14:58:55.954,1177.0,1010.0,,,exhale,
48.270,14:58:55.975,1172.0,1004.0,,,exhale,
48.290,14:58:55.995,1174.0,1006.0,,,exhale,
48.310,14:58:56.015,1177.0,1009.0,,,exhale,
48.331,14:58:56.036,1175.0,1007.0,,,exhale,
48.351,14:58:56.055,1176.0,1007.0,,,exhale,
48.370,14:58:56.074,1171.0,994.0,,,exhale,
48.390,14:58:56.095,1176.0,1006.0,,,exhale,
48.410,14:58:56.115,1179.0,1006.0,,,exhale,
48.430,14:58:56.134,1172.0,1012.0,,,exhale,
48.450,14:58:56.154,1173.0,1013.0,,,exhale,
48.470,14:58:56.174,1173.0,1003.0,,,exhale,
48.490,14:58:56.195,1181.0,1009.0,,,exhale,
48.510,14:58:56.214,1173.0,1019.0,,,exhale,
48.530,14:58:56.234,1172.0,1012.0,,,exhale,
48.550,14:58:56.254,1169.0,1003.0,,,exhale,
48.570,14:58:56.274,1179.0,1004.0,,,exhale,
48.590,14:58:56.295,1163.0,1004.0,,,exhale,
48.610,14:58:56.315,1181.0,1005.0,,,exhale,
48.630,14:58:56.335,1173.0,1000.0,,,exhale,
48.650,14:58:56.354,1169.0,996.0,,,exhale,
48.670,14:58:56.375,1173.0,1005.0,,,exhale,
48.690,14:58:56.395,1172.0,1004.0,,,exhale,
48.710,14:58:56.415,1177.0,1005.0,,,exhale,
48.730,14:58:56.434,1175.0,1005.0,,,exhale,
48.750,14:58:56.454,1173.0,1005.0,,,exhale,
48.770,14:58:56.475,1169.0,1003.0,,,exhale,
48.790,14:58:56.495,1175.0,1002.0,,,exhale,
48.810,14:58:56.515,1171.0,1006.0,,,exhale,
48.831,14:58:56.535,1175.0,1002.0,,,exhale,
48.850,14:58:56.554,1171.0,1003.0,,,exhale,
48.870,14:58:56.574,1171.0,1004.0,,,exhale,
48.890,14:58:56.595,1172.0,1004.0,,,exhale,
48.910,14:58:56.614,1176.0,1004.0,,,exhale,
48.932,14:58:56.636,1177.0,1004.0,,,exhale,
48.950,14:58:56.654,1171.0,1004.0,,,exhale,
48.970,14:58:56.675,1169.0,1004.0,,,exhale,
48.990,14:58:56.695,1175.0,1009.0,,,exhale,
49.010,14:58:56.715,1167.0,1005.0,,,exhale,
49.031,14:58:56.736,1175.0,1005.0,,,exhale,
49.051,14:58:56.756,1171.0,1006.0,,,exhale,
49.070,14:58:56.775,1175.0,1002.0,,,exhale,
49.094,14:58:56.799,1166.0,996.0,,,exhale,
49.111,14:58:56.815,1176.0,1004.0,,,exhale,
49.131,14:58:56.835,1157.0,1004.0,,,exhale,
49.150,14:58:56.855,1172.0,1004.0,,,exhale,
49.170,14:58:56.874,1174.0,1000.0,,,exhale,
49.190,14:58:56.895,1169.0,1004.0,,,exhale,
49.210,14:58:56.915,1173.0,1005.0,,,exhale,
49.233,14:58:56.937,1176.0,1005.0,,,exhale,
49.250,14:58:56.954,1173.0,1003.0,,,exhale,
49.270,14:58:56.975,1167.0,1003.0,,,exhale,
49.290,14:58:56.995,1171.0,1001.0,,,exhale,
49.310,14:58:57.015,1166.0,1004.0,,,exhale,
49.332,14:58:57.037,1167.0,1006.0,,,exhale,
49.350,14:58:57.055,1169.0,1005.0,,,exhale,
49.370,14:58:57.074,1161.0,1005.0,,,exhale,
49.390,14:58:57.095,1172.0,1002.0,,,exhale,
49.410,14:58:57.115,1167.0,1001.0,,,exhale,
49.431,14:58:57.135,1163.0,1001.0,,,exhale,
49.450,14:58:57.154,1167.0,1002.0,,,exhale,
49.470,14:58:57.175,1159.0,1000.0,,,exhale,
49.490,14:58:57.195,1163.0,1000.0,,,exhale,
49.510,14:58:57.215,1173.0,1002.0,,,exhale,
49.530,14:58:57.235,1173.0,1001.0,,,exhale,
49.550,14:58:57.255,1165.0,1001.0,,,exhale,
49.570,14:58:57.275,1163.0,1002.0,,,exhale,
49.590,14:58:57.295,1166.0,1003.0,,,exhale,
49.610,14:58:57.315,1165.0,1001.0,,,exhale,
49.630,14:58:57.334,1177.0,999.0,,,exhale,
49.650,14:58:57.354,1167.0,1003.0,,,exhale,
49.670,14:58:57.375,1167.0,1014.0,,,exhale,
49.690,14:58:57.395,1174.0,1004.0,,,exhale,
49.710,14:58:57.414,1166.0,1004.0,,,exhale,
49.730,14:58:57.435,1163.0,1008.0,,,exhale,
49.752,14:58:57.457,1179.0,1001.0,,,exhale,
49.770,14:58:57.475,1172.0,1000.0,,,exhale,
49.790,14:58:57.495,1171.0,1002.0,,,exhale,
49.810,14:58:57.515,1167.0,1003.0,,,exhale,
49.831,14:58:57.536,1167.0,1006.0,,,exhale,
49.850,14:58:57.554,1169.0,1002.0,,,exhale,
49.870,14:58:57.574,1172.0,994.0,,,exhale,
49.890,14:58:57.595,1171.0,1000.0,,,exhale,
49.910,14:58:57.615,1173.0,1011.0,,,exhale,
49.931,14:58:57.636,1161.0,1006.0,,,exhale,
49.950,14:58:57.655,1174.0,1001.0,,,exhale,
49.987,14:58:57.692,1164.0,999.0,,,exhale,
49.990,14:58:57.694,1170.0,1006.0,,,exhale,
50.011,14:58:57.716,1171.0,1001.0,,,exhale,
50.030,14:58:57.734,1171.0,1004.0,,,exhale,
50.050,14:58:57.754,1175.0,1000.0,,,exhale,
50.070,14:58:57.774,1165.0,1001.0,,,exhale,
50.094,14:58:57.798,1165.0,999.0,,,exhale,
50.110,14:58:57.814,1171.0,1002.0,,,exhale,
50.130,14:58:57.834,1167.0,998.0,,,exhale,
50.150,14:58:57.854,1175.0,998.0,,,exhale,
50.170,14:58:57.874,1172.0,998.0,,,exhale,
50.190,14:58:57.894,1165.0,999.0,,,exhale,
50.210,14:58:57.915,1181.0,1000.0,,,exhale,
50.231,14:58:57.935,1163.0,999.0,,,exhale,
50.250,14:58:57.954,1163.0,999.0,,,exhale,
50.270,14:58:57.975,1173.0,990.0,,,exhale,
50.290,14:58:57.994,1165.0,999.0,,,exhale,
50.310,14:58:58.015,1163.0,1001.0,,,exhale,
50.330,14:58:58.035,1164.0,1001.0,,,exhale,
50.350,14:58:58.054,1175.0,1000.0,,,exhale,
50.370,14:58:58.074,1165.0,999.0,,,exhale,
50.390,14:58:58.094,1165.0,990.0,,,exhale,
50.410,14:58:58.114,1163.0,1003.0,,,exhale,
50.430,14:58:58.135,1165.0,996.0,,,exhale,
50.450,14:58:58.155,1177.0,1000.0,,,exhale,
50.470,14:58:58.175,1167.0,1000.0,,,exhale,
50.490,14:58:58.195,1171.0,1000.0,,,exhale,
50.510,14:58:58.215,1163.0,1004.0,,,exhale,
50.530,14:58:58.235,1171.0,1003.0,,,exhale,
50.550,14:58:58.255,1172.0,1001.0,,,exhale,
50.570,14:58:58.275,1170.0,1001.0,,,exhale,
50.590,14:58:58.294,1175.0,1004.0,,,exhale,
50.610,14:58:58.315,1177.0,1006.0,,,exhale,
50.630,14:58:58.334,1173.0,999.0,,,exhale,
50.650,14:58:58.354,1167.0,1005.0,,,exhale,
50.670,14:58:58.374,1175.0,1009.0,,,exhale,
50.690,14:58:58.395,1173.0,1004.0,,,exhale,
50.710,14:58:58.415,1177.0,1003.0,,,inhale,inhale_onset
50.730,14:58:58.434,1188.0,995.0,,,inhale,
50.750,14:58:58.454,1171.0,1001.0,,,inhale,
50.770,14:58:58.475,1165.0,1008.0,,,inhale,
50.790,14:58:58.495,1171.0,1003.0,,,inhale,
50.810,14:58:58.515,1172.0,1006.0,,,inhale,
50.832,14:58:58.537,1167.0,1013.0,,,inhale,
50.850,14:58:58.554,1175.0,1004.0,,,inhale,
50.870,14:58:58.575,1175.0,1006.0,,,inhale,
50.890,14:58:58.595,1179.0,1004.0,,,inhale,
50.910,14:58:58.615,1175.0,1004.0,,,inhale,
50.930,14:58:58.635,1173.0,1004.0,,,inhale,
50.950,14:58:58.654,1175.0,1005.0,,,inhale,
50.970,14:58:58.674,1272.0,1006.0,,,inhale,
50.990,14:58:58.695,1172.0,1012.0,,,inhale,
51.010,14:58:58.715,1175.0,1005.0,,,inhale,
51.031,14:58:58.736,1174.0,1013.0,,,inhale,
51.050,14:58:58.755,1175.0,1005.0,,,inhale,
51.070,14:58:58.774,1173.0,1006.0,,,inhale,
51.094,14:58:58.798,1177.0,1005.0,,,inhale,
51.110,14:58:58.815,1174.0,1008.0,,,inhale,
51.130,14:58:58.835,1173.0,1007.0,,,inhale,
51.150,14:58:58.854,1178.0,1006.0,,,inhale,
51.170,14:58:58.875,1173.0,1006.0,,,inhale,
51.190,14:58:58.895,1175.0,1013.0,,,inhale,
51.210,14:58:58.914,1177.0,1009.0,,,inhale,
51.230,14:58:58.935,1173.0,1006.0,,,inhale,
51.253,14:58:58.958,1175.0,1006.0,,,inhale,
51.270,14:58:58.974,1175.0,1010.0,,,inhale,
51.290,14:58:58.994,1173.0,1010.0,,,inhale,
51.310,14:58:59.014,1173.0,1007.0,,,inhale,
51.330,14:58:59.034,1176.0,1001.0,,,inhale,
51.350,14:58:59.054,1183.0,1008.0,,,inhale,
51.370,14:58:59.074,1173.0,1015.0,,,inhale,
51.390,14:58:59.094,1177.0,1006.0,,,inhale,
51.410,14:58:59.114,1173.0,1006.0,,,inhale,
51.430,14:58:59.135,1173.0,1006.0,,,inhale,
51.450,14:58:59.154,1176.0,1005.0,,,inhale,
51.470,14:58:59.175,1167.0,1016.0,,,inhale,
51.490,14:58:59.195,1177.0,1005.0,,,inhale,
51.510,14:58:59.214,1180.0,1006.0,,,inhale,
51.530,14:58:59.235,1173.0,1009.0,,,inhale,
51.550,14:58:59.254,1170.0,1005.0,,,inhale,
51.570,14:58:59.274,1165.0,1005.0,,,inhale,
51.590,14:58:59.295,1171.0,1006.0,,,inhale,
51.610,14:58:59.315,1170.0,1005.0,,,inhale,
51.630,14:58:59.334,1172.0,1006.0,,,inhale,
51.650,14:58:59.354,1177.0,1005.0,,,inhale,
51.670,14:58:59.375,1117.0,1006.0,,,inhale,
51.690,14:58:59.395,1173.0,1005.0,,,inhale,
51.710,14:58:59.415,1173.0,1005.0,,,inhale,
51.730,14:58:59.434,1167.0,1004.0,,,inhale,
51.750,14:58:59.454,1177.0,1003.0,,,inhale,
51.770,14:58:59.475,1175.0,1010.0,,,inhale,
51.790,14:58:59.495,1179.0,1005.0,,,inhale,
51.810,14:58:59.514,1175.0,1004.0,,,inhale,
51.830,14:58:59.534,1165.0,1004.0,,,inhale,
51.850,14:58:59.554,1167.0,1003.0,,,inhale,
51.870,14:58:59.574,1171.0,1005.0,,,inhale,
51.890,14:58:59.594,1171.0,1002.0,,,inhale,
51.910,14:58:59.614,1173.0,1002.0,,,inhale,
51.930,14:58:59.634,1173.0,1000.0,,,exhale,exhale_onset
51.950,14:58:59.654,1165.0,1000.0,,,exhale,
51.970,14:58:59.674,1175.0,1000.0,,,exhale,
51.990,14:58:59.694,1167.0,1003.0,,,exhale,
52.010,14:58:59.714,1173.0,995.0,,,exhale,
52.030,14:58:59.734,1164.0,991.0,,,exhale,
52.050,14:58:59.754,1162.0,999.0,,,exhale,
52.070,14:58:59.774,1171.0,1002.0,,,exhale,
52.094,14:58:59.799,1164.0,1001.0,,,exhale,
52.110,14:58:59.815,1167.0,1002.0,,,exhale,
52.130,14:58:59.835,1167.0,1000.0,,,exhale,
52.150,14:58:59.854,1176.0,999.0,,,exhale,
52.170,14:58:59.875,1171.0,1000.0,,,exhale,
52.190,14:58:59.894,1172.0,995.0,,,exhale,
52.210,14:58:59.914,1165.0,999.0,,,exhale,
52.231,14:58:59.936,1171.0,1000.0,,,exhale,
52.250,14:58:59.954,1173.0,998.0,,,exhale,
52.270,14:58:59.974,1170.0,997.0,,,exhale,
52.290,14:58:59.994,1163.0,999.0,,,exhale,
52.310,14:59:00.014,1165.0,1000.0,,,exhale,
52.330,14:59:00.034,1175.0,996.0,,,exhale,
52.350,14:59:00.054,1176.0,995.0,,,exhale,
52.370,14:59:00.074,1173.0,997.0,,,exhale,
52.390,14:59:00.094,1165.0,997.0,,,exhale,
52.410,14:59:00.114,1172.0,996.0,,,exhale,
52.430,14:59:00.135,1158.0,999.0,,,exhale,
52.450,14:59:00.154,1175.0,997.0,,,exhale,
52.470,14:59:00.174,1161.0,998.0,,,exhale,
52.490,14:59:00.195,1163.0,1003.0,,,exhale,
52.510,14:59:00.215,1174.0,1003.0,,,exhale,
52.531,14:59:00.236,1161.0,1000.0,,,exhale,
52.550,14:59:00.254,1163.0,998.0,,,exhale,
52.570,14:59:00.274,1173.0,1001.0,,,exhale,
52.590,14:59:00.294,1165.0,999.0,,,exhale,
52.610,14:59:00.314,1167.0,999.0,,,exhale,
52.630,14:59:00.334,1165.0,998.0,,,exhale,
52.650,14:59:00.354,1173.0,998.0,,,exhale,
52.670,14:59:00.374,1163.0,996.0,,,exhale,
52.690,14:59:00.395,1161.0,1000.0,,,exhale,
52.710,14:59:00.414,1175.0,999.0,,,exhale,
52.730,14:59:00.435,1167.0,1004.0,,,exhale,
52.750,14:59:00.454,1166.0,998.0,,,exhale,
52.770,14:59:00.474,1162.0,1001.0,,,exhale,
52.790,14:59:00.494,1175.0,999.0,,,exhale,
52.810,14:59:00.515,1167.0,1004.0,,,exhale,
52.830,14:59:00.534,1173.0,1003.0,,,exhale,
52.850,14:59:00.555,1167.0,998.0,,,exhale,
52.870,14:59:00.575,1165.0,1002.0,,,exhale,
52.890,14:59:00.594,1183.0,1001.0,,,exhale,
52.910,14:59:00.615,1165.0,1002.0,,,exhale,
52.930,14:59:00.634,1166.0,1002.0,,,exhale,
52.950,14:59:00.654,1165.0,1004.0,,,exhale,
52.970,14:59:00.674,1059.0,1003.0,,,exhale,
52.990,14:59:00.694,1177.0,1007.0,,,exhale,
53.010,14:59:00.714,1176.0,1003.0,,,exhale,
53.030,14:59:00.734,1175.0,1003.0,,,exhale,
53.050,14:59:00.754,1171.0,1005.0,,,exhale,
53.070,14:59:00.774,1177.0,1006.0,,,exhale,
53.094,14:59:00.798,1163.0,1011.0,,,exhale,
53.110,14:59:00.815,1169.0,1015.0,,,exhale,
53.130,14:59:00.835,1174.0,1001.0,,,inhale,inhale_onset
53.151,14:59:00.855,1171.0,1004.0,,,inhale,
53.170,14:59:00.875,1175.0,1007.0,,,inhale,
53.190,14:59:00.894,1179.0,1000.0,,,inhale,
53.210,14:59:00.914,1189.0,1011.0,,,inhale,
53.230,14:59:00.934,1173.0,1006.0,,,inhale,
53.250,14:59:00.954,1173.0,1006.0,,,inhale,
53.270,14:59:00.974,1178.0,1006.0,,,inhale,
53.290,14:59:00.995,1175.0,1010.0,,,inhale,
53.310,14:59:01.015,1176.0,1010.0,,,inhale,
53.330,14:59:01.034,1167.0,1008.0,,,inhale,
53.350,14:59:01.054,1173.0,1008.0,,,inhale,
53.370,14:59:01.075,1180.0,1002.0,,,inhale,
53.390,14:59:01.094,1172.0,998.0,,,inhale,
53.410,14:59:01.115,1171.0,1005.0,,,inhale,
53.430,14:59:01.135,1175.0,1007.0,,,inhale,
53.450,14:59:01.154,1173.0,1007.0,,,inhale,
53.470,14:59:01.175,1175.0,1004.0,,,inhale,
53.490,14:59:01.194,1175.0,1007.0,,,inhale,
53.510,14:59:01.215,1179.0,1008.0,,,inhale,
53.530,14:59:01.235,1179.0,1004.0,,,inhale,
53.550,14:59:01.254,1113.0,1006.0,,,inhale,
53.570,14:59:01.275,1169.0,1009.0,,,inhale,
53.590,14:59:01.295,1173.0,1006.0,,,inhale,
53.610,14:59:01.315,1173.0,1004.0,,,inhale,
53.630,14:59:01.334,1173.0,1011.0,,,inhale,
53.650,14:59:01.355,1173.0,1004.0,,,inhale,
53.670,14:59:01.374,1181.0,1006.0,,,inhale,
53.690,14:59:01.395,1170.0,1007.0,,,inhale,
53.710,14:59:01.415,1177.0,1006.0,,,inhale,
53.730,14:59:01.434,1173.0,1003.0,,,inhale,
53.750,14:59:01.454,1267.0,1002.0,,,inhale,
53.770,14:59:01.475,1166.0,1002.0,,,inhale,
53.790,14:59:01.495,1173.0,1003.0,,,inhale,
53.810,14:59:01.514,1172.0,1007.0,,,inhale,
53.830,14:59:01.535,1172.0,1003.0,,,inhale,
53.850,14:59:01.554,1172.0,1002.0,,,inhale,
53.870,14:59:01.575,1179.0,1001.0,,,inhale,
53.890,14:59:01.595,1170.0,1004.0,,,inhale,
53.910,14:59:01.615,1171.0,1008.0,,,inhale,
53.930,14:59:01.635,1171.0,1007.0,,,inhale,
53.950,14:59:01.654,1173.0,1008.0,,,inhale,
53.970,14:59:01.675,1189.0,1011.0,,,inhale,
53.990,14:59:01.695,1181.0,1013.0,,,inhale,
54.010,14:59:01.714,1191.0,1002.0,,,inhale,
54.030,14:59:01.734,1279.0,1016.0,,,inhale,
54.050,14:59:01.754,1181.0,1016.0,,,inhale,
54.070,14:59:01.774,1189.0,1017.0,,,inhale,
54.094,14:59:01.798,1188.0,1019.0,,,inhale,
54.110,14:59:01.815,1187.0,1017.0,,,inhale,
54.132,14:59:01.836,1189.0,1015.0,,,inhale,
54.150,14:59:01.854,1175.0,1012.0,,,inhale,
54.170,14:59:01.874,1180.0,1012.0,,,inhale,
54.190,14:59:01.894,1189.0,1012.0,,,inhale,
54.210,14:59:01.914,1184.0,1014.0,,,inhale,
54.230,14:59:01.935,1182.0,1012.0,,,inhale,
54.250,14:59:01.954,1189.0,1015.0,,,inhale,
54.270,14:59:01.975,1187.0,1012.0,,,inhale,
54.290,14:59:01.995,1187.0,1022.0,,,inhale,
54.310,14:59:02.015,1183.0,1017.0,,,inhale,
54.330,14:59:02.034,1184.0,1016.0,,,inhale,
54.350,14:59:02.054,1180.0,1015.0,,,inhale,
54.370,14:59:02.075,1191.0,1023.0,,,inhale,
54.390,14:59:02.094,1189.0,1017.0,,,inhale,
54.410,14:59:02.115,1188.0,1014.0,,,inhale,
54.430,14:59:02.134,1183.0,1014.0,,,inhale,
54.451,14:59:02.155,1183.0,1013.0,,,inhale,
54.470,14:59:02.174,1182.0,1013.0,,,inhale,
54.490,14:59:02.194,1181.0,1011.0,,,inhale,
54.510,14:59:02.214,1189.0,1010.0,,,inhale,
54.531,14:59:02.236,1182.0,1007.0,,,inhale,
54.550,14:59:02.254,1181.0,1009.0,,,inhale,
54.570,14:59:02.275,1176.0,1009.0,,,inhale,
54.598,14:59:02.302,1179.0,1014.0,,,inhale,
54.616,14:59:02.320,1179.0,1011.0,,,inhale,
54.630,14:59:02.334,1176.0,1010.0,,,inhale,
54.650,14:59:02.354,1177.0,1006.0,,,inhale,
54.670,14:59:02.374,1176.0,1006.0,,,inhale,
54.690,14:59:02.394,1175.0,1003.0,,,inhale,
54.710,14:59:02.414,1143.0,1008.0,,,inhale,
54.730,14:59:02.434,1177.0,1001.0,,,exhale,exhale_onset
54.750,14:59:02.454,1167.0,1006.0,,,exhale,
54.770,14:59:02.474,1171.0,1009.0,,,exhale,
54.790,14:59:02.494,1183.0,1007.0,,,exhale,
54.810,14:59:02.514,1177.0,1006.0,,,exhale,
54.830,14:59:02.535,1175.0,1002.0,,,exhale,
54.850,14:59:02.554,1171.0,1003.0,,,exhale,
54.870,14:59:02.574,1177.0,1008.0,,,exhale,
54.890,14:59:02.595,1183.0,1007.0,,,exhale,
54.910,14:59:02.614,1181.0,1007.0,,,exhale,
54.930,14:59:02.634,1177.0,1015.0,,,exhale,
54.950,14:59:02.654,1177.0,1007.0,,,exhale,
54.970,14:59:02.675,1181.0,1008.0,,,exhale,
54.990,14:59:02.695,1174.0,1009.0,,,exhale,
55.010,14:59:02.714,1191.0,1010.0,,,exhale,
55.030,14:59:02.735,1181.0,1007.0,,,exhale,
55.050,14:59:02.754,1177.0,1010.0,,,exhale,
55.070,14:59:02.775,1181.0,1011.0,,,exhale,
55.094,14:59:02.799,1177.0,1018.0,,,exhale,
55.110,14:59:02.814,1145.0,1011.0,,,exhale,
55.130,14:59:02.835,1179.0,1012.0,,,exhale,
55.150,14:59:02.855,1181.0,1011.0,,,exhale,
55.170,14:59:02.875,1183.0,1013.0,,,exhale,
55.190,14:59:02.894,1189.0,1013.0,,,exhale,
55.210,14:59:02.915,1179.0,1012.0,,,exhale,
55.230,14:59:02.934,1181.0,1014.0,,,exhale,
55.250,14:59:02.954,1175.0,1008.0,,,exhale,
55.270,14:59:02.974,1183.0,1013.0,,,exhale,
55.290,14:59:02.994,1177.0,1014.0,,,exhale,
55.310,14:59:03.014,1182.0,1011.0,,,exhale,
55.330,14:59:03.035,1207.0,1017.0,,,exhale,
55.350,14:59:03.054,1179.0,1015.0,,,exhale,
55.370,14:59:03.074,1182.0,1011.0,,,exhale,
55.392,14:59:03.096,1181.0,1012.0,,,exhale,
55.410,14:59:03.114,1187.0,1014.0,,,exhale,
55.430,14:59:03.135,1183.0,1013.0,,,exhale,
55.450,14:59:03.154,1181.0,1005.0,,,exhale,
55.470,14:59:03.175,1181.0,1015.0,,,exhale,
55.490,14:59:03.195,1190.0,1016.0,,,exhale,
55.510,14:59:03.214,1195.0,1019.0,,,exhale,
55.530,14:59:03.234,1183.0,1018.0,,,exhale,
55.550,14:59:03.255,1195.0,1018.0,,,exhale,
55.570,14:59:03.274,1190.0,1020.0,,,exhale,
55.590,14:59:03.295,1189.0,1020.0,,,exhale,
55.610,14:59:03.315,1197.0,1021.0,,,exhale,
55.630,14:59:03.334,1189.0,1023.0,,,exhale,
55.650,14:59:03.354,1195.0,1021.0,,,exhale,
55.670,14:59:03.375,1194.0,1023.0,,,exhale,
55.690,14:59:03.395,1199.0,1023.0,,,exhale,
55.711,14:59:03.416,1190.0,1027.0,,,exhale,
55.731,14:59:03.436,1196.0,1026.0,,,exhale,
55.750,14:59:03.454,1194.0,1023.0,,,exhale,
55.770,14:59:03.475,1196.0,1025.0,,,exhale,
55.790,14:59:03.495,1205.0,1027.0,,,exhale,
55.810,14:59:03.514,1199.0,1030.0,,,exhale,
55.830,14:59:03.535,1208.0,1026.0,,,exhale,
55.850,14:59:03.554,1200.0,1028.0,,,exhale,
55.870,14:59:03.575,1208.0,1031.0,,,exhale,
55.890,14:59:03.595,1207.0,1030.0,,,exhale,
55.910,14:59:03.615,1204.0,1040.0,,,exhale,
55.930,14:59:03.634,1210.0,1029.0,,,exhale,
55.950,14:59:03.654,1204.0,1026.0,,,exhale,
55.970,14:59:03.675,1203.0,1026.0,,,exhale,
55.990,14:59:03.695,1203.0,1033.0,,,exhale,
56.010,14:59:03.715,1198.0,1034.0,,,exhale,
56.030,14:59:03.734,1210.0,1025.0,,,exhale,
56.051,14:59:03.756,1213.0,1026.0,,,exhale,
56.070,14:59:03.774,1203.0,1012.0,,,exhale,
56.094,14:59:03.799,1211.0,1030.0,,,exhale,
56.110,14:59:03.815,1197.0,1026.0,,,exhale,
56.130,14:59:03.835,1199.0,1029.0,,,exhale,
56.150,14:59:03.854,1199.0,1028.0,,,exhale,
56.170,14:59:03.875,1197.0,1029.0,,,exhale,
56.190,14:59:03.895,1204.0,1029.0,,,exhale,
56.210,14:59:03.915,1203.0,1029.0,,,exhale,
56.230,14:59:03.935,1208.0,1021.0,,,exhale,
56.250,14:59:03.954,1213.0,1027.0,,,exhale,
56.270,14:59:03.975,1241.0,1028.0,,,exhale,
56.290,14:59:03.995,1202.0,1033.0,,,exhale,
56.310,14:59:04.015,1205.0,1029.0,,,exhale,
56.331,14:59:04.035,1205.0,1019.0,,,exhale,
56.350,14:59:04.054,1209.0,1029.0,,,exhale,
56.370,14:59:04.074,1209.0,1032.0,,,exhale,
56.390,14:59:04.095,1203.0,1028.0,,,exhale,
56.410,14:59:04.115,1203.0,1038.0,,,exhale,
56.430,14:59:04.135,1207.0,1027.0,,,exhale,
56.450,14:59:04.154,1205.0,1029.0,,,exhale,
56.470,14:59:04.174,1205.0,1027.0,,,exhale,
56.490,14:59:04.195,1208.0,1034.0,,,exhale,
56.510,14:59:04.215,1203.0,1026.0,,,exhale,
56.530,14:59:04.235,1199.0,1028.0,,,exhale,
56.550,14:59:04.254,1206.0,1016.0,,,exhale,
56.570,14:59:04.274,1203.0,1029.0,,,exhale,
56.590,14:59:04.295,1199.0,1029.0,,,exhale,
56.610,14:59:04.315,1207.0,1026.0,,,exhale,
56.631,14:59:04.335,1207.0,1027.0,,,exhale,
56.650,14:59:04.354,1197.0,1024.0,,,exhale,
56.670,14:59:04.375,1199.0,1026.0,,,exhale,
56.690,14:59:04.394,1203.0,1026.0,,,exhale,
56.710,14:59:04.415,1203.0,1030.0,,,exhale,
56.732,14:59:04.436,1199.0,1024.0,,,exhale,
56.750,14:59:04.454,1198.0,1027.0,,,exhale,
56.770,14:59:04.474,1173.0,1024.0,,,exhale,
56.790,14:59:04.495,1193.0,1027.0,,,exhale,
56.810,14:59:04.514,1197.0,1022.0,,,exhale,
56.830,14:59:04.534,1191.0,1024.0,,,exhale,
56.850,14:59:04.554,1191.0,1019.0,,,exhale,
56.870,14:59:04.574,1204.0,1024.0,,,exhale,
56.890,14:59:04.594,1204.0,1023.0,,,exhale,
56.910,14:59:04.614,1195.0,1024.0,,,exhale,
56.930,14:59:04.634,1193.0,1020.0,,,exhale,
56.950,14:59:04.654,1195.0,1021.0,,,exhale,
56.970,14:59:04.674,1195.0,1023.0,,,exhale,
56.990,14:59:04.694,1194.0,1024.0,,,exhale,
57.010,14:59:04.714,1226.0,1019.0,,,exhale,
57.030,14:59:04.734,1191.0,1022.0,,,exhale,
57.050,14:59:04.754,1189.0,1021.0,,,exhale,
57.070,14:59:04.774,1193.0,1022.0,,,exhale,
57.094,14:59:04.799,1191.0,1021.0,,,exhale,
57.110,14:59:04.815,1203.0,1024.0,,,exhale,
57.130,14:59:04.834,1197.0,1018.0,,,exhale,
57.150,14:59:04.854,1190.0,1019.0,,,exhale,
57.170,14:59:04.874,1189.0,1019.0,,,exhale,
57.190,14:59:04.895,1192.0,1021.0,,,exhale,
57.210,14:59:04.915,1189.0,1019.0,,,exhale,
57.230,14:59:04.935,1192.0,1013.0,,,exhale,
57.250,14:59:04.954,1197.0,1015.0,,,exhale,
57.270,14:59:04.974,1187.0,1015.0,,,exhale,
57.290,14:59:04.995,1183.0,1015.0,,,exhale,
57.310,14:59:05.015,1182.0,1013.0,,,exhale,
57.330,14:59:05.034,1180.0,1015.0,,,exhale,
57.350,14:59:05.054,1184.0,1004.0,,,exhale,
57.370,14:59:05.074,1195.0,1016.0,,,exhale,
57.390,14:59:05.095,1189.0,1025.0,,,exhale,
57.410,14:59:05.115,1197.0,1026.0,,,exhale,
57.430,14:59:05.135,1203.0,1025.0,,,exhale,
57.450,14:59:05.154,1203.0,1027.0,,,exhale,
57.470,14:59:05.175,1200.0,1031.0,,,exhale,
57.490,14:59:05.195,1207.0,1030.0,,,exhale,
57.510,14:59:05.215,1209.0,1031.0,,,exhale,
57.530,14:59:05.235,1208.0,1033.0,,,exhale,
57.550,14:59:05.254,1207.0,1035.0,,,exhale,
57.570,14:59:05.274,1221.0,1035.0,,,exhale,
57.590,14:59:05.295,1203.0,1037.0,,,exhale,
57.610,14:59:05.315,1211.0,1032.0,,,exhale,
57.630,14:59:05.335,1215.0,1034.0,,,exhale,
57.650,14:59:05.354,1213.0,1032.0,,,exhale,
57.670,14:59:05.374,1205.0,1033.0,,,exhale,
57.690,14:59:05.395,1208.0,1034.0,,,inhale,inhale_onset
57.710,14:59:05.414,1205.0,1029.0,,,inhale,
57.731,14:59:05.435,1203.0,1033.0,,,inhale,
57.750,14:59:05.454,1211.0,1027.0,,,inhale,
57.770,14:59:05.475,1208.0,1029.0,,,inhale,
57.790,14:59:05.494,1205.0,1026.0,,,inhale,
57.810,14:59:05.514,1203.0,1027.0,,,inhale,
57.830,14:59:05.534,1199.0,1027.0,,,inhale,
57.850,14:59:05.554,1197.0,1026.0,,,inhale,
57.870,14:59:05.575,1191.0,1019.0,,,inhale,
57.890,14:59:05.594,1205.0,1024.0,,,inhale,
57.910,14:59:05.615,1199.0,1023.0,,,inhale,
57.931,14:59:05.636,1192.0,1025.0,,,inhale,
57.950,14:59:05.654,1193.0,1022.0,,,inhale,
57.970,14:59:05.674,1194.0,1022.0,,,inhale,
57.990,14:59:05.695,1193.0,1022.0,,,inhale,
58.020,14:59:05.725,1187.0,1021.0,,,inhale,
58.039,14:59:05.744,1197.0,1019.0,,,inhale,
58.050,14:59:05.754,1191.0,1019.0,,,inhale,
58.070,14:59:05.774,1191.0,1015.0,,,inhale,
58.093,14:59:05.798,1243.0,1014.0,,,inhale,
58.110,14:59:05.814,1189.0,1014.0,,,inhale,
58.130,14:59:05.834,1187.0,1013.0,,,inhale,
58.150,14:59:05.854,1189.0,1015.0,,,inhale,
58.170,14:59:05.874,1183.0,1017.0,,,inhale,
58.190,14:59:05.895,1187.0,1015.0,,,inhale,
58.210,14:59:05.914,1188.0,1010.0,,,inhale,
58.230,14:59:05.934,1183.0,1014.0,,,inhale,
58.250,14:59:05.954,1183.0,1016.0,,,inhale,
