elapsed_s,timestamp,raw,mv,phase,cycle_index,det_phase,event
0.018,20:55:24.090,949.0,819.0,,,unknown,
0.038,20:55:24.110,949.0,816.0,,,unknown,
0.058,20:55:24.130,953.0,818.0,,,unknown,
0.078,20:55:24.151,951.0,817.0,,,unknown,
0.098,20:55:24.170,949.0,814.0,,,unknown,
0.118,20:55:24.190,943.0,818.0,,,unknown,
0.138,20:55:24.210,939.0,819.0,,,unknown,
0.158,20:55:24.230,948.0,815.0,,,unknown,
0.178,20:55:24.250,955.0,827.0,,,unknown,
0.198,20:55:24.270,949.0,813.0,,,unknown,
0.218,20:55:24.290,948.0,821.0,,,unknown,
0.238,20:55:24.310,943.0,810.0,,,unknown,
0.258,20:55:24.330,941.0,812.0,,,unknown,
0.278,20:55:24.350,939.0,807.0,,,unknown,
0.298,20:55:24.370,938.0,822.0,,,unknown,
0.318,20:55:24.390,935.0,805.0,,,unknown,
0.338,20:55:24.410,937.0,807.0,,,unknown,
0.358,20:55:24.430,935.0,803.0,,,unknown,
0.378,20:55:24.450,933.0,805.0,,,unknown,
0.398,20:55:24.470,935.0,806.0,,,unknown,
0.418,20:55:24.490,935.0,810.0,,,unknown,
0.438,20:55:24.510,937.0,808.0,,,unknown,
0.458,20:55:24.530,940.0,809.0,,,unknown,
0.478,20:55:24.550,943.0,811.0,,,unknown,
0.498,20:55:24.570,941.0,801.0,,,unknown,
0.518,20:55:24.590,942.0,814.0,,,unknown,
0.538,20:55:24.610,944.0,812.0,,,unknown,
0.558,20:55:24.630,949.0,813.0,,,unknown,
0.578,20:55:24.650,942.0,813.0,,,unknown,
0.598,20:55:24.670,947.0,814.0,,,unknown,
0.618,20:55:24.690,947.0,815.0,,,unknown,
0.638,20:55:24.710,953.0,816.0,,,unknown,
0.658,20:55:24.730,951.0,816.0,,,unknown,
0.678,20:55:24.750,947.0,817.0,,,unknown,
0.698,20:55:24.770,953.0,818.0,,,unknown,
0.718,20:55:24.790,949.0,821.0,,,unknown,
0.738,20:55:24.810,953.0,820.0,,,unknown,
0.758,20:55:24.830,951.0,821.0,,,unknown,
0.778,20:55:24.850,1043.0,821.0,,,unknown,
0.798,20:55:24.870,957.0,821.0,,,unknown,
0.818,20:55:24.890,953.0,820.0,,,unknown,
0.838,20:55:24.911,1125.0,823.0,,,unknown,
0.858,20:55:24.930,954.0,821.0,,,unknown,
0.878,20:55:24.950,953.0,815.0,,,unknown,
0.898,20:55:24.970,956.0,825.0,,,unknown,
0.918,20:55:24.990,955.0,824.0,,,unknown,
0.938,20:55:25.010,948.0,824.0,,,unknown,
0.961,20:55:25.034,989.0,824.0,,,unknown,
0.978,20:55:25.050,955.0,823.0,,,unknown,
0.998,20:55:25.070,955.0,828.0,,,unknown,
1.018,20:55:25.090,957.0,826.0,,,unknown,
1.038,20:55:25.110,959.0,825.0,,,unknown,
1.062,20:55:25.134,957.0,822.0,,,unknown,
1.079,20:55:25.151,957.0,828.0,,,unknown,
1.098,20:55:25.170,955.0,823.0,,,unknown,
1.118,20:55:25.190,957.0,822.0,,,unknown,
1.138,20:55:25.210,955.0,824.0,,,unknown,
1.158,20:55:25.230,957.0,823.0,,,unknown,
1.178,20:55:25.250,1019.0,819.0,,,unknown,
1.198,20:55:25.270,959.0,823.0,,,unknown,
1.218,20:55:25.290,957.0,823.0,,,unknown,
1.238,20:55:25.310,956.0,823.0,,,unknown,
1.258,20:55:25.330,956.0,822.0,,,unknown,
1.278,20:55:25.350,955.0,824.0,,,unknown,
1.298,20:55:25.370,955.0,822.0,,,unknown,
1.318,20:55:25.390,954.0,813.0,,,unknown,
1.338,20:55:25.410,953.0,822.0,,,unknown,
1.358,20:55:25.430,957.0,821.0,,,unknown,
1.378,20:55:25.450,951.0,820.0,,,unknown,
1.398,20:55:25.470,957.0,820.0,,,unknown,
1.418,20:55:25.490,951.0,811.0,,,unknown,
1.438,20:55:25.510,951.0,819.0,,,unknown,
1.458,20:55:25.530,950.0,815.0,,,unknown,
1.478,20:55:25.550,964.0,817.0,,,unknown,
1.498,20:55:25.570,949.0,815.0,,,unknown,
1.518,20:55:25.590,949.0,816.0,,,unknown,
1.538,20:55:25.610,950.0,815.0,,,unknown,
1.558,20:55:25.630,943.0,815.0,,,unknown,
1.578,20:55:25.650,948.0,814.0,,,unknown,
1.598,20:55:25.670,949.0,813.0,,,unknown,
1.618,20:55:25.690,947.0,812.0,,,unknown,
1.638,20:55:25.710,939.0,814.0,,,unknown,
1.658,20:55:25.730,949.0,815.0,,,unknown,
1.678,20:55:25.750,947.0,815.0,,,unknown,
1.698,20:55:25.770,951.0,815.0,,,unknown,
1.718,20:55:25.790,949.0,814.0,,,unknown,
1.738,20:55:25.810,949.0,813.0,,,unknown,
1.758,20:55:25.830,944.0,813.0,,,unknown,
1.778,20:55:25.850,949.0,819.0,,,unknown,
1.798,20:55:25.870,949.0,808.0,,,unknown,
1.818,20:55:25.890,949.0,818.0,,,unknown,
1.838,20:55:25.910,944.0,814.0,,,unknown,
1.858,20:55:25.930,944.0,824.0,,,unknown,
1.878,20:55:25.950,947.0,815.0,,,unknown,
1.898,20:55:25.970,947.0,818.0,,,unknown,
1.918,20:55:25.990,947.0,817.0,,,unknown,
1.938,20:55:26.010,945.0,818.0,,,unknown,
1.961,20:55:26.034,948.0,814.0,,,unknown,
1.978,20:55:26.050,949.0,814.0,,,unknown,
1.998,20:55:26.070,947.0,815.0,,,unknown,
2.018,20:55:26.090,941.0,817.0,,,unknown,
2.038,20:55:26.110,949.0,814.0,,,unknown,
2.058,20:55:26.130,949.0,810.0,,,unknown,
2.078,20:55:26.150,943.0,816.0,,,unknown,
2.098,20:55:26.170,947.0,815.0,,,unknown,
2.118,20:55:26.190,951.0,815.0,,,unknown,
2.138,20:55:26.210,955.0,817.0,,,unknown,
2.158,20:55:26.230,939.0,825.0,,,unknown,
2.178,20:55:26.250,953.0,815.0,,,unknown,
2.198,20:55:26.270,943.0,806.0,,,unknown,
2.218,20:55:26.290,947.0,813.0,,,unknown,
2.238,20:55:26.310,940.0,815.0,,,unknown,
2.258,20:55:26.330,952.0,827.0,,,unknown,
2.278,20:55:26.350,947.0,814.0,,,unknown,
2.298,20:55:26.370,939.0,813.0,,,unknown,
2.318,20:55:26.390,947.0,815.0,,,unknown,
2.338,20:55:26.410,937.0,815.0,,,unknown,
2.358,20:55:26.430,950.0,815.0,,,unknown,
2.378,20:55:26.450,947.0,814.0,,,unknown,
2.398,20:55:26.470,903.0,813.0,,,unknown,
2.418,20:55:26.490,941.0,813.0,,,unknown,
2.438,20:55:26.510,943.0,813.0,,,unknown,
2.458,20:55:26.530,944.0,812.0,,,unknown,
2.478,20:55:26.550,942.0,811.0,,,unknown,
2.498,20:55:26.570,941.0,812.0,,,unknown,
2.518,20:55:26.590,939.0,811.0,,,unknown,
2.538,20:55:26.610,940.0,809.0,,,unknown,
2.558,20:55:26.630,939.0,810.0,,,unknown,
2.578,20:55:26.650,939.0,807.0,,,unknown,
2.598,20:55:26.670,937.0,824.0,,,unknown,
2.618,20:55:26.690,933.0,810.0,,,unknown,
2.638,20:55:26.710,937.0,808.0,,,unknown,
2.658,20:55:26.730,937.0,810.0,,,unknown,
2.678,20:55:26.750,937.0,810.0,,,unknown,
2.698,20:55:26.770,933.0,809.0,,,unknown,
2.718,20:55:26.790,937.0,809.0,,,unknown,
2.738,20:55:26.810,937.0,817.0,,,unknown,
2.758,20:55:26.830,935.0,807.0,,,unknown,
2.778,20:55:26.850,937.0,807.0,,,unknown,
2.798,20:55:26.870,932.0,803.0,,,unknown,
2.818,20:55:26.890,932.0,803.0,,,unknown,
2.838,20:55:26.910,931.0,800.0,,,unknown,
2.858,20:55:26.930,923.0,798.0,,,unknown,
2.878,20:55:26.950,941.0,800.0,,,unknown,
2.898,20:55:26.970,925.0,798.0,,,unknown,
2.918,20:55:26.990,919.0,799.0,,,unknown,
2.938,20:55:27.010,933.0,801.0,,,unknown,
2.964,20:55:27.036,909.0,800.0,,,unknown,
2.978,20:55:27.050,933.0,803.0,,,unknown,
2.998,20:55:27.070,935.0,805.0,,,unknown,
3.018,20:55:27.090,935.0,807.0,,,unknown,
3.038,20:55:27.110,932.0,808.0,,,unknown,
3.058,20:55:27.130,937.0,808.0,,,unknown,
3.078,20:55:27.150,941.0,810.0,,,unknown,
3.098,20:55:27.170,956.0,821.0,,,unknown,
3.118,20:55:27.190,941.0,805.0,,,unknown,
3.138,20:55:27.210,943.0,814.0,,,unknown,
3.158,20:55:27.230,943.0,810.0,,,unknown,
3.178,20:55:27.250,935.0,808.0,,,unknown,
3.198,20:55:27.270,942.0,813.0,,,unknown,
3.218,20:55:27.290,947.0,820.0,,,unknown,
3.238,20:55:27.310,947.0,814.0,,,unknown,
3.258,20:55:27.330,947.0,814.0,,,unknown,
3.278,20:55:27.350,949.0,808.0,,,unknown,
3.298,20:55:27.370,947.0,809.0,,,unknown,
3.318,20:55:27.390,950.0,819.0,,,unknown,
3.338,20:55:27.410,947.0,815.0,,,unknown,
3.358,20:55:27.430,947.0,816.0,,,unknown,
3.378,20:55:27.450,949.0,816.0,,,unknown,
3.398,20:55:27.470,945.0,815.0,,,unknown,
3.418,20:55:27.490,949.0,807.0,,,unknown,
3.438,20:55:27.510,949.0,824.0,,,unknown,
3.458,20:55:27.530,943.0,818.0,,,unknown,
3.478,20:55:27.550,951.0,816.0,,,unknown,
3.498,20:55:27.570,949.0,814.0,,,unknown,
3.518,20:55:27.590,951.0,820.0,,,unknown,
3.538,20:55:27.610,952.0,816.0,,,unknown,
3.558,20:55:27.630,951.0,825.0,,,unknown,
3.578,20:55:27.650,951.0,818.0,,,unknown,
3.598,20:55:27.670,941.0,822.0,,,unknown,
3.618,20:55:27.690,949.0,819.0,,,unknown,
3.638,20:55:27.710,951.0,819.0,,,unknown,
3.658,20:55:27.730,940.0,819.0,,,unknown,
3.678,20:55:27.751,953.0,824.0,,,unknown,
3.698,20:55:27.770,950.0,819.0,,,unknown,
3.718,20:55:27.790,938.0,819.0,,,unknown,
3.738,20:55:27.810,953.0,820.0,,,unknown,
3.758,20:55:27.830,951.0,820.0,,,unknown,
3.778,20:55:27.850,951.0,820.0,,,unknown,
3.798,20:55:27.870,951.0,819.0,,,unknown,
3.818,20:55:27.890,952.0,817.0,,,unknown,
3.838,20:55:27.910,948.0,816.0,,,unknown,
3.858,20:55:27.930,950.0,816.0,,,unknown,
3.878,20:55:27.950,949.0,816.0,,,unknown,
3.898,20:55:27.970,950.0,809.0,,,unknown,
3.918,20:55:27.990,947.0,816.0,,,unknown,
3.938,20:55:28.010,947.0,815.0,,,unknown,
3.963,20:55:28.035,940.0,814.0,,,unknown,
3.978,20:55:28.050,948.0,813.0,,,unknown,
3.998,20:55:28.070,937.0,814.0,,,unknown,
4.018,20:55:28.090,947.0,814.0,,,unknown,
4.038,20:55:28.110,943.0,818.0,,,unknown,
4.058,20:55:28.130,937.0,811.0,,,unknown,
4.078,20:55:28.150,943.0,811.0,,,unknown,
4.098,20:55:28.170,941.0,815.0,,,unknown,
4.118,20:55:28.190,939.0,808.0,,,unknown,
4.138,20:55:28.210,939.0,806.0,,,unknown,
4.158,20:55:28.230,937.0,811.0,,,unknown,
4.178,20:55:28.250,1158.0,810.0,,,unknown,
4.198,20:55:28.270,940.0,810.0,,,unknown,
4.218,20:55:28.290,937.0,814.0,,,unknown,
4.238,20:55:28.310,942.0,810.0,,,unknown,
4.258,20:55:28.330,941.0,816.0,,,unknown,
4.278,20:55:28.350,935.0,811.0,,,unknown,
4.298,20:55:28.370,941.0,810.0,,,unknown,
4.318,20:55:28.390,941.0,825.0,,,unknown,
4.338,20:55:28.410,941.0,809.0,,,unknown,
4.358,20:55:28.430,939.0,813.0,,,unknown,
4.378,20:55:28.450,939.0,812.0,,,unknown,
4.398,20:55:28.470,941.0,813.0,,,unknown,
4.418,20:55:28.490,943.0,810.0,,,unknown,
4.438,20:55:28.510,941.0,808.0,,,unknown,
4.458,20:55:28.530,939.0,810.0,,,unknown,
4.478,20:55:28.550,943.0,812.0,,,unknown,
4.498,20:55:28.570,943.0,811.0,,,unknown,
4.518,20:55:28.590,939.0,813.0,,,unknown,
4.538,20:55:28.610,943.0,810.0,,,unknown,
4.558,20:55:28.630,941.0,811.0,,,unknown,
4.578,20:55:28.650,943.0,810.0,,,unknown,
4.598,20:55:28.670,977.0,811.0,,,unknown,
4.618,20:55:28.690,939.0,808.0,,,unknown,
4.638,20:55:28.710,943.0,811.0,,,unknown,
4.658,20:55:28.730,942.0,811.0,,,unknown,
4.678,20:55:28.750,925.0,819.0,,,unknown,
4.698,20:55:28.770,951.0,811.0,,,unknown,
4.718,20:55:28.790,939.0,811.0,,,unknown,
4.738,20:55:28.810,943.0,816.0,,,unknown,
4.758,20:55:28.830,942.0,814.0,,,unknown,
4.778,20:55:28.850,943.0,811.0,,,unknown,
4.798,20:55:28.870,942.0,812.0,,,unknown,
4.818,20:55:28.890,941.0,813.0,,,unknown,
4.838,20:55:28.910,941.0,810.0,,,unknown,
4.858,20:55:28.930,939.0,810.0,,,unknown,
4.878,20:55:28.950,938.0,811.0,,,unknown,
4.898,20:55:28.970,926.0,815.0,,,unknown,
4.918,20:55:28.990,946.0,806.0,,,unknown,
4.938,20:55:29.010,799.0,813.0,,,unknown,
4.962,20:55:29.035,940.0,810.0,,,unknown,
4.978,20:55:29.050,939.0,809.0,,,unknown,
4.998,20:55:29.070,939.0,798.0,,,unknown,
5.018,20:55:29.090,935.0,813.0,,,unknown,
5.038,20:55:29.110,927.0,807.0,,,unknown,
5.058,20:55:29.130,935.0,807.0,,,unknown,
5.078,20:55:29.150,937.0,809.0,,,unknown,
5.098,20:55:29.170,936.0,805.0,,,unknown,
5.118,20:55:29.190,936.0,806.0,,,unknown,
5.138,20:55:29.210,915.0,803.0,,,unknown,
5.158,20:55:29.230,933.0,800.0,,,unknown,
5.178,20:55:29.250,927.0,800.0,,,unknown,
5.198,20:55:29.270,931.0,800.0,,,unknown,
5.218,20:55:29.290,921.0,800.0,,,unknown,
5.238,20:55:29.310,927.0,800.0,,,unknown,
5.258,20:55:29.330,927.0,810.0,,,unknown,
5.278,20:55:29.350,928.0,800.0,,,unknown,
5.298,20:55:29.370,927.0,800.0,,,unknown,
5.318,20:55:29.390,927.0,802.0,,,unknown,
5.338,20:55:29.410,931.0,799.0,,,unknown,
5.358,20:55:29.430,923.0,798.0,,,unknown,
5.378,20:55:29.450,924.0,797.0,,,unknown,
5.398,20:55:29.470,923.0,799.0,,,unknown,
5.418,20:55:29.490,921.0,793.0,,,unknown,
5.438,20:55:29.510,919.0,796.0,,,unknown,
5.458,20:55:29.530,921.0,794.0,,,unknown,
5.478,20:55:29.550,923.0,788.0,,,unknown,
5.498,20:55:29.570,919.0,797.0,,,unknown,
5.518,20:55:29.590,925.0,800.0,,,unknown,
5.538,20:55:29.610,924.0,798.0,,,unknown,
5.558,20:55:29.630,925.0,797.0,,,unknown,
5.578,20:55:29.650,927.0,806.0,,,unknown,
5.598,20:55:29.670,935.0,801.0,,,unknown,
5.618,20:55:29.690,931.0,796.0,,,unknown,
5.638,20:55:29.710,931.0,802.0,,,unknown,
5.658,20:55:29.730,932.0,789.0,,,unknown,
5.678,20:55:29.750,934.0,804.0,,,unknown,
5.698,20:55:29.770,935.0,805.0,,,unknown,
5.718,20:55:29.790,933.0,806.0,,,unknown,
5.738,20:55:29.810,937.0,807.0,,,unknown,
5.758,20:55:29.830,937.0,829.0,,,unknown,
5.778,20:55:29.850,939.0,810.0,,,unknown,
5.798,20:55:29.870,935.0,813.0,,,unknown,
5.818,20:55:29.890,941.0,822.0,,,unknown,
5.838,20:55:29.910,939.0,814.0,,,unknown,
5.858,20:55:29.930,943.0,809.0,,,unknown,
5.878,20:55:29.950,940.0,809.0,,,unknown,
5.897,20:55:29.970,947.0,811.0,,,unknown,
5.918,20:55:29.990,943.0,802.0,,,unknown,
5.937,20:55:30.010,946.0,813.0,,,unknown,
5.961,20:55:30.034,943.0,814.0,,,unknown,
5.977,20:55:30.050,946.0,812.0,,,unknown,
5.997,20:55:30.070,947.0,818.0,,,unknown,
6.017,20:55:30.090,943.0,815.0,,,unknown,
6.037,20:55:30.110,971.0,815.0,,,unknown,
6.057,20:55:30.130,955.0,815.0,,,unknown,
6.077,20:55:30.150,947.0,816.0,,,unknown,
6.098,20:55:30.170,951.0,827.0,,,unknown,
6.118,20:55:30.190,949.0,815.0,,,unknown,
6.138,20:55:30.210,947.0,817.0,,,unknown,
6.158,20:55:30.230,949.0,809.0,,,unknown,
6.178,20:55:30.250,949.0,817.0,,,unknown,
6.197,20:55:30.270,941.0,818.0,,,unknown,
6.218,20:55:30.290,950.0,815.0,,,unknown,
6.238,20:55:30.310,949.0,818.0,,,unknown,
6.258,20:55:30.330,871.0,814.0,,,unknown,
6.278,20:55:30.350,948.0,819.0,,,unknown,
6.298,20:55:30.370,953.0,832.0,,,unknown,
6.318,20:55:30.390,949.0,811.0,,,unknown,
6.338,20:55:30.410,959.0,817.0,,,unknown,
6.358,20:55:30.430,947.0,816.0,,,unknown,
6.378,20:55:30.450,948.0,816.0,,,unknown,
6.397,20:55:30.470,947.0,815.0,,,unknown,
6.418,20:55:30.490,948.0,811.0,,,unknown,
6.438,20:55:30.510,943.0,815.0,,,unknown,
6.458,20:55:30.530,947.0,813.0,,,unknown,
6.478,20:55:30.550,942.0,809.0,,,unknown,
6.497,20:55:30.570,941.0,813.0,,,unknown,
6.518,20:55:30.590,939.0,810.0,,,unknown,
6.538,20:55:30.610,939.0,809.0,,,unknown,
6.558,20:55:30.630,938.0,809.0,,,unknown,
6.578,20:55:30.650,939.0,810.0,,,unknown,
6.598,20:55:30.670,879.0,818.0,,,unknown,
6.618,20:55:30.690,937.0,809.0,,,unknown,
6.638,20:55:30.710,941.0,803.0,,,unknown,
6.658,20:55:30.730,937.0,806.0,,,unknown,
6.678,20:55:30.750,941.0,808.0,,,unknown,
6.698,20:55:30.770,939.0,811.0,,,unknown,
6.718,20:55:30.790,935.0,807.0,,,unknown,
6.738,20:55:30.810,940.0,818.0,,,unknown,
6.757,20:55:30.830,939.0,810.0,,,unknown,
6.778,20:55:30.850,935.0,810.0,,,unknown,
6.797,20:55:30.870,944.0,811.0,,,unknown,
6.818,20:55:30.890,951.0,809.0,,,unknown,
6.838,20:55:30.910,939.0,810.0,,,unknown,
6.858,20:55:30.930,933.0,820.0,,,unknown,
6.878,20:55:30.950,973.0,808.0,,,unknown,
6.898,20:55:30.970,941.0,810.0,,,unknown,
6.918,20:55:30.990,939.0,810.0,,,unknown,
6.937,20:55:31.010,940.0,810.0,,,unknown,
6.962,20:55:31.034,938.0,806.0,,,unknown,
6.977,20:55:31.050,939.0,808.0,,,unknown,
6.998,20:55:31.070,937.0,809.0,,,unknown,
7.018,20:55:31.090,939.0,809.0,,,unknown,
7.038,20:55:31.110,937.0,809.0,,,unknown,
7.058,20:55:31.130,941.0,808.0,,,unknown,
7.077,20:55:31.150,936.0,804.0,,,unknown,
7.098,20:55:31.170,949.0,803.0,,,unknown,
7.118,20:55:31.190,933.0,808.0,,,unknown,
7.138,20:55:31.210,935.0,807.0,,,unknown,
7.157,20:55:31.230,933.0,800.0,,,unknown,
7.177,20:55:31.250,932.0,806.0,,,unknown,
7.197,20:55:31.270,923.0,806.0,,,unknown,
7.217,20:55:31.290,935.0,801.0,,,unknown,
7.238,20:55:31.310,935.0,804.0,,,unknown,
7.258,20:55:31.330,952.0,799.0,,,unknown,
7.277,20:55:31.350,936.0,811.0,,,unknown,
7.298,20:55:31.370,931.0,803.0,,,unknown,
7.318,20:55:31.390,923.0,803.0,,,unknown,
7.338,20:55:31.410,933.0,804.0,,,unknown,
7.357,20:55:31.430,936.0,802.0,,,unknown,
7.377,20:55:31.450,931.0,804.0,,,unknown,
7.397,20:55:31.470,933.0,808.0,,,unknown,
7.418,20:55:31.490,987.0,804.0,,,unknown,
7.438,20:55:31.510,931.0,801.0,,,unknown,
7.458,20:55:31.530,925.0,813.0,,,unknown,
7.477,20:55:31.550,931.0,798.0,,,unknown,
7.498,20:55:31.570,928.0,803.0,,,unknown,
7.518,20:55:31.590,1079.0,799.0,,,unknown,
7.538,20:55:31.610,927.0,800.0,,,unknown,
7.558,20:55:31.630,928.0,799.0,,,unknown,
7.578,20:55:31.650,927.0,801.0,,,unknown,
7.597,20:55:31.670,927.0,803.0,,,unknown,
7.617,20:55:31.690,927.0,803.0,,,unknown,
7.638,20:55:31.710,1095.0,799.0,,,unknown,
7.658,20:55:31.730,921.0,788.0,,,unknown,
7.677,20:55:31.750,923.0,798.0,,,unknown,
7.698,20:55:31.770,925.0,799.0,,,unknown,
7.718,20:55:31.790,924.0,798.0,,,unknown,
7.738,20:55:31.810,925.0,797.0,,,unknown,
7.758,20:55:31.830,924.0,797.0,,,unknown,
7.778,20:55:31.850,922.0,795.0,,,unknown,
7.797,20:55:31.870,927.0,796.0,,,unknown,
7.817,20:55:31.890,919.0,797.0,,,unknown,
7.837,20:55:31.910,921.0,793.0,,,unknown,
7.858,20:55:31.930,915.0,792.0,,,unknown,
7.878,20:55:31.950,919.0,793.0,,,unknown,
7.898,20:55:31.970,919.0,791.0,,,unknown,
7.918,20:55:31.990,921.0,793.0,,,unknown,
7.937,20:55:32.010,923.0,795.0,,,unknown,
7.962,20:55:32.035,937.0,807.0,,,unknown,
7.978,20:55:32.050,924.0,796.0,,,unknown,
7.998,20:55:32.070,924.0,797.0,,,unknown,
8.017,20:55:32.090,919.0,806.0,,,unknown,
8.038,20:55:32.110,927.0,804.0,,,unknown,
8.057,20:55:32.130,928.0,804.0,,,unknown,
8.078,20:55:32.150,932.0,800.0,,,unknown,
8.098,20:55:32.170,927.0,804.0,,,unknown,
8.118,20:55:32.190,931.0,806.0,,,unknown,
8.138,20:55:32.210,941.0,804.0,,,unknown,
8.157,20:55:32.230,933.0,806.0,,,unknown,
8.177,20:55:32.250,937.0,808.0,,,unknown,
8.198,20:55:32.270,938.0,808.0,,,unknown,
8.218,20:55:32.290,937.0,809.0,,,unknown,
8.238,20:55:32.310,939.0,809.0,,,unknown,
8.257,20:55:32.330,933.0,810.0,,,unknown,
8.277,20:55:32.350,939.0,811.0,,,unknown,
8.297,20:55:32.370,947.0,812.0,,,unknown,
8.318,20:55:32.390,941.0,811.0,,,unknown,
8.338,20:55:32.410,943.0,813.0,,,unknown,
8.357,20:55:32.430,941.0,812.0,,,unknown,
8.377,20:55:32.450,942.0,811.0,,,unknown,
8.397,20:55:32.470,949.0,814.0,,,unknown,
8.417,20:55:32.490,939.0,814.0,,,unknown,
8.438,20:55:32.510,941.0,815.0,,,unknown,
8.457,20:55:32.530,944.0,813.0,,,unknown,
8.477,20:55:32.550,947.0,814.0,,,unknown,
8.497,20:55:32.570,947.0,815.0,,,unknown,
8.522,20:55:32.594,943.0,816.0,,,unknown,
8.540,20:55:32.612,939.0,814.0,,,unknown,
8.557,20:55:32.630,944.0,814.0,,,unknown,
8.577,20:55:32.650,943.0,813.0,,,unknown,
8.597,20:55:32.670,946.0,814.0,,,unknown,
8.617,20:55:32.690,943.0,813.0,,,unknown,
8.637,20:55:32.710,947.0,815.0,,,unknown,
8.657,20:55:32.730,943.0,815.0,,,unknown,
8.677,20:55:32.750,949.0,813.0,,,unknown,
8.698,20:55:32.770,941.0,813.0,,,unknown,
8.717,20:55:32.790,931.0,814.0,,,unknown,
8.737,20:55:32.810,949.0,817.0,,,unknown,
8.758,20:55:32.830,951.0,814.0,,,unknown,
8.777,20:55:32.850,951.0,814.0,,,unknown,
8.797,20:55:32.870,948.0,805.0,,,unknown,
8.817,20:55:32.890,947.0,813.0,,,unknown,
8.838,20:55:32.910,943.0,814.0,,,unknown,
8.857,20:55:32.930,947.0,804.0,,,unknown,
8.877,20:55:32.950,942.0,810.0,,,unknown,
8.897,20:55:32.970,941.0,811.0,,,unknown,
8.917,20:55:32.990,939.0,817.0,,,unknown,
8.937,20:55:33.010,941.0,809.0,,,unknown,
8.962,20:55:33.034,939.0,798.0,,,unknown,
8.977,20:55:33.050,937.0,808.0,,,unknown,
8.998,20:55:33.070,935.0,809.0,,,unknown,
9.017,20:55:33.090,937.0,809.0,,,unknown,
9.037,20:55:33.110,933.0,808.0,,,unknown,
9.057,20:55:33.130,933.0,806.0,,,unknown,
9.077,20:55:33.150,934.0,806.0,,,unknown,
9.097,20:55:33.170,935.0,807.0,,,unknown,
9.117,20:55:33.190,917.0,806.0,,,unknown,
9.138,20:55:33.210,937.0,807.0,,,unknown,
9.157,20:55:33.230,939.0,804.0,,,unknown,
9.177,20:55:33.250,935.0,808.0,,,unknown,
9.197,20:55:33.270,937.0,807.0,,,unknown,
9.217,20:55:33.290,934.0,808.0,,,unknown,
9.237,20:55:33.310,933.0,806.0,,,unknown,
9.257,20:55:33.330,939.0,806.0,,,unknown,
9.277,20:55:33.350,935.0,804.0,,,unknown,
9.298,20:55:33.370,919.0,807.0,,,unknown,
9.317,20:55:33.390,941.0,804.0,,,unknown,
9.337,20:55:33.410,936.0,807.0,,,unknown,
9.357,20:55:33.430,901.0,807.0,,,unknown,
9.377,20:55:33.450,936.0,806.0,,,unknown,
9.397,20:55:33.470,936.0,808.0,,,unknown,
9.417,20:55:33.490,915.0,807.0,,,unknown,
9.437,20:55:33.510,933.0,807.0,,,unknown,
9.457,20:55:33.530,939.0,805.0,,,unknown,
9.477,20:55:33.550,937.0,794.0,,,unknown,
9.497,20:55:33.570,937.0,798.0,,,unknown,
9.517,20:55:33.590,935.0,804.0,,,unknown,
9.537,20:55:33.610,935.0,805.0,,,unknown,
9.557,20:55:33.630,935.0,803.0,,,unknown,
9.577,20:55:33.650,931.0,800.0,,,unknown,
9.597,20:55:33.670,942.0,803.0,,,unknown,
9.617,20:55:33.690,925.0,804.0,,,unknown,
9.637,20:55:33.710,925.0,803.0,,,unknown,
9.657,20:55:33.730,931.0,804.0,,,unknown,
9.677,20:55:33.750,931.0,802.0,,,unknown,
9.697,20:55:33.770,909.0,815.0,,,unknown,
9.718,20:55:33.790,1083.0,797.0,,,unknown,
9.737,20:55:33.810,933.0,803.0,,,unknown,
9.757,20:55:33.830,927.0,788.0,,,unknown,
9.777,20:55:33.850,927.0,802.0,,,unknown,
9.797,20:55:33.870,927.0,780.0,,,unknown,
9.817,20:55:33.890,925.0,800.0,,,unknown,
9.838,20:55:33.910,1039.0,798.0,,,unknown,
9.857,20:55:33.930,923.0,797.0,,,unknown,
9.877,20:55:33.950,923.0,797.0,,,unknown,
9.897,20:55:33.970,923.0,788.0,,,unknown,
9.917,20:55:33.990,923.0,796.0,,,unknown,
9.937,20:55:34.010,921.0,796.0,,,unknown,
9.962,20:55:34.034,856.0,796.0,,,unknown,
9.977,20:55:34.050,923.0,795.0,,,unknown,
9.997,20:55:34.070,921.0,806.0,,,unknown,
10.017,20:55:34.090,920.0,794.0,,,unknown,
10.037,20:55:34.110,921.0,794.0,,,unknown,
10.057,20:55:34.130,923.0,793.0,,,unknown,
10.078,20:55:34.150,918.0,806.0,,,unknown,
10.097,20:55:34.170,918.0,791.0,,,unknown,
10.117,20:55:34.190,915.0,792.0,,,unknown,
10.137,20:55:34.210,915.0,791.0,,,unknown,
10.157,20:55:34.230,918.0,792.0,,,unknown,
10.177,20:55:34.250,917.0,798.0,,,unknown,
10.197,20:55:34.270,920.0,791.0,,,unknown,
10.217,20:55:34.290,919.0,793.0,,,unknown,
10.237,20:55:34.310,921.0,790.0,,,unknown,
10.257,20:55:34.330,923.0,792.0,,,unknown,
10.277,20:55:34.350,922.0,794.0,,,unknown,
10.297,20:55:34.370,924.0,802.0,,,unknown,
10.317,20:55:34.390,927.0,796.0,,,unknown,
10.337,20:55:34.410,924.0,800.0,,,unknown,
10.357,20:55:34.430,965.0,801.0,,,unknown,
10.377,20:55:34.450,925.0,796.0,,,unknown,
10.397,20:55:34.470,927.0,801.0,,,unknown,
10.417,20:55:34.490,933.0,802.0,,,unknown,
10.437,20:55:34.510,932.0,803.0,,,unknown,
10.457,20:55:34.530,933.0,803.0,,,unknown,
10.477,20:55:34.550,934.0,805.0,,,unknown,
10.497,20:55:34.570,936.0,807.0,,,unknown,
10.517,20:55:34.590,941.0,807.0,,,unknown,
10.537,20:55:34.610,927.0,805.0,,,unknown,
10.557,20:55:34.630,941.0,810.0,,,unknown,
10.577,20:55:34.650,937.0,809.0,,,unknown,
10.597,20:55:34.670,935.0,807.0,,,unknown,
10.617,20:55:34.690,937.0,809.0,,,unknown,
10.638,20:55:34.710,927.0,809.0,,,unknown,
10.657,20:55:34.730,941.0,815.0,,,unknown,
10.677,20:55:34.750,942.0,810.0,,,unknown,
10.697,20:55:34.770,939.0,810.0,,,unknown,
10.717,20:55:34.790,941.0,809.0,,,unknown,
10.737,20:55:34.810,939.0,810.0,,,unknown,
10.757,20:55:34.830,941.0,812.0,,,unknown,
10.777,20:55:34.850,943.0,811.0,,,unknown,
10.797,20:55:34.870,939.0,810.0,,,unknown,
10.817,20:55:34.890,939.0,808.0,,,unknown,
10.837,20:55:34.910,941.0,809.0,,,unknown,
10.857,20:55:34.930,942.0,811.0,,,unknown,
10.877,20:55:34.950,941.0,811.0,,,unknown,
10.897,20:55:34.970,942.0,808.0,,,unknown,
10.917,20:55:34.990,941.0,811.0,,,unknown,
10.937,20:55:35.010,940.0,811.0,,,unknown,
10.961,20:55:35.033,938.0,801.0,,,unknown,
10.977,20:55:35.050,940.0,804.0,,,unknown,
10.997,20:55:35.070,934.0,810.0,,,unknown,
11.017,20:55:35.090,937.0,810.0,,,unknown,
11.037,20:55:35.110,938.0,809.0,,,unknown,
11.057,20:55:35.130,940.0,808.0,,,unknown,
11.077,20:55:35.150,937.0,783.0,,,unknown,
11.097,20:55:35.170,937.0,808.0,,,unknown,
11.117,20:55:35.190,935.0,807.0,,,unknown,
11.137,20:55:35.210,934.0,807.0,,,unknown,
11.157,20:55:35.230,925.0,805.0,,,unknown,
11.177,20:55:35.250,933.0,805.0,,,unknown,
11.197,20:55:35.270,934.0,806.0,,,unknown,
11.217,20:55:35.290,931.0,806.0,,,unknown,
11.237,20:55:35.310,934.0,803.0,,,unknown,
11.257,20:55:35.330,932.0,804.0,,,unknown,
11.277,20:55:35.350,923.0,801.0,,,unknown,
11.297,20:55:35.370,933.0,799.0,,,unknown,
11.317,20:55:35.390,931.0,802.0,,,unknown,
11.337,20:55:35.410,931.0,803.0,,,unknown,
11.357,20:55:35.430,931.0,817.0,,,unknown,
11.377,20:55:35.450,934.0,802.0,,,unknown,
11.397,20:55:35.470,927.0,801.0,,,unknown,
11.417,20:55:35.490,931.0,792.0,,,unknown,
11.437,20:55:35.510,927.0,800.0,,,unknown,
11.457,20:55:35.530,926.0,798.0,,,unknown,
11.477,20:55:35.550,926.0,799.0,,,unknown,
11.497,20:55:35.570,931.0,799.0,,,unknown,
11.517,20:55:35.590,934.0,800.0,,,unknown,
11.537,20:55:35.610,924.0,790.0,,,unknown,
11.557,20:55:35.630,933.0,799.0,,,unknown,
11.577,20:55:35.650,923.0,801.0,,,unknown,
11.597,20:55:35.670,933.0,805.0,,,unknown,
11.617,20:55:35.690,937.0,802.0,,,unknown,
11.637,20:55:35.710,927.0,801.0,,,unknown,
11.657,20:55:35.730,932.0,790.0,,,unknown,
11.677,20:55:35.750,985.0,803.0,,,unknown,
11.697,20:55:35.770,931.0,795.0,,,unknown,
11.717,20:55:35.790,931.0,803.0,,,unknown,
11.737,20:55:35.810,927.0,800.0,,,unknown,
11.757,20:55:35.830,932.0,799.0,,,unknown,
11.777,20:55:35.850,928.0,801.0,,,unknown,
11.797,20:55:35.870,927.0,799.0,,,unknown,
11.817,20:55:35.890,921.0,799.0,,,unknown,
11.837,20:55:35.910,927.0,802.0,,,unknown,
11.857,20:55:35.930,927.0,797.0,,,unknown,
11.877,20:55:35.950,928.0,800.0,,,unknown,
11.897,20:55:35.970,925.0,798.0,,,unknown,
11.917,20:55:35.990,931.0,798.0,,,unknown,
11.937,20:55:36.010,927.0,797.0,,,unknown,
11.962,20:55:36.034,927.0,798.0,,,unknown,
11.977,20:55:36.050,925.0,799.0,,,unknown,
11.997,20:55:36.070,919.0,801.0,,,unknown,
12.017,20:55:36.090,925.0,792.0,,,unknown,
12.037,20:55:36.110,926.0,798.0,,,exhale,
12.057,20:55:36.130,925.0,797.0,,,exhale,
12.077,20:55:36.150,939.0,797.0,,,exhale,
12.097,20:55:36.170,925.0,811.0,,,exhale,
12.117,20:55:36.190,927.0,798.0,,,exhale,
12.137,20:55:36.210,927.0,798.0,,,exhale,
12.157,20:55:36.230,935.0,798.0,,,exhale,
12.177,20:55:36.250,923.0,797.0,,,exhale,
12.197,20:55:36.270,925.0,797.0,,,exhale,
12.217,20:55:36.290,927.0,797.0,,,exhale,
12.237,20:55:36.310,925.0,793.0,,,exhale,
12.257,20:55:36.330,925.0,791.0,,,exhale,
12.277,20:55:36.350,925.0,794.0,,,exhale,
12.297,20:55:36.370,919.0,794.0,,,exhale,
12.317,20:55:36.390,921.0,794.0,,,exhale,
12.337,20:55:36.410,927.0,792.0,,,exhale,
12.357,20:55:36.430,917.0,792.0,,,exhale,
12.377,20:55:36.450,911.0,790.0,,,exhale,
12.397,20:55:36.470,917.0,790.0,,,exhale,
12.417,20:55:36.490,910.0,788.0,,,exhale,
12.437,20:55:36.510,915.0,790.0,,,exhale,
12.457,20:55:36.530,915.0,790.0,,,exhale,
12.477,20:55:36.550,916.0,787.0,,,exhale,
12.497,20:55:36.570,915.0,789.0,,,exhale,
12.517,20:55:36.590,953.0,791.0,,,exhale,
12.537,20:55:36.610,922.0,793.0,,,exhale,
12.557,20:55:36.630,923.0,792.0,,,exhale,
12.577,20:55:36.650,920.0,792.0,,,exhale,
12.597,20:55:36.670,921.0,794.0,,,exhale,
12.617,20:55:36.690,921.0,806.0,,,exhale,
12.637,20:55:36.709,925.0,795.0,,,exhale,
12.657,20:55:36.730,905.0,794.0,,,exhale,
12.677,20:55:36.750,923.0,797.0,,,exhale,
12.697,20:55:36.770,928.0,797.0,,,exhale,
12.717,20:55:36.790,923.0,799.0,,,exhale,
12.737,20:55:36.810,927.0,792.0,,,exhale,
12.757,20:55:36.830,943.0,802.0,,,exhale,
12.777,20:55:36.850,931.0,801.0,,,exhale,
12.797,20:55:36.870,935.0,802.0,,,exhale,
12.817,20:55:36.890,933.0,806.0,,,exhale,
12.837,20:55:36.910,933.0,805.0,,,exhale,
12.857,20:55:36.930,936.0,812.0,,,exhale,
12.877,20:55:36.950,935.0,805.0,,,exhale,
12.897,20:55:36.970,903.0,804.0,,,exhale,
12.917,20:55:36.990,935.0,804.0,,,exhale,
12.937,20:55:37.010,935.0,805.0,,,exhale,
12.962,20:55:37.034,936.0,805.0,,,exhale,
12.977,20:55:37.050,927.0,805.0,,,exhale,
12.997,20:55:37.070,935.0,809.0,,,exhale,
13.017,20:55:37.090,935.0,807.0,,,exhale,
13.037,20:55:37.110,936.0,806.0,,,exhale,
13.057,20:55:37.130,935.0,804.0,,,exhale,
13.077,20:55:37.150,958.0,812.0,,,exhale,
13.097,20:55:37.170,931.0,809.0,,,exhale,
13.117,20:55:37.190,938.0,809.0,,,exhale,
13.137,20:55:37.210,933.0,809.0,,,exhale,
13.157,20:55:37.229,931.0,809.0,,,exhale,
13.177,20:55:37.250,937.0,800.0,,,exhale,
13.197,20:55:37.270,939.0,810.0,,,exhale,
13.217,20:55:37.290,936.0,811.0,,,exhale,
13.237,20:55:37.310,937.0,807.0,,,exhale,
13.257,20:55:37.330,937.0,809.0,,,exhale,
13.277,20:55:37.350,937.0,806.0,,,exhale,
13.299,20:55:37.372,937.0,807.0,,,exhale,
13.323,20:55:37.395,921.0,810.0,,,exhale,
13.337,20:55:37.409,939.0,808.0,,,exhale,
13.357,20:55:37.429,940.0,809.0,,,exhale,
13.377,20:55:37.449,933.0,809.0,,,exhale,
13.397,20:55:37.469,937.0,815.0,,,exhale,
13.417,20:55:37.489,936.0,807.0,,,exhale,
13.437,20:55:37.509,934.0,806.0,,,exhale,
13.457,20:55:37.530,932.0,805.0,,,exhale,
13.477,20:55:37.550,931.0,817.0,,,exhale,
13.497,20:55:37.570,939.0,803.0,,,exhale,
13.517,20:55:37.590,931.0,802.0,,,exhale,
13.537,20:55:37.610,936.0,801.0,,,exhale,
13.557,20:55:37.630,925.0,800.0,,,exhale,
13.577,20:55:37.650,919.0,800.0,,,exhale,
13.597,20:55:37.669,927.0,802.0,,,exhale,
13.617,20:55:37.690,927.0,799.0,,,exhale,
13.637,20:55:37.710,933.0,801.0,,,exhale,
13.657,20:55:37.730,927.0,801.0,,,exhale,
13.677,20:55:37.750,927.0,802.0,,,exhale,
13.697,20:55:37.770,935.0,801.0,,,exhale,
13.717,20:55:37.790,927.0,803.0,,,exhale,
13.737,20:55:37.810,932.0,801.0,,,exhale,
13.757,20:55:37.830,933.0,802.0,,,exhale,
13.777,20:55:37.850,909.0,802.0,,,exhale,
13.797,20:55:37.870,931.0,803.0,,,exhale,
13.817,20:55:37.890,935.0,801.0,,,exhale,
13.837,20:55:37.910,927.0,803.0,,,exhale,
13.857,20:55:37.930,935.0,800.0,,,exhale,
13.877,20:55:37.950,933.0,802.0,,,exhale,
13.897,20:55:37.970,933.0,790.0,,,exhale,
13.917,20:55:37.990,931.0,802.0,,,exhale,
13.937,20:55:38.010,933.0,802.0,,,exhale,
13.962,20:55:38.034,931.0,802.0,,,exhale,
13.977,20:55:38.050,933.0,801.0,,,exhale,
13.997,20:55:38.070,932.0,802.0,,,exhale,
14.017,20:55:38.090,933.0,800.0,,,exhale,
14.037,20:55:38.110,927.0,801.0,,,exhale,
14.057,20:55:38.130,933.0,793.0,,,exhale,
14.077,20:55:38.150,926.0,800.0,,,exhale,
14.097,20:55:38.170,932.0,803.0,,,exhale,
14.117,20:55:38.190,927.0,801.0,,,exhale,
14.137,20:55:38.210,931.0,801.0,,,exhale,
14.157,20:55:38.229,932.0,799.0,,,exhale,
14.177,20:55:38.250,925.0,797.0,,,exhale,
14.197,20:55:38.269,927.0,798.0,,,exhale,
14.217,20:55:38.290,921.0,799.0,,,exhale,
14.237,20:55:38.310,927.0,793.0,,,exhale,
14.257,20:55:38.329,927.0,802.0,,,exhale,
14.277,20:55:38.350,923.0,797.0,,,exhale,
14.297,20:55:38.370,923.0,795.0,,,exhale,
14.317,20:55:38.390,928.0,796.0,,,exhale,
14.337,20:55:38.410,922.0,796.0,,,exhale,
14.357,20:55:38.429,921.0,793.0,,,exhale,
14.377,20:55:38.450,919.0,797.0,,,exhale,
14.397,20:55:38.470,922.0,793.0,,,exhale,
14.417,20:55:38.490,920.0,790.0,,,exhale,
14.437,20:55:38.510,920.0,796.0,,,exhale,
14.457,20:55:38.529,921.0,794.0,,,exhale,
14.477,20:55:38.550,923.0,784.0,,,exhale,
14.497,20:55:38.569,717.0,794.0,,,exhale,
14.517,20:55:38.589,920.0,792.0,,,exhale,
14.537,20:55:38.610,921.0,793.0,,,exhale,
14.557,20:55:38.630,919.0,794.0,,,exhale,
14.577,20:55:38.650,918.0,793.0,,,exhale,
14.597,20:55:38.670,918.0,792.0,,,exhale,
14.617,20:55:38.689,921.0,791.0,,,exhale,
14.637,20:55:38.710,917.0,792.0,,,exhale,
14.657,20:55:38.730,919.0,790.0,,,exhale,
14.677,20:55:38.750,919.0,792.0,,,exhale,
14.697,20:55:38.770,910.0,801.0,,,exhale,
14.717,20:55:38.789,917.0,790.0,,,exhale,
14.737,20:55:38.810,919.0,791.0,,,exhale,
14.757,20:55:38.829,915.0,789.0,,,exhale,
14.777,20:55:38.850,916.0,790.0,,,exhale,
14.797,20:55:38.869,915.0,794.0,,,exhale,
14.817,20:55:38.889,915.0,791.0,,,exhale,
14.837,20:55:38.909,915.0,790.0,,,exhale,
14.857,20:55:38.929,915.0,788.0,,,exhale,
14.877,20:55:38.949,911.0,787.0,,,exhale,
14.897,20:55:38.969,905.0,785.0,,,exhale,
14.917,20:55:38.990,915.0,788.0,,,exhale,
14.937,20:55:39.009,891.0,786.0,,,exhale,
14.962,20:55:39.034,911.0,780.0,,,exhale,
14.977,20:55:39.050,909.0,783.0,,,exhale,
14.997,20:55:39.070,919.0,784.0,,,exhale,
15.017,20:55:39.089,909.0,784.0,,,exhale,
15.037,20:55:39.110,911.0,785.0,,,exhale,
15.057,20:55:39.129,915.0,779.0,,,exhale,
15.077,20:55:39.150,909.0,787.0,,,exhale,
15.097,20:55:39.169,911.0,785.0,,,exhale,
15.117,20:55:39.189,914.0,789.0,,,exhale,
15.137,20:55:39.210,917.0,790.0,,,exhale,
15.157,20:55:39.230,910.0,793.0,,,exhale,
15.177,20:55:39.250,923.0,794.0,,,exhale,
15.197,20:55:39.270,921.0,794.0,,,exhale,
15.217,20:55:39.290,924.0,797.0,,,exhale,
15.237,20:55:39.310,863.0,794.0,,,exhale,
15.257,20:55:39.329,931.0,799.0,,,exhale,
15.277,20:55:39.350,925.0,805.0,,,inhale,inhale_onset
15.297,20:55:39.369,935.0,800.0,,,inhale,
15.317,20:55:39.389,933.0,795.0,,,inhale,
15.337,20:55:39.409,931.0,803.0,,,inhale,
15.357,20:55:39.429,933.0,806.0,,,inhale,
15.377,20:55:39.449,933.0,805.0,,,inhale,
15.397,20:55:39.469,935.0,806.0,,,inhale,
15.417,20:55:39.490,937.0,807.0,,,inhale,
15.437,20:55:39.509,935.0,807.0,,,inhale,
15.457,20:55:39.529,935.0,809.0,,,inhale,
15.477,20:55:39.549,943.0,798.0,,,inhale,
15.497,20:55:39.569,937.0,802.0,,,inhale,
15.517,20:55:39.589,936.0,809.0,,,inhale,
15.537,20:55:39.610,937.0,810.0,,,inhale,
15.557,20:55:39.629,939.0,808.0,,,inhale,
15.577,20:55:39.649,939.0,813.0,,,inhale,
15.597,20:55:39.669,939.0,798.0,,,inhale,
15.617,20:55:39.689,762.0,811.0,,,inhale,
15.637,20:55:39.709,939.0,800.0,,,inhale,
15.657,20:55:39.729,974.0,818.0,,,inhale,
15.677,20:55:39.749,951.0,809.0,,,inhale,
15.697,20:55:39.770,941.0,814.0,,,inhale,
15.717,20:55:39.789,939.0,809.0,,,inhale,
15.737,20:55:39.809,939.0,810.0,,,inhale,
15.757,20:55:39.829,931.0,806.0,,,inhale,
15.777,20:55:39.849,939.0,810.0,,,inhale,
15.797,20:55:39.869,939.0,809.0,,,inhale,
15.817,20:55:39.889,940.0,811.0,,,inhale,
15.837,20:55:39.910,939.0,810.0,,,inhale,
15.857,20:55:39.929,941.0,809.0,,,inhale,
15.877,20:55:39.949,942.0,810.0,,,inhale,
15.897,20:55:39.969,946.0,817.0,,,inhale,
15.917,20:55:39.989,926.0,812.0,,,inhale,
15.937,20:55:40.009,943.0,812.0,,,inhale,
15.960,20:55:40.033,943.0,821.0,,,inhale,
15.977,20:55:40.049,941.0,813.0,,,inhale,
15.997,20:55:40.069,943.0,813.0,,,inhale,
16.017,20:55:40.089,947.0,813.0,,,inhale,
16.037,20:55:40.109,942.0,814.0,,,inhale,
16.057,20:55:40.129,943.0,813.0,,,inhale,
16.077,20:55:40.149,942.0,814.0,,,inhale,
16.097,20:55:40.169,942.0,812.0,,,inhale,
16.117,20:55:40.189,941.0,815.0,,,inhale,
16.137,20:55:40.209,941.0,812.0,,,inhale,
16.157,20:55:40.229,937.0,812.0,,,inhale,
16.177,20:55:40.249,942.0,809.0,,,inhale,
16.197,20:55:40.269,949.0,792.0,,,inhale,
16.217,20:55:40.289,938.0,810.0,,,inhale,
16.237,20:55:40.309,939.0,804.0,,,inhale,
16.257,20:55:40.329,938.0,802.0,,,inhale,
16.277,20:55:40.349,933.0,806.0,,,inhale,
16.297,20:55:40.369,934.0,804.0,,,inhale,
16.317,20:55:40.389,935.0,806.0,,,inhale,
16.337,20:55:40.409,935.0,807.0,,,inhale,
16.357,20:55:40.429,935.0,804.0,,,inhale,
16.377,20:55:40.449,927.0,804.0,,,inhale,
16.397,20:55:40.469,935.0,808.0,,,inhale,
16.417,20:55:40.489,936.0,806.0,,,inhale,
16.437,20:55:40.509,935.0,802.0,,,inhale,
16.457,20:55:40.529,937.0,807.0,,,inhale,
16.477,20:55:40.549,935.0,806.0,,,inhale,
16.497,20:55:40.569,937.0,809.0,,,exhale,exhale_onset
16.517,20:55:40.589,935.0,810.0,,,exhale,
16.537,20:55:40.609,933.0,803.0,,,exhale,
16.557,20:55:40.629,937.0,809.0,,,exhale,
16.577,20:55:40.649,937.0,808.0,,,exhale,
16.597,20:55:40.669,936.0,806.0,,,exhale,
16.617,20:55:40.689,935.0,808.0,,,exhale,
16.637,20:55:40.709,934.0,811.0,,,exhale,
16.657,20:55:40.729,939.0,806.0,,,exhale,
16.678,20:55:40.750,937.0,807.0,,,exhale,
16.702,20:55:40.774,937.0,808.0,,,exhale,
16.717,20:55:40.789,937.0,810.0,,,exhale,
16.737,20:55:40.809,937.0,804.0,,,exhale,
16.757,20:55:40.829,937.0,807.0,,,exhale,
16.777,20:55:40.849,935.0,807.0,,,exhale,
16.797,20:55:40.869,935.0,808.0,,,exhale,
16.817,20:55:40.889,935.0,811.0,,,exhale,
16.837,20:55:40.909,935.0,807.0,,,exhale,
16.857,20:55:40.929,936.0,799.0,,,exhale,
16.877,20:55:40.949,937.0,805.0,,,exhale,
16.897,20:55:40.969,935.0,816.0,,,exhale,
16.917,20:55:40.989,932.0,804.0,,,exhale,
16.937,20:55:41.009,933.0,801.0,,,exhale,
16.962,20:55:41.034,931.0,804.0,,,exhale,
16.977,20:55:41.049,928.0,803.0,,,exhale,
16.997,20:55:41.069,931.0,800.0,,,exhale,
17.017,20:55:41.089,927.0,802.0,,,exhale,
17.037,20:55:41.109,927.0,801.0,,,exhale,
17.057,20:55:41.129,927.0,786.0,,,exhale,
17.077,20:55:41.149,927.0,795.0,,,exhale,
17.097,20:55:41.169,925.0,797.0,,,exhale,
17.117,20:55:41.189,924.0,789.0,,,exhale,
17.137,20:55:41.209,923.0,796.0,,,exhale,
17.157,20:55:41.229,923.0,796.0,,,exhale,
17.177,20:55:41.249,923.0,789.0,,,exhale,
17.197,20:55:41.269,923.0,794.0,,,exhale,
17.217,20:55:41.289,920.0,795.0,,,exhale,
17.237,20:55:41.309,923.0,799.0,,,exhale,
17.257,20:55:41.329,921.0,800.0,,,exhale,
17.277,20:55:41.349,922.0,786.0,,,exhale,
17.297,20:55:41.369,957.0,793.0,,,exhale,
17.317,20:55:41.389,919.0,795.0,,,exhale,
17.337,20:55:41.409,919.0,801.0,,,exhale,
17.362,20:55:41.435,919.0,787.0,,,exhale,
17.382,20:55:41.454,921.0,793.0,,,exhale,
17.397,20:55:41.469,919.0,793.0,,,exhale,
17.417,20:55:41.489,920.0,791.0,,,exhale,
17.437,20:55:41.509,920.0,791.0,,,exhale,
17.457,20:55:41.529,919.0,789.0,,,exhale,
17.477,20:55:41.549,919.0,791.0,,,exhale,
17.497,20:55:41.569,911.0,787.0,,,exhale,
17.517,20:55:41.589,917.0,787.0,,,exhale,
17.537,20:55:41.609,915.0,787.0,,,exhale,
17.557,20:55:41.629,914.0,785.0,,,exhale,
17.577,20:55:41.650,910.0,787.0,,,exhale,
17.597,20:55:41.670,911.0,786.0,,,exhale,
17.617,20:55:41.689,915.0,786.0,,,exhale,
17.637,20:55:41.709,914.0,787.0,,,exhale,
17.657,20:55:41.729,915.0,786.0,,,exhale,
17.677,20:55:41.749,917.0,788.0,,,exhale,
17.697,20:55:41.769,917.0,791.0,,,exhale,
17.717,20:55:41.790,923.0,790.0,,,exhale,
17.737,20:55:41.809,921.0,794.0,,,exhale,
17.757,20:55:41.830,1183.0,797.0,,,exhale,
17.777,20:55:41.850,924.0,795.0,,,exhale,
17.797,20:55:41.869,925.0,797.0,,,exhale,
17.817,20:55:41.889,719.0,795.0,,,exhale,
17.837,20:55:41.909,925.0,798.0,,,exhale,
17.857,20:55:41.929,931.0,799.0,,,exhale,
17.877,20:55:41.949,931.0,800.0,,,exhale,
17.897,20:55:41.969,932.0,806.0,,,inhale,inhale_onset
17.919,20:55:41.992,932.0,803.0,,,inhale,
17.937,20:55:42.009,936.0,805.0,,,inhale,
17.961,20:55:42.033,936.0,805.0,,,inhale,
17.977,20:55:42.049,931.0,810.0,,,inhale,
17.997,20:55:42.069,932.0,806.0,,,inhale,
18.017,20:55:42.089,935.0,805.0,,,inhale,
18.037,20:55:42.109,939.0,808.0,,,inhale,
18.057,20:55:42.129,937.0,806.0,,,inhale,
18.077,20:55:42.149,937.0,807.0,,,inhale,
18.097,20:55:42.169,940.0,808.0,,,inhale,
18.117,20:55:42.189,938.0,807.0,,,inhale,
18.137,20:55:42.209,936.0,800.0,,,inhale,
18.157,20:55:42.229,937.0,807.0,,,inhale,
18.177,20:55:42.249,936.0,807.0,,,inhale,
18.197,20:55:42.269,938.0,809.0,,,inhale,
18.217,20:55:42.289,934.0,808.0,,,inhale,
18.237,20:55:42.309,939.0,808.0,,,inhale,
18.257,20:55:42.329,933.0,810.0,,,inhale,
18.277,20:55:42.349,938.0,809.0,,,inhale,
18.297,20:55:42.369,941.0,809.0,,,inhale,
18.317,20:55:42.389,940.0,809.0,,,inhale,
18.337,20:55:42.409,938.0,809.0,,,inhale,
18.357,20:55:42.429,939.0,812.0,,,inhale,
18.377,20:55:42.449,936.0,809.0,,,inhale,
18.397,20:55:42.469,937.0,811.0,,,inhale,
18.417,20:55:42.489,937.0,811.0,,,inhale,
18.437,20:55:42.509,853.0,809.0,,,inhale,
18.457,20:55:42.529,939.0,810.0,,,inhale,
18.477,20:55:42.549,937.0,808.0,,,inhale,
18.497,20:55:42.569,936.0,809.0,,,inhale,
18.517,20:55:42.589,941.0,809.0,,,inhale,
18.537,20:55:42.609,936.0,810.0,,,inhale,
18.557,20:55:42.629,937.0,810.0,,,inhale,
18.577,20:55:42.649,939.0,808.0,,,inhale,
18.597,20:55:42.669,947.0,809.0,,,inhale,
18.617,20:55:42.689,942.0,810.0,,,inhale,
18.637,20:55:42.709,941.0,810.0,,,inhale,
18.657,20:55:42.729,937.0,809.0,,,inhale,
18.677,20:55:42.749,939.0,809.0,,,inhale,
18.697,20:55:42.769,941.0,812.0,,,inhale,
18.717,20:55:42.789,942.0,812.0,,,inhale,
18.737,20:55:42.809,941.0,812.0,,,inhale,
18.757,20:55:42.829,939.0,810.0,,,inhale,
18.777,20:55:42.849,938.0,811.0,,,inhale,
18.797,20:55:42.869,940.0,813.0,,,inhale,
18.817,20:55:42.889,943.0,812.0,,,inhale,
18.837,20:55:42.909,940.0,812.0,,,inhale,
18.857,20:55:42.929,935.0,804.0,,,inhale,
18.877,20:55:42.949,940.0,812.0,,,inhale,
18.897,20:55:42.969,941.0,810.0,,,inhale,
18.917,20:55:42.989,937.0,810.0,,,inhale,
18.937,20:55:43.009,935.0,809.0,,,inhale,
18.961,20:55:43.034,938.0,809.0,,,inhale,
18.977,20:55:43.049,937.0,807.0,,,inhale,
18.997,20:55:43.069,937.0,807.0,,,inhale,
19.017,20:55:43.089,935.0,805.0,,,inhale,
19.037,20:55:43.109,935.0,805.0,,,inhale,
19.057,20:55:43.129,934.0,805.0,,,inhale,
19.077,20:55:43.149,933.0,806.0,,,inhale,
19.097,20:55:43.169,927.0,805.0,,,inhale,
19.117,20:55:43.189,937.0,805.0,,,exhale,exhale_onset
19.137,20:55:43.209,939.0,808.0,,,exhale,
19.157,20:55:43.229,939.0,802.0,,,exhale,
19.177,20:55:43.249,935.0,815.0,,,exhale,
19.197,20:55:43.269,936.0,807.0,,,exhale,
19.217,20:55:43.289,937.0,808.0,,,exhale,
19.237,20:55:43.309,935.0,812.0,,,exhale,
19.257,20:55:43.329,939.0,809.0,,,exhale,
19.277,20:55:43.349,935.0,809.0,,,exhale,
19.297,20:55:43.369,939.0,807.0,,,exhale,
19.317,20:55:43.389,936.0,808.0,,,exhale,
19.337,20:55:43.409,937.0,808.0,,,exhale,
19.357,20:55:43.429,935.0,806.0,,,exhale,
19.377,20:55:43.449,936.0,810.0,,,exhale,
19.397,20:55:43.469,935.0,807.0,,,exhale,
19.417,20:55:43.489,935.0,807.0,,,exhale,
19.437,20:55:43.509,887.0,808.0,,,exhale,
19.457,20:55:43.529,935.0,809.0,,,exhale,
19.477,20:55:43.549,941.0,807.0,,,exhale,
19.497,20:55:43.569,937.0,805.0,,,exhale,
19.517,20:55:43.589,939.0,810.0,,,exhale,
19.537,20:55:43.609,943.0,807.0,,,exhale,
19.557,20:55:43.629,936.0,814.0,,,exhale,
19.577,20:55:43.649,934.0,804.0,,,exhale,
19.597,20:55:43.669,935.0,804.0,,,exhale,
19.617,20:55:43.689,935.0,803.0,,,exhale,
19.637,20:55:43.709,935.0,806.0,,,exhale,
19.657,20:55:43.729,935.0,806.0,,,exhale,
19.677,20:55:43.749,933.0,805.0,,,exhale,
19.697,20:55:43.769,931.0,806.0,,,exhale,
19.717,20:55:43.789,935.0,804.0,,,exhale,
19.737,20:55:43.809,937.0,803.0,,,exhale,
19.757,20:55:43.829,927.0,804.0,,,exhale,
19.777,20:55:43.849,933.0,801.0,,,exhale,
19.797,20:55:43.869,927.0,799.0,,,exhale,
19.817,20:55:43.889,931.0,800.0,,,exhale,
19.837,20:55:43.909,884.0,799.0,,,exhale,
19.857,20:55:43.929,926.0,799.0,,,exhale,
19.877,20:55:43.949,925.0,800.0,,,exhale,
19.897,20:55:43.969,927.0,797.0,,,exhale,
19.917,20:55:43.989,927.0,798.0,,,exhale,
19.937,20:55:44.009,934.0,795.0,,,exhale,
19.961,20:55:44.033,923.0,797.0,,,exhale,
19.977,20:55:44.049,923.0,795.0,,,exhale,
19.997,20:55:44.069,923.0,796.0,,,exhale,
20.017,20:55:44.089,919.0,796.0,,,exhale,
20.037,20:55:44.109,921.0,799.0,,,exhale,
20.057,20:55:44.129,923.0,796.0,,,exhale,
20.077,20:55:44.149,843.0,793.0,,,exhale,
20.097,20:55:44.169,920.0,794.0,,,exhale,
20.117,20:55:44.189,920.0,789.0,,,exhale,
20.137,20:55:44.209,923.0,790.0,,,exhale,
20.157,20:55:44.229,917.0,802.0,,,exhale,
20.177,20:55:44.249,920.0,793.0,,,exhale,
20.197,20:55:44.269,920.0,799.0,,,exhale,
20.217,20:55:44.289,919.0,792.0,,,exhale,
20.237,20:55:44.309,927.0,792.0,,,exhale,
20.257,20:55:44.329,915.0,791.0,,,exhale,
20.277,20:55:44.349,921.0,790.0,,,exhale,
20.297,20:55:44.369,917.0,782.0,,,exhale,
20.317,20:55:44.389,917.0,795.0,,,exhale,
20.337,20:55:44.409,915.0,787.0,,,exhale,
20.357,20:55:44.429,917.0,792.0,,,exhale,
20.377,20:55:44.449,916.0,790.0,,,exhale,
20.397,20:55:44.469,917.0,788.0,,,exhale,
20.417,20:55:44.489,915.0,781.0,,,exhale,
20.437,20:55:44.509,915.0,797.0,,,exhale,
20.457,20:55:44.529,917.0,796.0,,,exhale,
20.477,20:55:44.549,915.0,791.0,,,exhale,
20.497,20:55:44.569,919.0,789.0,,,exhale,
20.517,20:55:44.589,917.0,789.0,,,exhale,
20.537,20:55:44.609,917.0,776.0,,,exhale,
20.557,20:55:44.629,915.0,781.0,,,exhale,
20.577,20:55:44.649,911.0,786.0,,,exhale,
20.597,20:55:44.669,916.0,790.0,,,exhale,
20.617,20:55:44.689,920.0,787.0,,,exhale,
20.637,20:55:44.709,916.0,788.0,,,exhale,
20.657,20:55:44.729,896.0,791.0,,,exhale,
20.677,20:55:44.749,918.0,792.0,,,exhale,
20.697,20:55:44.769,919.0,794.0,,,exhale,
20.717,20:55:44.789,919.0,794.0,,,exhale,
20.737,20:55:44.809,922.0,793.0,,,exhale,
20.757,20:55:44.829,924.0,786.0,,,exhale,
20.777,20:55:44.849,928.0,795.0,,,exhale,
20.797,20:55:44.869,935.0,803.0,,,exhale,
20.817,20:55:44.889,927.0,800.0,,,exhale,
20.837,20:55:44.909,927.0,801.0,,,inhale,inhale_onset
20.857,20:55:44.929,932.0,813.0,,,inhale,
20.877,20:55:44.949,931.0,806.0,,,inhale,
20.897,20:55:44.969,933.0,808.0,,,inhale,
20.916,20:55:44.989,931.0,801.0,,,inhale,
20.936,20:55:45.009,932.0,806.0,,,inhale,
20.960,20:55:45.033,939.0,808.0,,,inhale,
20.976,20:55:45.049,931.0,807.0,,,inhale,
20.996,20:55:45.069,934.0,821.0,,,inhale,
21.016,20:55:45.089,938.0,808.0,,,inhale,
21.036,20:55:45.109,939.0,811.0,,,inhale,
21.057,20:55:45.129,951.0,808.0,,,inhale,
21.077,20:55:45.149,941.0,809.0,,,inhale,
21.097,20:55:45.169,938.0,808.0,,,inhale,
21.117,20:55:45.189,937.0,808.0,,,inhale,
21.137,20:55:45.209,939.0,809.0,,,inhale,
21.157,20:55:45.229,941.0,810.0,,,inhale,
21.177,20:55:45.249,937.0,809.0,,,inhale,
21.197,20:55:45.269,941.0,810.0,,,inhale,
21.217,20:55:45.289,941.0,808.0,,,inhale,
21.237,20:55:45.309,937.0,810.0,,,inhale,
21.257,20:55:45.329,939.0,812.0,,,inhale,
21.277,20:55:45.349,939.0,809.0,,,inhale,
21.297,20:55:45.369,937.0,811.0,,,inhale,
21.317,20:55:45.389,940.0,808.0,,,inhale,
21.337,20:55:45.409,941.0,810.0,,,inhale,
21.357,20:55:45.429,939.0,810.0,,,inhale,
21.377,20:55:45.449,939.0,810.0,,,inhale,
21.397,20:55:45.469,937.0,809.0,,,inhale,
21.417,20:55:45.489,939.0,806.0,,,inhale,
21.437,20:55:45.509,941.0,810.0,,,inhale,
21.457,20:55:45.529,941.0,809.0,,,inhale,
21.477,20:55:45.549,939.0,812.0,,,inhale,
21.497,20:55:45.569,940.0,811.0,,,inhale,
21.517,20:55:45.589,939.0,815.0,,,inhale,
21.537,20:55:45.609,943.0,811.0,,,inhale,
21.557,20:55:45.629,939.0,810.0,,,inhale,
21.577,20:55:45.649,939.0,810.0,,,inhale,
21.597,20:55:45.669,933.0,809.0,,,inhale,
21.617,20:55:45.689,969.0,808.0,,,inhale,
21.637,20:55:45.709,941.0,808.0,,,inhale,
21.657,20:55:45.729,938.0,819.0,,,inhale,
21.677,20:55:45.749,942.0,799.0,,,inhale,
21.697,20:55:45.769,942.0,817.0,,,inhale,
21.717,20:55:45.789,941.0,805.0,,,inhale,
21.737,20:55:45.809,942.0,808.0,,,inhale,
21.757,20:55:45.829,939.0,813.0,,,inhale,
21.777,20:55:45.849,939.0,805.0,,,inhale,
21.797,20:55:45.869,939.0,807.0,,,inhale,
21.817,20:55:45.889,939.0,808.0,,,inhale,
21.837,20:55:45.909,937.0,807.0,,,inhale,
21.857,20:55:45.929,935.0,808.0,,,inhale,
21.877,20:55:45.949,871.0,806.0,,,inhale,
21.897,20:55:45.969,933.0,806.0,,,inhale,
21.917,20:55:45.989,934.0,805.0,,,inhale,
21.937,20:55:46.009,932.0,804.0,,,inhale,
21.962,20:55:46.034,934.0,803.0,,,inhale,
21.977,20:55:46.049,935.0,808.0,,,inhale,
21.997,20:55:46.069,935.0,812.0,,,inhale,
22.017,20:55:46.089,931.0,808.0,,,inhale,
22.037,20:55:46.109,935.0,804.0,,,inhale,
22.057,20:55:46.129,934.0,804.0,,,exhale,exhale_onset
22.077,20:55:46.149,935.0,809.0,,,exhale,
22.096,20:55:46.169,935.0,804.0,,,exhale,
22.117,20:55:46.189,933.0,805.0,,,exhale,
22.137,20:55:46.209,937.0,807.0,,,exhale,
22.157,20:55:46.229,940.0,801.0,,,exhale,
22.177,20:55:46.249,935.0,806.0,,,exhale,
22.197,20:55:46.269,932.0,809.0,,,exhale,
22.217,20:55:46.289,936.0,804.0,,,exhale,
22.237,20:55:46.309,667.0,805.0,,,exhale,
22.257,20:55:46.329,935.0,806.0,,,exhale,
22.277,20:55:46.349,935.0,807.0,,,exhale,
22.297,20:55:46.369,935.0,807.0,,,exhale,
22.317,20:55:46.389,935.0,811.0,,,exhale,
22.337,20:55:46.409,934.0,801.0,,,exhale,
22.357,20:55:46.429,935.0,809.0,,,exhale,
22.377,20:55:46.449,935.0,807.0,,,exhale,
22.396,20:55:46.469,936.0,806.0,,,exhale,
22.417,20:55:46.489,935.0,806.0,,,exhale,
22.437,20:55:46.509,937.0,817.0,,,exhale,
22.457,20:55:46.529,937.0,804.0,,,exhale,
22.477,20:55:46.549,937.0,799.0,,,exhale,
22.496,20:55:46.569,936.0,806.0,,,exhale,
22.517,20:55:46.589,927.0,805.0,,,exhale,
22.537,20:55:46.609,917.0,804.0,,,exhale,
22.557,20:55:46.629,935.0,809.0,,,exhale,
22.577,20:55:46.649,934.0,802.0,,,exhale,
22.596,20:55:46.669,932.0,793.0,,,exhale,
22.617,20:55:46.689,923.0,801.0,,,exhale,
22.637,20:55:46.709,933.0,803.0,,,exhale,
22.657,20:55:46.729,932.0,803.0,,,exhale,
22.677,20:55:46.749,927.0,800.0,,,exhale,
22.697,20:55:46.769,931.0,797.0,,,exhale,
22.717,20:55:46.789,931.0,800.0,,,exhale,
22.737,20:55:46.809,925.0,800.0,,,exhale,
22.756,20:55:46.829,931.0,802.0,,,exhale,
22.777,20:55:46.849,927.0,797.0,,,exhale,
22.796,20:55:46.869,925.0,800.0,,,exhale,
22.817,20:55:46.889,924.0,795.0,,,exhale,
22.837,20:55:46.909,917.0,796.0,,,exhale,
22.857,20:55:46.929,925.0,794.0,,,exhale,
22.877,20:55:46.949,921.0,800.0,,,exhale,
22.896,20:55:46.969,923.0,789.0,,,exhale,
22.917,20:55:46.989,922.0,789.0,,,exhale,
22.937,20:55:47.009,923.0,799.0,,,exhale,
22.961,20:55:47.034,922.0,792.0,,,exhale,
22.976,20:55:47.049,920.0,793.0,,,exhale,
22.997,20:55:47.069,919.0,791.0,,,exhale,
23.016,20:55:47.089,921.0,796.0,,,exhale,
23.037,20:55:47.109,920.0,790.0,,,exhale,
23.057,20:55:47.129,920.0,794.0,,,exhale,
23.077,20:55:47.149,920.0,792.0,,,exhale,
23.096,20:55:47.169,920.0,791.0,,,exhale,
23.117,20:55:47.189,957.0,795.0,,,exhale,
23.137,20:55:47.209,917.0,792.0,,,exhale,
23.157,20:55:47.229,917.0,788.0,,,exhale,
23.177,20:55:47.249,917.0,791.0,,,exhale,
23.197,20:55:47.269,917.0,786.0,,,exhale,
23.217,20:55:47.289,921.0,792.0,,,exhale,
23.237,20:55:47.309,917.0,790.0,,,exhale,
23.257,20:55:47.329,914.0,789.0,,,exhale,
23.276,20:55:47.349,916.0,787.0,,,exhale,
23.297,20:55:47.369,916.0,788.0,,,exhale,
23.317,20:55:47.389,917.0,788.0,,,exhale,
23.337,20:55:47.409,916.0,790.0,,,exhale,
23.357,20:55:47.429,917.0,799.0,,,exhale,
23.377,20:55:47.449,920.0,793.0,,,exhale,
23.397,20:55:47.469,919.0,793.0,,,exhale,
23.417,20:55:47.489,923.0,796.0,,,exhale,
23.437,20:55:47.509,920.0,795.0,,,exhale,
23.457,20:55:47.529,919.0,796.0,,,exhale,
23.476,20:55:47.549,925.0,807.0,,,exhale,
23.497,20:55:47.569,925.0,795.0,,,exhale,
23.516,20:55:47.589,923.0,799.0,,,exhale,
23.536,20:55:47.609,927.0,799.0,,,inhale,inhale_onset
23.556,20:55:47.629,924.0,800.0,,,inhale,
23.576,20:55:47.649,925.0,800.0,,,inhale,
23.596,20:55:47.669,933.0,801.0,,,inhale,
23.616,20:55:47.689,931.0,803.0,,,inhale,
23.637,20:55:47.710,933.0,802.0,,,inhale,
23.656,20:55:47.729,936.0,802.0,,,inhale,
23.676,20:55:47.749,933.0,805.0,,,inhale,
23.696,20:55:47.769,934.0,805.0,,,inhale,
23.717,20:55:47.789,889.0,806.0,,,inhale,
23.736,20:55:47.809,921.0,804.0,,,inhale,
23.757,20:55:47.829,939.0,804.0,,,inhale,
23.776,20:55:47.849,935.0,804.0,,,inhale,
23.796,20:55:47.869,935.0,802.0,,,inhale,
23.817,20:55:47.889,935.0,809.0,,,inhale,
23.837,20:55:47.909,888.0,807.0,,,inhale,
23.857,20:55:47.929,1081.0,808.0,,,inhale,
23.877,20:55:47.949,935.0,808.0,,,inhale,
23.896,20:55:47.969,936.0,808.0,,,inhale,
23.917,20:55:47.989,935.0,809.0,,,inhale,
23.936,20:55:48.009,935.0,807.0,,,inhale,
23.961,20:55:48.034,935.0,808.0,,,inhale,
23.977,20:55:48.049,936.0,806.0,,,inhale,
23.997,20:55:48.069,936.0,810.0,,,inhale,
24.017,20:55:48.089,895.0,809.0,,,inhale,
24.036,20:55:48.109,938.0,807.0,,,inhale,
24.056,20:55:48.129,934.0,822.0,,,inhale,
24.077,20:55:48.149,939.0,808.0,,,inhale,
24.096,20:55:48.169,948.0,810.0,,,inhale,
24.117,20:55:48.189,937.0,809.0,,,inhale,
24.136,20:55:48.209,937.0,807.0,,,inhale,
24.156,20:55:48.229,936.0,804.0,,,inhale,
24.176,20:55:48.249,939.0,809.0,,,inhale,
24.197,20:55:48.269,937.0,809.0,,,inhale,
24.216,20:55:48.289,939.0,796.0,,,inhale,
24.236,20:55:48.309,955.0,808.0,,,inhale,
24.256,20:55:48.329,907.0,805.0,,,inhale,
24.276,20:55:48.349,939.0,809.0,,,inhale,
24.296,20:55:48.369,937.0,797.0,,,inhale,
24.316,20:55:48.389,893.0,804.0,,,inhale,
24.336,20:55:48.409,937.0,808.0,,,inhale,
24.356,20:55:48.429,935.0,802.0,,,inhale,
24.377,20:55:48.449,937.0,808.0,,,inhale,
24.396,20:55:48.469,936.0,807.0,,,inhale,
24.416,20:55:48.489,939.0,804.0,,,inhale,
24.437,20:55:48.509,936.0,809.0,,,inhale,
24.456,20:55:48.529,938.0,810.0,,,inhale,
24.477,20:55:48.549,936.0,809.0,,,inhale,
24.496,20:55:48.569,937.0,808.0,,,inhale,
24.517,20:55:48.589,937.0,809.0,,,inhale,
24.536,20:55:48.609,939.0,808.0,,,inhale,
24.556,20:55:48.629,937.0,807.0,,,inhale,
24.577,20:55:48.649,935.0,808.0,,,inhale,
24.596,20:55:48.669,937.0,807.0,,,inhale,
24.617,20:55:48.689,935.0,808.0,,,inhale,
24.637,20:55:48.709,935.0,808.0,,,inhale,
24.656,20:55:48.729,935.0,799.0,,,inhale,
24.676,20:55:48.749,927.0,805.0,,,inhale,
24.697,20:55:48.769,933.0,805.0,,,inhale,
24.716,20:55:48.789,932.0,804.0,,,inhale,
24.736,20:55:48.809,933.0,802.0,,,exhale,exhale_onset
24.756,20:55:48.829,932.0,802.0,,,exhale,
24.776,20:55:48.849,955.0,802.0,,,exhale,
24.796,20:55:48.869,929.0,801.0,,,exhale,
24.816,20:55:48.889,919.0,806.0,,,exhale,
24.836,20:55:48.909,931.0,805.0,,,exhale,
24.857,20:55:48.929,928.0,797.0,,,exhale,
24.876,20:55:48.949,927.0,801.0,,,exhale,
24.896,20:55:48.969,931.0,802.0,,,exhale,
24.916,20:55:48.989,927.0,800.0,,,exhale,
24.936,20:55:49.009,927.0,808.0,,,exhale,
24.961,20:55:49.034,933.0,802.0,,,exhale,
24.976,20:55:49.049,933.0,803.0,,,exhale,
24.997,20:55:49.069,932.0,803.0,,,exhale,
25.016,20:55:49.089,931.0,803.0,,,exhale,
25.037,20:55:49.109,933.0,811.0,,,exhale,
25.056,20:55:49.129,932.0,804.0,,,exhale,
25.076,20:55:49.149,931.0,806.0,,,exhale,
25.096,20:55:49.169,927.0,803.0,,,exhale,
25.116,20:55:49.189,934.0,804.0,,,exhale,
25.136,20:55:49.209,933.0,803.0,,,exhale,
25.156,20:55:49.229,933.0,806.0,,,exhale,
25.176,20:55:49.249,935.0,804.0,,,exhale,
25.196,20:55:49.269,934.0,806.0,,,exhale,
25.216,20:55:49.289,934.0,805.0,,,exhale,
25.236,20:55:49.309,935.0,805.0,,,exhale,
25.256,20:55:49.329,931.0,805.0,,,exhale,
25.276,20:55:49.349,935.0,803.0,,,exhale,
25.296,20:55:49.369,935.0,805.0,,,exhale,
25.316,20:55:49.389,939.0,805.0,,,exhale,
25.336,20:55:49.409,935.0,803.0,,,exhale,
25.357,20:55:49.429,931.0,803.0,,,exhale,
25.376,20:55:49.449,932.0,803.0,,,exhale,
25.396,20:55:49.469,932.0,799.0,,,exhale,
25.416,20:55:49.489,931.0,803.0,,,exhale,
25.436,20:55:49.509,932.0,803.0,,,exhale,
25.456,20:55:49.529,935.0,799.0,,,exhale,
25.476,20:55:49.549,957.0,803.0,,,exhale,
25.496,20:55:49.569,931.0,801.0,,,exhale,
25.516,20:55:49.589,926.0,800.0,,,exhale,
25.536,20:55:49.609,927.0,797.0,,,exhale,
25.556,20:55:49.629,931.0,794.0,,,exhale,
25.576,20:55:49.649,931.0,798.0,,,exhale,
25.596,20:55:49.669,920.0,797.0,,,exhale,
25.616,20:55:49.689,925.0,797.0,,,exhale,
25.637,20:55:49.709,923.0,798.0,,,exhale,
25.656,20:55:49.729,924.0,793.0,,,exhale,
25.676,20:55:49.749,927.0,797.0,,,exhale,
25.696,20:55:49.769,925.0,793.0,,,exhale,
25.716,20:55:49.789,923.0,788.0,,,exhale,
25.736,20:55:49.809,921.0,794.0,,,exhale,
25.756,20:55:49.829,922.0,794.0,,,exhale,
25.776,20:55:49.849,921.0,796.0,,,exhale,
25.796,20:55:49.869,927.0,795.0,,,exhale,
25.816,20:55:49.889,920.0,795.0,,,exhale,
25.836,20:55:49.909,925.0,796.0,,,exhale,
25.856,20:55:49.929,924.0,794.0,,,exhale,
25.876,20:55:49.949,919.0,795.0,,,exhale,
25.896,20:55:49.969,921.0,793.0,,,exhale,
25.916,20:55:49.989,923.0,795.0,,,exhale,
25.936,20:55:50.009,873.0,794.0,,,exhale,
25.960,20:55:50.032,922.0,797.0,,,exhale,
25.976,20:55:50.049,920.0,790.0,,,exhale,
25.996,20:55:50.069,919.0,784.0,,,exhale,
26.016,20:55:50.089,923.0,794.0,,,exhale,
26.036,20:55:50.109,921.0,796.0,,,exhale,
26.056,20:55:50.129,923.0,795.0,,,exhale,
26.076,20:55:50.149,920.0,795.0,,,exhale,
26.096,20:55:50.169,921.0,781.0,,,exhale,
26.116,20:55:50.189,918.0,796.0,,,exhale,
26.136,20:55:50.209,917.0,793.0,,,exhale,
26.156,20:55:50.229,921.0,794.0,,,exhale,
26.176,20:55:50.249,921.0,802.0,,,exhale,
26.196,20:55:50.269,920.0,793.0,,,exhale,
26.216,20:55:50.289,918.0,793.0,,,exhale,
26.236,20:55:50.309,915.0,792.0,,,exhale,
26.256,20:55:50.329,918.0,795.0,,,exhale,
26.276,20:55:50.349,916.0,788.0,,,exhale,
26.296,20:55:50.369,915.0,789.0,,,exhale,
26.316,20:55:50.389,911.0,788.0,,,exhale,
26.336,20:55:50.409,915.0,787.0,,,exhale,
26.356,20:55:50.429,914.0,789.0,,,exhale,
26.376,20:55:50.449,915.0,789.0,,,exhale,
26.396,20:55:50.469,914.0,790.0,,,exhale,
26.416,20:55:50.489,918.0,791.0,,,exhale,
26.436,20:55:50.509,917.0,791.0,,,exhale,
26.456,20:55:50.529,919.0,792.0,,,exhale,
26.476,20:55:50.549,921.0,793.0,,,exhale,
26.496,20:55:50.569,921.0,796.0,,,exhale,
26.516,20:55:50.589,922.0,796.0,,,exhale,
26.536,20:55:50.609,923.0,797.0,,,exhale,
26.556,20:55:50.629,928.0,797.0,,,exhale,
26.576,20:55:50.649,927.0,799.0,,,exhale,
26.596,20:55:50.669,931.0,797.0,,,inhale,inhale_onset
26.616,20:55:50.689,920.0,800.0,,,inhale,
26.636,20:55:50.709,933.0,801.0,,,inhale,
26.656,20:55:50.729,923.0,804.0,,,inhale,
26.676,20:55:50.749,998.0,802.0,,,inhale,
26.696,20:55:50.769,935.0,804.0,,,inhale,
26.716,20:55:50.789,932.0,817.0,,,inhale,
26.736,20:55:50.809,935.0,806.0,,,inhale,
26.756,20:55:50.829,927.0,806.0,,,inhale,
26.776,20:55:50.849,943.0,807.0,,,inhale,
26.796,20:55:50.869,940.0,807.0,,,inhale,
26.816,20:55:50.889,938.0,806.0,,,inhale,
26.836,20:55:50.909,925.0,820.0,,,inhale,
26.856,20:55:50.929,939.0,808.0,,,inhale,
26.876,20:55:50.949,937.0,809.0,,,inhale,
26.896,20:55:50.969,888.0,809.0,,,inhale,
26.916,20:55:50.989,939.0,809.0,,,inhale,
26.936,20:55:51.009,939.0,809.0,,,inhale,
26.961,20:55:51.034,937.0,809.0,,,inhale,
26.976,20:55:51.049,933.0,809.0,,,inhale,
26.996,20:55:51.069,941.0,812.0,,,inhale,
27.016,20:55:51.089,950.0,810.0,,,inhale,
27.036,20:55:51.109,939.0,811.0,,,inhale,
27.056,20:55:51.129,941.0,810.0,,,inhale,
27.076,20:55:51.149,943.0,811.0,,,inhale,
27.096,20:55:51.169,943.0,812.0,,,inhale,
27.116,20:55:51.189,939.0,817.0,,,inhale,
27.136,20:55:51.209,940.0,810.0,,,inhale,
27.156,20:55:51.229,923.0,807.0,,,inhale,
27.176,20:55:51.249,940.0,810.0,,,inhale,
27.196,20:55:51.269,943.0,817.0,,,inhale,
27.216,20:55:51.289,939.0,812.0,,,inhale,
27.236,20:55:51.309,937.0,810.0,,,inhale,
27.256,20:55:51.329,941.0,811.0,,,inhale,
27.276,20:55:51.349,943.0,812.0,,,inhale,
27.296,20:55:51.369,956.0,815.0,,,inhale,
27.316,20:55:51.389,941.0,813.0,,,inhale,
27.336,20:55:51.409,951.0,812.0,,,inhale,
27.356,20:55:51.429,940.0,813.0,,,inhale,
27.376,20:55:51.449,940.0,812.0,,,inhale,
27.396,20:55:51.469,937.0,810.0,,,inhale,
27.416,20:55:51.489,940.0,807.0,,,inhale,
27.436,20:55:51.509,939.0,810.0,,,inhale,
27.456,20:55:51.529,940.0,809.0,,,inhale,
27.476,20:55:51.549,719.0,808.0,,,inhale,
27.496,20:55:51.569,950.0,808.0,,,inhale,
27.516,20:55:51.589,938.0,809.0,,,inhale,
27.536,20:55:51.609,926.0,809.0,,,inhale,
27.556,20:55:51.629,935.0,817.0,,,inhale,
27.576,20:55:51.649,935.0,806.0,,,inhale,
27.596,20:55:51.669,936.0,805.0,,,inhale,
27.616,20:55:51.689,935.0,809.0,,,inhale,
27.636,20:55:51.709,933.0,807.0,,,inhale,
27.656,20:55:51.729,933.0,803.0,,,inhale,
27.676,20:55:51.749,931.0,803.0,,,inhale,
27.696,20:55:51.769,931.0,801.0,,,inhale,
27.716,20:55:51.789,947.0,809.0,,,inhale,
27.736,20:55:51.809,932.0,803.0,,,inhale,
27.756,20:55:51.829,931.0,802.0,,,inhale,
27.777,20:55:51.849,933.0,804.0,,,inhale,
27.796,20:55:51.869,935.0,802.0,,,inhale,
27.816,20:55:51.889,933.0,802.0,,,exhale,exhale_onset
27.836,20:55:51.909,933.0,802.0,,,exhale,
27.856,20:55:51.929,931.0,801.0,,,exhale,
27.876,20:55:51.949,935.0,803.0,,,exhale,
27.896,20:55:51.969,927.0,789.0,,,exhale,
27.916,20:55:51.989,932.0,803.0,,,exhale,
27.936,20:55:52.009,931.0,807.0,,,exhale,
27.961,20:55:52.034,935.0,803.0,,,exhale,
27.976,20:55:52.049,934.0,804.0,,,exhale,
27.996,20:55:52.069,932.0,799.0,,,exhale,
28.016,20:55:52.089,933.0,804.0,,,exhale,
28.036,20:55:52.109,937.0,804.0,,,exhale,
28.056,20:55:52.129,940.0,803.0,,,exhale,
28.076,20:55:52.149,933.0,801.0,,,exhale,
28.096,20:55:52.169,935.0,818.0,,,exhale,
28.116,20:55:52.189,934.0,806.0,,,exhale,
28.136,20:55:52.209,933.0,801.0,,,exhale,
28.156,20:55:52.229,933.0,803.0,,,exhale,
28.177,20:55:52.249,928.0,810.0,,,exhale,
28.196,20:55:52.269,933.0,802.0,,,exhale,
28.216,20:55:52.289,933.0,806.0,,,exhale,
28.236,20:55:52.309,933.0,809.0,,,exhale,
28.256,20:55:52.329,931.0,801.0,,,exhale,
28.276,20:55:52.349,935.0,812.0,,,exhale,
28.296,20:55:52.369,933.0,788.0,,,exhale,
28.316,20:55:52.389,932.0,802.0,,,exhale,
28.336,20:55:52.409,931.0,800.0,,,exhale,
28.356,20:55:52.429,886.0,799.0,,,exhale,
28.376,20:55:52.449,931.0,799.0,,,exhale,
28.396,20:55:52.469,925.0,798.0,,,exhale,
28.416,20:55:52.489,907.0,798.0,,,exhale,
28.436,20:55:52.509,927.0,796.0,,,exhale,
28.456,20:55:52.529,922.0,798.0,,,exhale,
28.477,20:55:52.550,923.0,795.0,,,exhale,
28.496,20:55:52.569,923.0,797.0,,,exhale,
28.516,20:55:52.589,917.0,793.0,,,exhale,
28.536,20:55:52.609,917.0,793.0,,,exhale,
28.556,20:55:52.629,920.0,794.0,,,exhale,
28.576,20:55:52.649,917.0,792.0,,,exhale,
28.596,20:55:52.669,917.0,792.0,,,exhale,
28.616,20:55:52.689,919.0,794.0,,,exhale,
28.636,20:55:52.709,917.0,792.0,,,exhale,
28.656,20:55:52.728,920.0,795.0,,,exhale,
28.676,20:55:52.749,918.0,791.0,,,exhale,
28.696,20:55:52.769,919.0,790.0,,,exhale,
28.716,20:55:52.789,923.0,792.0,,,exhale,
28.736,20:55:52.809,917.0,792.0,,,exhale,
28.756,20:55:52.828,919.0,794.0,,,exhale,
28.776,20:55:52.849,917.0,793.0,,,exhale,
28.796,20:55:52.869,920.0,790.0,,,exhale,
28.816,20:55:52.889,925.0,792.0,,,exhale,
28.836,20:55:52.909,919.0,796.0,,,exhale,
28.856,20:55:52.929,917.0,793.0,,,exhale,
28.876,20:55:52.949,918.0,787.0,,,exhale,
28.896,20:55:52.969,918.0,786.0,,,exhale,
28.916,20:55:52.989,917.0,787.0,,,exhale,
28.936,20:55:53.009,917.0,793.0,,,exhale,
28.961,20:55:53.034,917.0,792.0,,,exhale,
28.976,20:55:53.049,917.0,796.0,,,exhale,
28.996,20:55:53.069,915.0,790.0,,,exhale,
29.016,20:55:53.089,915.0,791.0,,,exhale,
29.036,20:55:53.109,915.0,787.0,,,exhale,
29.056,20:55:53.129,918.0,787.0,,,exhale,
29.076,20:55:53.149,915.0,788.0,,,exhale,
29.096,20:55:53.169,915.0,785.0,,,exhale,
29.116,20:55:53.189,911.0,789.0,,,exhale,
29.136,20:55:53.209,911.0,790.0,,,exhale,
29.156,20:55:53.229,911.0,796.0,,,exhale,
29.176,20:55:53.249,909.0,794.0,,,exhale,
29.196,20:55:53.269,911.0,781.0,,,exhale,
29.216,20:55:53.289,1049.0,782.0,,,exhale,
29.236,20:55:53.309,909.0,779.0,,,exhale,
29.256,20:55:53.329,909.0,787.0,,,exhale,
29.276,20:55:53.349,917.0,784.0,,,exhale,
29.296,20:55:53.369,907.0,782.0,,,exhale,
29.316,20:55:53.389,907.0,783.0,,,exhale,
29.336,20:55:53.409,907.0,782.0,,,exhale,
29.356,20:55:53.429,915.0,783.0,,,exhale,
29.376,20:55:53.449,909.0,783.0,,,exhale,
29.396,20:55:53.469,908.0,782.0,,,exhale,
29.416,20:55:53.489,907.0,781.0,,,exhale,
29.436,20:55:53.509,904.0,780.0,,,exhale,
29.456,20:55:53.529,905.0,779.0,,,exhale,
29.476,20:55:53.549,905.0,778.0,,,exhale,
29.496,20:55:53.569,904.0,780.0,,,exhale,
29.516,20:55:53.589,909.0,784.0,,,exhale,
29.536,20:55:53.609,908.0,779.0,,,exhale,
29.556,20:55:53.629,910.0,783.0,,,exhale,
29.576,20:55:53.649,911.0,785.0,,,exhale,
29.596,20:55:53.668,919.0,785.0,,,exhale,
29.616,20:55:53.689,915.0,787.0,,,exhale,
29.636,20:55:53.709,920.0,790.0,,,exhale,
29.656,20:55:53.729,918.0,792.0,,,exhale,
29.676,20:55:53.749,918.0,789.0,,,exhale,
29.696,20:55:53.769,919.0,791.0,,,exhale,
29.716,20:55:53.789,923.0,794.0,,,inhale,inhale_onset
29.736,20:55:53.809,922.0,796.0,,,inhale,
29.756,20:55:53.829,923.0,799.0,,,inhale,
29.776,20:55:53.849,923.0,792.0,,,inhale,
29.796,20:55:53.869,931.0,800.0,,,inhale,
29.816,20:55:53.889,925.0,798.0,,,inhale,
29.836,20:55:53.909,927.0,793.0,,,inhale,
29.856,20:55:53.929,932.0,787.0,,,inhale,
29.876,20:55:53.949,923.0,803.0,,,inhale,
29.896,20:55:53.969,927.0,796.0,,,inhale,
29.916,20:55:53.989,933.0,798.0,,,inhale,
29.936,20:55:54.009,931.0,802.0,,,inhale,
29.961,20:55:54.033,927.0,802.0,,,inhale,
29.976,20:55:54.049,935.0,805.0,,,inhale,
29.996,20:55:54.069,935.0,803.0,,,inhale,
30.016,20:55:54.089,934.0,805.0,,,inhale,
30.036,20:55:54.109,935.0,806.0,,,inhale,
30.056,20:55:54.129,958.0,806.0,,,inhale,
30.077,20:55:54.149,935.0,808.0,,,inhale,
30.096,20:55:54.168,857.0,803.0,,,inhale,
30.116,20:55:54.188,933.0,815.0,,,inhale,
30.136,20:55:54.208,937.0,806.0,,,inhale,
30.156,20:55:54.228,935.0,807.0,,,inhale,
30.176,20:55:54.248,935.0,807.0,,,inhale,
30.196,20:55:54.268,935.0,808.0,,,inhale,
30.216,20:55:54.289,943.0,796.0,,,inhale,
30.236,20:55:54.309,941.0,807.0,,,inhale,
30.256,20:55:54.329,937.0,812.0,,,inhale,
30.276,20:55:54.349,937.0,805.0,,,inhale,
30.296,20:55:54.368,937.0,806.0,,,inhale,
30.316,20:55:54.389,937.0,806.0,,,inhale,
30.336,20:55:54.409,935.0,808.0,,,inhale,
30.356,20:55:54.429,937.0,806.0,,,inhale,
30.376,20:55:54.449,935.0,807.0,,,inhale,
30.396,20:55:54.468,936.0,802.0,,,inhale,
30.416,20:55:54.489,938.0,808.0,,,inhale,
30.436,20:55:54.509,937.0,800.0,,,inhale,
30.456,20:55:54.529,937.0,808.0,,,inhale,
30.476,20:55:54.548,940.0,810.0,,,inhale,
30.496,20:55:54.569,941.0,807.0,,,inhale,
30.516,20:55:54.589,939.0,809.0,,,inhale,
30.536,20:55:54.609,938.0,809.0,,,inhale,
30.556,20:55:54.629,940.0,813.0,,,inhale,
30.576,20:55:54.649,939.0,804.0,,,inhale,
30.596,20:55:54.668,941.0,811.0,,,inhale,
30.616,20:55:54.689,933.0,810.0,,,inhale,
30.636,20:55:54.709,940.0,809.0,,,inhale,
30.656,20:55:54.729,942.0,808.0,,,inhale,
30.676,20:55:54.749,939.0,810.0,,,inhale,
30.696,20:55:54.769,941.0,814.0,,,inhale,
30.716,20:55:54.789,941.0,811.0,,,inhale,
30.736,20:55:54.809,939.0,811.0,,,inhale,
30.756,20:55:54.829,913.0,811.0,,,inhale,
30.776,20:55:54.849,941.0,812.0,,,inhale,
30.796,20:55:54.868,937.0,810.0,,,inhale,
30.816,20:55:54.889,939.0,802.0,,,inhale,
30.836,20:55:54.908,938.0,809.0,,,inhale,
30.856,20:55:54.929,935.0,809.0,,,inhale,
30.876,20:55:54.948,936.0,808.0,,,inhale,
30.896,20:55:54.968,941.0,830.0,,,inhale,
30.916,20:55:54.988,936.0,802.0,,,inhale,
30.936,20:55:55.008,934.0,805.0,,,inhale,
30.960,20:55:55.032,927.0,804.0,,,inhale,
30.976,20:55:55.048,935.0,804.0,,,inhale,
30.996,20:55:55.068,933.0,800.0,,,inhale,
31.016,20:55:55.088,933.0,804.0,,,exhale,exhale_onset
31.036,20:55:55.108,933.0,801.0,,,exhale,
31.056,20:55:55.128,927.0,805.0,,,exhale,
31.076,20:55:55.148,935.0,804.0,,,exhale,
31.096,20:55:55.168,931.0,803.0,,,exhale,
31.116,20:55:55.189,933.0,816.0,,,exhale,
31.136,20:55:55.209,935.0,805.0,,,exhale,
31.156,20:55:55.228,932.0,806.0,,,exhale,
31.176,20:55:55.249,932.0,806.0,,,exhale,
31.196,20:55:55.268,933.0,804.0,,,exhale,
31.216,20:55:55.289,935.0,807.0,,,exhale,
31.236,20:55:55.309,943.0,804.0,,,exhale,
31.256,20:55:55.328,939.0,805.0,,,exhale,
31.276,20:55:55.348,934.0,807.0,,,exhale,
31.296,20:55:55.369,927.0,799.0,,,exhale,
31.316,20:55:55.389,936.0,804.0,,,exhale,
31.336,20:55:55.408,935.0,813.0,,,exhale,
31.356,20:55:55.428,935.0,806.0,,,exhale,
31.376,20:55:55.449,937.0,804.0,,,exhale,
31.396,20:55:55.468,935.0,806.0,,,exhale,
31.416,20:55:55.488,936.0,806.0,,,exhale,
31.436,20:55:55.508,939.0,798.0,,,exhale,
31.456,20:55:55.528,938.0,795.0,,,exhale,
31.476,20:55:55.548,932.0,805.0,,,exhale,
31.496,20:55:55.568,937.0,800.0,,,exhale,
31.516,20:55:55.588,939.0,797.0,,,exhale,
31.536,20:55:55.608,934.0,805.0,,,exhale,
31.556,20:55:55.628,933.0,804.0,,,exhale,
31.576,20:55:55.649,931.0,816.0,,,exhale,
31.596,20:55:55.668,858.0,810.0,,,exhale,
31.616,20:55:55.688,931.0,804.0,,,exhale,
31.636,20:55:55.708,932.0,805.0,,,exhale,
31.656,20:55:55.729,935.0,802.0,,,exhale,
31.676,20:55:55.748,931.0,803.0,,,exhale,
31.696,20:55:55.768,931.0,802.0,,,exhale,
31.716,20:55:55.788,931.0,803.0,,,exhale,
31.736,20:55:55.808,930.0,796.0,,,exhale,
31.756,20:55:55.828,928.0,801.0,,,exhale,
31.776,20:55:55.848,927.0,800.0,,,exhale,
31.796,20:55:55.869,927.0,797.0,,,exhale,
31.816,20:55:55.888,923.0,798.0,,,exhale,
31.836,20:55:55.908,925.0,798.0,,,exhale,
31.856,20:55:55.928,925.0,797.0,,,exhale,
31.876,20:55:55.948,925.0,796.0,,,exhale,
31.896,20:55:55.968,922.0,796.0,,,exhale,
31.916,20:55:55.989,921.0,795.0,,,exhale,
31.936,20:55:56.008,923.0,795.0,,,exhale,
31.960,20:55:56.033,921.0,783.0,,,exhale,
31.976,20:55:56.048,927.0,792.0,,,exhale,
31.996,20:55:56.068,917.0,793.0,,,exhale,
32.016,20:55:56.088,914.0,806.0,,,exhale,
32.036,20:55:56.108,923.0,793.0,,,exhale,
32.056,20:55:56.128,925.0,795.0,,,exhale,
32.076,20:55:56.148,921.0,794.0,,,exhale,
32.096,20:55:56.168,923.0,782.0,,,exhale,
32.116,20:55:56.188,922.0,792.0,,,exhale,
32.136,20:55:56.208,920.0,792.0,,,exhale,
32.156,20:55:56.228,919.0,799.0,,,exhale,
32.176,20:55:56.248,917.0,791.0,,,exhale,
32.196,20:55:56.268,915.0,793.0,,,exhale,
32.216,20:55:56.288,924.0,790.0,,,exhale,
32.236,20:55:56.308,917.0,790.0,,,exhale,
32.256,20:55:56.328,915.0,780.0,,,exhale,
32.276,20:55:56.349,911.0,790.0,,,exhale,
32.296,20:55:56.368,916.0,788.0,,,exhale,
32.316,20:55:56.388,916.0,786.0,,,exhale,
32.336,20:55:56.408,911.0,787.0,,,exhale,
32.356,20:55:56.428,914.0,786.0,,,exhale,
32.376,20:55:56.448,909.0,792.0,,,exhale,
32.396,20:55:56.468,915.0,785.0,,,exhale,
32.416,20:55:56.488,909.0,781.0,,,exhale,
32.436,20:55:56.508,905.0,784.0,,,exhale,
32.456,20:55:56.528,917.0,783.0,,,exhale,
32.476,20:55:56.548,902.0,787.0,,,exhale,
32.496,20:55:56.568,915.0,783.0,,,exhale,
32.516,20:55:56.588,907.0,780.0,,,exhale,
32.536,20:55:56.608,909.0,784.0,,,exhale,
32.556,20:55:56.628,920.0,781.0,,,exhale,
32.576,20:55:56.648,907.0,782.0,,,exhale,
32.596,20:55:56.668,904.0,787.0,,,exhale,
32.616,20:55:56.688,906.0,785.0,,,exhale,
32.636,20:55:56.708,911.0,783.0,,,exhale,
32.656,20:55:56.728,909.0,784.0,,,exhale,
32.676,20:55:56.748,915.0,792.0,,,exhale,
32.696,20:55:56.768,915.0,789.0,,,exhale,
32.716,20:55:56.788,918.0,792.0,,,exhale,
32.736,20:55:56.808,917.0,791.0,,,exhale,
32.756,20:55:56.828,921.0,792.0,,,exhale,
32.776,20:55:56.848,919.0,792.0,,,exhale,
32.796,20:55:56.868,917.0,787.0,,,exhale,
32.816,20:55:56.888,921.0,797.0,,,exhale,
32.836,20:55:56.908,923.0,797.0,,,inhale,inhale_onset
32.856,20:55:56.928,923.0,799.0,,,inhale,
32.876,20:55:56.948,927.0,800.0,,,inhale,
32.896,20:55:56.968,925.0,798.0,,,inhale,
32.916,20:55:56.988,927.0,802.0,,,inhale,
32.936,20:55:57.008,927.0,801.0,,,inhale,
32.961,20:55:57.033,931.0,802.0,,,inhale,
32.976,20:55:57.048,933.0,799.0,,,inhale,
32.996,20:55:57.068,928.0,799.0,,,inhale,
33.016,20:55:57.088,933.0,801.0,,,inhale,
33.036,20:55:57.108,931.0,803.0,,,inhale,
33.056,20:55:57.128,927.0,807.0,,,inhale,
33.076,20:55:57.148,933.0,816.0,,,inhale,
33.096,20:55:57.168,927.0,804.0,,,inhale,
33.116,20:55:57.188,935.0,805.0,,,inhale,
33.136,20:55:57.208,932.0,813.0,,,inhale,
33.156,20:55:57.228,936.0,804.0,,,inhale,
33.176,20:55:57.248,934.0,807.0,,,inhale,
33.196,20:55:57.268,936.0,806.0,,,inhale,
33.216,20:55:57.288,935.0,806.0,,,inhale,
33.236,20:55:57.308,937.0,807.0,,,inhale,
33.256,20:55:57.328,940.0,810.0,,,inhale,
33.276,20:55:57.348,959.0,815.0,,,inhale,
33.296,20:55:57.368,935.0,815.0,,,inhale,
33.316,20:55:57.388,935.0,808.0,,,inhale,
33.336,20:55:57.408,937.0,807.0,,,inhale,
33.356,20:55:57.428,964.0,807.0,,,inhale,
33.376,20:55:57.448,933.0,805.0,,,inhale,
33.396,20:55:57.468,936.0,816.0,,,inhale,
33.427,20:55:57.499,933.0,806.0,,,inhale,
33.436,20:55:57.508,935.0,808.0,,,inhale,
33.456,20:55:57.528,937.0,806.0,,,inhale,
33.476,20:55:57.548,931.0,800.0,,,inhale,
33.496,20:55:57.568,936.0,807.0,,,inhale,
33.516,20:55:57.588,935.0,805.0,,,inhale,
33.536,20:55:57.608,935.0,805.0,,,inhale,
33.556,20:55:57.628,939.0,808.0,,,inhale,
33.576,20:55:57.648,972.0,807.0,,,inhale,
33.596,20:55:57.668,937.0,807.0,,,inhale,
33.616,20:55:57.688,936.0,807.0,,,inhale,
33.636,20:55:57.708,935.0,808.0,,,inhale,
33.656,20:55:57.728,935.0,807.0,,,inhale,
33.676,20:55:57.748,936.0,815.0,,,inhale,
33.696,20:55:57.768,937.0,807.0,,,inhale,
33.716,20:55:57.788,936.0,804.0,,,inhale,
33.736,20:55:57.808,937.0,806.0,,,inhale,
33.756,20:55:57.828,935.0,803.0,,,inhale,
33.776,20:55:57.848,934.0,804.0,,,inhale,
33.796,20:55:57.868,936.0,798.0,,,inhale,
33.816,20:55:57.888,933.0,804.0,,,inhale,
33.836,20:55:57.908,935.0,804.0,,,inhale,
33.856,20:55:57.928,931.0,804.0,,,inhale,
33.876,20:55:57.948,933.0,802.0,,,inhale,
33.896,20:55:57.968,933.0,802.0,,,inhale,
33.916,20:55:57.988,934.0,803.0,,,inhale,
33.936,20:55:58.008,931.0,801.0,,,inhale,
33.961,20:55:58.033,925.0,799.0,,,inhale,
33.976,20:55:58.048,927.0,800.0,,,inhale,
33.996,20:55:58.068,928.0,804.0,,,inhale,
34.016,20:55:58.088,927.0,799.0,,,inhale,
34.036,20:55:58.108,925.0,792.0,,,exhale,exhale_onset
34.056,20:55:58.128,927.0,797.0,,,exhale,
34.076,20:55:58.148,927.0,786.0,,,exhale,
34.096,20:55:58.168,923.0,794.0,,,exhale,
34.116,20:55:58.188,924.0,797.0,,,exhale,
34.136,20:55:58.208,967.0,793.0,,,exhale,
34.156,20:55:58.228,924.0,799.0,,,exhale,
34.176,20:55:58.248,925.0,796.0,,,exhale,
34.196,20:55:58.268,923.0,796.0,,,exhale,
34.216,20:55:58.288,925.0,796.0,,,exhale,
34.236,20:55:58.308,923.0,796.0,,,exhale,
34.256,20:55:58.328,921.0,793.0,,,exhale,
34.276,20:55:58.348,915.0,796.0,,,exhale,
34.296,20:55:58.368,923.0,797.0,,,exhale,
34.316,20:55:58.388,923.0,794.0,,,exhale,
34.336,20:55:58.408,925.0,797.0,,,exhale,
34.356,20:55:58.428,925.0,796.0,,,exhale,
34.376,20:55:58.448,926.0,795.0,,,exhale,
34.396,20:55:58.468,925.0,796.0,,,exhale,
34.416,20:55:58.488,927.0,798.0,,,exhale,
34.436,20:55:58.508,927.0,808.0,,,exhale,
34.456,20:55:58.528,925.0,799.0,,,exhale,
34.476,20:55:58.548,925.0,800.0,,,exhale,
34.496,20:55:58.568,927.0,800.0,,,exhale,
34.516,20:55:58.588,925.0,800.0,,,exhale,
34.536,20:55:58.608,933.0,800.0,,,exhale,
34.556,20:55:58.628,919.0,800.0,,,exhale,
34.576,20:55:58.648,927.0,800.0,,,exhale,
34.596,20:55:58.668,926.0,802.0,,,exhale,
34.616,20:55:58.688,931.0,802.0,,,exhale,
34.636,20:55:58.708,862.0,800.0,,,exhale,
34.656,20:55:58.728,927.0,799.0,,,exhale,
34.676,20:55:58.748,927.0,798.0,,,exhale,
34.696,20:55:58.768,926.0,798.0,,,exhale,
34.716,20:55:58.788,923.0,796.0,,,exhale,
34.736,20:55:58.808,927.0,797.0,,,exhale,
34.756,20:55:58.828,923.0,787.0,,,exhale,
34.776,20:55:58.848,903.0,791.0,,,exhale,
34.796,20:55:58.868,925.0,796.0,,,exhale,
34.816,20:55:58.888,921.0,797.0,,,exhale,
34.836,20:55:58.908,927.0,797.0,,,exhale,
34.856,20:55:58.928,921.0,801.0,,,exhale,
34.876,20:55:58.948,924.0,801.0,,,exhale,
34.896,20:55:58.968,925.0,798.0,,,exhale,
34.916,20:55:58.988,925.0,797.0,,,exhale,
34.936,20:55:59.008,920.0,797.0,,,exhale,
34.961,20:55:59.033,924.0,799.0,,,exhale,
34.976,20:55:59.048,921.0,796.0,,,exhale,
34.996,20:55:59.068,923.0,799.0,,,exhale,
35.016,20:55:59.088,903.0,798.0,,,exhale,
35.036,20:55:59.108,923.0,795.0,,,exhale,
35.056,20:55:59.128,921.0,796.0,,,exhale,
35.076,20:55:59.148,919.0,793.0,,,exhale,
35.096,20:55:59.168,919.0,794.0,,,exhale,
35.116,20:55:59.188,921.0,795.0,,,exhale,
35.136,20:55:59.208,918.0,793.0,,,exhale,
35.156,20:55:59.228,921.0,793.0,,,exhale,
35.176,20:55:59.248,921.0,792.0,,,exhale,
35.196,20:55:59.268,920.0,788.0,,,exhale,
35.216,20:55:59.288,922.0,790.0,,,exhale,
35.236,20:55:59.308,917.0,791.0,,,exhale,
35.256,20:55:59.328,921.0,779.0,,,exhale,
35.276,20:55:59.348,915.0,791.0,,,exhale,
35.296,20:55:59.368,918.0,811.0,,,exhale,
35.316,20:55:59.388,917.0,788.0,,,exhale,
35.336,20:55:59.408,944.0,789.0,,,exhale,
35.356,20:55:59.428,909.0,787.0,,,exhale,
35.376,20:55:59.448,915.0,786.0,,,exhale,
35.396,20:55:59.468,914.0,798.0,,,exhale,
35.416,20:55:59.488,915.0,784.0,,,exhale,
35.436,20:55:59.508,911.0,787.0,,,exhale,
35.456,20:55:59.528,916.0,787.0,,,exhale,
35.476,20:55:59.548,948.0,791.0,,,exhale,
35.496,20:55:59.568,915.0,789.0,,,exhale,
35.516,20:55:59.588,911.0,788.0,,,exhale,
35.536,20:55:59.608,915.0,786.0,,,exhale,
35.556,20:55:59.628,957.0,785.0,,,exhale,
35.576,20:55:59.648,909.0,784.0,,,exhale,
35.596,20:55:59.668,914.0,783.0,,,exhale,
35.616,20:55:59.688,869.0,783.0,,,exhale,
35.636,20:55:59.708,908.0,783.0,,,exhale,
35.656,20:55:59.728,906.0,783.0,,,exhale,
35.676,20:55:59.748,907.0,782.0,,,exhale,
35.696,20:55:59.768,906.0,781.0,,,exhale,
35.716,20:55:59.788,905.0,787.0,,,exhale,
35.736,20:55:59.808,905.0,782.0,,,exhale,
35.756,20:55:59.828,905.0,782.0,,,exhale,
35.776,20:55:59.848,907.0,783.0,,,exhale,
35.796,20:55:59.868,909.0,784.0,,,exhale,
35.816,20:55:59.888,915.0,784.0,,,exhale,
35.836,20:55:59.908,913.0,778.0,,,exhale,
35.856,20:55:59.928,916.0,788.0,,,exhale,
35.876,20:55:59.948,915.0,789.0,,,exhale,
35.896,20:55:59.968,917.0,790.0,,,exhale,
35.916,20:55:59.988,919.0,790.0,,,exhale,
35.936,20:56:00.008,936.0,791.0,,,exhale,
35.959,20:56:00.032,918.0,799.0,,,exhale,
35.975,20:56:00.048,923.0,797.0,,,exhale,
35.996,20:56:00.068,919.0,794.0,,,exhale,
36.016,20:56:00.088,920.0,792.0,,,inhale,inhale_onset
36.036,20:56:00.108,925.0,796.0,,,inhale,
36.056,20:56:00.128,921.0,796.0,,,inhale,
36.076,20:56:00.148,923.0,797.0,,,inhale,
36.096,20:56:00.168,924.0,797.0,,,inhale,
36.116,20:56:00.188,926.0,800.0,,,inhale,
36.136,20:56:00.208,925.0,798.0,,,inhale,
36.156,20:56:00.228,922.0,798.0,,,inhale,
36.176,20:56:00.248,925.0,796.0,,,inhale,
36.196,20:56:00.268,932.0,803.0,,,inhale,
36.216,20:56:00.288,933.0,802.0,,,inhale,
36.236,20:56:00.308,932.0,802.0,,,inhale,
36.256,20:56:00.328,895.0,803.0,,,inhale,
36.276,20:56:00.348,932.0,802.0,,,inhale,
36.296,20:56:00.368,937.0,802.0,,,inhale,
36.316,20:56:00.388,933.0,804.0,,,inhale,
36.336,20:56:00.408,932.0,798.0,,,inhale,
36.356,20:56:00.428,937.0,807.0,,,inhale,
36.376,20:56:00.448,791.0,805.0,,,inhale,
36.396,20:56:00.468,935.0,807.0,,,inhale,
36.416,20:56:00.488,950.0,806.0,,,inhale,
36.436,20:56:00.508,936.0,804.0,,,inhale,
36.456,20:56:00.528,937.0,804.0,,,inhale,
36.476,20:56:00.548,935.0,805.0,,,inhale,
36.496,20:56:00.568,933.0,802.0,,,inhale,
36.516,20:56:00.588,935.0,800.0,,,inhale,
36.536,20:56:00.608,935.0,804.0,,,inhale,
36.556,20:56:00.628,977.0,801.0,,,inhale,
36.576,20:56:00.648,933.0,806.0,,,inhale,
36.596,20:56:00.668,935.0,803.0,,,inhale,
36.616,20:56:00.688,933.0,803.0,,,inhale,
36.636,20:56:00.708,933.0,807.0,,,inhale,
36.656,20:56:00.728,933.0,806.0,,,inhale,
36.676,20:56:00.748,936.0,809.0,,,inhale,
36.696,20:56:00.768,939.0,809.0,,,inhale,
36.716,20:56:00.788,939.0,807.0,,,inhale,
36.736,20:56:00.808,943.0,812.0,,,inhale,
36.756,20:56:00.828,937.0,808.0,,,inhale,
36.776,20:56:00.848,936.0,808.0,,,inhale,
36.796,20:56:00.868,937.0,809.0,,,inhale,
36.825,20:56:00.897,939.0,809.0,,,inhale,
36.839,20:56:00.911,939.0,809.0,,,inhale,
36.856,20:56:00.928,938.0,810.0,,,inhale,
36.875,20:56:00.948,937.0,808.0,,,inhale,
36.895,20:56:00.968,936.0,811.0,,,inhale,
36.916,20:56:00.988,942.0,813.0,,,inhale,
36.936,20:56:01.008,941.0,808.0,,,inhale,
36.960,20:56:01.032,939.0,811.0,,,inhale,
36.976,20:56:01.048,943.0,811.0,,,inhale,
36.996,20:56:01.068,941.0,811.0,,,inhale,
37.016,20:56:01.088,935.0,808.0,,,inhale,
37.036,20:56:01.108,939.0,810.0,,,inhale,
37.056,20:56:01.128,923.0,810.0,,,inhale,
37.076,20:56:01.148,937.0,809.0,,,inhale,
37.096,20:56:01.168,938.0,809.0,,,inhale,
37.116,20:56:01.188,937.0,809.0,,,inhale,
37.136,20:56:01.208,939.0,809.0,,,inhale,
37.156,20:56:01.228,937.0,807.0,,,inhale,
37.176,20:56:01.248,935.0,807.0,,,inhale,
37.196,20:56:01.268,935.0,812.0,,,inhale,
37.216,20:56:01.288,937.0,809.0,,,inhale,
37.236,20:56:01.308,938.0,797.0,,,inhale,
37.256,20:56:01.328,933.0,804.0,,,inhale,
37.276,20:56:01.348,927.0,791.0,,,exhale,exhale_onset
37.295,20:56:01.368,931.0,802.0,,,exhale,
37.316,20:56:01.388,933.0,802.0,,,exhale,
37.336,20:56:01.408,933.0,803.0,,,exhale,
37.356,20:56:01.428,927.0,802.0,,,exhale,
37.376,20:56:01.448,935.0,802.0,,,exhale,
37.396,20:56:01.468,940.0,803.0,,,exhale,
37.416,20:56:01.488,933.0,805.0,,,exhale,
37.436,20:56:01.508,973.0,804.0,,,exhale,
37.456,20:56:01.528,925.0,805.0,,,exhale,
37.476,20:56:01.548,939.0,805.0,,,exhale,
37.496,20:56:01.568,935.0,802.0,,,exhale,
37.516,20:56:01.588,949.0,805.0,,,exhale,
37.536,20:56:01.608,750.0,804.0,,,exhale,
37.556,20:56:01.628,934.0,805.0,,,exhale,
37.576,20:56:01.648,935.0,806.0,,,exhale,
37.596,20:56:01.668,936.0,805.0,,,exhale,
37.616,20:56:01.688,933.0,814.0,,,exhale,
37.636,20:56:01.708,940.0,806.0,,,exhale,
37.656,20:56:01.728,973.0,807.0,,,exhale,
37.676,20:56:01.748,932.0,805.0,,,exhale,
37.696,20:56:01.768,936.0,805.0,,,exhale,
37.716,20:56:01.788,935.0,810.0,,,exhale,
37.736,20:56:01.808,936.0,807.0,,,exhale,
37.756,20:56:01.828,935.0,808.0,,,exhale,
37.776,20:56:01.848,935.0,806.0,,,exhale,
37.796,20:56:01.868,935.0,805.0,,,exhale,
37.816,20:56:01.888,935.0,805.0,,,exhale,
37.836,20:56:01.908,937.0,807.0,,,exhale,
37.856,20:56:01.928,934.0,811.0,,,exhale,
37.876,20:56:01.948,935.0,804.0,,,exhale,
37.896,20:56:01.968,934.0,804.0,,,exhale,
37.916,20:56:01.988,933.0,805.0,,,exhale,
37.936,20:56:02.008,931.0,804.0,,,exhale,
37.961,20:56:02.033,934.0,805.0,,,exhale,
37.976,20:56:02.048,934.0,807.0,,,exhale,
37.996,20:56:02.068,935.0,790.0,,,exhale,
38.016,20:56:02.088,934.0,800.0,,,exhale,
38.036,20:56:02.108,931.0,801.0,,,exhale,
38.056,20:56:02.128,930.0,803.0,,,exhale,
38.076,20:56:02.148,934.0,803.0,,,exhale,
38.096,20:56:02.168,935.0,804.0,,,exhale,
38.116,20:56:02.188,933.0,805.0,,,exhale,
38.136,20:56:02.208,932.0,800.0,,,exhale,
38.156,20:56:02.228,931.0,802.0,,,exhale,
38.176,20:56:02.248,932.0,801.0,,,exhale,
38.196,20:56:02.268,932.0,797.0,,,exhale,
38.216,20:56:02.288,926.0,801.0,,,exhale,
38.236,20:56:02.308,935.0,798.0,,,exhale,
38.256,20:56:02.328,925.0,792.0,,,exhale,
38.276,20:56:02.348,925.0,797.0,,,exhale,
38.295,20:56:02.368,925.0,791.0,,,exhale,
38.316,20:56:02.388,917.0,796.0,,,exhale,
38.336,20:56:02.408,921.0,796.0,,,exhale,
38.356,20:56:02.428,922.0,795.0,,,exhale,
38.376,20:56:02.448,921.0,789.0,,,exhale,
38.396,20:56:02.468,923.0,813.0,,,exhale,
38.416,20:56:02.488,919.0,802.0,,,exhale,
38.436,20:56:02.508,919.0,793.0,,,exhale,
38.456,20:56:02.528,893.0,793.0,,,exhale,
38.476,20:56:02.548,920.0,794.0,,,exhale,
38.495,20:56:02.568,920.0,792.0,,,exhale,
38.516,20:56:02.588,915.0,789.0,,,exhale,
38.536,20:56:02.608,918.0,794.0,,,exhale,
38.556,20:56:02.628,917.0,796.0,,,exhale,
38.576,20:56:02.648,917.0,790.0,,,exhale,
38.596,20:56:02.668,915.0,789.0,,,exhale,
38.616,20:56:02.688,915.0,789.0,,,exhale,
38.636,20:56:02.708,917.0,789.0,,,exhale,
38.656,20:56:02.728,915.0,790.0,,,exhale,
38.676,20:56:02.748,915.0,789.0,,,exhale,
38.695,20:56:02.768,917.0,787.0,,,exhale,
38.716,20:56:02.788,914.0,786.0,,,exhale,
38.736,20:56:02.808,913.0,788.0,,,exhale,
38.756,20:56:02.828,915.0,787.0,,,exhale,
38.776,20:56:02.848,913.0,788.0,,,exhale,
38.795,20:56:02.868,915.0,788.0,,,exhale,
38.816,20:56:02.888,915.0,788.0,,,exhale,
38.836,20:56:02.908,891.0,785.0,,,exhale,
38.856,20:56:02.928,910.0,786.0,,,exhale,
38.876,20:56:02.948,907.0,780.0,,,exhale,
38.896,20:56:02.968,909.0,798.0,,,exhale,
38.916,20:56:02.988,931.0,771.0,,,exhale,
38.936,20:56:03.008,909.0,783.0,,,exhale,
38.960,20:56:03.033,915.0,784.0,,,exhale,
38.976,20:56:03.048,908.0,785.0,,,exhale,
38.996,20:56:03.068,909.0,783.0,,,exhale,
39.016,20:56:03.088,918.0,787.0,,,exhale,
39.036,20:56:03.108,915.0,788.0,,,exhale,
39.056,20:56:03.128,932.0,791.0,,,exhale,
39.076,20:56:03.148,911.0,791.0,,,exhale,
39.095,20:56:03.168,917.0,791.0,,,exhale,
39.116,20:56:03.188,917.0,789.0,,,exhale,
39.136,20:56:03.208,921.0,794.0,,,exhale,
39.156,20:56:03.228,923.0,795.0,,,exhale,
39.176,20:56:03.248,923.0,795.0,,,exhale,
39.195,20:56:03.268,921.0,796.0,,,exhale,
39.216,20:56:03.288,924.0,798.0,,,exhale,
39.236,20:56:03.308,927.0,798.0,,,inhale,inhale_onset
39.256,20:56:03.328,927.0,798.0,,,inhale,
39.276,20:56:03.348,927.0,793.0,,,inhale,
39.295,20:56:03.368,895.0,799.0,,,inhale,
39.316,20:56:03.388,926.0,801.0,,,inhale,
39.335,20:56:03.408,935.0,797.0,,,inhale,
39.356,20:56:03.428,932.0,804.0,,,inhale,
39.375,20:56:03.448,933.0,811.0,,,inhale,
39.396,20:56:03.468,931.0,805.0,,,inhale,
39.416,20:56:03.488,927.0,803.0,,,inhale,
39.436,20:56:03.508,932.0,802.0,,,inhale,
39.456,20:56:03.528,933.0,818.0,,,inhale,
39.476,20:56:03.548,931.0,805.0,,,inhale,
39.495,20:56:03.568,933.0,804.0,,,inhale,
39.516,20:56:03.588,936.0,808.0,,,inhale,
39.535,20:56:03.608,937.0,811.0,,,inhale,
39.556,20:56:03.628,935.0,807.0,,,inhale,
39.576,20:56:03.648,933.0,803.0,,,inhale,
39.595,20:56:03.668,931.0,799.0,,,inhale,
39.616,20:56:03.688,937.0,801.0,,,inhale,
39.636,20:56:03.708,935.0,807.0,,,inhale,
39.656,20:56:03.728,943.0,808.0,,,inhale,
39.676,20:56:03.748,935.0,806.0,,,inhale,
39.695,20:56:03.768,938.0,807.0,,,inhale,
39.716,20:56:03.788,937.0,807.0,,,inhale,
39.736,20:56:03.808,934.0,808.0,,,inhale,
39.756,20:56:03.828,938.0,801.0,,,inhale,
39.775,20:56:03.848,935.0,813.0,,,inhale,
39.796,20:56:03.868,943.0,808.0,,,inhale,
39.816,20:56:03.888,931.0,806.0,,,inhale,
39.836,20:56:03.908,937.0,803.0,,,inhale,
39.855,20:56:03.928,937.0,807.0,,,inhale,
39.876,20:56:03.948,943.0,807.0,,,inhale,
39.895,20:56:03.968,937.0,808.0,,,inhale,
39.915,20:56:03.988,939.0,808.0,,,inhale,
39.936,20:56:04.008,937.0,808.0,,,inhale,
39.960,20:56:04.033,1156.0,818.0,,,inhale,
39.975,20:56:04.048,937.0,815.0,,,inhale,
39.995,20:56:04.068,939.0,810.0,,,inhale,
40.016,20:56:04.088,936.0,807.0,,,inhale,
40.035,20:56:04.108,879.0,809.0,,,inhale,
40.056,20:56:04.128,939.0,810.0,,,inhale,
40.076,20:56:04.148,938.0,802.0,,,inhale,
40.095,20:56:04.168,939.0,807.0,,,inhale,
40.116,20:56:04.188,941.0,804.0,,,inhale,
40.137,20:56:04.209,937.0,807.0,,,inhale,
40.155,20:56:04.228,916.0,808.0,,,inhale,
40.175,20:56:04.248,939.0,809.0,,,inhale,
40.195,20:56:04.268,937.0,808.0,,,inhale,
40.216,20:56:04.288,936.0,805.0,,,inhale,
40.236,20:56:04.308,937.0,807.0,,,inhale,
40.260,20:56:04.332,937.0,815.0,,,inhale,
40.275,20:56:04.348,935.0,810.0,,,inhale,
40.295,20:56:04.368,935.0,807.0,,,inhale,
40.315,20:56:04.388,935.0,816.0,,,inhale,
40.335,20:56:04.408,955.0,806.0,,,inhale,
40.355,20:56:04.428,932.0,804.0,,,inhale,
40.375,20:56:04.448,927.0,804.0,,,inhale,
40.395,20:56:04.468,937.0,803.0,,,inhale,
40.415,20:56:04.488,922.0,802.0,,,inhale,
40.436,20:56:04.508,933.0,802.0,,,inhale,
40.455,20:56:04.528,927.0,800.0,,,exhale,exhale_onset
40.475,20:56:04.548,930.0,800.0,,,exhale,
40.495,20:56:04.568,931.0,801.0,,,exhale,
40.515,20:56:04.588,927.0,799.0,,,exhale,
40.536,20:56:04.608,932.0,800.0,,,exhale,
40.555,20:56:04.628,927.0,806.0,,,exhale,
40.575,20:56:04.648,927.0,809.0,,,exhale,
40.595,20:56:04.668,927.0,801.0,,,exhale,
40.615,20:56:04.688,932.0,798.0,,,exhale,
40.636,20:56:04.708,931.0,801.0,,,exhale,
40.655,20:56:04.728,932.0,808.0,,,exhale,
40.676,20:56:04.748,934.0,802.0,,,exhale,
40.695,20:56:04.768,935.0,805.0,,,exhale,
40.716,20:56:04.788,935.0,803.0,,,exhale,
40.735,20:56:04.808,935.0,805.0,,,exhale,
40.755,20:56:04.828,935.0,803.0,,,exhale,
40.775,20:56:04.848,935.0,810.0,,,exhale,
40.796,20:56:04.868,935.0,816.0,,,exhale,
40.815,20:56:04.888,935.0,803.0,,,exhale,
40.835,20:56:04.908,935.0,806.0,,,exhale,
40.855,20:56:04.928,935.0,794.0,,,exhale,
40.876,20:56:04.948,934.0,804.0,,,exhale,
40.895,20:56:04.968,933.0,804.0,,,exhale,
40.915,20:56:04.988,928.0,804.0,,,exhale,
40.935,20:56:05.008,933.0,804.0,,,exhale,
40.959,20:56:05.031,933.0,807.0,,,exhale,
40.975,20:56:05.048,926.0,802.0,,,exhale,
40.995,20:56:05.068,939.0,800.0,,,exhale,
41.015,20:56:05.088,933.0,804.0,,,exhale,
41.035,20:56:05.108,935.0,809.0,,,exhale,
41.055,20:56:05.128,933.0,805.0,,,exhale,
41.075,20:56:05.148,933.0,803.0,,,exhale,
41.095,20:56:05.168,933.0,801.0,,,exhale,
41.115,20:56:05.188,850.0,802.0,,,exhale,
41.135,20:56:05.208,933.0,801.0,,,exhale,
41.155,20:56:05.228,941.0,798.0,,,exhale,
41.175,20:56:05.248,931.0,803.0,,,exhale,
41.195,20:56:05.268,927.0,800.0,,,exhale,
41.216,20:56:05.288,927.0,800.0,,,exhale,
41.235,20:56:05.308,928.0,800.0,,,exhale,
41.255,20:56:05.328,927.0,799.0,,,exhale,
41.275,20:56:05.348,931.0,796.0,,,exhale,
41.295,20:56:05.368,931.0,799.0,,,exhale,
41.316,20:56:05.388,931.0,796.0,,,exhale,
41.335,20:56:05.408,927.0,798.0,,,exhale,
41.355,20:56:05.428,1049.0,799.0,,,exhale,
41.375,20:56:05.448,923.0,797.0,,,exhale,
41.395,20:56:05.468,923.0,795.0,,,exhale,
41.415,20:56:05.488,932.0,796.0,,,exhale,
41.435,20:56:05.508,922.0,792.0,,,exhale,
41.455,20:56:05.528,921.0,803.0,,,exhale,
41.475,20:56:05.548,923.0,783.0,,,exhale,
41.495,20:56:05.568,921.0,793.0,,,exhale,
41.516,20:56:05.588,920.0,789.0,,,exhale,
41.535,20:56:05.608,922.0,794.0,,,exhale,
41.555,20:56:05.628,919.0,794.0,,,exhale,
41.576,20:56:05.648,920.0,793.0,,,exhale,
41.595,20:56:05.668,921.0,787.0,,,exhale,
41.616,20:56:05.688,919.0,793.0,,,exhale,
41.636,20:56:05.708,915.0,791.0,,,exhale,
41.655,20:56:05.728,935.0,792.0,,,exhale,
41.675,20:56:05.748,917.0,790.0,,,exhale,
41.695,20:56:05.768,918.0,793.0,,,exhale,
41.715,20:56:05.788,917.0,788.0,,,exhale,
41.735,20:56:05.808,915.0,795.0,,,exhale,
41.755,20:56:05.828,913.0,788.0,,,exhale,
41.775,20:56:05.848,921.0,790.0,,,exhale,
41.796,20:56:05.868,915.0,790.0,,,exhale,
41.815,20:56:05.888,915.0,799.0,,,exhale,
41.835,20:56:05.908,919.0,791.0,,,exhale,
41.855,20:56:05.928,916.0,792.0,,,exhale,
41.875,20:56:05.948,916.0,787.0,,,exhale,
41.895,20:56:05.968,891.0,787.0,,,exhale,
41.915,20:56:05.988,915.0,782.0,,,exhale,
41.935,20:56:06.008,965.0,785.0,,,exhale,
41.961,20:56:06.033,915.0,786.0,,,exhale,
41.975,20:56:06.048,905.0,786.0,,,exhale,
41.995,20:56:06.068,909.0,786.0,,,exhale,
42.015,20:56:06.088,911.0,786.0,,,exhale,
42.035,20:56:06.108,905.0,786.0,,,exhale,
42.055,20:56:06.128,913.0,787.0,,,exhale,
42.075,20:56:06.148,915.0,790.0,,,exhale,
42.095,20:56:06.168,916.0,792.0,,,exhale,
42.115,20:56:06.188,918.0,794.0,,,exhale,
42.135,20:56:06.208,921.0,794.0,,,exhale,
42.155,20:56:06.228,923.0,796.0,,,exhale,
42.175,20:56:06.248,922.0,796.0,,,exhale,
42.195,20:56:06.268,927.0,797.0,,,exhale,
42.215,20:56:06.288,924.0,799.0,,,exhale,
42.235,20:56:06.308,927.0,799.0,,,inhale,inhale_onset
42.255,20:56:06.328,739.0,799.0,,,inhale,
42.275,20:56:06.348,930.0,800.0,,,inhale,
42.295,20:56:06.368,930.0,804.0,,,inhale,
42.315,20:56:06.388,927.0,805.0,,,inhale,
42.335,20:56:06.408,933.0,804.0,,,inhale,
42.355,20:56:06.428,934.0,804.0,,,inhale,
42.375,20:56:06.448,935.0,806.0,,,inhale,
42.395,20:56:06.468,921.0,799.0,,,inhale,
42.415,20:56:06.488,933.0,802.0,,,inhale,
42.435,20:56:06.508,937.0,807.0,,,inhale,
42.455,20:56:06.528,716.0,806.0,,,inhale,
42.475,20:56:06.548,935.0,808.0,,,inhale,
42.495,20:56:06.568,937.0,793.0,,,inhale,
42.515,20:56:06.588,938.0,805.0,,,inhale,
42.535,20:56:06.608,935.0,807.0,,,inhale,
42.555,20:56:06.628,936.0,807.0,,,inhale,
42.575,20:56:06.648,939.0,807.0,,,inhale,
42.595,20:56:06.668,935.0,820.0,,,inhale,
42.615,20:56:06.688,936.0,806.0,,,inhale,
42.636,20:56:06.708,936.0,808.0,,,inhale,
42.655,20:56:06.728,959.0,812.0,,,inhale,
42.675,20:56:06.748,960.0,809.0,,,inhale,
42.695,20:56:06.768,933.0,808.0,,,inhale,
42.715,20:56:06.788,935.0,807.0,,,inhale,
42.735,20:56:06.808,937.0,807.0,,,inhale,
42.755,20:56:06.828,935.0,807.0,,,inhale,
42.775,20:56:06.848,938.0,809.0,,,inhale,
42.795,20:56:06.868,939.0,808.0,,,inhale,
42.815,20:56:06.888,939.0,810.0,,,inhale,
42.835,20:56:06.908,937.0,806.0,,,inhale,
42.855,20:56:06.928,936.0,810.0,,,inhale,
42.875,20:56:06.948,939.0,808.0,,,inhale,
42.895,20:56:06.968,939.0,813.0,,,inhale,
42.915,20:56:06.988,941.0,809.0,,,inhale,
42.935,20:56:07.008,940.0,820.0,,,inhale,
42.960,20:56:07.033,938.0,808.0,,,inhale,
42.975,20:56:07.048,941.0,810.0,,,inhale,
42.995,20:56:07.068,947.0,808.0,,,inhale,
43.015,20:56:07.088,941.0,809.0,,,inhale,
43.035,20:56:07.108,939.0,810.0,,,inhale,
43.055,20:56:07.128,939.0,807.0,,,inhale,
43.075,20:56:07.148,939.0,809.0,,,inhale,
43.095,20:56:07.168,939.0,809.0,,,inhale,
43.115,20:56:07.188,938.0,814.0,,,inhale,
43.135,20:56:07.208,936.0,809.0,,,inhale,
43.155,20:56:07.228,937.0,809.0,,,inhale,
43.175,20:56:07.248,935.0,800.0,,,inhale,
43.195,20:56:07.268,907.0,808.0,,,inhale,
43.215,20:56:07.288,943.0,806.0,,,inhale,
43.235,20:56:07.308,937.0,806.0,,,inhale,
43.255,20:56:07.328,935.0,804.0,,,inhale,
43.275,20:56:07.348,919.0,801.0,,,inhale,
43.295,20:56:07.368,927.0,803.0,,,inhale,
43.315,20:56:07.388,927.0,802.0,,,inhale,
43.335,20:56:07.408,927.0,801.0,,,inhale,
43.355,20:56:07.428,933.0,801.0,,,inhale,
43.375,20:56:07.448,928.0,803.0,,,inhale,
43.395,20:56:07.468,931.0,801.0,,,inhale,
43.415,20:56:07.488,931.0,803.0,,,inhale,
43.435,20:56:07.508,933.0,801.0,,,inhale,
43.455,20:56:07.528,931.0,804.0,,,exhale,exhale_onset
43.475,20:56:07.548,936.0,804.0,,,exhale,
43.495,20:56:07.568,935.0,804.0,,,exhale,
43.515,20:56:07.588,935.0,813.0,,,exhale,
43.535,20:56:07.608,937.0,805.0,,,exhale,
43.555,20:56:07.628,931.0,805.0,,,exhale,
43.575,20:56:07.648,932.0,804.0,,,exhale,
43.595,20:56:07.668,933.0,805.0,,,exhale,
43.615,20:56:07.688,933.0,807.0,,,exhale,
43.635,20:56:07.708,935.0,803.0,,,exhale,
43.655,20:56:07.728,937.0,805.0,,,exhale,
43.675,20:56:07.748,933.0,814.0,,,exhale,
43.695,20:56:07.768,935.0,806.0,,,exhale,
43.715,20:56:07.788,933.0,807.0,,,exhale,
43.735,20:56:07.808,936.0,806.0,,,exhale,
43.755,20:56:07.828,931.0,806.0,,,exhale,
43.775,20:56:07.848,924.0,808.0,,,exhale,
43.795,20:56:07.868,935.0,804.0,,,exhale,
43.815,20:56:07.888,933.0,805.0,,,exhale,
43.835,20:56:07.908,933.0,804.0,,,exhale,
43.855,20:56:07.928,935.0,806.0,,,exhale,
43.876,20:56:07.949,935.0,791.0,,,exhale,
43.895,20:56:07.968,935.0,803.0,,,exhale,
43.915,20:56:07.988,927.0,798.0,,,exhale,
43.935,20:56:08.008,932.0,802.0,,,exhale,
43.959,20:56:08.031,925.0,799.0,,,exhale,
43.975,20:56:08.048,932.0,789.0,,,exhale,
43.995,20:56:08.068,927.0,799.0,,,exhale,
44.015,20:56:08.088,928.0,801.0,,,exhale,
44.035,20:56:08.108,927.0,792.0,,,exhale,
44.055,20:56:08.128,928.0,801.0,,,exhale,
44.075,20:56:08.148,925.0,799.0,,,exhale,
44.095,20:56:08.168,930.0,809.0,,,exhale,
44.115,20:56:08.188,927.0,799.0,,,exhale,
44.135,20:56:08.208,924.0,797.0,,,exhale,
44.155,20:56:08.228,925.0,797.0,,,exhale,
44.175,20:56:08.248,923.0,796.0,,,exhale,
44.195,20:56:08.268,923.0,796.0,,,exhale,
44.215,20:56:08.288,923.0,797.0,,,exhale,
44.235,20:56:08.308,922.0,795.0,,,exhale,
44.255,20:56:08.328,923.0,786.0,,,exhale,
44.275,20:56:08.348,920.0,795.0,,,exhale,
44.295,20:56:08.368,914.0,792.0,,,exhale,
44.315,20:56:08.388,919.0,792.0,,,exhale,
44.335,20:56:08.408,919.0,794.0,,,exhale,
44.355,20:56:08.428,915.0,793.0,,,exhale,
44.375,20:56:08.448,917.0,790.0,,,exhale,
44.395,20:56:08.468,915.0,787.0,,,exhale,
44.415,20:56:08.488,913.0,788.0,,,exhale,
44.435,20:56:08.508,947.0,769.0,,,exhale,
44.455,20:56:08.528,914.0,787.0,,,exhale,
44.475,20:56:08.548,914.0,781.0,,,exhale,
44.495,20:56:08.568,926.0,780.0,,,exhale,
44.515,20:56:08.588,911.0,785.0,,,exhale,
44.535,20:56:08.608,909.0,784.0,,,exhale,
44.555,20:56:08.628,911.0,784.0,,,exhale,
44.575,20:56:08.648,887.0,787.0,,,exhale,
44.595,20:56:08.668,871.0,787.0,,,exhale,
44.615,20:56:08.688,916.0,788.0,,,exhale,
44.635,20:56:08.708,917.0,789.0,,,exhale,
44.655,20:56:08.728,917.0,797.0,,,exhale,
44.675,20:56:08.748,921.0,793.0,,,exhale,
44.695,20:56:08.768,921.0,793.0,,,exhale,
44.715,20:56:08.788,917.0,789.0,,,exhale,
44.735,20:56:08.808,919.0,783.0,,,exhale,
44.755,20:56:08.828,913.0,787.0,,,exhale,
44.775,20:56:08.848,908.0,787.0,,,exhale,
44.795,20:56:08.868,910.0,784.0,,,exhale,
44.815,20:56:08.888,915.0,785.0,,,exhale,
44.835,20:56:08.908,907.0,785.0,,,exhale,
44.855,20:56:08.928,911.0,789.0,,,exhale,
44.875,20:56:08.948,914.0,789.0,,,exhale,
44.895,20:56:08.968,916.0,790.0,,,exhale,
44.915,20:56:08.988,917.0,780.0,,,exhale,
44.935,20:56:09.008,919.0,794.0,,,exhale,
44.960,20:56:09.033,919.0,795.0,,,exhale,
44.975,20:56:09.048,925.0,793.0,,,exhale,
44.995,20:56:09.068,923.0,795.0,,,exhale,
45.015,20:56:09.088,927.0,796.0,,,inhale,inhale_onset
45.035,20:56:09.108,923.0,797.0,,,inhale,
45.055,20:56:09.128,925.0,797.0,,,inhale,
45.075,20:56:09.148,927.0,798.0,,,inhale,
45.095,20:56:09.168,928.0,799.0,,,inhale,
45.115,20:56:09.188,931.0,804.0,,,inhale,
45.135,20:56:09.208,931.0,801.0,,,inhale,
45.155,20:56:09.228,928.0,797.0,,,inhale,
45.175,20:56:09.248,931.0,804.0,,,inhale,
45.195,20:56:09.267,933.0,794.0,,,inhale,
45.215,20:56:09.288,933.0,806.0,,,inhale,
45.235,20:56:09.308,934.0,804.0,,,inhale,
45.255,20:56:09.328,936.0,803.0,,,inhale,
45.275,20:56:09.348,933.0,804.0,,,inhale,
45.295,20:56:09.368,935.0,795.0,,,inhale,
45.315,20:56:09.388,933.0,805.0,,,inhale,
45.335,20:56:09.408,935.0,804.0,,,inhale,
45.355,20:56:09.428,937.0,804.0,,,inhale,
45.375,20:56:09.448,937.0,806.0,,,inhale,
45.395,20:56:09.468,939.0,807.0,,,inhale,
45.415,20:56:09.488,935.0,807.0,,,inhale,
45.435,20:56:09.508,923.0,806.0,,,inhale,
45.455,20:56:09.527,937.0,807.0,,,inhale,
45.475,20:56:09.548,917.0,808.0,,,inhale,
45.495,20:56:09.567,939.0,808.0,,,inhale,
45.515,20:56:09.588,939.0,803.0,,,inhale,
45.535,20:56:09.608,937.0,807.0,,,inhale,
45.555,20:56:09.628,933.0,804.0,,,inhale,
45.575,20:56:09.648,939.0,817.0,,,inhale,
45.595,20:56:09.668,938.0,814.0,,,inhale,
45.615,20:56:09.688,939.0,810.0,,,inhale,
45.636,20:56:09.708,937.0,809.0,,,inhale,
45.655,20:56:09.728,936.0,809.0,,,inhale,
45.675,20:56:09.748,945.0,806.0,,,inhale,
45.695,20:56:09.768,939.0,814.0,,,inhale,
45.715,20:56:09.788,943.0,809.0,,,inhale,
45.735,20:56:09.808,939.0,808.0,,,inhale,
45.755,20:56:09.827,938.0,810.0,,,inhale,
45.775,20:56:09.848,939.0,817.0,,,inhale,
45.795,20:56:09.867,937.0,822.0,,,inhale,
45.815,20:56:09.888,940.0,811.0,,,inhale,
45.835,20:56:09.908,941.0,812.0,,,inhale,
45.855,20:56:09.928,943.0,814.0,,,inhale,
45.875,20:56:09.948,947.0,814.0,,,inhale,
45.895,20:56:09.967,949.0,815.0,,,inhale,
45.915,20:56:09.987,943.0,814.0,,,inhale,
45.935,20:56:10.007,949.0,811.0,,,inhale,
45.959,20:56:10.031,955.0,815.0,,,inhale,
45.975,20:56:10.047,948.0,815.0,,,inhale,
45.995,20:56:10.067,947.0,814.0,,,inhale,
46.015,20:56:10.087,943.0,815.0,,,inhale,
46.035,20:56:10.107,946.0,813.0,,,inhale,
46.055,20:56:10.127,941.0,811.0,,,inhale,
46.075,20:56:10.147,941.0,811.0,,,inhale,
46.095,20:56:10.168,939.0,811.0,,,inhale,
46.115,20:56:10.188,941.0,810.0,,,inhale,
46.135,20:56:10.208,939.0,822.0,,,inhale,
46.155,20:56:10.227,938.0,822.0,,,inhale,
46.175,20:56:10.247,939.0,806.0,,,inhale,
46.195,20:56:10.268,937.0,811.0,,,inhale,
46.215,20:56:10.288,937.0,809.0,,,inhale,
46.235,20:56:10.308,940.0,806.0,,,inhale,
46.255,20:56:10.328,937.0,809.0,,,inhale,
46.275,20:56:10.348,937.0,810.0,,,inhale,
46.295,20:56:10.368,941.0,807.0,,,exhale,exhale_onset
46.315,20:56:10.388,939.0,841.0,,,exhale,
46.335,20:56:10.408,939.0,810.0,,,exhale,
46.355,20:56:10.428,941.0,808.0,,,exhale,
46.375,20:56:10.448,942.0,809.0,,,exhale,
46.395,20:56:10.467,941.0,811.0,,,exhale,
46.415,20:56:10.488,944.0,811.0,,,exhale,
46.435,20:56:10.508,947.0,813.0,,,exhale,
46.455,20:56:10.528,942.0,815.0,,,exhale,
46.475,20:56:10.548,941.0,813.0,,,exhale,
46.495,20:56:10.567,941.0,813.0,,,exhale,
46.515,20:56:10.588,941.0,809.0,,,exhale,
46.535,20:56:10.608,941.0,811.0,,,exhale,
46.555,20:56:10.628,942.0,802.0,,,exhale,
46.575,20:56:10.647,947.0,826.0,,,exhale,
46.595,20:56:10.667,939.0,803.0,,,exhale,
46.615,20:56:10.688,946.0,813.0,,,exhale,
46.635,20:56:10.708,941.0,805.0,,,exhale,
46.655,20:56:10.728,943.0,812.0,,,exhale,
46.675,20:56:10.748,941.0,808.0,,,exhale,
46.695,20:56:10.767,941.0,814.0,,,exhale,
46.715,20:56:10.788,942.0,811.0,,,exhale,
46.735,20:56:10.808,943.0,812.0,,,exhale,
46.755,20:56:10.828,939.0,811.0,,,exhale,
46.775,20:56:10.847,937.0,808.0,,,exhale,
46.795,20:56:10.867,941.0,810.0,,,exhale,
46.815,20:56:10.888,940.0,810.0,,,exhale,
46.835,20:56:10.908,939.0,810.0,,,exhale,
46.855,20:56:10.928,939.0,807.0,,,exhale,
46.875,20:56:10.948,935.0,808.0,,,exhale,
46.895,20:56:10.967,935.0,808.0,,,exhale,
46.915,20:56:10.988,936.0,804.0,,,exhale,
46.935,20:56:11.008,937.0,809.0,,,exhale,
46.959,20:56:11.032,935.0,803.0,,,exhale,
46.975,20:56:11.048,933.0,805.0,,,exhale,
46.995,20:56:11.068,933.0,804.0,,,exhale,
47.015,20:56:11.088,931.0,802.0,,,exhale,
47.035,20:56:11.108,920.0,809.0,,,exhale,
47.055,20:56:11.128,933.0,816.0,,,exhale,
47.075,20:56:11.147,939.0,802.0,,,exhale,
47.095,20:56:11.167,928.0,813.0,,,exhale,
47.115,20:56:11.188,931.0,799.0,,,exhale,
47.135,20:56:11.208,925.0,811.0,,,exhale,
47.155,20:56:11.227,932.0,809.0,,,exhale,
47.175,20:56:11.247,922.0,800.0,,,exhale,
47.195,20:56:11.267,931.0,797.0,,,exhale,
47.215,20:56:11.288,927.0,798.0,,,exhale,
47.235,20:56:11.308,927.0,798.0,,,exhale,
47.255,20:56:11.328,925.0,798.0,,,exhale,
47.275,20:56:11.347,924.0,795.0,,,exhale,
47.295,20:56:11.367,932.0,800.0,,,exhale,
47.315,20:56:11.387,967.0,798.0,,,exhale,
47.335,20:56:11.408,921.0,794.0,,,exhale,
47.355,20:56:11.427,920.0,795.0,,,exhale,
47.376,20:56:11.448,921.0,796.0,,,exhale,
47.395,20:56:11.467,920.0,794.0,,,exhale,
47.415,20:56:11.487,919.0,799.0,,,exhale,
47.435,20:56:11.507,919.0,793.0,,,exhale,
47.455,20:56:11.527,919.0,794.0,,,exhale,
47.475,20:56:11.547,917.0,802.0,,,exhale,
47.495,20:56:11.567,918.0,792.0,,,exhale,
47.515,20:56:11.587,917.0,790.0,,,exhale,
47.535,20:56:11.607,915.0,788.0,,,exhale,
47.555,20:56:11.627,916.0,789.0,,,exhale,
47.575,20:56:11.647,914.0,789.0,,,exhale,
47.595,20:56:11.668,911.0,788.0,,,exhale,
47.615,20:56:11.687,891.0,784.0,,,exhale,
47.635,20:56:11.708,909.0,785.0,,,exhale,
47.655,20:56:11.728,913.0,778.0,,,exhale,
47.675,20:56:11.748,917.0,785.0,,,exhale,
47.695,20:56:11.768,840.0,786.0,,,exhale,
47.715,20:56:11.788,909.0,788.0,,,exhale,
47.735,20:56:11.807,908.0,786.0,,,exhale,
47.755,20:56:11.827,917.0,791.0,,,exhale,
47.775,20:56:11.847,919.0,786.0,,,exhale,
47.795,20:56:11.867,919.0,792.0,,,exhale,
47.815,20:56:11.888,918.0,778.0,,,exhale,
47.835,20:56:11.907,921.0,796.0,,,exhale,
47.855,20:56:11.928,919.0,789.0,,,exhale,
47.875,20:56:11.947,921.0,797.0,,,exhale,
47.895,20:56:11.967,924.0,793.0,,,exhale,
47.915,20:56:11.988,926.0,798.0,,,exhale,
47.935,20:56:12.008,928.0,799.0,,,exhale,
47.960,20:56:12.032,931.0,799.0,,,exhale,
47.975,20:56:12.047,932.0,805.0,,,exhale,
47.995,20:56:12.068,925.0,810.0,,,exhale,
48.015,20:56:12.087,934.0,786.0,,,exhale,
48.035,20:56:12.107,933.0,805.0,,,inhale,inhale_onset
48.055,20:56:12.127,937.0,815.0,,,inhale,
48.075,20:56:12.147,869.0,806.0,,,inhale,
48.095,20:56:12.167,936.0,809.0,,,inhale,
48.115,20:56:12.187,936.0,805.0,,,inhale,
48.135,20:56:12.207,937.0,807.0,,,inhale,
48.155,20:56:12.227,937.0,800.0,,,inhale,
48.175,20:56:12.248,937.0,807.0,,,inhale,
48.195,20:56:12.267,939.0,809.0,,,inhale,
48.215,20:56:12.288,939.0,809.0,,,inhale,
48.235,20:56:12.307,939.0,810.0,,,inhale,
48.255,20:56:12.328,939.0,808.0,,,inhale,
48.275,20:56:12.347,943.0,808.0,,,inhale,
48.295,20:56:12.367,937.0,807.0,,,inhale,
48.315,20:56:12.387,937.0,809.0,,,inhale,
48.335,20:56:12.407,939.0,807.0,,,inhale,
48.355,20:56:12.427,937.0,808.0,,,inhale,
48.375,20:56:12.447,939.0,809.0,,,inhale,
48.395,20:56:12.467,938.0,796.0,,,inhale,
48.415,20:56:12.488,938.0,809.0,,,inhale,
48.435,20:56:12.507,937.0,805.0,,,inhale,
48.455,20:56:12.527,938.0,808.0,,,inhale,
48.475,20:56:12.547,935.0,807.0,,,inhale,
48.495,20:56:12.567,939.0,807.0,,,inhale,
48.515,20:56:12.587,936.0,810.0,,,inhale,
48.535,20:56:12.607,935.0,809.0,,,inhale,
48.555,20:56:12.627,953.0,813.0,,,inhale,
48.575,20:56:12.648,935.0,821.0,,,inhale,
48.595,20:56:12.668,940.0,810.0,,,inhale,
48.615,20:56:12.687,973.0,812.0,,,inhale,
48.635,20:56:12.707,940.0,810.0,,,inhale,
48.655,20:56:12.728,937.0,808.0,,,inhale,
48.675,20:56:12.747,937.0,809.0,,,inhale,
48.695,20:56:12.767,937.0,810.0,,,inhale,
48.715,20:56:12.787,939.0,816.0,,,inhale,
48.735,20:56:12.807,939.0,809.0,,,inhale,
48.755,20:56:12.827,967.0,807.0,,,inhale,
48.775,20:56:12.847,937.0,811.0,,,inhale,
48.795,20:56:12.867,939.0,808.0,,,inhale,
48.815,20:56:12.887,942.0,810.0,,,inhale,
48.835,20:56:12.907,940.0,812.0,,,inhale,
48.855,20:56:12.928,940.0,818.0,,,inhale,
48.875,20:56:12.947,942.0,812.0,,,inhale,
48.895,20:56:12.967,941.0,811.0,,,inhale,
48.915,20:56:12.987,941.0,812.0,,,inhale,
48.935,20:56:13.007,943.0,812.0,,,inhale,
48.960,20:56:13.033,942.0,812.0,,,inhale,
48.975,20:56:13.047,943.0,811.0,,,inhale,
48.995,20:56:13.068,941.0,803.0,,,inhale,
49.015,20:56:13.088,943.0,824.0,,,inhale,
49.035,20:56:13.107,940.0,810.0,,,inhale,
49.055,20:56:13.127,941.0,810.0,,,inhale,
49.075,20:56:13.147,938.0,810.0,,,inhale,
49.095,20:56:13.167,937.0,809.0,,,inhale,
49.115,20:56:13.187,938.0,809.0,,,inhale,
49.135,20:56:13.207,937.0,809.0,,,inhale,
49.155,20:56:13.227,933.0,799.0,,,inhale,
49.175,20:56:13.248,935.0,813.0,,,inhale,
49.195,20:56:13.267,935.0,807.0,,,inhale,
49.215,20:56:13.287,935.0,792.0,,,inhale,
49.235,20:56:13.307,934.0,806.0,,,inhale,
49.255,20:56:13.327,934.0,805.0,,,exhale,exhale_onset
49.275,20:56:13.347,935.0,804.0,,,exhale,
49.295,20:56:13.367,932.0,805.0,,,exhale,
49.315,20:56:13.387,931.0,806.0,,,exhale,
49.335,20:56:13.407,935.0,808.0,,,exhale,
49.355,20:56:13.427,937.0,807.0,,,exhale,
49.375,20:56:13.447,917.0,808.0,,,exhale,
49.395,20:56:13.467,933.0,808.0,,,exhale,
49.415,20:56:13.487,937.0,807.0,,,exhale,
49.435,20:56:13.507,941.0,810.0,,,exhale,
49.455,20:56:13.527,939.0,810.0,,,exhale,
49.475,20:56:13.547,939.0,809.0,,,exhale,
49.495,20:56:13.567,938.0,808.0,,,exhale,
49.515,20:56:13.587,939.0,809.0,,,exhale,
49.535,20:56:13.607,939.0,811.0,,,exhale,
49.555,20:56:13.627,939.0,811.0,,,exhale,
49.575,20:56:13.648,934.0,809.0,,,exhale,
49.595,20:56:13.667,940.0,809.0,,,exhale,
49.615,20:56:13.687,939.0,810.0,,,exhale,
49.635,20:56:13.708,941.0,810.0,,,exhale,
49.655,20:56:13.727,941.0,812.0,,,exhale,
49.675,20:56:13.747,935.0,810.0,,,exhale,
49.695,20:56:13.767,941.0,810.0,,,exhale,
49.715,20:56:13.787,938.0,810.0,,,exhale,
49.738,20:56:13.810,941.0,809.0,,,exhale,
49.755,20:56:13.827,940.0,809.0,,,exhale,
49.775,20:56:13.847,925.0,809.0,,,exhale,
49.795,20:56:13.867,933.0,801.0,,,exhale,
49.815,20:56:13.887,938.0,821.0,,,exhale,
49.835,20:56:13.907,937.0,806.0,,,exhale,
49.855,20:56:13.927,936.0,807.0,,,exhale,
49.875,20:56:13.947,933.0,807.0,,,exhale,
49.895,20:56:13.967,937.0,797.0,,,exhale,
49.915,20:56:13.987,933.0,803.0,,,exhale,
49.935,20:56:14.007,928.0,805.0,,,exhale,
49.960,20:56:14.032,936.0,814.0,,,exhale,
49.975,20:56:14.047,931.0,805.0,,,exhale,
49.995,20:56:14.067,933.0,801.0,,,exhale,
50.015,20:56:14.087,927.0,801.0,,,exhale,
50.035,20:56:14.107,927.0,800.0,,,exhale,
50.055,20:56:14.127,927.0,800.0,,,exhale,
50.075,20:56:14.147,928.0,788.0,,,exhale,
50.095,20:56:14.167,925.0,796.0,,,exhale,
50.115,20:56:14.187,924.0,799.0,,,exhale,
50.135,20:56:14.207,924.0,804.0,,,exhale,
50.155,20:56:14.227,925.0,798.0,,,exhale,
50.175,20:56:14.247,923.0,799.0,,,exhale,
50.195,20:56:14.267,924.0,796.0,,,exhale,
50.215,20:56:14.287,923.0,796.0,,,exhale,
50.235,20:56:14.307,922.0,796.0,,,exhale,
50.255,20:56:14.327,923.0,795.0,,,exhale,
50.275,20:56:14.347,1106.0,795.0,,,exhale,
50.295,20:56:14.367,920.0,784.0,,,exhale,
50.315,20:56:14.387,921.0,792.0,,,exhale,
50.335,20:56:14.407,923.0,792.0,,,exhale,
50.355,20:56:14.427,921.0,794.0,,,exhale,
50.375,20:56:14.447,919.0,794.0,,,exhale,
50.395,20:56:14.467,921.0,803.0,,,exhale,
50.415,20:56:14.487,919.0,793.0,,,exhale,
50.435,20:56:14.507,919.0,792.0,,,exhale,
50.455,20:56:14.527,917.0,792.0,,,exhale,
50.475,20:56:14.547,913.0,793.0,,,exhale,
50.495,20:56:14.567,916.0,788.0,,,exhale,
50.515,20:56:14.587,915.0,786.0,,,exhale,
50.535,20:56:14.607,927.0,790.0,,,exhale,
50.555,20:56:14.627,916.0,788.0,,,exhale,
50.575,20:56:14.647,909.0,787.0,,,exhale,
50.595,20:56:14.667,911.0,780.0,,,exhale,
50.615,20:56:14.687,915.0,785.0,,,exhale,
50.635,20:56:14.707,911.0,782.0,,,exhale,
50.655,20:56:14.727,910.0,784.0,,,exhale,
50.675,20:56:14.747,909.0,786.0,,,exhale,
50.695,20:56:14.767,909.0,783.0,,,exhale,
50.715,20:56:14.787,1003.0,788.0,,,exhale,
50.742,20:56:14.815,917.0,788.0,,,exhale,
50.759,20:56:14.831,915.0,789.0,,,exhale,
50.775,20:56:14.847,918.0,792.0,,,exhale,
50.795,20:56:14.867,919.0,790.0,,,exhale,
50.815,20:56:14.887,923.0,793.0,,,exhale,
50.835,20:56:14.907,923.0,794.0,,,exhale,
50.855,20:56:14.927,923.0,796.0,,,exhale,
50.875,20:56:14.947,921.0,798.0,,,exhale,
50.895,20:56:14.967,925.0,798.0,,,exhale,
50.915,20:56:14.987,926.0,793.0,,,exhale,
50.935,20:56:15.007,927.0,800.0,,,exhale,
50.958,20:56:15.031,939.0,796.0,,,inhale,inhale_onset
50.975,20:56:15.047,935.0,804.0,,,inhale,
50.995,20:56:15.067,933.0,802.0,,,inhale,
51.015,20:56:15.087,937.0,806.0,,,inhale,
51.035,20:56:15.107,935.0,810.0,,,inhale,
51.055,20:56:15.127,936.0,803.0,,,inhale,
51.075,20:56:15.147,936.0,807.0,,,inhale,
51.095,20:56:15.167,935.0,808.0,,,inhale,
51.115,20:56:15.187,936.0,807.0,,,inhale,
51.135,20:56:15.207,947.0,807.0,,,inhale,
51.155,20:56:15.227,939.0,795.0,,,inhale,
51.175,20:56:15.247,939.0,808.0,,,inhale,
51.195,20:56:15.267,935.0,808.0,,,inhale,
51.215,20:56:15.287,935.0,811.0,,,inhale,
51.235,20:56:15.307,934.0,808.0,,,inhale,
51.255,20:56:15.327,937.0,820.0,,,inhale,
51.275,20:56:15.347,939.0,807.0,,,inhale,
51.295,20:56:15.367,933.0,808.0,,,inhale,
51.315,20:56:15.387,935.0,808.0,,,inhale,
51.335,20:56:15.407,937.0,808.0,,,inhale,
51.355,20:56:15.427,935.0,807.0,,,inhale,
51.375,20:56:15.447,937.0,809.0,,,inhale,
51.395,20:56:15.467,935.0,799.0,,,inhale,
51.415,20:56:15.487,938.0,814.0,,,inhale,
51.435,20:56:15.507,943.0,807.0,,,inhale,
51.455,20:56:15.527,935.0,809.0,,,inhale,
51.475,20:56:15.547,936.0,805.0,,,inhale,
51.495,20:56:15.567,943.0,808.0,,,inhale,
51.515,20:56:15.587,936.0,809.0,,,inhale,
51.535,20:56:15.607,939.0,810.0,,,inhale,
51.555,20:56:15.627,937.0,812.0,,,inhale,
51.575,20:56:15.647,942.0,808.0,,,inhale,
51.595,20:56:15.667,939.0,807.0,,,inhale,
51.615,20:56:15.687,941.0,810.0,,,inhale,
51.635,20:56:15.707,937.0,812.0,,,inhale,
51.655,20:56:15.727,941.0,805.0,,,inhale,
51.675,20:56:15.748,935.0,811.0,,,inhale,
51.695,20:56:15.767,940.0,810.0,,,inhale,
51.715,20:56:15.787,942.0,812.0,,,inhale,
51.735,20:56:15.807,943.0,812.0,,,inhale,
51.755,20:56:15.827,944.0,811.0,,,inhale,
51.775,20:56:15.847,939.0,811.0,,,inhale,
51.795,20:56:15.867,940.0,811.0,,,inhale,
51.815,20:56:15.887,947.0,812.0,,,inhale,
51.835,20:56:15.907,943.0,812.0,,,inhale,
51.855,20:56:15.927,941.0,811.0,,,inhale,
51.875,20:56:15.947,941.0,811.0,,,inhale,
51.895,20:56:15.967,947.0,815.0,,,inhale,
51.915,20:56:15.987,943.0,813.0,,,inhale,
51.935,20:56:16.007,947.0,814.0,,,inhale,
51.959,20:56:16.032,943.0,816.0,,,inhale,
51.975,20:56:16.047,943.0,816.0,,,inhale,
51.995,20:56:16.067,942.0,823.0,,,inhale,
52.015,20:56:16.087,946.0,812.0,,,inhale,
52.035,20:56:16.107,943.0,810.0,,,inhale,
52.055,20:56:16.127,943.0,812.0,,,inhale,
52.075,20:56:16.147,941.0,796.0,,,inhale,
52.095,20:56:16.167,941.0,814.0,,,inhale,
52.115,20:56:16.187,941.0,818.0,,,inhale,
52.135,20:56:16.207,941.0,808.0,,,inhale,
52.155,20:56:16.227,941.0,823.0,,,inhale,
52.175,20:56:16.247,941.0,809.0,,,inhale,
52.195,20:56:16.267,939.0,809.0,,,inhale,
52.215,20:56:16.287,938.0,817.0,,,inhale,
52.235,20:56:16.307,937.0,808.0,,,inhale,
52.255,20:56:16.327,939.0,810.0,,,inhale,
52.275,20:56:16.347,937.0,809.0,,,inhale,
52.295,20:56:16.367,941.0,805.0,,,inhale,
52.315,20:56:16.387,939.0,808.0,,,exhale,exhale_onset
52.335,20:56:16.407,943.0,809.0,,,exhale,
52.355,20:56:16.427,939.0,810.0,,,exhale,
52.375,20:56:16.447,939.0,812.0,,,exhale,
52.395,20:56:16.467,942.0,815.0,,,exhale,
52.415,20:56:16.487,939.0,814.0,,,exhale,
52.435,20:56:16.507,941.0,813.0,,,exhale,
52.455,20:56:16.527,939.0,814.0,,,exhale,
52.475,20:56:16.547,946.0,813.0,,,exhale,
52.495,20:56:16.567,948.0,808.0,,,exhale,
52.515,20:56:16.587,943.0,813.0,,,exhale,
52.535,20:56:16.607,943.0,812.0,,,exhale,
52.555,20:56:16.627,946.0,812.0,,,exhale,
52.575,20:56:16.647,942.0,814.0,,,exhale,
52.595,20:56:16.667,939.0,824.0,,,exhale,
52.615,20:56:16.687,943.0,814.0,,,exhale,
52.635,20:56:16.707,946.0,811.0,,,exhale,
52.655,20:56:16.727,943.0,817.0,,,exhale,
52.675,20:56:16.747,942.0,812.0,,,exhale,
52.695,20:56:16.767,943.0,817.0,,,exhale,
52.715,20:56:16.787,943.0,813.0,,,exhale,
52.735,20:56:16.807,942.0,815.0,,,exhale,
52.755,20:56:16.827,951.0,814.0,,,exhale,
52.775,20:56:16.847,947.0,813.0,,,exhale,
52.795,20:56:16.867,938.0,811.0,,,exhale,
52.815,20:56:16.887,941.0,812.0,,,exhale,
52.835,20:56:16.907,941.0,812.0,,,exhale,
52.855,20:56:16.927,941.0,812.0,,,exhale,
52.875,20:56:16.947,941.0,810.0,,,exhale,
52.895,20:56:16.968,939.0,814.0,,,exhale,
52.915,20:56:16.987,921.0,814.0,,,exhale,
52.935,20:56:17.007,939.0,809.0,,,exhale,
52.959,20:56:17.032,939.0,811.0,,,exhale,
52.975,20:56:17.047,937.0,810.0,,,exhale,
52.995,20:56:17.067,941.0,813.0,,,exhale,
53.015,20:56:17.087,938.0,815.0,,,exhale,
53.035,20:56:17.107,927.0,813.0,,,exhale,
53.055,20:56:17.127,938.0,811.0,,,exhale,
53.075,20:56:17.147,939.0,807.0,,,exhale,
53.095,20:56:17.167,937.0,808.0,,,exhale,
53.115,20:56:17.187,933.0,807.0,,,exhale,
53.135,20:56:17.207,937.0,807.0,,,exhale,
53.155,20:56:17.227,937.0,806.0,,,exhale,
53.175,20:56:17.247,934.0,806.0,,,exhale,
53.195,20:56:17.267,933.0,803.0,,,exhale,
53.215,20:56:17.287,932.0,802.0,,,exhale,
53.235,20:56:17.307,931.0,801.0,,,exhale,
53.255,20:56:17.327,933.0,801.0,,,exhale,
53.275,20:56:17.347,925.0,800.0,,,exhale,
53.295,20:56:17.367,927.0,809.0,,,exhale,
53.315,20:56:17.387,931.0,797.0,,,exhale,
53.335,20:56:17.407,927.0,800.0,,,exhale,
53.355,20:56:17.427,920.0,799.0,,,exhale,
53.375,20:56:17.447,884.0,798.0,,,exhale,
53.395,20:56:17.467,926.0,795.0,,,exhale,
53.415,20:56:17.487,927.0,799.0,,,exhale,
53.435,20:56:17.507,927.0,793.0,,,exhale,
53.455,20:56:17.527,925.0,795.0,,,exhale,
53.475,20:56:17.547,923.0,794.0,,,exhale,
53.495,20:56:17.567,923.0,795.0,,,exhale,
53.515,20:56:17.587,922.0,794.0,,,exhale,
53.535,20:56:17.607,920.0,791.0,,,exhale,
53.555,20:56:17.627,920.0,793.0,,,exhale,
53.575,20:56:17.647,918.0,791.0,,,exhale,
53.595,20:56:17.667,921.0,794.0,,,exhale,
53.615,20:56:17.687,919.0,793.0,,,exhale,
53.635,20:56:17.707,919.0,793.0,,,exhale,
53.655,20:56:17.727,917.0,785.0,,,exhale,
53.675,20:56:17.747,918.0,789.0,,,exhale,
53.695,20:56:17.767,918.0,788.0,,,exhale,
53.715,20:56:17.787,916.0,789.0,,,exhale,
53.735,20:56:17.807,916.0,789.0,,,exhale,
53.755,20:56:17.827,917.0,789.0,,,exhale,
53.775,20:56:17.847,916.0,790.0,,,exhale,
53.795,20:56:17.867,917.0,793.0,,,exhale,
53.815,20:56:17.887,919.0,792.0,,,exhale,
53.835,20:56:17.907,921.0,786.0,,,exhale,
53.855,20:56:17.927,919.0,792.0,,,exhale,
53.875,20:56:17.947,927.0,802.0,,,exhale,
53.895,20:56:17.967,927.0,798.0,,,exhale,
53.915,20:56:17.987,931.0,799.0,,,exhale,
53.935,20:56:18.007,931.0,801.0,,,exhale,
53.960,20:56:18.032,933.0,802.0,,,exhale,
53.975,20:56:18.047,939.0,804.0,,,exhale,
53.995,20:56:18.067,935.0,805.0,,,exhale,
54.015,20:56:18.087,935.0,807.0,,,exhale,
54.035,20:56:18.107,935.0,808.0,,,inhale,inhale_onset
54.055,20:56:18.127,936.0,805.0,,,inhale,
54.076,20:56:18.148,939.0,808.0,,,inhale,
54.099,20:56:18.172,935.0,808.0,,,inhale,
54.114,20:56:18.187,941.0,809.0,,,inhale,
54.134,20:56:18.207,939.0,809.0,,,inhale,
54.154,20:56:18.227,926.0,809.0,,,inhale,
54.174,20:56:18.247,937.0,806.0,,,inhale,
54.194,20:56:18.267,939.0,799.0,,,inhale,
54.214,20:56:18.287,939.0,812.0,,,inhale,
54.235,20:56:18.307,940.0,810.0,,,inhale,
54.255,20:56:18.327,937.0,811.0,,,inhale,
54.275,20:56:18.347,939.0,820.0,,,inhale,
54.295,20:56:18.367,939.0,809.0,,,inhale,
54.315,20:56:18.387,939.0,810.0,,,inhale,
54.335,20:56:18.407,939.0,809.0,,,inhale,
54.355,20:56:18.427,937.0,811.0,,,inhale,
54.375,20:56:18.447,938.0,809.0,,,inhale,
54.395,20:56:18.467,951.0,812.0,,,inhale,
54.415,20:56:18.487,949.0,808.0,,,inhale,
54.435,20:56:18.507,950.0,806.0,,,inhale,
54.455,20:56:18.527,940.0,810.0,,,inhale,
54.475,20:56:18.547,939.0,822.0,,,inhale,
54.495,20:56:18.567,941.0,809.0,,,inhale,
54.515,20:56:18.587,940.0,812.0,,,inhale,
54.534,20:56:18.607,943.0,811.0,,,inhale,
54.555,20:56:18.627,944.0,811.0,,,inhale,
54.574,20:56:18.647,943.0,811.0,,,inhale,
54.595,20:56:18.667,943.0,812.0,,,inhale,
54.615,20:56:18.687,941.0,811.0,,,inhale,
54.635,20:56:18.707,941.0,812.0,,,inhale,
54.655,20:56:18.727,947.0,814.0,,,inhale,
54.675,20:56:18.747,949.0,812.0,,,inhale,
54.695,20:56:18.767,947.0,813.0,,,inhale,
54.715,20:56:18.787,941.0,813.0,,,inhale,
54.735,20:56:18.807,944.0,812.0,,,inhale,
54.755,20:56:18.827,943.0,813.0,,,inhale,
54.775,20:56:18.847,947.0,811.0,,,inhale,
54.795,20:56:18.867,947.0,815.0,,,inhale,
54.815,20:56:18.887,955.0,814.0,,,inhale,
54.834,20:56:18.907,943.0,809.0,,,inhale,
54.855,20:56:18.927,955.0,811.0,,,inhale,
54.875,20:56:18.947,942.0,814.0,,,inhale,
54.894,20:56:18.967,941.0,813.0,,,inhale,
54.914,20:56:18.987,941.0,811.0,,,inhale,
54.934,20:56:19.007,941.0,811.0,,,inhale,
54.959,20:56:19.032,943.0,812.0,,,inhale,
54.975,20:56:19.047,939.0,811.0,,,inhale,
54.995,20:56:19.067,941.0,806.0,,,inhale,
55.015,20:56:19.087,940.0,810.0,,,inhale,
55.034,20:56:19.107,941.0,810.0,,,inhale,
55.054,20:56:19.127,939.0,801.0,,,inhale,
55.075,20:56:19.147,939.0,804.0,,,inhale,
55.095,20:56:19.168,939.0,808.0,,,inhale,
55.115,20:56:19.187,939.0,810.0,,,inhale,
55.134,20:56:19.207,937.0,808.0,,,inhale,
55.154,20:56:19.227,937.0,807.0,,,inhale,
55.174,20:56:19.247,936.0,808.0,,,inhale,
55.195,20:56:19.267,937.0,806.0,,,inhale,
55.215,20:56:19.287,935.0,807.0,,,inhale,
55.234,20:56:19.307,935.0,807.0,,,inhale,
55.255,20:56:19.327,935.0,807.0,,,exhale,exhale_onset
55.274,20:56:19.347,935.0,805.0,,,exhale,
55.295,20:56:19.367,939.0,804.0,,,exhale,
55.315,20:56:19.387,937.0,809.0,,,exhale,
55.335,20:56:19.407,935.0,806.0,,,exhale,
55.355,20:56:19.427,936.0,823.0,,,exhale,
55.375,20:56:19.447,937.0,809.0,,,exhale,
55.395,20:56:19.467,935.0,809.0,,,exhale,
55.414,20:56:19.487,939.0,809.0,,,exhale,
55.434,20:56:19.507,937.0,809.0,,,exhale,
55.455,20:56:19.527,939.0,808.0,,,exhale,
55.475,20:56:19.547,939.0,810.0,,,exhale,
55.495,20:56:19.567,941.0,812.0,,,exhale,
55.515,20:56:19.587,943.0,811.0,,,exhale,
55.535,20:56:19.607,941.0,813.0,,,exhale,
55.555,20:56:19.627,943.0,804.0,,,exhale,
55.575,20:56:19.647,943.0,814.0,,,exhale,
55.595,20:56:19.667,943.0,814.0,,,exhale,
55.615,20:56:19.687,955.0,814.0,,,exhale,
55.635,20:56:19.707,946.0,814.0,,,exhale,
55.655,20:56:19.727,953.0,813.0,,,exhale,
55.675,20:56:19.747,946.0,814.0,,,exhale,
55.695,20:56:19.767,941.0,815.0,,,exhale,
55.715,20:56:19.787,949.0,815.0,,,exhale,
55.735,20:56:19.807,949.0,812.0,,,exhale,
55.755,20:56:19.827,948.0,811.0,,,exhale,
55.775,20:56:19.847,947.0,815.0,,,exhale,
55.794,20:56:19.867,941.0,822.0,,,exhale,
55.815,20:56:19.887,940.0,814.0,,,exhale,
55.835,20:56:19.907,942.0,810.0,,,exhale,
55.855,20:56:19.927,939.0,808.0,,,exhale,
55.875,20:56:19.947,939.0,810.0,,,exhale,
55.894,20:56:19.967,942.0,832.0,,,exhale,
55.914,20:56:19.987,939.0,816.0,,,exhale,
55.934,20:56:20.007,941.0,819.0,,,exhale,
55.958,20:56:20.030,939.0,802.0,,,exhale,
55.974,20:56:20.047,936.0,806.0,,,exhale,
55.994,20:56:20.067,936.0,809.0,,,exhale,
56.014,20:56:20.087,937.0,805.0,,,exhale,
56.034,20:56:20.107,934.0,806.0,,,exhale,
56.054,20:56:20.127,935.0,802.0,,,exhale,
56.074,20:56:20.147,935.0,803.0,,,exhale,
56.094,20:56:20.167,997.0,802.0,,,exhale,
56.115,20:56:20.187,931.0,803.0,,,exhale,
56.135,20:56:20.207,932.0,801.0,,,exhale,
56.154,20:56:20.227,933.0,801.0,,,exhale,
56.174,20:56:20.247,928.0,801.0,,,exhale,
56.194,20:56:20.267,927.0,803.0,,,exhale,
56.214,20:56:20.287,931.0,800.0,,,exhale,
56.235,20:56:20.307,927.0,799.0,,,exhale,
56.255,20:56:20.327,925.0,799.0,,,exhale,
56.275,20:56:20.347,926.0,798.0,,,exhale,
56.294,20:56:20.367,925.0,797.0,,,exhale,
56.315,20:56:20.387,923.0,797.0,,,exhale,
56.335,20:56:20.407,931.0,800.0,,,exhale,
56.355,20:56:20.427,931.0,795.0,,,exhale,
56.375,20:56:20.447,927.0,803.0,,,exhale,
56.394,20:56:20.467,923.0,806.0,,,exhale,
56.414,20:56:20.487,923.0,802.0,,,exhale,
56.435,20:56:20.507,923.0,795.0,,,exhale,
56.454,20:56:20.527,921.0,793.0,,,exhale,
56.474,20:56:20.547,922.0,794.0,,,exhale,
56.495,20:56:20.567,921.0,794.0,,,exhale,
56.514,20:56:20.587,920.0,794.0,,,exhale,
56.534,20:56:20.607,921.0,793.0,,,exhale,
56.555,20:56:20.627,919.0,792.0,,,exhale,
56.575,20:56:20.647,919.0,787.0,,,exhale,
56.594,20:56:20.667,916.0,791.0,,,exhale,
56.615,20:56:20.687,919.0,793.0,,,exhale,
56.634,20:56:20.707,919.0,792.0,,,exhale,
56.655,20:56:20.727,921.0,793.0,,,exhale,
56.675,20:56:20.747,918.0,797.0,,,exhale,
56.694,20:56:20.767,918.0,792.0,,,exhale,
56.714,20:56:20.787,915.0,784.0,,,exhale,
56.735,20:56:20.807,915.0,785.0,,,exhale,
56.754,20:56:20.827,916.0,779.0,,,exhale,
56.774,20:56:20.847,916.0,787.0,,,exhale,
56.795,20:56:20.867,911.0,798.0,,,exhale,
56.815,20:56:20.887,914.0,786.0,,,exhale,
56.835,20:56:20.907,915.0,793.0,,,exhale,
56.854,20:56:20.927,911.0,785.0,,,exhale,
56.874,20:56:20.947,915.0,780.0,,,exhale,
56.895,20:56:20.967,915.0,788.0,,,exhale,
56.914,20:56:20.987,911.0,797.0,,,exhale,
56.934,20:56:21.007,917.0,789.0,,,exhale,
56.959,20:56:21.031,919.0,792.0,,,exhale,
56.974,20:56:21.047,933.0,790.0,,,exhale,
56.995,20:56:21.067,924.0,793.0,,,exhale,
57.015,20:56:21.087,920.0,794.0,,,exhale,
57.034,20:56:21.107,919.0,794.0,,,exhale,
57.055,20:56:21.127,919.0,797.0,,,exhale,
57.074,20:56:21.147,921.0,788.0,,,exhale,
57.094,20:56:21.167,925.0,807.0,,,exhale,
57.114,20:56:21.187,925.0,798.0,,,exhale,
57.135,20:56:21.207,923.0,796.0,,,inhale,inhale_onset
57.154,20:56:21.227,923.0,795.0,,,inhale,
57.175,20:56:21.247,926.0,797.0,,,inhale,
57.194,20:56:21.267,927.0,794.0,,,inhale,
57.214,20:56:21.287,926.0,797.0,,,inhale,
57.234,20:56:21.307,928.0,799.0,,,inhale,
57.255,20:56:21.327,927.0,799.0,,,inhale,
57.274,20:56:21.347,925.0,799.0,,,inhale,
57.295,20:56:21.367,932.0,801.0,,,inhale,
57.314,20:56:21.387,932.0,799.0,,,inhale,
57.334,20:56:21.407,933.0,802.0,,,inhale,
57.354,20:56:21.427,933.0,804.0,,,inhale,
57.374,20:56:21.447,935.0,807.0,,,inhale,
57.394,20:56:21.467,939.0,807.0,,,inhale,
57.414,20:56:21.487,935.0,810.0,,,inhale,
57.434,20:56:21.507,937.0,808.0,,,inhale,
57.454,20:56:21.527,935.0,808.0,,,inhale,
57.475,20:56:21.547,936.0,811.0,,,inhale,
57.494,20:56:21.567,936.0,811.0,,,inhale,
57.515,20:56:21.587,935.0,807.0,,,inhale,
57.539,20:56:21.611,933.0,809.0,,,inhale,
57.555,20:56:21.628,943.0,819.0,,,inhale,
57.574,20:56:21.647,939.0,807.0,,,inhale,
57.594,20:56:21.667,937.0,808.0,,,inhale,
57.614,20:56:21.687,937.0,809.0,,,inhale,
57.634,20:56:21.707,941.0,809.0,,,inhale,
57.654,20:56:21.727,939.0,805.0,,,inhale,
57.674,20:56:21.747,938.0,812.0,,,inhale,
57.694,20:56:21.767,943.0,809.0,,,inhale,
57.714,20:56:21.787,939.0,809.0,,,inhale,
57.734,20:56:21.807,939.0,809.0,,,inhale,
57.754,20:56:21.827,939.0,809.0,,,inhale,
57.774,20:56:21.847,937.0,809.0,,,inhale,
57.794,20:56:21.867,939.0,809.0,,,inhale,
57.814,20:56:21.887,935.0,808.0,,,inhale,
57.834,20:56:21.907,937.0,816.0,,,inhale,
57.854,20:56:21.927,942.0,809.0,,,inhale,
57.874,20:56:21.947,937.0,812.0,,,inhale,
57.894,20:56:21.967,939.0,796.0,,,inhale,
57.914,20:56:21.987,939.0,808.0,,,inhale,
57.934,20:56:22.007,938.0,809.0,,,inhale,
57.959,20:56:22.031,937.0,808.0,,,inhale,
57.974,20:56:22.047,938.0,810.0,,,inhale,
57.994,20:56:22.067,939.0,810.0,,,inhale,
58.014,20:56:22.087,947.0,810.0,,,inhale,
58.034,20:56:22.107,921.0,811.0,,,inhale,
58.054,20:56:22.127,941.0,807.0,,,inhale,
58.074,20:56:22.147,939.0,812.0,,,inhale,
58.094,20:56:22.167,941.0,812.0,,,inhale,
58.114,20:56:22.187,841.0,812.0,,,inhale,
58.134,20:56:22.207,941.0,812.0,,,inhale,
58.154,20:56:22.227,941.0,810.0,,,inhale,
58.174,20:56:22.247,943.0,813.0,,,inhale,
58.194,20:56:22.267,941.0,811.0,,,inhale,
58.214,20:56:22.287,941.0,811.0,,,inhale,
58.234,20:56:22.307,941.0,812.0,,,inhale,
58.254,20:56:22.327,939.0,810.0,,,inhale,
58.274,20:56:22.347,940.0,809.0,,,inhale,
58.294,20:56:22.367,938.0,810.0,,,inhale,
58.314,20:56:22.387,939.0,808.0,,,inhale,
58.334,20:56:22.407,939.0,811.0,,,inhale,
58.355,20:56:22.427,937.0,808.0,,,inhale,
58.374,20:56:22.447,935.0,808.0,,,inhale,
58.394,20:56:22.467,936.0,807.0,,,inhale,
58.414,20:56:22.487,935.0,805.0,,,inhale,
58.434,20:56:22.507,935.0,802.0,,,exhale,exhale_onset
58.454,20:56:22.527,937.0,805.0,,,exhale,
58.474,20:56:22.547,933.0,805.0,,,exhale,
58.494,20:56:22.567,933.0,803.0,,,exhale,
58.514,20:56:22.587,923.0,803.0,,,exhale,
58.534,20:56:22.607,927.0,804.0,,,exhale,
58.554,20:56:22.627,933.0,804.0,,,exhale,
58.574,20:56:22.647,937.0,813.0,,,exhale,
58.594,20:56:22.667,933.0,805.0,,,exhale,
58.614,20:56:22.687,933.0,808.0,,,exhale,
58.634,20:56:22.707,933.0,803.0,,,exhale,
58.654,20:56:22.727,933.0,816.0,,,exhale,
58.674,20:56:22.747,935.0,818.0,,,exhale,
58.694,20:56:22.767,935.0,807.0,,,exhale,
58.714,20:56:22.787,935.0,808.0,,,exhale,
58.734,20:56:22.807,937.0,807.0,,,exhale,
58.754,20:56:22.827,941.0,810.0,,,exhale,
58.774,20:56:22.847,937.0,805.0,,,exhale,
58.794,20:56:22.867,935.0,803.0,,,exhale,
58.814,20:56:22.887,933.0,810.0,,,exhale,
58.834,20:56:22.907,938.0,806.0,,,exhale,
58.854,20:56:22.927,937.0,807.0,,,exhale,
58.874,20:56:22.947,939.0,808.0,,,exhale,
58.894,20:56:22.967,937.0,816.0,,,exhale,
58.914,20:56:22.987,939.0,807.0,,,exhale,
58.934,20:56:23.007,936.0,806.0,,,exhale,
58.959,20:56:23.031,939.0,807.0,,,exhale,
58.974,20:56:23.047,939.0,806.0,,,exhale,
58.994,20:56:23.067,937.0,809.0,,,exhale,
59.014,20:56:23.087,937.0,799.0,,,exhale,
59.034,20:56:23.107,943.0,807.0,,,exhale,
59.054,20:56:23.127,936.0,809.0,,,exhale,
59.074,20:56:23.147,936.0,808.0,,,exhale,
59.094,20:56:23.167,939.0,815.0,,,exhale,
59.114,20:56:23.187,935.0,807.0,,,exhale,
59.134,20:56:23.207,936.0,801.0,,,exhale,
59.154,20:56:23.227,937.0,808.0,,,exhale,
59.175,20:56:23.247,937.0,808.0,,,exhale,
59.194,20:56:23.267,938.0,808.0,,,exhale,
59.214,20:56:23.287,937.0,807.0,,,exhale,
59.234,20:56:23.307,935.0,811.0,,,exhale,
59.254,20:56:23.327,934.0,811.0,,,exhale,
59.274,20:56:23.347,943.0,806.0,,,exhale,
59.294,20:56:23.367,935.0,804.0,,,exhale,
59.314,20:56:23.387,936.0,812.0,,,exhale,
59.334,20:56:23.407,921.0,806.0,,,exhale,
59.354,20:56:23.427,933.0,804.0,,,exhale,
59.374,20:56:23.447,933.0,805.0,,,exhale,
59.394,20:56:23.467,931.0,822.0,,,exhale,
59.414,20:56:23.487,931.0,799.0,,,exhale,
59.434,20:56:23.507,928.0,799.0,,,exhale,
59.454,20:56:23.527,928.0,799.0,,,exhale,
59.474,20:56:23.547,927.0,805.0,,,exhale,
59.494,20:56:23.567,924.0,801.0,,,exhale,
59.514,20:56:23.587,931.0,800.0,,,exhale,
59.534,20:56:23.607,926.0,799.0,,,exhale,
59.554,20:56:23.627,931.0,797.0,,,exhale,
59.574,20:56:23.647,924.0,797.0,,,exhale,
59.594,20:56:23.667,925.0,797.0,,,exhale,
59.614,20:56:23.687,921.0,796.0,,,exhale,
59.634,20:56:23.707,920.0,795.0,,,exhale,
59.654,20:56:23.727,921.0,797.0,,,exhale,
59.674,20:56:23.747,921.0,795.0,,,exhale,
59.694,20:56:23.767,923.0,794.0,,,exhale,
59.714,20:56:23.787,924.0,806.0,,,exhale,
59.734,20:56:23.807,924.0,793.0,,,exhale,
59.754,20:56:23.827,1054.0,792.0,,,exhale,
59.774,20:56:23.847,920.0,792.0,,,exhale,
59.794,20:56:23.867,919.0,792.0,,,exhale,
59.814,20:56:23.887,917.0,804.0,,,exhale,
59.834,20:56:23.907,916.0,789.0,,,exhale,
59.854,20:56:23.927,915.0,786.0,,,exhale,
59.875,20:56:23.947,917.0,785.0,,,exhale,
59.894,20:56:23.967,915.0,788.0,,,exhale,
59.914,20:56:23.987,917.0,788.0,,,exhale,
59.934,20:56:24.007,915.0,790.0,,,exhale,
59.959,20:56:24.032,916.0,782.0,,,exhale,
59.974,20:56:24.047,916.0,787.0,,,exhale,
59.994,20:56:24.067,919.0,795.0,,,exhale,
60.014,20:56:24.087,919.0,795.0,,,exhale,
60.034,20:56:24.107,919.0,793.0,,,exhale,
60.054,20:56:24.127,924.0,794.0,,,exhale,
60.074,20:56:24.147,921.0,787.0,,,exhale,
60.094,20:56:24.167,923.0,798.0,,,exhale,
60.114,20:56:24.187,924.0,796.0,,,exhale,
60.134,20:56:24.207,925.0,798.0,,,exhale,
60.154,20:56:24.227,925.0,799.0,,,exhale,
60.174,20:56:24.247,925.0,799.0,,,exhale,
60.194,20:56:24.267,927.0,799.0,,,exhale,
60.214,20:56:24.287,926.0,801.0,,,exhale,
60.234,20:56:24.307,927.0,800.0,,,exhale,
60.254,20:56:24.327,931.0,801.0,,,exhale,
60.274,20:56:24.347,931.0,801.0,,,exhale,
60.294,20:56:24.367,936.0,801.0,,,inhale,inhale_onset
60.314,20:56:24.387,925.0,804.0,,,inhale,
60.334,20:56:24.407,933.0,802.0,,,inhale,
60.354,20:56:24.427,917.0,802.0,,,inhale,
60.374,20:56:24.447,927.0,803.0,,,inhale,
60.394,20:56:24.467,907.0,804.0,,,inhale,
60.414,20:56:24.487,935.0,803.0,,,inhale,
60.434,20:56:24.507,947.0,806.0,,,inhale,
60.454,20:56:24.527,933.0,814.0,,,inhale,
60.474,20:56:24.547,933.0,801.0,,,inhale,
60.494,20:56:24.567,934.0,806.0,,,inhale,
60.514,20:56:24.587,935.0,807.0,,,inhale,
60.534,20:56:24.607,935.0,808.0,,,inhale,
60.554,20:56:24.627,933.0,805.0,,,inhale,
60.574,20:56:24.647,935.0,807.0,,,inhale,
60.594,20:56:24.667,937.0,807.0,,,inhale,
60.614,20:56:24.687,936.0,809.0,,,inhale,
60.634,20:56:24.707,908.0,809.0,,,inhale,
60.654,20:56:24.727,943.0,809.0,,,inhale,
60.674,20:56:24.747,937.0,808.0,,,inhale,
60.694,20:56:24.767,939.0,808.0,,,inhale,
60.714,20:56:24.787,937.0,808.0,,,inhale,
60.734,20:56:24.807,938.0,809.0,,,inhale,
60.754,20:56:24.827,937.0,798.0,,,inhale,
60.774,20:56:24.847,939.0,809.0,,,inhale,
60.794,20:56:24.867,939.0,812.0,,,inhale,
60.814,20:56:24.887,936.0,810.0,,,inhale,
60.834,20:56:24.907,937.0,814.0,,,inhale,
60.854,20:56:24.927,943.0,807.0,,,inhale,
60.874,20:56:24.947,939.0,809.0,,,inhale,
60.894,20:56:24.967,939.0,809.0,,,inhale,
60.914,20:56:24.987,941.0,809.0,,,inhale,
60.934,20:56:25.007,940.0,808.0,,,inhale,
60.958,20:56:25.030,939.0,810.0,,,inhale,
60.974,20:56:25.046,943.0,811.0,,,inhale,
60.994,20:56:25.066,937.0,811.0,,,inhale,
61.014,20:56:25.086,905.0,809.0,,,inhale,
61.034,20:56:25.106,941.0,809.0,,,inhale,
61.054,20:56:25.126,937.0,810.0,,,inhale,
61.074,20:56:25.146,937.0,809.0,,,inhale,
61.094,20:56:25.167,949.0,811.0,,,inhale,
61.115,20:56:25.187,941.0,810.0,,,inhale,
61.134,20:56:25.207,940.0,807.0,,,inhale,
61.154,20:56:25.227,939.0,809.0,,,inhale,
61.174,20:56:25.247,936.0,816.0,,,inhale,
61.194,20:56:25.267,941.0,799.0,,,inhale,
61.214,20:56:25.287,941.0,807.0,,,inhale,
61.234,20:56:25.307,939.0,808.0,,,inhale,
61.258,20:56:25.331,934.0,803.0,,,inhale,
61.275,20:56:25.348,933.0,807.0,,,inhale,
61.294,20:56:25.367,1196.0,805.0,,,inhale,
61.314,20:56:25.386,931.0,802.0,,,inhale,
61.334,20:56:25.406,935.0,802.0,,,inhale,
61.354,20:56:25.426,928.0,801.0,,,inhale,
61.374,20:56:25.447,933.0,800.0,,,inhale,
61.394,20:56:25.467,933.0,802.0,,,inhale,
61.414,20:56:25.486,931.0,802.0,,,inhale,
61.434,20:56:25.507,931.0,800.0,,,inhale,
61.454,20:56:25.527,931.0,805.0,,,inhale,
61.474,20:56:25.547,931.0,801.0,,,inhale,
61.494,20:56:25.567,937.0,803.0,,,inhale,
61.514,20:56:25.587,927.0,803.0,,,exhale,exhale_onset
61.534,20:56:25.607,933.0,803.0,,,exhale,
61.554,20:56:25.627,935.0,803.0,,,exhale,
61.575,20:56:25.647,933.0,811.0,,,exhale,
61.594,20:56:25.667,934.0,804.0,,,exhale,
61.614,20:56:25.686,935.0,806.0,,,exhale,
61.634,20:56:25.707,933.0,802.0,,,exhale,
61.654,20:56:25.727,934.0,805.0,,,exhale,
61.674,20:56:25.747,935.0,804.0,,,exhale,
61.694,20:56:25.766,935.0,804.0,,,exhale,
61.714,20:56:25.787,957.0,807.0,,,exhale,
61.734,20:56:25.807,936.0,804.0,,,exhale,
61.754,20:56:25.827,947.0,805.0,,,exhale,
61.774,20:56:25.847,936.0,810.0,,,exhale,
61.794,20:56:25.867,935.0,819.0,,,exhale,
61.814,20:56:25.887,936.0,806.0,,,exhale,
61.834,20:56:25.906,935.0,806.0,,,exhale,
61.854,20:56:25.927,935.0,808.0,,,exhale,
61.874,20:56:25.947,935.0,807.0,,,exhale,
61.894,20:56:25.967,889.0,808.0,,,exhale,
61.914,20:56:25.987,934.0,813.0,,,exhale,
61.934,20:56:26.007,939.0,811.0,,,exhale,
61.959,20:56:26.032,937.0,807.0,,,exhale,
61.974,20:56:26.047,939.0,804.0,,,exhale,
61.994,20:56:26.067,936.0,803.0,,,exhale,
62.014,20:56:26.087,937.0,807.0,,,exhale,
62.035,20:56:26.107,935.0,808.0,,,exhale,
62.054,20:56:26.127,935.0,808.0,,,exhale,
62.075,20:56:26.147,935.0,807.0,,,exhale,
62.094,20:56:26.167,936.0,807.0,,,exhale,
62.114,20:56:26.187,937.0,808.0,,,exhale,
62.134,20:56:26.207,935.0,806.0,,,exhale,
62.154,20:56:26.227,934.0,809.0,,,exhale,
62.174,20:56:26.247,935.0,804.0,,,exhale,
62.194,20:56:26.267,935.0,808.0,,,exhale,
62.214,20:56:26.287,935.0,806.0,,,exhale,
62.234,20:56:26.307,933.0,805.0,,,exhale,
62.254,20:56:26.327,935.0,801.0,,,exhale,
62.274,20:56:26.347,954.0,804.0,,,exhale,
62.294,20:56:26.367,924.0,801.0,,,exhale,
62.314,20:56:26.387,933.0,806.0,,,exhale,
62.334,20:56:26.407,933.0,802.0,,,exhale,
62.354,20:56:26.427,929.0,803.0,,,exhale,
62.374,20:56:26.447,953.0,802.0,,,exhale,
62.394,20:56:26.467,928.0,800.0,,,exhale,
62.414,20:56:26.487,935.0,799.0,,,exhale,
62.434,20:56:26.507,927.0,802.0,,,exhale,
62.454,20:56:26.526,905.0,799.0,,,exhale,
62.474,20:56:26.547,926.0,797.0,,,exhale,
62.494,20:56:26.567,933.0,798.0,,,exhale,
62.514,20:56:26.587,927.0,807.0,,,exhale,
62.534,20:56:26.607,918.0,794.0,,,exhale,
62.554,20:56:26.627,923.0,795.0,,,exhale,
62.574,20:56:26.647,920.0,794.0,,,exhale,
62.594,20:56:26.667,924.0,788.0,,,exhale,
62.614,20:56:26.687,921.0,795.0,,,exhale,
62.634,20:56:26.707,922.0,794.0,,,exhale,
62.654,20:56:26.727,923.0,804.0,,,exhale,
62.674,20:56:26.747,923.0,799.0,,,exhale,
62.694,20:56:26.767,920.0,794.0,,,exhale,
62.714,20:56:26.787,921.0,796.0,,,exhale,
62.734,20:56:26.807,921.0,792.0,,,exhale,
62.754,20:56:26.827,916.0,788.0,,,exhale,
62.774,20:56:26.847,919.0,782.0,,,exhale,
62.794,20:56:26.867,919.0,792.0,,,exhale,
62.814,20:56:26.887,919.0,792.0,,,exhale,
62.834,20:56:26.907,919.0,793.0,,,exhale,
62.854,20:56:26.927,918.0,791.0,,,exhale,
62.874,20:56:26.947,916.0,792.0,,,exhale,
62.894,20:56:26.967,915.0,791.0,,,exhale,
62.914,20:56:26.987,917.0,801.0,,,exhale,
62.934,20:56:27.006,909.0,789.0,,,exhale,
62.959,20:56:27.031,915.0,788.0,,,exhale,
62.974,20:56:27.047,915.0,786.0,,,exhale,
62.994,20:56:27.067,913.0,787.0,,,exhale,
63.014,20:56:27.087,911.0,785.0,,,exhale,
63.034,20:56:27.107,922.0,786.0,,,exhale,
63.054,20:56:27.127,909.0,784.0,,,exhale,
63.074,20:56:27.147,909.0,785.0,,,exhale,
63.094,20:56:27.166,911.0,786.0,,,exhale,
63.114,20:56:27.187,909.0,783.0,,,exhale,
63.134,20:56:27.207,909.0,792.0,,,exhale,
63.154,20:56:27.227,888.0,790.0,,,exhale,
63.174,20:56:27.247,909.0,784.0,,,exhale,
63.194,20:56:27.266,909.0,783.0,,,exhale,
63.214,20:56:27.287,913.0,783.0,,,exhale,
63.234,20:56:27.307,907.0,784.0,,,exhale,
63.254,20:56:27.326,909.0,778.0,,,exhale,
63.274,20:56:27.347,911.0,785.0,,,exhale,
63.294,20:56:27.367,915.0,785.0,,,exhale,
63.314,20:56:27.387,918.0,793.0,,,exhale,
63.334,20:56:27.407,921.0,792.0,,,exhale,
63.354,20:56:27.426,918.0,790.0,,,exhale,
63.374,20:56:27.447,919.0,793.0,,,exhale,
63.394,20:56:27.466,921.0,790.0,,,exhale,
63.414,20:56:27.487,721.0,793.0,,,exhale,
63.434,20:56:27.507,916.0,787.0,,,exhale,
63.454,20:56:27.526,924.0,797.0,,,exhale,
63.474,20:56:27.547,925.0,797.0,,,inhale,inhale_onset
63.494,20:56:27.566,921.0,798.0,,,inhale,
63.514,20:56:27.587,922.0,800.0,,,inhale,
63.534,20:56:27.607,927.0,800.0,,,inhale,
63.554,20:56:27.626,931.0,800.0,,,inhale,
63.574,20:56:27.647,925.0,798.0,,,inhale,
63.594,20:56:27.667,931.0,787.0,,,inhale,
63.614,20:56:27.687,926.0,802.0,,,inhale,
63.634,20:56:27.707,931.0,803.0,,,inhale,
63.654,20:56:27.726,934.0,803.0,,,inhale,
63.674,20:56:27.747,933.0,804.0,,,inhale,
63.694,20:56:27.767,935.0,817.0,,,inhale,
63.714,20:56:27.786,932.0,814.0,,,inhale,
63.734,20:56:27.807,935.0,802.0,,,inhale,
63.754,20:56:27.827,935.0,805.0,,,inhale,
63.774,20:56:27.847,934.0,805.0,,,inhale,
63.794,20:56:27.867,932.0,815.0,,,inhale,
63.814,20:56:27.887,930.0,802.0,,,inhale,
63.834,20:56:27.906,923.0,803.0,,,inhale,
63.854,20:56:27.927,928.0,815.0,,,inhale,
63.874,20:56:27.947,935.0,806.0,,,inhale,
63.894,20:56:27.967,861.0,809.0,,,inhale,
63.914,20:56:27.986,935.0,806.0,,,inhale,
63.934,20:56:28.006,933.0,806.0,,,inhale,
63.959,20:56:28.031,939.0,804.0,,,inhale,
63.974,20:56:28.047,935.0,813.0,,,inhale,
63.994,20:56:28.066,935.0,805.0,,,inhale,
64.014,20:56:28.086,931.0,805.0,,,inhale,
64.034,20:56:28.107,927.0,804.0,,,inhale,
64.054,20:56:28.126,932.0,811.0,,,inhale,
64.074,20:56:28.147,935.0,806.0,,,inhale,
64.094,20:56:28.166,893.0,807.0,,,inhale,
64.114,20:56:28.186,934.0,807.0,,,inhale,
64.134,20:56:28.206,940.0,806.0,,,inhale,
64.154,20:56:28.226,934.0,806.0,,,inhale,
64.174,20:56:28.247,933.0,797.0,,,inhale,
64.194,20:56:28.267,940.0,807.0,,,inhale,
64.214,20:56:28.286,935.0,805.0,,,inhale,
64.234,20:56:28.307,935.0,808.0,,,inhale,
64.254,20:56:28.326,939.0,807.0,,,inhale,
64.274,20:56:28.347,936.0,807.0,,,inhale,
64.294,20:56:28.366,932.0,808.0,,,inhale,
64.314,20:56:28.387,937.0,811.0,,,inhale,
64.334,20:56:28.407,939.0,801.0,,,inhale,
64.354,20:56:28.426,941.0,810.0,,,inhale,
64.374,20:56:28.447,941.0,809.0,,,inhale,
64.394,20:56:28.466,940.0,810.0,,,inhale,
64.414,20:56:28.487,940.0,810.0,,,inhale,
64.434,20:56:28.506,940.0,809.0,,,inhale,
64.454,20:56:28.526,940.0,810.0,,,inhale,
64.474,20:56:28.547,940.0,810.0,,,inhale,
64.494,20:56:28.566,933.0,819.0,,,inhale,
64.514,20:56:28.586,937.0,810.0,,,inhale,
64.534,20:56:28.606,939.0,806.0,,,inhale,
64.554,20:56:28.626,937.0,803.0,,,inhale,
64.574,20:56:28.647,941.0,810.0,,,inhale,
64.594,20:56:28.666,937.0,810.0,,,inhale,
64.614,20:56:28.686,939.0,809.0,,,inhale,
64.634,20:56:28.706,939.0,810.0,,,inhale,
64.654,20:56:28.726,940.0,809.0,,,inhale,
64.674,20:56:28.746,939.0,808.0,,,inhale,
64.694,20:56:28.766,939.0,808.0,,,inhale,
64.714,20:56:28.786,925.0,808.0,,,inhale,
64.734,20:56:28.806,937.0,806.0,,,inhale,
64.754,20:56:28.826,941.0,808.0,,,inhale,
64.774,20:56:28.846,935.0,811.0,,,inhale,
64.794,20:56:28.866,937.0,808.0,,,exhale,exhale_onset
64.824,20:56:28.896,933.0,809.0,,,exhale,
64.837,20:56:28.909,936.0,792.0,,,exhale,
64.854,20:56:28.926,932.0,806.0,,,exhale,
64.874,20:56:28.946,935.0,805.0,,,exhale,
64.894,20:56:28.966,933.0,802.0,,,exhale,
64.914,20:56:28.986,937.0,801.0,,,exhale,
64.934,20:56:29.006,931.0,801.0,,,exhale,
64.958,20:56:29.030,933.0,804.0,,,exhale,
64.974,20:56:29.046,927.0,802.0,,,exhale,
64.994,20:56:29.066,1061.0,803.0,,,exhale,
65.014,20:56:29.086,927.0,798.0,,,exhale,
65.034,20:56:29.106,934.0,795.0,,,exhale,
65.054,20:56:29.126,937.0,805.0,,,exhale,
65.074,20:56:29.147,932.0,804.0,,,exhale,
65.094,20:56:29.166,917.0,805.0,,,exhale,
65.114,20:56:29.186,933.0,804.0,,,exhale,
65.134,20:56:29.206,937.0,807.0,,,exhale,
65.154,20:56:29.226,934.0,807.0,,,exhale,
65.174,20:56:29.246,935.0,807.0,,,exhale,
65.194,20:56:29.266,936.0,807.0,,,exhale,
65.214,20:56:29.286,937.0,807.0,,,exhale,
65.234,20:56:29.306,938.0,808.0,,,exhale,
65.254,20:56:29.326,937.0,809.0,,,exhale,
65.274,20:56:29.346,781.0,801.0,,,exhale,
65.294,20:56:29.366,953.0,809.0,,,exhale,
65.314,20:56:29.386,936.0,810.0,,,exhale,
65.334,20:56:29.406,937.0,818.0,,,exhale,
65.354,20:56:29.426,946.0,809.0,,,exhale,
65.374,20:56:29.446,939.0,807.0,,,exhale,
65.394,20:56:29.466,938.0,809.0,,,exhale,
65.414,20:56:29.486,885.0,800.0,,,exhale,
65.434,20:56:29.506,937.0,808.0,,,exhale,
65.454,20:56:29.526,937.0,807.0,,,exhale,
65.474,20:56:29.546,935.0,808.0,,,exhale,
65.494,20:56:29.566,937.0,820.0,,,exhale,
65.514,20:56:29.586,926.0,807.0,,,exhale,
65.534,20:56:29.606,933.0,805.0,,,exhale,
65.554,20:56:29.626,936.0,807.0,,,exhale,
65.574,20:56:29.646,935.0,801.0,,,exhale,
65.594,20:56:29.666,947.0,803.0,,,exhale,
65.614,20:56:29.686,933.0,803.0,,,exhale,
65.634,20:56:29.706,934.0,817.0,,,exhale,
65.654,20:56:29.726,935.0,803.0,,,exhale,
65.674,20:56:29.746,933.0,802.0,,,exhale,
65.694,20:56:29.766,943.0,805.0,,,exhale,
65.714,20:56:29.786,935.0,802.0,,,exhale,
65.734,20:56:29.806,931.0,801.0,,,exhale,
65.754,20:56:29.826,931.0,802.0,,,exhale,
65.774,20:56:29.846,931.0,802.0,,,exhale,
65.794,20:56:29.866,932.0,802.0,,,exhale,
65.814,20:56:29.886,927.0,802.0,,,exhale,
65.834,20:56:29.906,931.0,801.0,,,exhale,
65.854,20:56:29.926,927.0,800.0,,,exhale,
65.874,20:56:29.946,928.0,805.0,,,exhale,
65.894,20:56:29.966,927.0,796.0,,,exhale,
65.914,20:56:29.986,927.0,800.0,,,exhale,
65.934,20:56:30.006,926.0,798.0,,,exhale,
65.957,20:56:30.030,920.0,797.0,,,exhale,
65.974,20:56:30.046,926.0,803.0,,,exhale,
65.994,20:56:30.066,925.0,797.0,,,exhale,
66.014,20:56:30.086,924.0,796.0,,,exhale,
66.034,20:56:30.106,922.0,795.0,,,exhale,
66.054,20:56:30.126,922.0,796.0,,,exhale,
66.074,20:56:30.146,921.0,785.0,,,exhale,
66.094,20:56:30.166,925.0,796.0,,,exhale,
66.114,20:56:30.186,923.0,803.0,,,exhale,
66.134,20:56:30.206,923.0,794.0,,,exhale,
66.154,20:56:30.226,923.0,795.0,,,exhale,
66.174,20:56:30.246,923.0,795.0,,,exhale,
66.194,20:56:30.266,920.0,795.0,,,exhale,
66.214,20:56:30.286,921.0,781.0,,,exhale,
66.234,20:56:30.306,919.0,784.0,,,exhale,
66.254,20:56:30.326,915.0,793.0,,,exhale,
66.274,20:56:30.346,919.0,793.0,,,exhale,
66.294,20:56:30.366,917.0,792.0,,,exhale,
66.314,20:56:30.386,915.0,790.0,,,exhale,
66.334,20:56:30.406,915.0,789.0,,,exhale,
66.354,20:56:30.426,911.0,792.0,,,exhale,
66.374,20:56:30.446,915.0,788.0,,,exhale,
66.394,20:56:30.466,914.0,800.0,,,exhale,
66.414,20:56:30.486,913.0,785.0,,,exhale,
66.434,20:56:30.506,914.0,785.0,,,exhale,
66.454,20:56:30.526,907.0,784.0,,,exhale,
66.474,20:56:30.546,910.0,787.0,,,exhale,
66.494,20:56:30.566,908.0,784.0,,,exhale,
66.514,20:56:30.586,906.0,777.0,,,exhale,
66.534,20:56:30.606,909.0,784.0,,,exhale,
66.554,20:56:30.626,941.0,787.0,,,exhale,
66.574,20:56:30.646,911.0,783.0,,,exhale,
66.594,20:56:30.666,916.0,790.0,,,exhale,
66.614,20:56:30.686,917.0,790.0,,,exhale,
66.634,20:56:30.706,917.0,792.0,,,exhale,
66.654,20:56:30.726,916.0,793.0,,,exhale,
66.674,20:56:30.746,920.0,791.0,,,exhale,
66.694,20:56:30.766,923.0,794.0,,,exhale,
66.714,20:56:30.786,948.0,796.0,,,exhale,
66.734,20:56:30.807,923.0,796.0,,,exhale,
66.754,20:56:30.826,925.0,793.0,,,exhale,
66.774,20:56:30.846,925.0,798.0,,,exhale,
66.794,20:56:30.866,927.0,798.0,,,exhale,
66.814,20:56:30.886,926.0,799.0,,,inhale,inhale_onset
66.834,20:56:30.906,925.0,799.0,,,inhale,
66.854,20:56:30.926,928.0,800.0,,,inhale,
66.874,20:56:30.946,933.0,801.0,,,inhale,
66.894,20:56:30.966,933.0,801.0,,,inhale,
66.914,20:56:30.986,933.0,799.0,,,inhale,
66.934,20:56:31.006,925.0,802.0,,,inhale,
66.959,20:56:31.031,933.0,806.0,,,inhale,
66.974,20:56:31.046,931.0,803.0,,,inhale,
66.994,20:56:31.066,933.0,802.0,,,inhale,
67.014,20:56:31.086,935.0,805.0,,,inhale,
67.034,20:56:31.106,932.0,798.0,,,inhale,
67.054,20:56:31.126,935.0,806.0,,,inhale,
67.074,20:56:31.146,933.0,802.0,,,inhale,
67.094,20:56:31.166,933.0,810.0,,,inhale,
67.114,20:56:31.186,933.0,800.0,,,inhale,
67.134,20:56:31.206,931.0,804.0,,,inhale,
67.154,20:56:31.226,951.0,806.0,,,inhale,
67.174,20:56:31.246,935.0,808.0,,,inhale,
67.194,20:56:31.266,937.0,806.0,,,inhale,
67.214,20:56:31.286,939.0,808.0,,,inhale,
67.234,20:56:31.306,937.0,806.0,,,inhale,
67.254,20:56:31.326,937.0,808.0,,,inhale,
67.274,20:56:31.346,935.0,808.0,,,inhale,
67.294,20:56:31.366,915.0,809.0,,,inhale,
67.314,20:56:31.386,935.0,809.0,,,inhale,
67.334,20:56:31.406,941.0,808.0,,,inhale,
67.354,20:56:31.426,937.0,807.0,,,inhale,
67.374,20:56:31.446,938.0,809.0,,,inhale,
67.394,20:56:31.466,938.0,807.0,,,inhale,
67.414,20:56:31.486,939.0,814.0,,,inhale,
67.434,20:56:31.506,949.0,807.0,,,inhale,
67.454,20:56:31.526,937.0,808.0,,,inhale,
67.474,20:56:31.547,939.0,807.0,,,inhale,
67.494,20:56:31.566,941.0,810.0,,,inhale,
67.514,20:56:31.586,942.0,812.0,,,inhale,
67.534,20:56:31.606,937.0,809.0,,,inhale,
67.554,20:56:31.626,939.0,809.0,,,inhale,
67.574,20:56:31.646,940.0,806.0,,,inhale,
67.594,20:56:31.666,941.0,811.0,,,inhale,
67.614,20:56:31.686,940.0,820.0,,,inhale,
67.634,20:56:31.706,937.0,810.0,,,inhale,
67.654,20:56:31.726,947.0,809.0,,,inhale,
67.674,20:56:31.746,940.0,820.0,,,inhale,
67.694,20:56:31.766,942.0,814.0,,,inhale,
67.714,20:56:31.786,953.0,817.0,,,inhale,
67.734,20:56:31.806,943.0,813.0,,,inhale,
67.754,20:56:31.826,948.0,813.0,,,inhale,
67.774,20:56:31.846,947.0,816.0,,,inhale,
67.794,20:56:31.866,947.0,815.0,,,inhale,
67.814,20:56:31.886,946.0,815.0,,,inhale,
67.834,20:56:31.906,942.0,814.0,,,inhale,
67.854,20:56:31.926,948.0,803.0,,,inhale,
67.874,20:56:31.946,947.0,814.0,,,inhale,
67.894,20:56:31.966,943.0,815.0,,,inhale,
67.914,20:56:31.986,942.0,813.0,,,inhale,
67.934,20:56:32.006,943.0,812.0,,,inhale,
67.959,20:56:32.032,942.0,812.0,,,inhale,
67.974,20:56:32.046,941.0,810.0,,,inhale,
67.994,20:56:32.066,944.0,784.0,,,inhale,
68.014,20:56:32.086,939.0,800.0,,,inhale,
68.034,20:56:32.106,941.0,811.0,,,exhale,exhale_onset
68.054,20:56:32.126,941.0,811.0,,,exhale,
68.074,20:56:32.146,942.0,811.0,,,exhale,
68.094,20:56:32.166,940.0,810.0,,,exhale,
68.114,20:56:32.186,939.0,808.0,,,exhale,
68.134,20:56:32.206,939.0,809.0,,,exhale,
68.154,20:56:32.226,939.0,809.0,,,exhale,
68.174,20:56:32.246,939.0,806.0,,,exhale,
68.194,20:56:32.266,937.0,809.0,,,exhale,
68.214,20:56:32.286,939.0,812.0,,,exhale,
68.234,20:56:32.306,939.0,810.0,,,exhale,
68.254,20:56:32.326,938.0,820.0,,,exhale,
68.274,20:56:32.346,937.0,809.0,,,exhale,
68.294,20:56:32.366,941.0,809.0,,,exhale,
68.325,20:56:32.397,939.0,813.0,,,exhale,
68.338,20:56:32.410,941.0,812.0,,,exhale,
68.354,20:56:32.426,942.0,812.0,,,exhale,
68.374,20:56:32.446,943.0,813.0,,,exhale,
68.394,20:56:32.466,910.0,824.0,,,exhale,
68.414,20:56:32.486,941.0,809.0,,,exhale,
68.434,20:56:32.506,947.0,814.0,,,exhale,
68.454,20:56:32.526,949.0,809.0,,,exhale,
68.474,20:56:32.546,942.0,812.0,,,exhale,
68.494,20:56:32.566,943.0,811.0,,,exhale,
68.514,20:56:32.586,943.0,813.0,,,exhale,
68.534,20:56:32.606,949.0,824.0,,,exhale,
68.554,20:56:32.626,943.0,821.0,,,exhale,
68.574,20:56:32.647,951.0,813.0,,,exhale,
68.594,20:56:32.666,943.0,814.0,,,exhale,
68.614,20:56:32.686,945.0,814.0,,,exhale,
68.634,20:56:32.706,947.0,813.0,,,exhale,
68.654,20:56:32.726,944.0,815.0,,,exhale,
68.674,20:56:32.746,947.0,816.0,,,exhale,
68.694,20:56:32.766,941.0,812.0,,,exhale,
68.714,20:56:32.786,944.0,817.0,,,exhale,
68.734,20:56:32.806,943.0,810.0,,,exhale,
68.754,20:56:32.826,947.0,821.0,,,exhale,
68.774,20:56:32.846,951.0,814.0,,,exhale,
68.794,20:56:32.866,1044.0,814.0,,,exhale,
68.814,20:56:32.886,947.0,812.0,,,exhale,
68.834,20:56:32.906,943.0,814.0,,,exhale,
68.854,20:56:32.926,943.0,813.0,,,exhale,
68.874,20:56:32.946,943.0,812.0,,,exhale,
68.894,20:56:32.966,943.0,816.0,,,exhale,
68.914,20:56:32.986,941.0,813.0,,,exhale,
68.934,20:56:33.006,940.0,811.0,,,exhale,
68.959,20:56:33.031,949.0,811.0,,,exhale,
68.974,20:56:33.046,938.0,809.0,,,exhale,
68.994,20:56:33.066,937.0,810.0,,,exhale,
69.014,20:56:33.086,941.0,804.0,,,exhale,
69.034,20:56:33.106,937.0,808.0,,,exhale,
69.054,20:56:33.126,936.0,809.0,,,exhale,
69.074,20:56:33.146,937.0,806.0,,,exhale,
69.094,20:56:33.166,935.0,807.0,,,exhale,
69.114,20:56:33.186,936.0,808.0,,,exhale,
69.134,20:56:33.206,937.0,807.0,,,exhale,
69.154,20:56:33.226,934.0,802.0,,,exhale,
69.174,20:56:33.246,935.0,805.0,,,exhale,
69.194,20:56:33.266,933.0,804.0,,,exhale,
69.214,20:56:33.286,933.0,797.0,,,exhale,
69.234,20:56:33.306,932.0,799.0,,,exhale,
69.254,20:56:33.326,931.0,801.0,,,exhale,
69.274,20:56:33.346,925.0,801.0,,,exhale,
69.294,20:56:33.366,928.0,801.0,,,exhale,
69.314,20:56:33.386,932.0,800.0,,,exhale,
69.334,20:56:33.406,933.0,800.0,,,exhale,
69.354,20:56:33.426,931.0,802.0,,,exhale,
69.374,20:56:33.446,925.0,799.0,,,exhale,
69.394,20:56:33.466,927.0,797.0,,,exhale,
69.414,20:56:33.486,925.0,797.0,,,exhale,
69.434,20:56:33.506,925.0,795.0,,,exhale,
69.454,20:56:33.526,923.0,796.0,,,exhale,
69.474,20:56:33.546,926.0,796.0,,,exhale,
69.494,20:56:33.566,923.0,796.0,,,exhale,
69.514,20:56:33.586,921.0,795.0,,,exhale,
69.534,20:56:33.606,920.0,794.0,,,exhale,
69.554,20:56:33.626,917.0,790.0,,,exhale,
69.574,20:56:33.646,923.0,792.0,,,exhale,
69.594,20:56:33.666,919.0,794.0,,,exhale,
69.614,20:56:33.686,916.0,791.0,,,exhale,
69.634,20:56:33.706,919.0,790.0,,,exhale,
69.654,20:56:33.726,917.0,790.0,,,exhale,
69.674,20:56:33.746,917.0,791.0,,,exhale,
69.694,20:56:33.766,919.0,790.0,,,exhale,
69.714,20:56:33.786,918.0,793.0,,,exhale,
69.734,20:56:33.806,927.0,793.0,,,exhale,
69.754,20:56:33.826,939.0,793.0,,,exhale,
69.774,20:56:33.846,921.0,798.0,,,exhale,
69.794,20:56:33.866,922.0,789.0,,,exhale,
69.814,20:56:33.886,921.0,795.0,,,exhale,
69.834,20:56:33.906,924.0,798.0,,,exhale,
69.854,20:56:33.926,927.0,799.0,,,exhale,
69.874,20:56:33.946,935.0,800.0,,,exhale,
69.894,20:56:33.966,927.0,805.0,,,exhale,
69.914,20:56:33.986,924.0,802.0,,,exhale,
69.934,20:56:34.006,927.0,804.0,,,exhale,
69.959,20:56:34.031,934.0,804.0,,,exhale,
69.975,20:56:34.048,953.0,807.0,,,exhale,
69.994,20:56:34.066,937.0,808.0,,,inhale,inhale_onset
70.014,20:56:34.086,935.0,806.0,,,inhale,
70.034,20:56:34.106,943.0,805.0,,,inhale,
70.054,20:56:34.126,938.0,804.0,,,inhale,
70.074,20:56:34.146,938.0,807.0,,,inhale,
70.094,20:56:34.166,936.0,800.0,,,inhale,
70.114,20:56:34.186,939.0,809.0,,,inhale,
70.134,20:56:34.206,939.0,809.0,,,inhale,
70.154,20:56:34.226,939.0,808.0,,,inhale,
70.174,20:56:34.246,943.0,809.0,,,inhale,
70.194,20:56:34.266,939.0,809.0,,,inhale,
70.214,20:56:34.286,941.0,811.0,,,inhale,
70.234,20:56:34.306,938.0,819.0,,,inhale,
70.254,20:56:34.326,937.0,809.0,,,inhale,
70.274,20:56:34.346,943.0,810.0,,,inhale,
70.293,20:56:34.366,937.0,811.0,,,inhale,
70.314,20:56:34.386,941.0,809.0,,,inhale,
70.334,20:56:34.406,939.0,809.0,,,inhale,
70.354,20:56:34.426,937.0,815.0,,,inhale,
70.374,20:56:34.446,939.0,813.0,,,inhale,
70.394,20:56:34.466,941.0,808.0,,,inhale,
70.414,20:56:34.486,939.0,807.0,,,inhale,
70.434,20:56:34.506,937.0,809.0,,,inhale,
70.454,20:56:34.526,935.0,809.0,,,inhale,
70.474,20:56:34.546,941.0,809.0,,,inhale,
70.493,20:56:34.566,933.0,805.0,,,inhale,
70.514,20:56:34.586,937.0,808.0,,,inhale,
70.534,20:56:34.606,939.0,809.0,,,inhale,
70.554,20:56:34.627,1051.0,808.0,,,inhale,
70.574,20:56:34.646,938.0,811.0,,,inhale,
70.593,20:56:34.666,937.0,807.0,,,inhale,
70.614,20:56:34.686,940.0,807.0,,,inhale,
70.634,20:56:34.706,967.0,808.0,,,inhale,
70.654,20:56:34.726,939.0,808.0,,,inhale,
70.674,20:56:34.746,939.0,819.0,,,inhale,
70.694,20:56:34.766,934.0,809.0,,,inhale,
70.714,20:56:34.786,939.0,808.0,,,inhale,
70.734,20:56:34.806,939.0,809.0,,,inhale,
70.754,20:56:34.826,939.0,798.0,,,inhale,
70.774,20:56:34.846,953.0,811.0,,,inhale,
70.793,20:56:34.866,941.0,808.0,,,inhale,
70.814,20:56:34.886,939.0,809.0,,,inhale,
70.834,20:56:34.906,916.0,810.0,,,inhale,
70.854,20:56:34.926,940.0,810.0,,,inhale,
70.874,20:56:34.946,938.0,810.0,,,inhale,
70.893,20:56:34.966,939.0,810.0,,,inhale,
70.913,20:56:34.986,939.0,810.0,,,inhale,
70.933,20:56:35.006,939.0,809.0,,,inhale,
70.957,20:56:35.029,937.0,809.0,,,inhale,
70.973,20:56:35.046,939.0,822.0,,,inhale,
70.993,20:56:35.066,1042.0,808.0,,,inhale,
71.013,20:56:35.086,941.0,809.0,,,inhale,
71.033,20:56:35.106,939.0,808.0,,,inhale,
71.053,20:56:35.126,937.0,808.0,,,inhale,
71.073,20:56:35.146,933.0,798.0,,,inhale,
71.093,20:56:35.166,938.0,808.0,,,inhale,
71.114,20:56:35.186,939.0,810.0,,,inhale,
71.134,20:56:35.206,935.0,808.0,,,inhale,
71.154,20:56:35.226,935.0,806.0,,,inhale,
71.174,20:56:35.246,938.0,805.0,,,inhale,
71.194,20:56:35.266,971.0,805.0,,,inhale,
71.214,20:56:35.286,932.0,802.0,,,exhale,exhale_onset
71.233,20:56:35.306,936.0,803.0,,,exhale,
71.254,20:56:35.326,935.0,805.0,,,exhale,
71.274,20:56:35.346,933.0,805.0,,,exhale,
71.293,20:56:35.366,931.0,811.0,,,exhale,
71.314,20:56:35.386,935.0,806.0,,,exhale,
71.334,20:56:35.406,935.0,803.0,,,exhale,
71.354,20:56:35.427,941.0,803.0,,,exhale,
71.374,20:56:35.446,933.0,805.0,,,exhale,
71.394,20:56:35.466,1128.0,796.0,,,exhale,
71.414,20:56:35.486,934.0,805.0,,,exhale,
71.433,20:56:35.506,937.0,807.0,,,exhale,
71.454,20:56:35.526,933.0,807.0,,,exhale,
71.474,20:56:35.546,937.0,808.0,,,exhale,
71.493,20:56:35.566,935.0,809.0,,,exhale,
71.514,20:56:35.586,979.0,807.0,,,exhale,
71.534,20:56:35.606,936.0,808.0,,,exhale,
71.554,20:56:35.626,939.0,810.0,,,exhale,
71.574,20:56:35.646,938.0,808.0,,,exhale,
71.593,20:56:35.666,938.0,810.0,,,exhale,
71.614,20:56:35.686,1091.0,812.0,,,exhale,
71.633,20:56:35.706,939.0,809.0,,,exhale,
71.654,20:56:35.726,937.0,809.0,,,exhale,
71.674,20:56:35.746,937.0,815.0,,,exhale,
71.694,20:56:35.766,937.0,812.0,,,exhale,
71.714,20:56:35.786,939.0,808.0,,,exhale,
71.734,20:56:35.806,939.0,809.0,,,exhale,
71.753,20:56:35.826,939.0,809.0,,,exhale,
71.774,20:56:35.846,936.0,807.0,,,exhale,
71.793,20:56:35.866,935.0,809.0,,,exhale,
71.814,20:56:35.886,939.0,815.0,,,exhale,
71.834,20:56:35.906,937.0,806.0,,,exhale,
71.857,20:56:35.929,940.0,806.0,,,exhale,
71.874,20:56:35.946,959.0,808.0,,,exhale,
71.893,20:56:35.966,934.0,805.0,,,exhale,
71.913,20:56:35.986,935.0,808.0,,,exhale,
71.933,20:56:36.006,939.0,807.0,,,exhale,
71.957,20:56:36.030,937.0,807.0,,,exhale,
71.973,20:56:36.046,935.0,808.0,,,exhale,
71.993,20:56:36.066,975.0,807.0,,,exhale,
72.013,20:56:36.086,933.0,807.0,,,exhale,
72.034,20:56:36.106,934.0,808.0,,,exhale,
72.054,20:56:36.126,933.0,808.0,,,exhale,
72.074,20:56:36.146,935.0,805.0,,,exhale,
72.094,20:56:36.166,931.0,804.0,,,exhale,
72.114,20:56:36.186,933.0,804.0,,,exhale,
72.134,20:56:36.206,935.0,800.0,,,exhale,
72.154,20:56:36.226,931.0,803.0,,,exhale,
72.174,20:56:36.246,933.0,803.0,,,exhale,
72.194,20:56:36.266,931.0,804.0,,,exhale,
72.213,20:56:36.286,927.0,800.0,,,exhale,
72.233,20:56:36.306,911.0,794.0,,,exhale,
72.254,20:56:36.326,926.0,807.0,,,exhale,
72.273,20:56:36.346,926.0,798.0,,,exhale,
72.294,20:56:36.366,925.0,792.0,,,exhale,
72.313,20:56:36.386,925.0,796.0,,,exhale,
72.333,20:56:36.406,925.0,800.0,,,exhale,
72.354,20:56:36.426,924.0,799.0,,,exhale,
72.374,20:56:36.446,923.0,795.0,,,exhale,
72.394,20:56:36.466,923.0,791.0,,,exhale,
72.413,20:56:36.486,920.0,795.0,,,exhale,
72.433,20:56:36.506,783.0,794.0,,,exhale,
72.454,20:56:36.526,923.0,795.0,,,exhale,
72.474,20:56:36.546,921.0,793.0,,,exhale,
72.494,20:56:36.566,922.0,808.0,,,exhale,
72.513,20:56:36.586,923.0,798.0,,,exhale,
72.533,20:56:36.606,922.0,793.0,,,exhale,
72.553,20:56:36.626,921.0,795.0,,,exhale,
72.573,20:56:36.646,921.0,794.0,,,exhale,
72.593,20:56:36.666,919.0,794.0,,,exhale,
72.613,20:56:36.686,921.0,793.0,,,exhale,
72.633,20:56:36.706,921.0,792.0,,,exhale,
72.653,20:56:36.726,919.0,792.0,,,exhale,
72.674,20:56:36.746,917.0,792.0,,,exhale,
72.693,20:56:36.766,917.0,790.0,,,exhale,
72.713,20:56:36.786,922.0,791.0,,,exhale,
72.733,20:56:36.806,917.0,785.0,,,exhale,
72.753,20:56:36.826,917.0,787.0,,,exhale,
72.773,20:56:36.846,919.0,786.0,,,exhale,
72.794,20:56:36.866,919.0,782.0,,,exhale,
72.813,20:56:36.886,933.0,787.0,,,exhale,
72.833,20:56:36.906,862.0,790.0,,,exhale,
72.853,20:56:36.926,919.0,791.0,,,exhale,
72.874,20:56:36.946,919.0,792.0,,,exhale,
72.893,20:56:36.966,920.0,792.0,,,exhale,
72.913,20:56:36.986,921.0,792.0,,,exhale,
72.933,20:56:37.006,920.0,804.0,,,exhale,
72.958,20:56:37.031,923.0,800.0,,,exhale,
72.973,20:56:37.046,925.0,798.0,,,exhale,
72.994,20:56:37.066,926.0,799.0,,,exhale,
73.013,20:56:37.086,927.0,802.0,,,exhale,
73.034,20:56:37.106,928.0,801.0,,,exhale,
73.053,20:56:37.126,928.0,802.0,,,exhale,
73.074,20:56:37.146,933.0,807.0,,,inhale,inhale_onset
73.093,20:56:37.166,823.0,802.0,,,inhale,
73.113,20:56:37.186,931.0,804.0,,,inhale,
73.133,20:56:37.206,936.0,813.0,,,inhale,
73.153,20:56:37.226,935.0,807.0,,,inhale,
73.173,20:56:37.246,943.0,808.0,,,inhale,
73.194,20:56:37.266,936.0,807.0,,,inhale,
73.213,20:56:37.286,935.0,815.0,,,inhale,
73.233,20:56:37.306,996.0,807.0,,,inhale,
73.253,20:56:37.326,925.0,807.0,,,inhale,
73.274,20:56:37.346,939.0,810.0,,,inhale,
73.293,20:56:37.366,951.0,810.0,,,inhale,
73.313,20:56:37.386,908.0,812.0,,,inhale,
73.333,20:56:37.406,937.0,809.0,,,inhale,
73.353,20:56:37.426,941.0,808.0,,,inhale,
73.374,20:56:37.446,939.0,811.0,,,inhale,
73.393,20:56:37.466,939.0,798.0,,,inhale,
73.413,20:56:37.486,935.0,810.0,,,inhale,
73.433,20:56:37.506,937.0,809.0,,,inhale,
73.453,20:56:37.526,940.0,811.0,,,inhale,
73.474,20:56:37.546,923.0,809.0,,,inhale,
73.493,20:56:37.566,948.0,810.0,,,inhale,
73.513,20:56:37.586,937.0,812.0,,,inhale,
73.533,20:56:37.606,939.0,804.0,,,inhale,
73.553,20:56:37.626,937.0,818.0,,,inhale,
73.573,20:56:37.646,939.0,809.0,,,inhale,
73.593,20:56:37.666,937.0,808.0,,,inhale,
73.613,20:56:37.686,942.0,811.0,,,inhale,
73.633,20:56:37.706,938.0,809.0,,,inhale,
73.653,20:56:37.726,939.0,821.0,,,inhale,
73.673,20:56:37.746,940.0,810.0,,,inhale,
73.693,20:56:37.766,939.0,810.0,,,inhale,
73.713,20:56:37.786,943.0,808.0,,,inhale,
73.733,20:56:37.806,939.0,814.0,,,inhale,
73.753,20:56:37.826,940.0,810.0,,,inhale,
73.773,20:56:37.846,941.0,810.0,,,inhale,
73.793,20:56:37.866,939.0,810.0,,,inhale,
73.813,20:56:37.886,980.0,809.0,,,inhale,
73.833,20:56:37.906,939.0,810.0,,,inhale,
73.853,20:56:37.926,940.0,810.0,,,inhale,
73.874,20:56:37.946,940.0,809.0,,,inhale,
73.893,20:56:37.966,941.0,827.0,,,inhale,
73.913,20:56:37.986,941.0,812.0,,,inhale,
73.933,20:56:38.006,939.0,803.0,,,inhale,
73.958,20:56:38.031,939.0,809.0,,,inhale,
73.973,20:56:38.046,942.0,811.0,,,inhale,
73.993,20:56:38.066,941.0,815.0,,,inhale,
74.013,20:56:38.086,941.0,813.0,,,inhale,
74.034,20:56:38.106,1055.0,813.0,,,inhale,
74.053,20:56:38.126,943.0,814.0,,,inhale,
74.073,20:56:38.146,927.0,819.0,,,inhale,
74.093,20:56:38.166,923.0,812.0,,,inhale,
74.113,20:56:38.186,937.0,813.0,,,inhale,
74.133,20:56:38.206,943.0,814.0,,,inhale,
74.153,20:56:38.226,943.0,812.0,,,inhale,
74.173,20:56:38.246,948.0,803.0,,,inhale,
74.193,20:56:38.266,937.0,812.0,,,inhale,
74.213,20:56:38.286,941.0,813.0,,,inhale,
74.233,20:56:38.306,943.0,809.0,,,inhale,
74.253,20:56:38.326,941.0,811.0,,,inhale,
74.274,20:56:38.346,939.0,809.0,,,inhale,
74.293,20:56:38.366,943.0,809.0,,,exhale,exhale_onset
74.313,20:56:38.386,942.0,815.0,,,exhale,
74.333,20:56:38.406,938.0,805.0,,,exhale,
74.353,20:56:38.426,939.0,808.0,,,exhale,
74.373,20:56:38.446,933.0,809.0,,,exhale,
74.393,20:56:38.466,933.0,808.0,,,exhale,
74.413,20:56:38.486,937.0,806.0,,,exhale,
74.433,20:56:38.506,936.0,808.0,,,exhale,
74.453,20:56:38.526,935.0,809.0,,,exhale,
74.473,20:56:38.546,939.0,809.0,,,exhale,
74.493,20:56:38.566,937.0,809.0,,,exhale,
74.513,20:56:38.586,938.0,807.0,,,exhale,
74.533,20:56:38.606,953.0,809.0,,,exhale,
74.553,20:56:38.626,937.0,809.0,,,exhale,
74.573,20:56:38.646,940.0,811.0,,,exhale,
74.593,20:56:38.666,941.0,811.0,,,exhale,
74.613,20:56:38.686,939.0,808.0,,,exhale,
74.633,20:56:38.706,1015.0,810.0,,,exhale,
74.653,20:56:38.726,940.0,810.0,,,exhale,
74.673,20:56:38.746,851.0,810.0,,,exhale,
74.693,20:56:38.766,941.0,811.0,,,exhale,
74.713,20:56:38.786,943.0,813.0,,,exhale,
74.733,20:56:38.806,943.0,813.0,,,exhale,
74.753,20:56:38.826,947.0,813.0,,,exhale,
74.773,20:56:38.846,941.0,812.0,,,exhale,
74.793,20:56:38.866,942.0,812.0,,,exhale,
74.813,20:56:38.886,947.0,814.0,,,exhale,
74.833,20:56:38.906,943.0,813.0,,,exhale,
74.853,20:56:38.926,943.0,817.0,,,exhale,
74.873,20:56:38.946,949.0,808.0,,,exhale,
74.893,20:56:38.966,941.0,827.0,,,exhale,
74.913,20:56:38.986,943.0,812.0,,,exhale,
74.933,20:56:39.006,941.0,820.0,,,exhale,
74.958,20:56:39.031,943.0,810.0,,,exhale,
74.973,20:56:39.046,941.0,811.0,,,exhale,
74.993,20:56:39.066,943.0,812.0,,,exhale,
75.013,20:56:39.086,949.0,812.0,,,exhale,
75.033,20:56:39.106,940.0,811.0,,,exhale,
75.053,20:56:39.126,940.0,811.0,,,exhale,
75.073,20:56:39.146,939.0,810.0,,,exhale,
75.093,20:56:39.166,943.0,810.0,,,exhale,
75.113,20:56:39.186,939.0,809.0,,,exhale,
75.133,20:56:39.206,938.0,804.0,,,exhale,
75.153,20:56:39.226,939.0,810.0,,,exhale,
75.173,20:56:39.246,939.0,807.0,,,exhale,
75.193,20:56:39.266,935.0,810.0,,,exhale,
75.213,20:56:39.286,939.0,800.0,,,exhale,
75.233,20:56:39.306,936.0,808.0,,,exhale,
75.253,20:56:39.326,937.0,807.0,,,exhale,
75.273,20:56:39.346,938.0,804.0,,,exhale,
75.293,20:56:39.366,935.0,807.0,,,exhale,
75.313,20:56:39.386,935.0,813.0,,,exhale,
75.333,20:56:39.406,935.0,806.0,,,exhale,
75.353,20:56:39.426,933.0,805.0,,,exhale,
75.374,20:56:39.447,873.0,804.0,,,exhale,
75.393,20:56:39.466,927.0,802.0,,,exhale,
75.413,20:56:39.486,931.0,805.0,,,exhale,
75.433,20:56:39.506,939.0,804.0,,,exhale,
75.453,20:56:39.526,932.0,800.0,,,exhale,
75.473,20:56:39.546,933.0,808.0,,,exhale,
75.493,20:56:39.566,933.0,809.0,,,exhale,
75.513,20:56:39.586,927.0,803.0,,,exhale,
75.533,20:56:39.606,927.0,799.0,,,exhale,
75.553,20:56:39.626,934.0,800.0,,,exhale,
75.573,20:56:39.646,927.0,806.0,,,exhale,
75.593,20:56:39.666,925.0,798.0,,,exhale,
75.613,20:56:39.686,925.0,801.0,,,exhale,
75.633,20:56:39.706,1065.0,797.0,,,exhale,
75.653,20:56:39.726,791.0,801.0,,,exhale,
75.673,20:56:39.746,923.0,792.0,,,exhale,
75.693,20:56:39.766,934.0,796.0,,,exhale,
75.713,20:56:39.786,923.0,796.0,,,exhale,
75.733,20:56:39.806,920.0,795.0,,,exhale,
75.753,20:56:39.826,920.0,799.0,,,exhale,
75.773,20:56:39.846,919.0,793.0,,,exhale,
75.793,20:56:39.866,919.0,790.0,,,exhale,
75.813,20:56:39.886,918.0,794.0,,,exhale,
75.833,20:56:39.906,923.0,794.0,,,exhale,
75.853,20:56:39.926,920.0,794.0,,,exhale,
75.873,20:56:39.946,923.0,794.0,,,exhale,
75.893,20:56:39.966,918.0,792.0,,,exhale,
75.913,20:56:39.986,922.0,793.0,,,exhale,
75.933,20:56:40.006,923.0,791.0,,,exhale,
75.957,20:56:40.029,919.0,790.0,,,exhale,
75.973,20:56:40.046,915.0,794.0,,,exhale,
75.993,20:56:40.066,941.0,787.0,,,exhale,
76.013,20:56:40.086,911.0,789.0,,,exhale,
76.033,20:56:40.106,915.0,786.0,,,exhale,
76.053,20:56:40.125,917.0,789.0,,,exhale,
76.073,20:56:40.146,917.0,791.0,,,exhale,
76.093,20:56:40.166,918.0,792.0,,,exhale,
76.113,20:56:40.186,923.0,792.0,,,exhale,
76.133,20:56:40.206,919.0,794.0,,,exhale,
76.153,20:56:40.226,923.0,795.0,,,exhale,
76.173,20:56:40.246,924.0,796.0,,,exhale,
76.193,20:56:40.266,926.0,800.0,,,exhale,
76.213,20:56:40.286,925.0,798.0,,,exhale,
76.233,20:56:40.306,924.0,807.0,,,exhale,
76.253,20:56:40.326,927.0,801.0,,,exhale,
76.273,20:56:40.346,925.0,801.0,,,exhale,
76.293,20:56:40.366,946.0,804.0,,,exhale,
76.313,20:56:40.386,931.0,801.0,,,inhale,inhale_onset
76.333,20:56:40.406,933.0,804.0,,,inhale,
76.353,20:56:40.426,937.0,807.0,,,inhale,
76.373,20:56:40.446,932.0,805.0,,,inhale,
76.393,20:56:40.466,935.0,809.0,,,inhale,
76.413,20:56:40.486,934.0,818.0,,,inhale,
76.434,20:56:40.506,937.0,806.0,,,inhale,
76.453,20:56:40.526,935.0,806.0,,,inhale,
76.473,20:56:40.546,937.0,808.0,,,inhale,
76.493,20:56:40.566,935.0,829.0,,,inhale,
76.513,20:56:40.586,939.0,798.0,,,inhale,
76.533,20:56:40.606,937.0,809.0,,,inhale,
76.553,20:56:40.626,933.0,808.0,,,inhale,
76.573,20:56:40.646,937.0,809.0,,,inhale,
76.593,20:56:40.666,935.0,805.0,,,inhale,
76.613,20:56:40.686,935.0,808.0,,,inhale,
76.633,20:56:40.706,920.0,807.0,,,inhale,
76.653,20:56:40.726,938.0,808.0,,,inhale,
76.673,20:56:40.746,937.0,808.0,,,inhale,
76.693,20:56:40.766,933.0,808.0,,,inhale,
76.713,20:56:40.786,939.0,810.0,,,inhale,
76.733,20:56:40.806,935.0,813.0,,,inhale,
76.753,20:56:40.826,937.0,798.0,,,inhale,
76.773,20:56:40.846,935.0,809.0,,,inhale,
76.793,20:56:40.866,937.0,812.0,,,inhale,
76.813,20:56:40.886,944.0,805.0,,,inhale,
76.833,20:56:40.906,939.0,809.0,,,inhale,
76.853,20:56:40.926,937.0,809.0,,,inhale,
76.873,20:56:40.946,941.0,812.0,,,inhale,
76.893,20:56:40.966,879.0,813.0,,,inhale,
76.913,20:56:40.986,938.0,818.0,,,inhale,
76.933,20:56:41.006,937.0,812.0,,,inhale,
76.958,20:56:41.031,939.0,808.0,,,inhale,
76.973,20:56:41.046,942.0,816.0,,,inhale,
76.993,20:56:41.066,936.0,808.0,,,inhale,
77.013,20:56:41.086,940.0,808.0,,,inhale,
77.033,20:56:41.106,935.0,809.0,,,inhale,
77.053,20:56:41.126,937.0,807.0,,,inhale,
77.073,20:56:41.146,939.0,810.0,,,inhale,
77.093,20:56:41.166,939.0,807.0,,,inhale,
77.113,20:56:41.186,937.0,809.0,,,inhale,
77.133,20:56:41.206,942.0,808.0,,,inhale,
77.153,20:56:41.226,937.0,814.0,,,inhale,
77.173,20:56:41.246,941.0,809.0,,,inhale,
77.193,20:56:41.266,947.0,808.0,,,inhale,
77.213,20:56:41.286,939.0,809.0,,,inhale,
77.233,20:56:41.306,942.0,809.0,,,inhale,
77.253,20:56:41.326,935.0,810.0,,,inhale,
77.273,20:56:41.346,941.0,806.0,,,inhale,
77.293,20:56:41.366,941.0,806.0,,,inhale,
77.313,20:56:41.386,939.0,808.0,,,inhale,
77.333,20:56:41.406,939.0,809.0,,,inhale,
77.353,20:56:41.426,921.0,815.0,,,inhale,
77.373,20:56:41.446,931.0,807.0,,,inhale,
77.393,20:56:41.466,936.0,806.0,,,inhale,
77.413,20:56:41.486,935.0,806.0,,,inhale,
77.433,20:56:41.506,935.0,805.0,,,inhale,
77.453,20:56:41.526,933.0,805.0,,,inhale,
77.473,20:56:41.546,935.0,803.0,,,inhale,
77.493,20:56:41.566,931.0,804.0,,,inhale,
77.513,20:56:41.586,933.0,803.0,,,inhale,
77.533,20:56:41.606,931.0,801.0,,,exhale,exhale_onset
77.553,20:56:41.626,933.0,814.0,,,exhale,
77.573,20:56:41.646,928.0,805.0,,,exhale,
77.593,20:56:41.666,931.0,801.0,,,exhale,
77.613,20:56:41.686,933.0,801.0,,,exhale,
77.633,20:56:41.706,933.0,803.0,,,exhale,
77.653,20:56:41.726,933.0,803.0,,,exhale,
77.673,20:56:41.746,932.0,815.0,,,exhale,
77.693,20:56:41.766,931.0,805.0,,,exhale,
77.713,20:56:41.786,935.0,804.0,,,exhale,
77.733,20:56:41.806,933.0,805.0,,,exhale,
77.753,20:56:41.826,933.0,805.0,,,exhale,
77.773,20:56:41.846,934.0,811.0,,,exhale,
77.793,20:56:41.865,935.0,820.0,,,exhale,
77.813,20:56:41.886,934.0,805.0,,,exhale,
77.833,20:56:41.906,935.0,808.0,,,exhale,
77.853,20:56:41.926,941.0,812.0,,,exhale,
77.873,20:56:41.946,935.0,808.0,,,exhale,
77.893,20:56:41.965,935.0,797.0,,,exhale,
77.913,20:56:41.986,935.0,813.0,,,exhale,
77.933,20:56:42.006,936.0,805.0,,,exhale,
77.958,20:56:42.031,934.0,807.0,,,exhale,
77.973,20:56:42.046,937.0,807.0,,,exhale,
77.993,20:56:42.066,936.0,803.0,,,exhale,
78.013,20:56:42.086,939.0,812.0,,,exhale,
78.033,20:56:42.106,859.0,808.0,,,exhale,
78.053,20:56:42.126,938.0,806.0,,,exhale,
78.073,20:56:42.146,939.0,817.0,,,exhale,
78.093,20:56:42.166,935.0,807.0,,,exhale,
78.113,20:56:42.186,937.0,806.0,,,exhale,
78.133,20:56:42.206,934.0,806.0,,,exhale,
78.153,20:56:42.226,934.0,804.0,,,exhale,
78.173,20:56:42.246,935.0,803.0,,,exhale,
78.193,20:56:42.265,933.0,811.0,,,exhale,
78.213,20:56:42.286,933.0,803.0,,,exhale,
78.233,20:56:42.306,936.0,806.0,,,exhale,
78.253,20:56:42.326,927.0,803.0,,,exhale,
78.273,20:56:42.345,935.0,803.0,,,exhale,
78.293,20:56:42.365,978.0,807.0,,,exhale,
78.313,20:56:42.386,934.0,804.0,,,exhale,
78.333,20:56:42.406,940.0,806.0,,,exhale,
78.353,20:56:42.426,934.0,803.0,,,exhale,
78.373,20:56:42.446,934.0,817.0,,,exhale,
78.393,20:56:42.465,927.0,801.0,,,exhale,
78.413,20:56:42.486,937.0,811.0,,,exhale,
78.433,20:56:42.506,933.0,802.0,,,exhale,
78.453,20:56:42.526,931.0,802.0,,,exhale,
78.473,20:56:42.546,940.0,803.0,,,exhale,
78.493,20:56:42.566,926.0,793.0,,,exhale,
78.513,20:56:42.586,941.0,799.0,,,exhale,
78.533,20:56:42.606,901.0,799.0,,,exhale,
78.553,20:56:42.626,924.0,817.0,,,exhale,
78.573,20:56:42.646,927.0,798.0,,,exhale,
78.593,20:56:42.665,927.0,800.0,,,exhale,
78.613,20:56:42.686,925.0,806.0,,,exhale,
78.633,20:56:42.706,920.0,798.0,,,exhale,
78.653,20:56:42.726,927.0,812.0,,,exhale,
78.673,20:56:42.746,923.0,797.0,,,exhale,
78.693,20:56:42.766,921.0,790.0,,,exhale,
78.713,20:56:42.786,921.0,795.0,,,exhale,
78.733,20:56:42.806,953.0,795.0,,,exhale,
78.758,20:56:42.830,921.0,791.0,,,exhale,
78.774,20:56:42.847,921.0,789.0,,,exhale,
78.793,20:56:42.865,919.0,791.0,,,exhale,
78.813,20:56:42.885,919.0,795.0,,,exhale,
78.833,20:56:42.905,919.0,791.0,,,exhale,
78.853,20:56:42.925,917.0,787.0,,,exhale,
78.873,20:56:42.945,917.0,789.0,,,exhale,
78.893,20:56:42.965,919.0,795.0,,,exhale,
78.913,20:56:42.985,918.0,792.0,,,exhale,
78.933,20:56:43.006,916.0,787.0,,,exhale,
78.958,20:56:43.030,916.0,794.0,,,exhale,
78.973,20:56:43.046,915.0,790.0,,,exhale,
78.993,20:56:43.065,916.0,790.0,,,exhale,
79.013,20:56:43.086,917.0,792.0,,,exhale,
79.033,20:56:43.106,917.0,791.0,,,exhale,
79.053,20:56:43.126,919.0,788.0,,,exhale,
79.073,20:56:43.146,917.0,799.0,,,exhale,
79.093,20:56:43.165,911.0,787.0,,,exhale,
79.113,20:56:43.186,910.0,787.0,,,exhale,
79.133,20:56:43.206,915.0,785.0,,,exhale,
79.153,20:56:43.226,907.0,784.0,,,exhale,
79.173,20:56:43.246,908.0,784.0,,,exhale,
79.193,20:56:43.265,909.0,782.0,,,exhale,
79.213,20:56:43.286,909.0,784.0,,,exhale,
79.233,20:56:43.306,910.0,784.0,,,exhale,
79.253,20:56:43.326,909.0,785.0,,,exhale,
79.273,20:56:43.346,911.0,788.0,,,exhale,
79.293,20:56:43.366,955.0,788.0,,,exhale,
79.313,20:56:43.386,915.0,789.0,,,exhale,
79.333,20:56:43.406,918.0,794.0,,,exhale,
79.353,20:56:43.426,915.0,790.0,,,exhale,
79.373,20:56:43.446,921.0,807.0,,,exhale,
79.393,20:56:43.465,920.0,794.0,,,exhale,
79.413,20:56:43.486,921.0,793.0,,,exhale,
79.433,20:56:43.505,923.0,796.0,,,exhale,
79.453,20:56:43.526,923.0,796.0,,,exhale,
79.473,20:56:43.546,925.0,796.0,,,inhale,inhale_onset
79.493,20:56:43.565,928.0,795.0,,,inhale,
79.513,20:56:43.586,930.0,798.0,,,inhale,
79.533,20:56:43.606,926.0,799.0,,,inhale,
79.553,20:56:43.626,927.0,804.0,,,inhale,
79.573,20:56:43.645,927.0,794.0,,,inhale,
79.593,20:56:43.665,931.0,798.0,,,inhale,
79.613,20:56:43.686,931.0,799.0,,,inhale,
79.633,20:56:43.706,943.0,801.0,,,inhale,
79.653,20:56:43.726,921.0,805.0,,,inhale,
79.673,20:56:43.746,953.0,812.0,,,inhale,
79.693,20:56:43.765,933.0,803.0,,,inhale,
79.713,20:56:43.786,932.0,809.0,,,inhale,
79.733,20:56:43.806,932.0,803.0,,,inhale,
79.753,20:56:43.826,935.0,806.0,,,inhale,
79.773,20:56:43.845,934.0,803.0,,,inhale,
79.793,20:56:43.865,937.0,805.0,,,inhale,
79.813,20:56:43.886,937.0,804.0,,,inhale,
79.833,20:56:43.906,933.0,809.0,,,inhale,
79.853,20:56:43.925,935.0,805.0,,,inhale,
79.873,20:56:43.945,935.0,806.0,,,inhale,
79.893,20:56:43.965,936.0,809.0,,,inhale,
79.913,20:56:43.986,957.0,816.0,,,inhale,
79.933,20:56:44.006,933.0,805.0,,,inhale,
79.958,20:56:44.031,936.0,804.0,,,inhale,
79.973,20:56:44.046,931.0,812.0,,,inhale,
79.993,20:56:44.065,935.0,811.0,,,inhale,
80.013,20:56:44.086,931.0,804.0,,,inhale,
80.033,20:56:44.106,924.0,804.0,,,inhale,
80.053,20:56:44.125,933.0,804.0,,,inhale,
80.073,20:56:44.146,933.0,814.0,,,inhale,
80.093,20:56:44.166,933.0,805.0,,,inhale,
80.113,20:56:44.186,935.0,805.0,,,inhale,
80.133,20:56:44.206,932.0,806.0,,,inhale,
80.153,20:56:44.225,935.0,812.0,,,inhale,
80.173,20:56:44.246,935.0,804.0,,,inhale,
80.193,20:56:44.265,934.0,804.0,,,inhale,
80.213,20:56:44.286,932.0,798.0,,,inhale,
80.233,20:56:44.305,934.0,806.0,,,inhale,
80.253,20:56:44.326,919.0,818.0,,,inhale,
80.273,20:56:44.345,933.0,804.0,,,inhale,
80.293,20:56:44.366,931.0,798.0,,,inhale,
80.313,20:56:44.385,933.0,789.0,,,inhale,
80.333,20:56:44.405,931.0,798.0,,,inhale,
80.353,20:56:44.426,927.0,797.0,,,inhale,
80.373,20:56:44.446,1039.0,798.0,,,inhale,
80.393,20:56:44.466,959.0,799.0,,,inhale,
80.413,20:56:44.485,925.0,799.0,,,inhale,
80.433,20:56:44.505,923.0,798.0,,,inhale,
80.453,20:56:44.525,925.0,789.0,,,inhale,
80.473,20:56:44.545,923.0,797.0,,,inhale,
80.493,20:56:44.565,924.0,795.0,,,inhale,
80.513,20:56:44.585,925.0,798.0,,,inhale,
80.533,20:56:44.605,921.0,797.0,,,inhale,
80.553,20:56:44.625,925.0,797.0,,,inhale,
80.573,20:56:44.645,925.0,797.0,,,inhale,
80.593,20:56:44.665,923.0,797.0,,,inhale,
80.613,20:56:44.685,927.0,798.0,,,inhale,
80.633,20:56:44.706,921.0,798.0,,,inhale,
80.653,20:56:44.725,923.0,795.0,,,inhale,
80.673,20:56:44.745,927.0,796.0,,,inhale,
80.693,20:56:44.765,972.0,808.0,,,exhale,exhale_onset
80.713,20:56:44.785,927.0,795.0,,,exhale,
80.733,20:56:44.805,931.0,798.0,,,exhale,
80.753,20:56:44.825,927.0,799.0,,,exhale,
80.773,20:56:44.845,924.0,801.0,,,exhale,
80.793,20:56:44.865,927.0,797.0,,,exhale,
80.813,20:56:44.885,924.0,799.0,,,exhale,
80.833,20:56:44.905,925.0,797.0,,,exhale,
80.853,20:56:44.925,921.0,796.0,,,exhale,
80.873,20:56:44.945,925.0,803.0,,,exhale,
80.893,20:56:44.965,925.0,786.0,,,exhale,
80.913,20:56:44.985,927.0,798.0,,,exhale,
80.933,20:56:45.005,926.0,795.0,,,exhale,
80.956,20:56:45.029,941.0,797.0,,,exhale,
80.973,20:56:45.045,919.0,796.0,,,exhale,
80.993,20:56:45.065,921.0,798.0,,,exhale,
81.013,20:56:45.085,917.0,796.0,,,exhale,
81.033,20:56:45.105,953.0,786.0,,,exhale,
81.053,20:56:45.125,925.0,795.0,,,exhale,
81.073,20:56:45.145,923.0,795.0,,,exhale,
81.093,20:56:45.165,923.0,795.0,,,exhale,
81.113,20:56:45.185,921.0,795.0,,,exhale,
81.133,20:56:45.205,921.0,794.0,,,exhale,
81.153,20:56:45.225,923.0,791.0,,,exhale,
81.173,20:56:45.246,920.0,795.0,,,exhale,
81.193,20:56:45.265,919.0,791.0,,,exhale,
81.213,20:56:45.285,917.0,791.0,,,exhale,
81.233,20:56:45.305,919.0,792.0,,,exhale,
81.253,20:56:45.325,917.0,791.0,,,exhale,
81.273,20:56:45.345,918.0,792.0,,,exhale,
81.293,20:56:45.365,919.0,792.0,,,exhale,
81.313,20:56:45.385,917.0,795.0,,,exhale,
81.333,20:56:45.405,919.0,789.0,,,exhale,
81.353,20:56:45.426,917.0,795.0,,,exhale,
81.373,20:56:45.445,913.0,790.0,,,exhale,
81.393,20:56:45.465,917.0,788.0,,,exhale,
81.413,20:56:45.485,914.0,780.0,,,exhale,
81.433,20:56:45.505,915.0,785.0,,,exhale,
81.453,20:56:45.525,915.0,786.0,,,exhale,
81.473,20:56:45.546,916.0,787.0,,,exhale,
81.493,20:56:45.565,917.0,783.0,,,exhale,
81.513,20:56:45.585,915.0,786.0,,,exhale,
81.533,20:56:45.605,911.0,783.0,,,exhale,
81.553,20:56:45.625,909.0,785.0,,,exhale,
81.573,20:56:45.645,907.0,782.0,,,exhale,
81.593,20:56:45.665,909.0,782.0,,,exhale,
81.613,20:56:45.685,909.0,782.0,,,exhale,
81.633,20:56:45.705,903.0,782.0,,,exhale,
81.653,20:56:45.725,905.0,781.0,,,exhale,
81.674,20:56:45.746,907.0,784.0,,,exhale,
81.693,20:56:45.765,911.0,784.0,,,exhale,
81.713,20:56:45.785,909.0,782.0,,,exhale,
81.733,20:56:45.805,909.0,785.0,,,exhale,
81.753,20:56:45.825,908.0,789.0,,,exhale,
81.773,20:56:45.846,907.0,777.0,,,exhale,
81.793,20:56:45.865,907.0,786.0,,,exhale,
81.813,20:56:45.885,907.0,783.0,,,exhale,
81.833,20:56:45.905,909.0,780.0,,,exhale,
81.853,20:56:45.925,907.0,782.0,,,exhale,
81.873,20:56:45.945,907.0,783.0,,,exhale,
81.893,20:56:45.965,907.0,784.0,,,exhale,
81.913,20:56:45.985,905.0,797.0,,,exhale,
81.933,20:56:46.005,916.0,781.0,,,exhale,
81.958,20:56:46.030,904.0,795.0,,,exhale,
81.973,20:56:46.045,891.0,787.0,,,exhale,
81.993,20:56:46.065,904.0,775.0,,,exhale,
82.013,20:56:46.085,907.0,780.0,,,exhale,
82.033,20:56:46.105,904.0,782.0,,,exhale,
82.053,20:56:46.125,911.0,780.0,,,exhale,
82.073,20:56:46.145,909.0,786.0,,,exhale,
82.093,20:56:46.165,914.0,790.0,,,exhale,
82.113,20:56:46.185,919.0,792.0,,,inhale,inhale_onset
82.133,20:56:46.205,917.0,793.0,,,inhale,
82.156,20:56:46.228,921.0,793.0,,,inhale,
82.173,20:56:46.245,907.0,794.0,,,inhale,
82.193,20:56:46.265,922.0,795.0,,,inhale,
82.213,20:56:46.285,923.0,804.0,,,inhale,
82.233,20:56:46.305,923.0,797.0,,,inhale,
82.253,20:56:46.325,925.0,798.0,,,inhale,
82.273,20:56:46.345,925.0,797.0,,,inhale,
82.293,20:56:46.365,927.0,800.0,,,inhale,
82.313,20:56:46.385,930.0,799.0,,,inhale,
82.333,20:56:46.405,925.0,797.0,,,inhale,
82.353,20:56:46.425,931.0,799.0,,,inhale,
82.373,20:56:46.445,928.0,800.0,,,inhale,
82.393,20:56:46.465,933.0,802.0,,,inhale,
82.413,20:56:46.485,927.0,804.0,,,inhale,
82.433,20:56:46.505,965.0,801.0,,,inhale,
82.453,20:56:46.525,932.0,802.0,,,inhale,
82.473,20:56:46.545,925.0,797.0,,,inhale,
82.493,20:56:46.565,931.0,798.0,,,inhale,
82.513,20:56:46.585,932.0,802.0,,,inhale,
82.533,20:56:46.605,931.0,801.0,,,inhale,
82.553,20:56:46.625,933.0,801.0,,,inhale,
82.573,20:56:46.645,917.0,801.0,,,inhale,
82.593,20:56:46.665,927.0,796.0,,,inhale,
82.613,20:56:46.685,927.0,797.0,,,inhale,
82.633,20:56:46.705,934.0,805.0,,,inhale,
82.653,20:56:46.725,935.0,804.0,,,inhale,
82.673,20:56:46.745,935.0,805.0,,,inhale,
82.693,20:56:46.765,927.0,806.0,,,inhale,
82.713,20:56:46.785,939.0,802.0,,,inhale,
82.733,20:56:46.805,933.0,801.0,,,inhale,
82.753,20:56:46.825,933.0,796.0,,,inhale,
82.773,20:56:46.845,925.0,804.0,,,inhale,
82.793,20:56:46.865,935.0,804.0,,,inhale,
82.813,20:56:46.885,933.0,805.0,,,inhale,
82.833,20:56:46.905,935.0,805.0,,,inhale,
82.853,20:56:46.925,935.0,801.0,,,inhale,
82.873,20:56:46.945,933.0,806.0,,,inhale,
82.893,20:56:46.965,871.0,805.0,,,inhale,
82.913,20:56:46.985,933.0,805.0,,,inhale,
82.933,20:56:47.005,933.0,803.0,,,inhale,
82.958,20:56:47.030,935.0,802.0,,,inhale,
82.973,20:56:47.045,933.0,803.0,,,inhale,
82.993,20:56:47.065,933.0,802.0,,,inhale,
83.013,20:56:47.085,932.0,802.0,,,inhale,
83.033,20:56:47.105,933.0,804.0,,,inhale,
83.053,20:56:47.125,927.0,801.0,,,inhale,
83.073,20:56:47.145,927.0,801.0,,,inhale,
83.093,20:56:47.165,937.0,815.0,,,inhale,
83.113,20:56:47.185,926.0,797.0,,,inhale,
83.133,20:56:47.205,937.0,799.0,,,inhale,
83.153,20:56:47.225,954.0,809.0,,,inhale,
83.173,20:56:47.245,925.0,802.0,,,inhale,
83.193,20:56:47.265,925.0,790.0,,,inhale,
83.213,20:56:47.285,923.0,798.0,,,inhale,
83.233,20:56:47.305,925.0,792.0,,,inhale,
83.253,20:56:47.325,923.0,795.0,,,inhale,
83.273,20:56:47.345,924.0,805.0,,,inhale,
83.293,20:56:47.365,923.0,796.0,,,inhale,
83.313,20:56:47.385,925.0,798.0,,,inhale,
83.333,20:56:47.405,922.0,796.0,,,exhale,exhale_onset
83.353,20:56:47.425,926.0,796.0,,,exhale,
83.373,20:56:47.445,927.0,797.0,,,exhale,
83.393,20:56:47.465,922.0,794.0,,,exhale,
83.413,20:56:47.485,921.0,797.0,,,exhale,
83.433,20:56:47.505,921.0,796.0,,,exhale,
83.453,20:56:47.525,923.0,794.0,,,exhale,
83.473,20:56:47.545,923.0,795.0,,,exhale,
83.493,20:56:47.565,937.0,798.0,,,exhale,
83.513,20:56:47.585,921.0,796.0,,,exhale,
83.533,20:56:47.605,923.0,788.0,,,exhale,
83.553,20:56:47.625,921.0,783.0,,,exhale,
83.573,20:56:47.645,924.0,794.0,,,exhale,
83.593,20:56:47.665,925.0,796.0,,,exhale,
83.613,20:56:47.685,951.0,798.0,,,exhale,
83.633,20:56:47.705,925.0,797.0,,,exhale,
83.653,20:56:47.725,927.0,798.0,,,exhale,
83.673,20:56:47.745,924.0,787.0,,,exhale,
83.693,20:56:47.765,926.0,801.0,,,exhale,
83.713,20:56:47.785,922.0,797.0,,,exhale,
83.733,20:56:47.805,925.0,803.0,,,exhale,
83.753,20:56:47.825,925.0,806.0,,,exhale,
83.773,20:56:47.845,926.0,798.0,,,exhale,
83.793,20:56:47.865,927.0,799.0,,,exhale,
83.813,20:56:47.885,923.0,799.0,,,exhale,
83.833,20:56:47.905,924.0,797.0,,,exhale,
83.853,20:56:47.925,925.0,800.0,,,exhale,
83.873,20:56:47.945,923.0,795.0,,,exhale,
83.893,20:56:47.965,923.0,797.0,,,exhale,
83.913,20:56:47.985,923.0,796.0,,,exhale,
83.933,20:56:48.005,924.0,796.0,,,exhale,
83.958,20:56:48.030,935.0,797.0,,,exhale,
83.973,20:56:48.045,928.0,793.0,,,exhale,
83.993,20:56:48.065,927.0,800.0,,,exhale,
84.013,20:56:48.085,925.0,799.0,,,exhale,
84.033,20:56:48.105,925.0,798.0,,,exhale,
84.053,20:56:48.125,935.0,809.0,,,exhale,
84.073,20:56:48.145,986.0,809.0,,,exhale,
84.093,20:56:48.165,931.0,798.0,,,exhale,
84.113,20:56:48.185,933.0,798.0,,,exhale,
84.133,20:56:48.205,922.0,796.0,,,exhale,
84.153,20:56:48.225,936.0,795.0,,,exhale,
84.173,20:56:48.245,934.0,792.0,,,exhale,
84.193,20:56:48.265,939.0,798.0,,,exhale,
84.213,20:56:48.285,919.0,800.0,,,exhale,
84.233,20:56:48.305,925.0,795.0,,,exhale,
84.253,20:56:48.325,917.0,796.0,,,exhale,
84.273,20:56:48.345,913.0,796.0,,,exhale,
84.293,20:56:48.365,918.0,780.0,,,exhale,
84.313,20:56:48.385,926.0,804.0,,,exhale,
84.333,20:56:48.405,914.0,795.0,,,exhale,
84.353,20:56:48.425,921.0,793.0,,,exhale,
84.373,20:56:48.445,924.0,795.0,,,exhale,
84.393,20:56:48.465,950.0,809.0,,,exhale,
84.413,20:56:48.485,921.0,794.0,,,exhale,
84.433,20:56:48.505,745.0,792.0,,,exhale,
84.453,20:56:48.525,911.0,791.0,,,exhale,
84.473,20:56:48.545,924.0,789.0,,,exhale,
84.493,20:56:48.565,919.0,787.0,,,exhale,
84.513,20:56:48.585,919.0,791.0,,,exhale,
84.533,20:56:48.605,927.0,785.0,,,exhale,
84.553,20:56:48.625,911.0,788.0,,,exhale,
84.573,20:56:48.645,901.0,793.0,,,exhale,
84.593,20:56:48.665,913.0,788.0,,,exhale,
84.613,20:56:48.685,917.0,789.0,,,exhale,
84.633,20:56:48.705,909.0,784.0,,,exhale,
84.653,20:56:48.725,907.0,794.0,,,exhale,
84.673,20:56:48.745,909.0,788.0,,,exhale,
84.693,20:56:48.765,908.0,784.0,,,exhale,
84.713,20:56:48.785,907.0,788.0,,,exhale,
84.733,20:56:48.805,910.0,785.0,,,exhale,
84.753,20:56:48.825,907.0,784.0,,,exhale,
84.773,20:56:48.845,915.0,785.0,,,exhale,
84.793,20:56:48.865,909.0,783.0,,,exhale,
84.813,20:56:48.885,895.0,780.0,,,exhale,
84.833,20:56:48.905,911.0,783.0,,,exhale,
84.853,20:56:48.925,909.0,781.0,,,exhale,
84.873,20:56:48.945,867.0,785.0,,,exhale,
84.893,20:56:48.965,907.0,786.0,,,exhale,
84.913,20:56:48.985,915.0,782.0,,,exhale,
84.933,20:56:49.005,907.0,784.0,,,exhale,
84.958,20:56:49.030,903.0,783.0,,,exhale,
84.973,20:56:49.045,894.0,781.0,,,exhale,
84.993,20:56:49.065,906.0,782.0,,,exhale,
85.013,20:56:49.085,907.0,783.0,,,exhale,
85.033,20:56:49.105,895.0,781.0,,,exhale,
85.053,20:56:49.125,907.0,779.0,,,exhale,
85.073,20:56:49.145,905.0,775.0,,,exhale,
85.093,20:56:49.165,933.0,780.0,,,exhale,
85.113,20:56:49.185,903.0,779.0,,,exhale,
85.133,20:56:49.205,896.0,781.0,,,exhale,
85.153,20:56:49.225,903.0,780.0,,,exhale,
85.173,20:56:49.245,907.0,782.0,,,exhale,
85.193,20:56:49.265,919.0,782.0,,,exhale,
85.213,20:56:49.285,903.0,784.0,,,exhale,
85.233,20:56:49.305,907.0,775.0,,,exhale,
85.253,20:56:49.325,904.0,777.0,,,exhale,
85.273,20:56:49.345,905.0,769.0,,,exhale,
