elapsed_s,timestamp,raw,mv,phase,cycle_index,det_phase,event
0.018,20:37:17.487,925.0,800.0,,,unknown,
0.037,20:37:17.506,939.0,807.0,,,unknown,
0.057,20:37:17.526,925.0,801.0,,,unknown,
0.077,20:37:17.546,927.0,802.0,,,unknown,
0.097,20:37:17.566,935.0,804.0,,,unknown,
0.117,20:37:17.586,927.0,803.0,,,unknown,
0.137,20:37:17.606,943.0,810.0,,,unknown,
0.157,20:37:17.626,932.0,808.0,,,unknown,
0.177,20:37:17.646,941.0,801.0,,,unknown,
0.197,20:37:17.666,926.0,798.0,,,unknown,
0.217,20:37:17.686,927.0,802.0,,,unknown,
0.237,20:37:17.706,935.0,802.0,,,unknown,
0.257,20:37:17.726,940.0,803.0,,,unknown,
0.277,20:37:17.746,941.0,805.0,,,unknown,
0.297,20:37:17.766,935.0,806.0,,,unknown,
0.317,20:37:17.786,937.0,804.0,,,unknown,
0.337,20:37:17.806,933.0,803.0,,,unknown,
0.357,20:37:17.826,933.0,808.0,,,unknown,
0.377,20:37:17.846,935.0,807.0,,,unknown,
0.397,20:37:17.866,936.0,803.0,,,unknown,
0.417,20:37:17.886,935.0,805.0,,,unknown,
0.438,20:37:17.907,927.0,816.0,,,unknown,
0.457,20:37:17.926,934.0,797.0,,,unknown,
0.477,20:37:17.946,933.0,807.0,,,unknown,
0.497,20:37:17.966,937.0,803.0,,,unknown,
0.517,20:37:17.986,935.0,807.0,,,unknown,
0.537,20:37:18.006,937.0,807.0,,,unknown,
0.557,20:37:18.026,927.0,804.0,,,unknown,
0.577,20:37:18.046,937.0,807.0,,,unknown,
0.597,20:37:18.067,937.0,807.0,,,unknown,
0.620,20:37:18.089,933.0,803.0,,,unknown,
0.637,20:37:18.107,932.0,803.0,,,unknown,
0.657,20:37:18.126,919.0,803.0,,,unknown,
0.677,20:37:18.146,940.0,800.0,,,unknown,
0.697,20:37:18.166,923.0,803.0,,,unknown,
0.717,20:37:18.186,926.0,803.0,,,unknown,
0.737,20:37:18.206,987.0,802.0,,,unknown,
0.757,20:37:18.226,927.0,799.0,,,unknown,
0.781,20:37:18.250,925.0,800.0,,,unknown,
0.797,20:37:18.266,931.0,798.0,,,unknown,
0.817,20:37:18.286,946.0,800.0,,,unknown,
0.837,20:37:18.306,931.0,801.0,,,unknown,
0.857,20:37:18.326,923.0,791.0,,,unknown,
0.877,20:37:18.346,917.0,804.0,,,unknown,
0.897,20:37:18.366,921.0,795.0,,,unknown,
0.917,20:37:18.386,925.0,807.0,,,unknown,
0.937,20:37:18.406,915.0,801.0,,,unknown,
0.957,20:37:18.426,921.0,789.0,,,unknown,
0.977,20:37:18.446,917.0,792.0,,,unknown,
0.997,20:37:18.466,917.0,793.0,,,unknown,
1.017,20:37:18.486,919.0,794.0,,,unknown,
1.037,20:37:18.506,922.0,794.0,,,unknown,
1.057,20:37:18.526,916.0,797.0,,,unknown,
1.077,20:37:18.546,921.0,791.0,,,unknown,
1.097,20:37:18.566,909.0,795.0,,,unknown,
1.117,20:37:18.586,919.0,793.0,,,unknown,
1.137,20:37:18.606,957.0,792.0,,,unknown,
1.157,20:37:18.626,935.0,795.0,,,unknown,
1.177,20:37:18.646,919.0,792.0,,,unknown,
1.197,20:37:18.666,909.0,794.0,,,unknown,
1.217,20:37:18.686,920.0,790.0,,,unknown,
1.237,20:37:18.706,919.0,795.0,,,unknown,
1.257,20:37:18.726,917.0,790.0,,,unknown,
1.277,20:37:18.746,919.0,796.0,,,unknown,
1.297,20:37:18.766,924.0,796.0,,,unknown,
1.317,20:37:18.786,915.0,794.0,,,unknown,
1.337,20:37:18.806,917.0,795.0,,,unknown,
1.357,20:37:18.826,927.0,798.0,,,unknown,
1.377,20:37:18.846,941.0,801.0,,,unknown,
1.397,20:37:18.866,927.0,799.0,,,unknown,
1.417,20:37:18.886,933.0,797.0,,,unknown,
1.437,20:37:18.906,931.0,798.0,,,unknown,
1.457,20:37:18.926,932.0,800.0,,,unknown,
1.477,20:37:18.946,931.0,798.0,,,unknown,
1.497,20:37:18.966,927.0,803.0,,,unknown,
1.517,20:37:18.986,851.0,799.0,,,unknown,
1.537,20:37:19.006,925.0,800.0,,,unknown,
1.557,20:37:19.026,987.0,808.0,,,unknown,
1.577,20:37:19.046,919.0,798.0,,,unknown,
1.597,20:37:19.066,927.0,802.0,,,unknown,
1.617,20:37:19.086,922.0,799.0,,,unknown,
1.637,20:37:19.106,921.0,797.0,,,unknown,
1.657,20:37:19.126,925.0,801.0,,,unknown,
1.677,20:37:19.146,920.0,794.0,,,unknown,
1.697,20:37:19.166,919.0,795.0,,,unknown,
1.717,20:37:19.186,919.0,796.0,,,unknown,
1.737,20:37:19.206,915.0,797.0,,,unknown,
1.757,20:37:19.226,923.0,795.0,,,unknown,
1.781,20:37:19.250,917.0,791.0,,,unknown,
1.797,20:37:19.266,911.0,799.0,,,unknown,
1.817,20:37:19.286,923.0,786.0,,,unknown,
1.837,20:37:19.306,967.0,798.0,,,unknown,
1.857,20:37:19.326,915.0,792.0,,,unknown,
1.877,20:37:19.346,921.0,791.0,,,unknown,
1.897,20:37:19.366,917.0,790.0,,,unknown,
1.917,20:37:19.386,917.0,796.0,,,unknown,
1.937,20:37:19.406,918.0,787.0,,,unknown,
1.957,20:37:19.426,914.0,787.0,,,unknown,
1.977,20:37:19.446,915.0,790.0,,,unknown,
1.997,20:37:19.466,928.0,786.0,,,unknown,
2.017,20:37:19.486,911.0,788.0,,,unknown,
2.037,20:37:19.506,907.0,789.0,,,unknown,
2.057,20:37:19.526,911.0,782.0,,,unknown,
2.077,20:37:19.546,909.0,789.0,,,unknown,
2.097,20:37:19.566,909.0,785.0,,,unknown,
2.117,20:37:19.586,903.0,786.0,,,unknown,
2.137,20:37:19.606,883.0,785.0,,,unknown,
2.157,20:37:19.626,909.0,784.0,,,unknown,
2.177,20:37:19.646,907.0,790.0,,,unknown,
2.197,20:37:19.666,916.0,784.0,,,unknown,
2.217,20:37:19.686,909.0,785.0,,,unknown,
2.237,20:37:19.706,911.0,788.0,,,unknown,
2.257,20:37:19.726,909.0,785.0,,,unknown,
2.277,20:37:19.746,916.0,785.0,,,unknown,
2.297,20:37:19.766,907.0,783.0,,,unknown,
2.317,20:37:19.786,908.0,785.0,,,unknown,
2.337,20:37:19.806,915.0,781.0,,,unknown,
2.357,20:37:19.826,916.0,790.0,,,unknown,
2.377,20:37:19.846,903.0,770.0,,,unknown,
2.397,20:37:19.866,910.0,781.0,,,unknown,
2.417,20:37:19.886,907.0,780.0,,,unknown,
2.437,20:37:19.906,906.0,771.0,,,unknown,
2.457,20:37:19.926,894.0,782.0,,,unknown,
2.477,20:37:19.946,909.0,783.0,,,unknown,
2.497,20:37:19.966,905.0,779.0,,,unknown,
2.517,20:37:19.986,901.0,786.0,,,unknown,
2.537,20:37:20.006,907.0,779.0,,,unknown,
2.557,20:37:20.026,903.0,782.0,,,unknown,
2.577,20:37:20.046,905.0,772.0,,,unknown,
2.597,20:37:20.066,911.0,784.0,,,unknown,
2.617,20:37:20.086,905.0,772.0,,,unknown,
2.639,20:37:20.108,907.0,780.0,,,unknown,
2.657,20:37:20.126,913.0,780.0,,,unknown,
2.677,20:37:20.146,904.0,778.0,,,unknown,
2.697,20:37:20.166,900.0,779.0,,,unknown,
2.717,20:37:20.186,907.0,777.0,,,unknown,
2.737,20:37:20.206,919.0,778.0,,,unknown,
2.757,20:37:20.226,894.0,777.0,,,unknown,
2.781,20:37:20.250,891.0,782.0,,,unknown,
2.797,20:37:20.266,887.0,777.0,,,unknown,
2.817,20:37:20.286,902.0,775.0,,,unknown,
2.837,20:37:20.306,902.0,774.0,,,unknown,
2.857,20:37:20.326,893.0,780.0,,,unknown,
2.877,20:37:20.346,892.0,774.0,,,unknown,
2.897,20:37:20.366,906.0,776.0,,,unknown,
2.917,20:37:20.386,937.0,784.0,,,unknown,
2.937,20:37:20.406,893.0,776.0,,,unknown,
2.957,20:37:20.426,909.0,780.0,,,unknown,
2.977,20:37:20.446,895.0,778.0,,,unknown,
2.997,20:37:20.466,903.0,776.0,,,unknown,
3.017,20:37:20.486,903.0,788.0,,,unknown,
3.039,20:37:20.508,903.0,782.0,,,unknown,
3.057,20:37:20.526,906.0,781.0,,,unknown,
3.077,20:37:20.546,905.0,783.0,,,unknown,
3.097,20:37:20.566,915.0,782.0,,,unknown,
3.117,20:37:20.586,911.0,799.0,,,unknown,
3.137,20:37:20.606,907.0,787.0,,,unknown,
3.157,20:37:20.626,913.0,785.0,,,unknown,
3.177,20:37:20.646,917.0,786.0,,,unknown,
3.197,20:37:20.666,910.0,787.0,,,unknown,
3.217,20:37:20.686,924.0,773.0,,,unknown,
3.237,20:37:20.706,921.0,788.0,,,unknown,
3.257,20:37:20.726,909.0,789.0,,,unknown,
3.277,20:37:20.746,917.0,782.0,,,unknown,
3.297,20:37:20.766,921.0,790.0,,,unknown,
3.317,20:37:20.786,905.0,792.0,,,unknown,
3.337,20:37:20.806,917.0,791.0,,,unknown,
3.357,20:37:20.826,917.0,804.0,,,unknown,
3.377,20:37:20.846,919.0,791.0,,,unknown,
3.397,20:37:20.866,919.0,788.0,,,unknown,
3.417,20:37:20.886,906.0,793.0,,,unknown,
3.437,20:37:20.906,917.0,793.0,,,unknown,
3.457,20:37:20.926,917.0,788.0,,,unknown,
3.477,20:37:20.946,917.0,795.0,,,unknown,
3.497,20:37:20.966,925.0,793.0,,,unknown,
3.517,20:37:20.986,918.0,791.0,,,unknown,
3.537,20:37:21.006,919.0,795.0,,,unknown,
3.557,20:37:21.026,924.0,795.0,,,unknown,
3.577,20:37:21.046,921.0,792.0,,,unknown,
3.597,20:37:21.066,927.0,795.0,,,unknown,
3.618,20:37:21.087,1163.0,796.0,,,unknown,
3.637,20:37:21.106,917.0,793.0,,,unknown,
3.657,20:37:21.126,919.0,797.0,,,unknown,
3.677,20:37:21.146,923.0,794.0,,,unknown,
3.697,20:37:21.166,921.0,796.0,,,unknown,
3.717,20:37:21.186,933.0,794.0,,,unknown,
3.737,20:37:21.206,915.0,796.0,,,unknown,
3.757,20:37:21.226,939.0,797.0,,,unknown,
3.781,20:37:21.250,922.0,796.0,,,unknown,
3.797,20:37:21.266,925.0,795.0,,,unknown,
3.817,20:37:21.286,923.0,792.0,,,unknown,
3.837,20:37:21.307,923.0,795.0,,,unknown,
3.857,20:37:21.326,920.0,795.0,,,unknown,
3.877,20:37:21.346,921.0,795.0,,,unknown,
3.897,20:37:21.366,916.0,794.0,,,unknown,
3.917,20:37:21.386,990.0,792.0,,,unknown,
3.937,20:37:21.406,915.0,792.0,,,unknown,
3.957,20:37:21.426,920.0,790.0,,,unknown,
3.977,20:37:21.446,911.0,789.0,,,unknown,
3.997,20:37:21.466,921.0,789.0,,,unknown,
4.017,20:37:21.486,915.0,787.0,,,unknown,
4.037,20:37:21.506,905.0,780.0,,,unknown,
4.057,20:37:21.526,914.0,792.0,,,unknown,
4.077,20:37:21.546,905.0,787.0,,,unknown,
4.097,20:37:21.566,909.0,785.0,,,unknown,
4.117,20:37:21.586,907.0,787.0,,,unknown,
4.137,20:37:21.606,909.0,788.0,,,unknown,
4.157,20:37:21.626,901.0,785.0,,,unknown,
4.177,20:37:21.646,904.0,788.0,,,unknown,
4.197,20:37:21.666,915.0,780.0,,,unknown,
4.217,20:37:21.686,911.0,783.0,,,unknown,
4.237,20:37:21.706,942.0,771.0,,,unknown,
4.257,20:37:21.726,907.0,793.0,,,unknown,
4.277,20:37:21.746,903.0,783.0,,,unknown,
4.297,20:37:21.766,907.0,789.0,,,unknown,
4.317,20:37:21.786,910.0,787.0,,,unknown,
4.337,20:37:21.806,913.0,785.0,,,unknown,
4.357,20:37:21.826,907.0,783.0,,,unknown,
4.377,20:37:21.846,901.0,789.0,,,unknown,
4.397,20:37:21.866,895.0,783.0,,,unknown,
4.417,20:37:21.886,891.0,784.0,,,unknown,
4.437,20:37:21.906,905.0,784.0,,,unknown,
4.457,20:37:21.926,909.0,787.0,,,unknown,
4.477,20:37:21.946,911.0,783.0,,,unknown,
4.497,20:37:21.966,910.0,783.0,,,unknown,
4.517,20:37:21.986,911.0,781.0,,,unknown,
4.537,20:37:22.006,910.0,773.0,,,unknown,
4.557,20:37:22.026,911.0,784.0,,,unknown,
4.577,20:37:22.046,909.0,784.0,,,unknown,
4.597,20:37:22.066,906.0,786.0,,,unknown,
4.617,20:37:22.086,907.0,781.0,,,unknown,
4.637,20:37:22.106,910.0,787.0,,,unknown,
4.657,20:37:22.126,907.0,779.0,,,unknown,
4.677,20:37:22.146,905.0,787.0,,,unknown,
4.697,20:37:22.166,903.0,793.0,,,unknown,
4.717,20:37:22.186,919.0,783.0,,,unknown,
4.739,20:37:22.208,915.0,783.0,,,unknown,
4.757,20:37:22.226,908.0,783.0,,,unknown,
4.781,20:37:22.250,905.0,781.0,,,unknown,
4.797,20:37:22.266,909.0,790.0,,,unknown,
4.817,20:37:22.286,907.0,799.0,,,unknown,
4.837,20:37:22.306,907.0,780.0,,,unknown,
4.857,20:37:22.326,906.0,783.0,,,unknown,
4.877,20:37:22.346,923.0,782.0,,,unknown,
4.897,20:37:22.366,905.0,783.0,,,unknown,
4.917,20:37:22.386,904.0,776.0,,,unknown,
4.937,20:37:22.406,909.0,782.0,,,unknown,
4.957,20:37:22.426,907.0,779.0,,,unknown,
4.977,20:37:22.446,905.0,779.0,,,unknown,
4.997,20:37:22.466,907.0,782.0,,,unknown,
5.017,20:37:22.486,937.0,780.0,,,unknown,
5.037,20:37:22.506,903.0,783.0,,,unknown,
5.057,20:37:22.526,903.0,776.0,,,unknown,
5.077,20:37:22.546,893.0,777.0,,,unknown,
5.097,20:37:22.566,894.0,777.0,,,unknown,
5.117,20:37:22.586,917.0,778.0,,,unknown,
5.137,20:37:22.606,905.0,785.0,,,unknown,
5.157,20:37:22.626,901.0,779.0,,,unknown,
5.177,20:37:22.646,892.0,775.0,,,unknown,
5.197,20:37:22.666,895.0,782.0,,,unknown,
5.217,20:37:22.686,891.0,771.0,,,unknown,
5.237,20:37:22.706,895.0,778.0,,,unknown,
5.257,20:37:22.726,895.0,787.0,,,unknown,
5.277,20:37:22.746,892.0,776.0,,,unknown,
5.297,20:37:22.766,895.0,773.0,,,unknown,
5.317,20:37:22.786,904.0,775.0,,,unknown,
5.337,20:37:22.806,903.0,780.0,,,unknown,
5.357,20:37:22.826,895.0,769.0,,,unknown,
5.377,20:37:22.846,893.0,773.0,,,unknown,
5.397,20:37:22.866,893.0,772.0,,,unknown,
5.417,20:37:22.886,888.0,774.0,,,unknown,
5.437,20:37:22.906,889.0,778.0,,,unknown,
5.457,20:37:22.926,888.0,771.0,,,unknown,
5.477,20:37:22.946,887.0,761.0,,,unknown,
5.497,20:37:22.966,888.0,772.0,,,unknown,
5.517,20:37:22.986,890.0,779.0,,,unknown,
5.537,20:37:23.006,891.0,769.0,,,unknown,
5.557,20:37:23.026,894.0,762.0,,,unknown,
5.577,20:37:23.046,893.0,768.0,,,unknown,
5.597,20:37:23.066,895.0,770.0,,,unknown,
5.617,20:37:23.086,895.0,772.0,,,unknown,
5.637,20:37:23.106,891.0,768.0,,,unknown,
5.657,20:37:23.126,888.0,769.0,,,unknown,
5.677,20:37:23.146,895.0,759.0,,,unknown,
5.697,20:37:23.166,921.0,766.0,,,unknown,
5.717,20:37:23.186,879.0,759.0,,,unknown,
5.737,20:37:23.206,1049.0,773.0,,,unknown,
5.757,20:37:23.226,889.0,768.0,,,unknown,
5.781,20:37:23.250,903.0,766.0,,,unknown,
5.797,20:37:23.266,885.0,769.0,,,unknown,
5.817,20:37:23.286,886.0,768.0,,,unknown,
5.837,20:37:23.306,888.0,770.0,,,unknown,
5.857,20:37:23.326,891.0,781.0,,,unknown,
5.877,20:37:23.346,888.0,771.0,,,unknown,
5.897,20:37:23.366,891.0,771.0,,,unknown,
5.917,20:37:23.386,893.0,778.0,,,unknown,
5.937,20:37:23.406,893.0,773.0,,,unknown,
5.957,20:37:23.426,903.0,774.0,,,unknown,
5.977,20:37:23.446,893.0,775.0,,,unknown,
5.997,20:37:23.466,905.0,776.0,,,unknown,
6.017,20:37:23.486,911.0,775.0,,,unknown,
6.037,20:37:23.506,901.0,779.0,,,unknown,
6.057,20:37:23.526,903.0,780.0,,,unknown,
6.077,20:37:23.546,903.0,780.0,,,unknown,
6.097,20:37:23.566,904.0,780.0,,,unknown,
6.117,20:37:23.586,907.0,783.0,,,unknown,
6.137,20:37:23.606,907.0,782.0,,,unknown,
6.157,20:37:23.626,911.0,784.0,,,unknown,
6.177,20:37:23.646,917.0,791.0,,,unknown,
6.197,20:37:23.666,905.0,781.0,,,unknown,
6.217,20:37:23.686,909.0,787.0,,,unknown,
6.237,20:37:23.706,909.0,785.0,,,unknown,
6.257,20:37:23.726,914.0,787.0,,,unknown,
6.277,20:37:23.746,906.0,787.0,,,unknown,
6.297,20:37:23.766,915.0,787.0,,,unknown,
6.317,20:37:23.786,909.0,790.0,,,unknown,
6.337,20:37:23.806,892.0,788.0,,,unknown,
6.357,20:37:23.826,914.0,794.0,,,unknown,
6.377,20:37:23.846,917.0,798.0,,,unknown,
6.397,20:37:23.866,913.0,790.0,,,unknown,
6.417,20:37:23.886,917.0,794.0,,,unknown,
6.437,20:37:23.906,923.0,791.0,,,unknown,
6.457,20:37:23.926,921.0,792.0,,,unknown,
6.477,20:37:23.946,921.0,791.0,,,unknown,
6.497,20:37:23.966,913.0,790.0,,,unknown,
6.517,20:37:23.986,920.0,793.0,,,unknown,
6.537,20:37:24.006,926.0,792.0,,,unknown,
6.557,20:37:24.026,947.0,796.0,,,unknown,
6.577,20:37:24.046,917.0,793.0,,,unknown,
6.597,20:37:24.066,921.0,796.0,,,unknown,
6.617,20:37:24.086,924.0,795.0,,,unknown,
6.637,20:37:24.106,919.0,795.0,,,unknown,
6.657,20:37:24.126,923.0,782.0,,,unknown,
6.677,20:37:24.146,949.0,796.0,,,unknown,
6.697,20:37:24.166,917.0,796.0,,,unknown,
6.717,20:37:24.186,924.0,797.0,,,unknown,
6.737,20:37:24.206,921.0,786.0,,,unknown,
6.757,20:37:24.226,927.0,795.0,,,unknown,
6.781,20:37:24.250,921.0,803.0,,,unknown,
6.797,20:37:24.266,921.0,795.0,,,unknown,
6.817,20:37:24.286,932.0,781.0,,,unknown,
6.837,20:37:24.306,919.0,803.0,,,unknown,
6.857,20:37:24.326,923.0,791.0,,,unknown,
6.877,20:37:24.346,915.0,793.0,,,unknown,
6.897,20:37:24.366,923.0,781.0,,,unknown,
6.917,20:37:24.386,916.0,792.0,,,unknown,
6.937,20:37:24.406,907.0,783.0,,,unknown,
6.957,20:37:24.426,913.0,789.0,,,unknown,
6.977,20:37:24.446,909.0,787.0,,,unknown,
6.997,20:37:24.466,911.0,786.0,,,unknown,
7.017,20:37:24.486,915.0,787.0,,,unknown,
7.037,20:37:24.506,907.0,787.0,,,unknown,
7.057,20:37:24.526,915.0,790.0,,,unknown,
7.077,20:37:24.546,907.0,786.0,,,unknown,
7.097,20:37:24.566,923.0,784.0,,,unknown,
7.117,20:37:24.586,916.0,786.0,,,unknown,
7.137,20:37:24.606,846.0,787.0,,,unknown,
7.157,20:37:24.626,904.0,784.0,,,unknown,
7.177,20:37:24.646,909.0,784.0,,,unknown,
7.197,20:37:24.666,915.0,783.0,,,unknown,
7.217,20:37:24.686,916.0,783.0,,,unknown,
7.237,20:37:24.706,907.0,782.0,,,unknown,
7.257,20:37:24.726,911.0,787.0,,,unknown,
7.277,20:37:24.746,907.0,784.0,,,unknown,
7.297,20:37:24.766,915.0,784.0,,,unknown,
7.317,20:37:24.786,919.0,792.0,,,unknown,
7.337,20:37:24.806,919.0,786.0,,,unknown,
7.357,20:37:24.826,909.0,786.0,,,unknown,
7.377,20:37:24.846,917.0,786.0,,,unknown,
7.397,20:37:24.866,917.0,787.0,,,unknown,
7.417,20:37:24.886,915.0,786.0,,,unknown,
7.437,20:37:24.906,914.0,787.0,,,unknown,
7.457,20:37:24.926,907.0,786.0,,,unknown,
7.477,20:37:24.946,909.0,788.0,,,unknown,
7.497,20:37:24.966,913.0,778.0,,,unknown,
7.517,20:37:24.986,915.0,790.0,,,unknown,
7.537,20:37:25.006,909.0,781.0,,,unknown,
7.557,20:37:25.026,911.0,786.0,,,unknown,
7.577,20:37:25.046,915.0,785.0,,,unknown,
7.597,20:37:25.066,911.0,796.0,,,unknown,
7.617,20:37:25.086,907.0,787.0,,,unknown,
7.637,20:37:25.106,911.0,789.0,,,unknown,
7.657,20:37:25.126,919.0,783.0,,,unknown,
7.677,20:37:25.146,918.0,786.0,,,unknown,
7.697,20:37:25.166,916.0,798.0,,,unknown,
7.717,20:37:25.186,907.0,788.0,,,unknown,
7.737,20:37:25.206,909.0,790.0,,,unknown,
7.757,20:37:25.226,921.0,787.0,,,unknown,
7.781,20:37:25.250,909.0,789.0,,,unknown,
7.797,20:37:25.266,907.0,782.0,,,unknown,
7.817,20:37:25.286,914.0,785.0,,,unknown,
7.837,20:37:25.306,915.0,782.0,,,unknown,
7.857,20:37:25.326,915.0,790.0,,,unknown,
7.877,20:37:25.346,905.0,786.0,,,unknown,
7.897,20:37:25.366,907.0,783.0,,,unknown,
7.917,20:37:25.386,903.0,783.0,,,unknown,
7.937,20:37:25.406,907.0,784.0,,,unknown,
7.957,20:37:25.426,908.0,782.0,,,unknown,
7.977,20:37:25.446,906.0,781.0,,,unknown,
7.997,20:37:25.466,911.0,781.0,,,unknown,
8.017,20:37:25.486,907.0,788.0,,,unknown,
8.037,20:37:25.506,894.0,781.0,,,unknown,
8.057,20:37:25.526,907.0,785.0,,,unknown,
8.077,20:37:25.546,903.0,779.0,,,unknown,
8.097,20:37:25.566,895.0,767.0,,,unknown,
8.117,20:37:25.586,903.0,781.0,,,unknown,
8.137,20:37:25.606,907.0,770.0,,,unknown,
8.157,20:37:25.626,907.0,779.0,,,unknown,
8.177,20:37:25.646,958.0,778.0,,,unknown,
8.197,20:37:25.666,905.0,778.0,,,unknown,
8.217,20:37:25.686,903.0,781.0,,,unknown,
8.237,20:37:25.706,851.0,774.0,,,unknown,
8.257,20:37:25.726,903.0,778.0,,,unknown,
8.277,20:37:25.746,858.0,777.0,,,unknown,
8.297,20:37:25.766,891.0,773.0,,,unknown,
8.317,20:37:25.786,907.0,777.0,,,unknown,
8.337,20:37:25.806,904.0,786.0,,,unknown,
8.357,20:37:25.826,908.0,776.0,,,unknown,
8.377,20:37:25.846,916.0,775.0,,,unknown,
8.397,20:37:25.866,895.0,773.0,,,unknown,
8.417,20:37:25.886,903.0,776.0,,,unknown,
8.437,20:37:25.906,903.0,774.0,,,unknown,
8.457,20:37:25.926,927.0,775.0,,,unknown,
8.477,20:37:25.946,893.0,778.0,,,unknown,
8.497,20:37:25.966,889.0,773.0,,,unknown,
8.517,20:37:25.986,891.0,772.0,,,unknown,
8.537,20:37:26.006,893.0,774.0,,,unknown,
8.557,20:37:26.026,892.0,775.0,,,unknown,
8.577,20:37:26.046,893.0,775.0,,,unknown,
8.597,20:37:26.066,895.0,774.0,,,unknown,
8.617,20:37:26.086,893.0,772.0,,,unknown,
8.637,20:37:26.106,893.0,772.0,,,unknown,
8.657,20:37:26.126,883.0,773.0,,,unknown,
8.677,20:37:26.146,893.0,774.0,,,unknown,
8.697,20:37:26.166,892.0,771.0,,,unknown,
8.717,20:37:26.186,893.0,771.0,,,unknown,
8.737,20:37:26.206,889.0,770.0,,,unknown,
8.757,20:37:26.226,895.0,772.0,,,unknown,
8.781,20:37:26.250,888.0,771.0,,,unknown,
8.797,20:37:26.266,903.0,769.0,,,unknown,
8.817,20:37:26.286,892.0,767.0,,,unknown,
8.837,20:37:26.306,889.0,768.0,,,unknown,
8.857,20:37:26.326,893.0,765.0,,,unknown,
8.877,20:37:26.346,883.0,777.0,,,unknown,
8.897,20:37:26.366,888.0,767.0,,,unknown,
8.917,20:37:26.386,887.0,772.0,,,unknown,
8.937,20:37:26.406,891.0,766.0,,,unknown,
8.957,20:37:26.426,885.0,768.0,,,unknown,
8.977,20:37:26.446,887.0,770.0,,,unknown,
8.997,20:37:26.466,893.0,774.0,,,unknown,
9.017,20:37:26.486,903.0,768.0,,,unknown,
9.037,20:37:26.506,879.0,773.0,,,unknown,
9.057,20:37:26.526,889.0,768.0,,,unknown,
9.077,20:37:26.546,902.0,769.0,,,unknown,
9.097,20:37:26.566,891.0,770.0,,,unknown,
9.117,20:37:26.586,893.0,772.0,,,unknown,
9.137,20:37:26.606,895.0,780.0,,,unknown,
9.157,20:37:26.626,895.0,776.0,,,unknown,
9.177,20:37:26.646,903.0,775.0,,,unknown,
9.197,20:37:26.666,905.0,778.0,,,unknown,
9.217,20:37:26.686,919.0,774.0,,,unknown,
9.237,20:37:26.706,906.0,777.0,,,unknown,
9.266,20:37:26.735,905.0,781.0,,,unknown,
9.287,20:37:26.756,916.0,779.0,,,unknown,
9.297,20:37:26.766,910.0,784.0,,,unknown,
9.317,20:37:26.786,907.0,781.0,,,unknown,
9.337,20:37:26.806,909.0,786.0,,,unknown,
9.357,20:37:26.826,915.0,788.0,,,unknown,
9.377,20:37:26.846,913.0,788.0,,,unknown,
9.397,20:37:26.866,910.0,788.0,,,unknown,
9.417,20:37:26.886,916.0,786.0,,,unknown,
9.438,20:37:26.907,921.0,789.0,,,unknown,
9.457,20:37:26.926,919.0,792.0,,,unknown,
9.477,20:37:26.946,918.0,793.0,,,unknown,
9.497,20:37:26.966,917.0,791.0,,,unknown,
9.517,20:37:26.986,935.0,794.0,,,unknown,
9.537,20:37:27.006,921.0,797.0,,,unknown,
9.557,20:37:27.026,917.0,788.0,,,unknown,
9.577,20:37:27.046,910.0,791.0,,,unknown,
9.597,20:37:27.066,909.0,791.0,,,unknown,
9.617,20:37:27.086,922.0,794.0,,,unknown,
9.637,20:37:27.106,922.0,793.0,,,unknown,
9.657,20:37:27.126,927.0,792.0,,,unknown,
9.677,20:37:27.146,921.0,786.0,,,unknown,
9.697,20:37:27.166,921.0,794.0,,,unknown,
9.717,20:37:27.186,913.0,791.0,,,unknown,
9.737,20:37:27.206,919.0,795.0,,,unknown,
9.757,20:37:27.226,927.0,793.0,,,unknown,
9.781,20:37:27.250,915.0,791.0,,,unknown,
9.797,20:37:27.266,917.0,790.0,,,unknown,
9.817,20:37:27.286,919.0,790.0,,,unknown,
9.837,20:37:27.306,917.0,796.0,,,unknown,
9.857,20:37:27.326,915.0,791.0,,,unknown,
9.877,20:37:27.346,921.0,794.0,,,unknown,
9.897,20:37:27.366,910.0,796.0,,,unknown,
9.920,20:37:27.389,916.0,785.0,,,unknown,
9.937,20:37:27.406,917.0,788.0,,,unknown,
9.957,20:37:27.426,909.0,794.0,,,unknown,
9.977,20:37:27.446,909.0,786.0,,,unknown,
9.997,20:37:27.466,908.0,776.0,,,unknown,
10.017,20:37:27.486,907.0,785.0,,,unknown,
10.037,20:37:27.506,911.0,783.0,,,unknown,
10.057,20:37:27.526,908.0,780.0,,,unknown,
10.077,20:37:27.546,906.0,790.0,,,unknown,
10.097,20:37:27.566,908.0,780.0,,,unknown,
10.117,20:37:27.586,903.0,783.0,,,unknown,
10.137,20:37:27.606,1020.0,787.0,,,unknown,
10.157,20:37:27.626,915.0,775.0,,,unknown,
10.177,20:37:27.646,933.0,780.0,,,unknown,
10.197,20:37:27.666,907.0,780.0,,,unknown,
10.217,20:37:27.686,907.0,781.0,,,unknown,
10.237,20:37:27.706,917.0,784.0,,,unknown,
10.257,20:37:27.726,909.0,785.0,,,unknown,
10.277,20:37:27.746,905.0,788.0,,,unknown,
10.297,20:37:27.766,905.0,779.0,,,unknown,
10.317,20:37:27.786,915.0,781.0,,,unknown,
10.337,20:37:27.806,911.0,781.0,,,unknown,
10.357,20:37:27.826,895.0,783.0,,,unknown,
10.377,20:37:27.846,895.0,779.0,,,unknown,
10.397,20:37:27.866,903.0,781.0,,,unknown,
10.417,20:37:27.886,903.0,792.0,,,unknown,
10.437,20:37:27.906,902.0,789.0,,,unknown,
10.457,20:37:27.926,907.0,783.0,,,unknown,
10.477,20:37:27.946,915.0,784.0,,,unknown,
10.497,20:37:27.966,919.0,778.0,,,unknown,
10.517,20:37:27.986,911.0,788.0,,,unknown,
10.537,20:37:28.006,906.0,783.0,,,unknown,
10.557,20:37:28.026,909.0,772.0,,,unknown,
10.577,20:37:28.046,903.0,793.0,,,unknown,
10.597,20:37:28.066,910.0,785.0,,,unknown,
10.617,20:37:28.086,908.0,797.0,,,unknown,
10.637,20:37:28.106,909.0,783.0,,,unknown,
10.657,20:37:28.126,909.0,786.0,,,unknown,
10.677,20:37:28.146,921.0,784.0,,,unknown,
10.697,20:37:28.166,906.0,784.0,,,unknown,
10.717,20:37:28.186,914.0,783.0,,,unknown,
10.737,20:37:28.206,903.0,778.0,,,unknown,
10.757,20:37:28.226,894.0,777.0,,,unknown,
10.781,20:37:28.250,908.0,787.0,,,unknown,
10.797,20:37:28.266,909.0,782.0,,,unknown,
10.817,20:37:28.286,905.0,779.0,,,unknown,
10.837,20:37:28.306,904.0,780.0,,,unknown,
10.857,20:37:28.326,895.0,784.0,,,unknown,
10.877,20:37:28.346,921.0,777.0,,,unknown,
10.897,20:37:28.366,901.0,780.0,,,unknown,
10.917,20:37:28.386,885.0,777.0,,,unknown,
10.937,20:37:28.406,905.0,768.0,,,unknown,
10.957,20:37:28.426,903.0,780.0,,,unknown,
10.977,20:37:28.446,901.0,777.0,,,unknown,
10.997,20:37:28.466,894.0,774.0,,,unknown,
11.017,20:37:28.486,891.0,777.0,,,unknown,
11.037,20:37:28.506,896.0,783.0,,,unknown,
11.057,20:37:28.526,905.0,783.0,,,unknown,
11.077,20:37:28.546,903.0,773.0,,,unknown,
11.097,20:37:28.566,895.0,780.0,,,unknown,
11.117,20:37:28.586,889.0,772.0,,,unknown,
11.137,20:37:28.606,895.0,778.0,,,unknown,
11.157,20:37:28.626,906.0,777.0,,,unknown,
11.177,20:37:28.646,891.0,778.0,,,unknown,
11.197,20:37:28.666,905.0,774.0,,,unknown,
11.217,20:37:28.686,888.0,775.0,,,unknown,
11.237,20:37:28.706,893.0,770.0,,,unknown,
11.257,20:37:28.726,895.0,775.0,,,unknown,
11.277,20:37:28.746,891.0,773.0,,,unknown,
11.297,20:37:28.766,893.0,770.0,,,unknown,
11.317,20:37:28.786,887.0,764.0,,,unknown,
11.337,20:37:28.806,888.0,778.0,,,unknown,
11.357,20:37:28.826,891.0,772.0,,,unknown,
11.377,20:37:28.846,896.0,771.0,,,unknown,
11.397,20:37:28.866,891.0,759.0,,,unknown,
11.417,20:37:28.886,891.0,762.0,,,unknown,
11.437,20:37:28.906,892.0,772.0,,,unknown,
11.457,20:37:28.926,895.0,777.0,,,unknown,
11.477,20:37:28.946,889.0,772.0,,,unknown,
11.497,20:37:28.966,891.0,769.0,,,unknown,
11.517,20:37:28.986,891.0,756.0,,,unknown,
11.537,20:37:29.006,879.0,774.0,,,unknown,
11.557,20:37:29.026,875.0,759.0,,,unknown,
11.577,20:37:29.046,887.0,766.0,,,unknown,
11.597,20:37:29.066,895.0,765.0,,,unknown,
11.617,20:37:29.086,893.0,769.0,,,unknown,
11.637,20:37:29.106,888.0,772.0,,,unknown,
11.657,20:37:29.126,895.0,770.0,,,unknown,
11.677,20:37:29.146,871.0,769.0,,,unknown,
11.697,20:37:29.166,889.0,771.0,,,unknown,
11.717,20:37:29.186,895.0,769.0,,,unknown,
11.737,20:37:29.206,891.0,769.0,,,unknown,
11.757,20:37:29.226,871.0,766.0,,,unknown,
11.781,20:37:29.250,895.0,767.0,,,unknown,
11.797,20:37:29.266,889.0,765.0,,,unknown,
11.817,20:37:29.286,887.0,766.0,,,unknown,
11.837,20:37:29.306,889.0,769.0,,,unknown,
11.857,20:37:29.326,938.0,766.0,,,unknown,
11.877,20:37:29.346,887.0,769.0,,,unknown,
11.897,20:37:29.366,888.0,767.0,,,unknown,
11.917,20:37:29.386,891.0,767.0,,,unknown,
11.937,20:37:29.406,887.0,769.0,,,unknown,
11.957,20:37:29.426,1069.0,769.0,,,unknown,
11.977,20:37:29.446,895.0,777.0,,,unknown,
11.997,20:37:29.466,892.0,765.0,,,unknown,
12.017,20:37:29.486,889.0,778.0,,,unknown,
12.037,20:37:29.506,890.0,766.0,,,inhale,
12.057,20:37:29.526,893.0,773.0,,,inhale,
12.077,20:37:29.546,903.0,772.0,,,inhale,
12.097,20:37:29.566,893.0,763.0,,,inhale,
12.117,20:37:29.586,883.0,775.0,,,inhale,
12.137,20:37:29.606,893.0,776.0,,,inhale,
12.157,20:37:29.626,889.0,792.0,,,inhale,
12.177,20:37:29.646,891.0,770.0,,,inhale,
12.197,20:37:29.666,901.0,774.0,,,inhale,
12.217,20:37:29.686,904.0,776.0,,,inhale,
12.237,20:37:29.706,895.0,776.0,,,inhale,
12.257,20:37:29.726,901.0,774.0,,,inhale,
12.277,20:37:29.746,892.0,772.0,,,inhale,
12.297,20:37:29.766,895.0,777.0,,,inhale,
12.317,20:37:29.786,904.0,779.0,,,inhale,
12.337,20:37:29.806,901.0,778.0,,,inhale,
12.357,20:37:29.826,905.0,777.0,,,inhale,
12.377,20:37:29.846,904.0,778.0,,,inhale,
12.397,20:37:29.866,905.0,778.0,,,inhale,
12.417,20:37:29.886,891.0,776.0,,,inhale,
12.437,20:37:29.906,907.0,797.0,,,inhale,
12.457,20:37:29.926,909.0,780.0,,,inhale,
12.477,20:37:29.946,895.0,780.0,,,inhale,
12.497,20:37:29.966,903.0,779.0,,,inhale,
12.517,20:37:29.986,903.0,780.0,,,inhale,
12.537,20:37:30.006,901.0,787.0,,,inhale,
12.557,20:37:30.026,909.0,781.0,,,inhale,
12.577,20:37:30.046,906.0,781.0,,,inhale,
12.597,20:37:30.066,907.0,782.0,,,inhale,
12.617,20:37:30.086,905.0,781.0,,,inhale,
12.638,20:37:30.107,906.0,777.0,,,inhale,
12.657,20:37:30.126,915.0,781.0,,,inhale,
12.677,20:37:30.146,909.0,779.0,,,inhale,
12.697,20:37:30.166,905.0,787.0,,,inhale,
12.717,20:37:30.186,904.0,777.0,,,inhale,
12.737,20:37:30.206,910.0,780.0,,,inhale,
12.757,20:37:30.226,903.0,782.0,,,inhale,
12.781,20:37:30.250,909.0,779.0,,,inhale,
12.797,20:37:30.266,905.0,780.0,,,inhale,
12.817,20:37:30.286,905.0,776.0,,,inhale,
12.837,20:37:30.306,905.0,779.0,,,inhale,
12.857,20:37:30.326,893.0,781.0,,,inhale,
12.877,20:37:30.346,905.0,779.0,,,inhale,
12.897,20:37:30.366,895.0,776.0,,,inhale,
12.917,20:37:30.386,910.0,778.0,,,inhale,
12.937,20:37:30.406,916.0,776.0,,,inhale,
12.957,20:37:30.426,893.0,774.0,,,inhale,
12.977,20:37:30.446,891.0,773.0,,,inhale,
12.997,20:37:30.466,893.0,773.0,,,inhale,
13.017,20:37:30.486,845.0,770.0,,,inhale,
13.037,20:37:30.506,895.0,772.0,,,inhale,
13.057,20:37:30.526,893.0,772.0,,,inhale,
13.077,20:37:30.546,892.0,770.0,,,inhale,
13.097,20:37:30.566,895.0,770.0,,,inhale,
13.117,20:37:30.586,1098.0,772.0,,,inhale,
13.137,20:37:30.606,895.0,770.0,,,inhale,
13.157,20:37:30.626,891.0,770.0,,,inhale,
13.177,20:37:30.646,895.0,768.0,,,inhale,
13.197,20:37:30.666,891.0,769.0,,,inhale,
13.217,20:37:30.686,889.0,769.0,,,inhale,
13.237,20:37:30.706,891.0,769.0,,,inhale,
13.257,20:37:30.726,893.0,779.0,,,exhale,exhale_onset
13.277,20:37:30.746,895.0,771.0,,,exhale,
13.297,20:37:30.766,890.0,772.0,,,exhale,
13.317,20:37:30.786,889.0,777.0,,,exhale,
13.337,20:37:30.806,908.0,775.0,,,exhale,
13.357,20:37:30.826,893.0,756.0,,,exhale,
13.377,20:37:30.846,895.0,772.0,,,exhale,
13.397,20:37:30.866,891.0,768.0,,,exhale,
13.417,20:37:30.886,887.0,767.0,,,exhale,
13.437,20:37:30.906,886.0,768.0,,,exhale,
13.457,20:37:30.926,889.0,772.0,,,exhale,
13.477,20:37:30.946,853.0,766.0,,,exhale,
13.497,20:37:30.966,888.0,775.0,,,exhale,
13.517,20:37:30.986,889.0,768.0,,,exhale,
13.537,20:37:31.006,889.0,772.0,,,exhale,
13.557,20:37:31.026,895.0,769.0,,,exhale,
13.577,20:37:31.046,888.0,776.0,,,exhale,
13.597,20:37:31.066,887.0,769.0,,,exhale,
13.617,20:37:31.086,889.0,765.0,,,exhale,
13.637,20:37:31.106,893.0,770.0,,,exhale,
13.657,20:37:31.126,887.0,769.0,,,exhale,
13.677,20:37:31.146,892.0,769.0,,,exhale,
13.697,20:37:31.166,885.0,773.0,,,exhale,
13.717,20:37:31.186,888.0,769.0,,,exhale,
13.737,20:37:31.206,889.0,766.0,,,exhale,
13.758,20:37:31.227,889.0,767.0,,,exhale,
13.780,20:37:31.250,886.0,765.0,,,exhale,
13.797,20:37:31.266,889.0,765.0,,,exhale,
13.817,20:37:31.286,895.0,765.0,,,exhale,
13.837,20:37:31.306,889.0,768.0,,,exhale,
13.857,20:37:31.326,889.0,776.0,,,exhale,
13.877,20:37:31.346,889.0,765.0,,,exhale,
13.897,20:37:31.366,885.0,766.0,,,exhale,
13.917,20:37:31.386,851.0,756.0,,,exhale,
13.937,20:37:31.406,886.0,773.0,,,exhale,
13.957,20:37:31.426,883.0,765.0,,,exhale,
13.977,20:37:31.446,887.0,765.0,,,exhale,
13.997,20:37:31.466,879.0,764.0,,,exhale,
14.017,20:37:31.486,885.0,766.0,,,exhale,
14.037,20:37:31.506,878.0,765.0,,,exhale,
14.057,20:37:31.526,884.0,762.0,,,exhale,
14.077,20:37:31.546,885.0,759.0,,,exhale,
14.097,20:37:31.566,879.0,761.0,,,exhale,
14.117,20:37:31.586,877.0,761.0,,,exhale,
14.137,20:37:31.606,883.0,759.0,,,exhale,
14.157,20:37:31.626,878.0,760.0,,,exhale,
14.177,20:37:31.646,875.0,759.0,,,exhale,
14.197,20:37:31.666,879.0,759.0,,,exhale,
14.217,20:37:31.686,855.0,763.0,,,exhale,
14.237,20:37:31.706,885.0,758.0,,,exhale,
14.257,20:37:31.726,878.0,758.0,,,exhale,
14.277,20:37:31.746,884.0,755.0,,,exhale,
14.297,20:37:31.766,877.0,759.0,,,exhale,
14.317,20:37:31.786,878.0,760.0,,,exhale,
14.337,20:37:31.806,876.0,770.0,,,exhale,
14.357,20:37:31.826,883.0,773.0,,,exhale,
14.377,20:37:31.846,875.0,758.0,,,exhale,
14.397,20:37:31.866,877.0,756.0,,,exhale,
14.417,20:37:31.886,872.0,757.0,,,exhale,
14.437,20:37:31.906,884.0,758.0,,,exhale,
14.457,20:37:31.926,872.0,755.0,,,exhale,
14.477,20:37:31.946,875.0,755.0,,,exhale,
14.497,20:37:31.966,879.0,764.0,,,exhale,
14.517,20:37:31.986,876.0,757.0,,,exhale,
14.537,20:37:32.006,873.0,758.0,,,exhale,
14.557,20:37:32.026,871.0,757.0,,,exhale,
14.577,20:37:32.046,876.0,758.0,,,exhale,
14.597,20:37:32.066,877.0,763.0,,,exhale,
14.617,20:37:32.086,886.0,765.0,,,exhale,
14.637,20:37:32.106,888.0,767.0,,,exhale,
14.657,20:37:32.126,879.0,750.0,,,exhale,
14.677,20:37:32.146,889.0,769.0,,,exhale,
14.697,20:37:32.166,891.0,770.0,,,exhale,
14.717,20:37:32.186,891.0,770.0,,,inhale,inhale_onset
14.737,20:37:32.206,933.0,770.0,,,inhale,
14.757,20:37:32.226,889.0,773.0,,,inhale,
14.781,20:37:32.250,889.0,773.0,,,inhale,
14.797,20:37:32.266,895.0,770.0,,,inhale,
14.817,20:37:32.286,891.0,775.0,,,inhale,
14.837,20:37:32.306,895.0,762.0,,,inhale,
14.857,20:37:32.326,895.0,776.0,,,inhale,
14.877,20:37:32.346,892.0,778.0,,,inhale,
14.897,20:37:32.366,896.0,774.0,,,inhale,
14.917,20:37:32.386,901.0,780.0,,,inhale,
14.937,20:37:32.406,908.0,772.0,,,inhale,
14.957,20:37:32.426,906.0,774.0,,,inhale,
14.977,20:37:32.446,907.0,776.0,,,inhale,
14.997,20:37:32.466,905.0,788.0,,,inhale,
15.017,20:37:32.486,903.0,779.0,,,inhale,
15.037,20:37:32.506,903.0,781.0,,,inhale,
15.057,20:37:32.526,907.0,785.0,,,inhale,
15.077,20:37:32.546,895.0,783.0,,,inhale,
15.097,20:37:32.566,910.0,784.0,,,inhale,
15.117,20:37:32.586,927.0,779.0,,,inhale,
15.137,20:37:32.606,919.0,792.0,,,inhale,
15.157,20:37:32.626,910.0,785.0,,,inhale,
15.177,20:37:32.646,921.0,791.0,,,inhale,
15.197,20:37:32.666,917.0,790.0,,,inhale,
15.217,20:37:32.686,916.0,794.0,,,inhale,
15.237,20:37:32.706,918.0,786.0,,,inhale,
15.257,20:37:32.726,917.0,795.0,,,inhale,
15.277,20:37:32.746,919.0,793.0,,,inhale,
15.297,20:37:32.766,922.0,793.0,,,inhale,
15.317,20:37:32.786,923.0,794.0,,,inhale,
15.337,20:37:32.806,927.0,802.0,,,inhale,
15.357,20:37:32.826,921.0,795.0,,,inhale,
15.377,20:37:32.846,927.0,793.0,,,inhale,
15.397,20:37:32.866,921.0,793.0,,,inhale,
15.417,20:37:32.886,920.0,794.0,,,inhale,
15.437,20:37:32.906,924.0,794.0,,,inhale,
15.457,20:37:32.926,823.0,792.0,,,inhale,
15.477,20:37:32.946,909.0,792.0,,,inhale,
15.497,20:37:32.966,918.0,791.0,,,inhale,
15.517,20:37:32.986,914.0,793.0,,,inhale,
15.537,20:37:33.006,917.0,798.0,,,inhale,
15.557,20:37:33.026,917.0,789.0,,,inhale,
15.577,20:37:33.046,895.0,789.0,,,inhale,
15.597,20:37:33.066,917.0,789.0,,,inhale,
15.617,20:37:33.086,916.0,796.0,,,inhale,
15.637,20:37:33.106,921.0,788.0,,,inhale,
15.657,20:37:33.126,915.0,787.0,,,inhale,
15.677,20:37:33.146,903.0,781.0,,,inhale,
15.697,20:37:33.166,910.0,787.0,,,inhale,
15.717,20:37:33.186,905.0,784.0,,,inhale,
15.737,20:37:33.206,904.0,784.0,,,inhale,
15.757,20:37:33.226,909.0,784.0,,,inhale,
15.781,20:37:33.250,918.0,783.0,,,inhale,
15.797,20:37:33.266,907.0,791.0,,,inhale,
15.817,20:37:33.286,905.0,784.0,,,inhale,
15.837,20:37:33.306,911.0,774.0,,,inhale,
15.857,20:37:33.326,910.0,783.0,,,inhale,
15.877,20:37:33.346,911.0,784.0,,,inhale,
15.897,20:37:33.366,910.0,784.0,,,inhale,
15.917,20:37:33.386,909.0,784.0,,,inhale,
15.937,20:37:33.406,904.0,784.0,,,exhale,exhale_onset
15.957,20:37:33.426,909.0,785.0,,,exhale,
15.977,20:37:33.446,907.0,785.0,,,exhale,
15.997,20:37:33.466,909.0,787.0,,,exhale,
16.017,20:37:33.486,910.0,789.0,,,exhale,
16.037,20:37:33.506,918.0,792.0,,,exhale,
16.057,20:37:33.526,915.0,781.0,,,exhale,
16.077,20:37:33.546,918.0,785.0,,,exhale,
16.097,20:37:33.566,915.0,786.0,,,exhale,
16.117,20:37:33.586,909.0,776.0,,,exhale,
16.137,20:37:33.606,911.0,781.0,,,exhale,
16.157,20:37:33.626,915.0,795.0,,,exhale,
16.177,20:37:33.646,921.0,789.0,,,exhale,
16.197,20:37:33.666,915.0,791.0,,,exhale,
16.217,20:37:33.686,917.0,792.0,,,exhale,
16.237,20:37:33.706,921.0,785.0,,,exhale,
16.257,20:37:33.726,911.0,787.0,,,exhale,
16.277,20:37:33.746,917.0,788.0,,,exhale,
16.297,20:37:33.766,919.0,791.0,,,exhale,
16.317,20:37:33.786,922.0,791.0,,,exhale,
16.337,20:37:33.806,909.0,793.0,,,exhale,
16.357,20:37:33.826,917.0,793.0,,,exhale,
16.377,20:37:33.846,887.0,791.0,,,exhale,
16.397,20:37:33.866,917.0,788.0,,,exhale,
16.417,20:37:33.886,917.0,790.0,,,exhale,
16.437,20:37:33.906,923.0,787.0,,,exhale,
16.457,20:37:33.926,922.0,787.0,,,exhale,
16.477,20:37:33.946,914.0,790.0,,,exhale,
16.497,20:37:33.966,911.0,788.0,,,exhale,
16.517,20:37:33.986,910.0,787.0,,,exhale,
16.537,20:37:34.006,916.0,785.0,,,exhale,
16.557,20:37:34.026,927.0,787.0,,,exhale,
16.577,20:37:34.046,916.0,784.0,,,exhale,
16.597,20:37:34.066,909.0,784.0,,,exhale,
16.617,20:37:34.086,915.0,774.0,,,exhale,
16.637,20:37:34.106,911.0,783.0,,,exhale,
16.657,20:37:34.126,905.0,781.0,,,exhale,
16.677,20:37:34.146,911.0,783.0,,,exhale,
16.697,20:37:34.166,907.0,780.0,,,exhale,
16.717,20:37:34.186,894.0,782.0,,,exhale,
16.737,20:37:34.206,907.0,780.0,,,exhale,
16.757,20:37:34.226,896.0,780.0,,,exhale,
16.781,20:37:34.250,895.0,777.0,,,exhale,
16.797,20:37:34.266,904.0,780.0,,,exhale,
16.817,20:37:34.286,904.0,779.0,,,exhale,
16.837,20:37:34.306,905.0,779.0,,,exhale,
16.857,20:37:34.326,911.0,778.0,,,exhale,
16.877,20:37:34.346,895.0,778.0,,,exhale,
16.897,20:37:34.366,901.0,779.0,,,exhale,
16.917,20:37:34.386,895.0,776.0,,,exhale,
16.938,20:37:34.407,905.0,779.0,,,exhale,
16.957,20:37:34.426,895.0,772.0,,,exhale,
16.977,20:37:34.446,895.0,776.0,,,exhale,
16.997,20:37:34.466,902.0,777.0,,,exhale,
17.017,20:37:34.486,904.0,779.0,,,exhale,
17.037,20:37:34.506,895.0,777.0,,,exhale,
17.057,20:37:34.526,957.0,777.0,,,exhale,
17.087,20:37:34.556,893.0,772.0,,,exhale,
17.097,20:37:34.566,901.0,773.0,,,exhale,
17.117,20:37:34.586,891.0,772.0,,,exhale,
17.137,20:37:34.606,893.0,772.0,,,exhale,
17.157,20:37:34.626,904.0,774.0,,,exhale,
17.177,20:37:34.646,889.0,774.0,,,exhale,
17.197,20:37:34.666,893.0,772.0,,,exhale,
17.217,20:37:34.686,923.0,769.0,,,exhale,
17.237,20:37:34.706,893.0,772.0,,,exhale,
17.257,20:37:34.726,889.0,770.0,,,exhale,
17.277,20:37:34.746,889.0,774.0,,,exhale,
17.297,20:37:34.766,893.0,774.0,,,exhale,
17.317,20:37:34.786,895.0,774.0,,,exhale,
17.337,20:37:34.806,889.0,772.0,,,exhale,
17.357,20:37:34.826,891.0,776.0,,,exhale,
17.377,20:37:34.846,892.0,769.0,,,exhale,
17.397,20:37:34.866,891.0,774.0,,,exhale,
17.417,20:37:34.886,895.0,780.0,,,exhale,
17.437,20:37:34.906,751.0,772.0,,,exhale,
17.457,20:37:34.926,888.0,771.0,,,exhale,
17.477,20:37:34.946,901.0,766.0,,,exhale,
17.497,20:37:34.966,890.0,768.0,,,exhale,
17.517,20:37:34.986,889.0,770.0,,,exhale,
17.537,20:37:35.006,888.0,762.0,,,exhale,
17.557,20:37:35.026,889.0,775.0,,,exhale,
17.577,20:37:35.046,887.0,768.0,,,exhale,
17.597,20:37:35.066,889.0,773.0,,,exhale,
17.617,20:37:35.086,887.0,775.0,,,exhale,
17.637,20:37:35.106,891.0,768.0,,,exhale,
17.657,20:37:35.126,889.0,766.0,,,exhale,
17.677,20:37:35.146,887.0,771.0,,,exhale,
17.697,20:37:35.166,889.0,772.0,,,exhale,
17.717,20:37:35.186,895.0,758.0,,,exhale,
17.737,20:37:35.206,896.0,774.0,,,exhale,
17.757,20:37:35.226,889.0,768.0,,,exhale,
17.781,20:37:35.250,889.0,767.0,,,exhale,
17.797,20:37:35.266,889.0,767.0,,,exhale,
17.817,20:37:35.286,887.0,767.0,,,exhale,
17.837,20:37:35.306,871.0,767.0,,,exhale,
17.857,20:37:35.326,887.0,766.0,,,exhale,
17.877,20:37:35.346,887.0,766.0,,,exhale,
17.897,20:37:35.366,890.0,771.0,,,exhale,
17.917,20:37:35.386,895.0,765.0,,,exhale,
17.937,20:37:35.406,893.0,767.0,,,exhale,
17.957,20:37:35.426,891.0,767.0,,,exhale,
17.977,20:37:35.446,888.0,768.0,,,exhale,
17.997,20:37:35.466,889.0,775.0,,,exhale,
18.017,20:37:35.486,893.0,769.0,,,exhale,
18.037,20:37:35.506,901.0,767.0,,,exhale,
18.057,20:37:35.526,886.0,770.0,,,exhale,
18.077,20:37:35.546,889.0,771.0,,,exhale,
18.097,20:37:35.566,892.0,771.0,,,exhale,
18.117,20:37:35.586,888.0,770.0,,,exhale,
18.137,20:37:35.606,905.0,773.0,,,exhale,
18.157,20:37:35.626,950.0,774.0,,,inhale,inhale_onset
18.177,20:37:35.646,893.0,777.0,,,inhale,
18.197,20:37:35.666,895.0,773.0,,,inhale,
18.217,20:37:35.686,907.0,775.0,,,inhale,
18.237,20:37:35.706,903.0,770.0,,,inhale,
18.257,20:37:35.726,909.0,777.0,,,inhale,
18.277,20:37:35.746,891.0,779.0,,,inhale,
18.297,20:37:35.766,903.0,778.0,,,inhale,
18.317,20:37:35.786,905.0,775.0,,,inhale,
18.337,20:37:35.806,895.0,779.0,,,inhale,
18.357,20:37:35.826,891.0,776.0,,,inhale,
18.377,20:37:35.846,904.0,778.0,,,inhale,
18.397,20:37:35.866,905.0,779.0,,,inhale,
18.417,20:37:35.886,903.0,780.0,,,inhale,
18.437,20:37:35.906,915.0,780.0,,,inhale,
18.457,20:37:35.926,903.0,782.0,,,inhale,
18.477,20:37:35.946,911.0,780.0,,,inhale,
18.497,20:37:35.966,907.0,782.0,,,inhale,
18.517,20:37:35.986,905.0,780.0,,,inhale,
18.537,20:37:36.006,909.0,775.0,,,inhale,
18.557,20:37:36.026,909.0,780.0,,,inhale,
18.577,20:37:36.046,907.0,788.0,,,inhale,
18.597,20:37:36.066,901.0,782.0,,,inhale,
18.617,20:37:36.086,908.0,785.0,,,inhale,
18.637,20:37:36.106,915.0,783.0,,,inhale,
18.657,20:37:36.126,906.0,786.0,,,inhale,
18.677,20:37:36.146,910.0,791.0,,,inhale,
18.697,20:37:36.166,911.0,783.0,,,inhale,
18.717,20:37:36.186,908.0,784.0,,,inhale,
18.737,20:37:36.206,905.0,786.0,,,inhale,
18.757,20:37:36.226,906.0,787.0,,,inhale,
18.781,20:37:36.250,917.0,784.0,,,inhale,
18.797,20:37:36.266,915.0,785.0,,,inhale,
18.817,20:37:36.286,905.0,782.0,,,inhale,
18.837,20:37:36.306,910.0,785.0,,,inhale,
18.857,20:37:36.326,906.0,782.0,,,inhale,
18.877,20:37:36.346,907.0,782.0,,,inhale,
18.897,20:37:36.366,907.0,782.0,,,inhale,
18.917,20:37:36.386,903.0,782.0,,,inhale,
18.937,20:37:36.406,915.0,781.0,,,inhale,
18.957,20:37:36.426,905.0,783.0,,,inhale,
18.977,20:37:36.446,903.0,780.0,,,inhale,
18.997,20:37:36.466,905.0,779.0,,,inhale,
19.017,20:37:36.486,907.0,778.0,,,inhale,
19.037,20:37:36.506,904.0,788.0,,,inhale,
19.057,20:37:36.526,901.0,775.0,,,inhale,
19.077,20:37:36.546,896.0,777.0,,,inhale,
19.097,20:37:36.566,902.0,779.0,,,inhale,
19.117,20:37:36.586,905.0,776.0,,,inhale,
19.137,20:37:36.606,892.0,777.0,,,inhale,
19.157,20:37:36.626,903.0,790.0,,,inhale,
19.177,20:37:36.646,906.0,775.0,,,inhale,
19.197,20:37:36.666,902.0,776.0,,,inhale,
19.217,20:37:36.686,895.0,778.0,,,inhale,
19.237,20:37:36.706,891.0,772.0,,,inhale,
19.257,20:37:36.726,891.0,776.0,,,inhale,
19.277,20:37:36.746,893.0,775.0,,,inhale,
19.297,20:37:36.766,895.0,762.0,,,inhale,
19.317,20:37:36.786,907.0,773.0,,,inhale,
19.337,20:37:36.806,895.0,777.0,,,inhale,
19.357,20:37:36.826,903.0,773.0,,,inhale,
19.377,20:37:36.846,890.0,774.0,,,exhale,exhale_onset
19.397,20:37:36.866,900.0,786.0,,,exhale,
19.417,20:37:36.886,895.0,774.0,,,exhale,
19.437,20:37:36.906,895.0,772.0,,,exhale,
19.457,20:37:36.926,901.0,772.0,,,exhale,
19.477,20:37:36.946,893.0,773.0,,,exhale,
19.497,20:37:36.966,895.0,779.0,,,exhale,
19.517,20:37:36.986,891.0,776.0,,,exhale,
19.537,20:37:37.006,901.0,776.0,,,exhale,
19.557,20:37:37.026,893.0,778.0,,,exhale,
19.577,20:37:37.046,904.0,767.0,,,exhale,
19.597,20:37:37.066,901.0,777.0,,,exhale,
19.617,20:37:37.086,895.0,773.0,,,exhale,
19.637,20:37:37.106,893.0,777.0,,,exhale,
19.657,20:37:37.126,918.0,774.0,,,exhale,
19.677,20:37:37.146,908.0,774.0,,,exhale,
19.697,20:37:37.166,901.0,777.0,,,exhale,
19.717,20:37:37.186,894.0,778.0,,,exhale,
19.737,20:37:37.206,907.0,782.0,,,exhale,
19.757,20:37:37.226,893.0,778.0,,,exhale,
19.781,20:37:37.250,903.0,772.0,,,exhale,
19.797,20:37:37.266,903.0,786.0,,,exhale,
19.817,20:37:37.286,894.0,775.0,,,exhale,
19.837,20:37:37.306,907.0,777.0,,,exhale,
19.857,20:37:37.326,904.0,775.0,,,exhale,
19.877,20:37:37.346,908.0,776.0,,,exhale,
19.897,20:37:37.366,901.0,778.0,,,exhale,
19.917,20:37:37.386,901.0,775.0,,,exhale,
19.937,20:37:37.406,902.0,773.0,,,exhale,
19.957,20:37:37.426,915.0,773.0,,,exhale,
19.977,20:37:37.446,903.0,774.0,,,exhale,
19.997,20:37:37.466,904.0,773.0,,,exhale,
20.017,20:37:37.486,891.0,772.0,,,exhale,
20.037,20:37:37.506,903.0,772.0,,,exhale,
20.057,20:37:37.526,891.0,770.0,,,exhale,
20.077,20:37:37.546,891.0,772.0,,,exhale,
20.097,20:37:37.566,894.0,773.0,,,exhale,
20.117,20:37:37.586,894.0,771.0,,,exhale,
20.137,20:37:37.606,891.0,770.0,,,exhale,
20.157,20:37:37.626,895.0,771.0,,,exhale,
20.177,20:37:37.646,905.0,770.0,,,exhale,
20.197,20:37:37.666,892.0,769.0,,,exhale,
20.217,20:37:37.686,887.0,771.0,,,exhale,
20.237,20:37:37.706,887.0,762.0,,,exhale,
20.257,20:37:37.726,889.0,770.0,,,exhale,
20.277,20:37:37.746,889.0,767.0,,,exhale,
20.297,20:37:37.766,890.0,768.0,,,exhale,
20.317,20:37:37.786,891.0,769.0,,,exhale,
20.337,20:37:37.806,893.0,768.0,,,exhale,
20.357,20:37:37.826,889.0,776.0,,,exhale,
20.377,20:37:37.846,879.0,767.0,,,exhale,
20.397,20:37:37.866,901.0,769.0,,,exhale,
20.417,20:37:37.886,883.0,771.0,,,exhale,
20.452,20:37:37.921,887.0,766.0,,,exhale,
20.463,20:37:37.932,889.0,776.0,,,exhale,
20.477,20:37:37.946,888.0,766.0,,,exhale,
20.497,20:37:37.966,885.0,774.0,,,exhale,
20.517,20:37:37.986,888.0,770.0,,,exhale,
20.537,20:37:38.006,894.0,772.0,,,exhale,
20.557,20:37:38.026,874.0,766.0,,,exhale,
20.577,20:37:38.046,887.0,767.0,,,exhale,
20.597,20:37:38.066,887.0,766.0,,,exhale,
20.617,20:37:38.086,888.0,769.0,,,exhale,
20.637,20:37:38.106,891.0,774.0,,,exhale,
20.657,20:37:38.126,887.0,767.0,,,exhale,
20.677,20:37:38.146,886.0,768.0,,,exhale,
20.697,20:37:38.166,888.0,766.0,,,exhale,
20.717,20:37:38.186,888.0,767.0,,,exhale,
20.737,20:37:38.206,891.0,765.0,,,exhale,
20.757,20:37:38.226,887.0,763.0,,,exhale,
20.781,20:37:38.250,889.0,767.0,,,exhale,
20.797,20:37:38.266,884.0,764.0,,,exhale,
20.817,20:37:38.286,879.0,765.0,,,exhale,
20.837,20:37:38.306,888.0,757.0,,,exhale,
20.857,20:37:38.326,877.0,763.0,,,exhale,
20.877,20:37:38.346,879.0,763.0,,,exhale,
20.897,20:37:38.366,885.0,764.0,,,exhale,
20.917,20:37:38.386,883.0,771.0,,,exhale,
20.937,20:37:38.406,889.0,761.0,,,exhale,
20.957,20:37:38.426,887.0,768.0,,,exhale,
20.977,20:37:38.446,891.0,770.0,,,exhale,
20.997,20:37:38.466,887.0,765.0,,,exhale,
21.017,20:37:38.486,907.0,768.0,,,exhale,
21.037,20:37:38.506,891.0,769.0,,,exhale,
21.057,20:37:38.526,901.0,775.0,,,exhale,
21.077,20:37:38.546,891.0,771.0,,,exhale,
21.097,20:37:38.566,893.0,771.0,,,exhale,
21.117,20:37:38.586,903.0,774.0,,,exhale,
21.137,20:37:38.606,889.0,775.0,,,inhale,inhale_onset
21.157,20:37:38.626,895.0,777.0,,,inhale,
21.177,20:37:38.646,896.0,774.0,,,inhale,
21.197,20:37:38.666,903.0,779.0,,,inhale,
21.217,20:37:38.686,903.0,779.0,,,inhale,
21.237,20:37:38.706,895.0,778.0,,,inhale,
21.257,20:37:38.726,907.0,785.0,,,inhale,
21.277,20:37:38.746,903.0,779.0,,,inhale,
21.297,20:37:38.766,907.0,783.0,,,inhale,
21.317,20:37:38.786,889.0,783.0,,,inhale,
21.337,20:37:38.806,905.0,778.0,,,inhale,
21.357,20:37:38.826,915.0,782.0,,,inhale,
21.377,20:37:38.846,903.0,782.0,,,inhale,
21.397,20:37:38.866,907.0,784.0,,,inhale,
21.417,20:37:38.886,909.0,782.0,,,inhale,
21.437,20:37:38.906,911.0,784.0,,,inhale,
21.457,20:37:38.926,905.0,783.0,,,inhale,
21.477,20:37:38.946,915.0,777.0,,,inhale,
21.497,20:37:38.966,911.0,792.0,,,inhale,
21.517,20:37:38.986,910.0,785.0,,,inhale,
21.537,20:37:39.006,907.0,785.0,,,inhale,
21.557,20:37:39.026,907.0,786.0,,,inhale,
21.577,20:37:39.046,909.0,786.0,,,inhale,
21.597,20:37:39.066,915.0,793.0,,,inhale,
21.617,20:37:39.086,911.0,787.0,,,inhale,
21.637,20:37:39.106,933.0,788.0,,,inhale,
21.657,20:37:39.126,907.0,784.0,,,inhale,
21.677,20:37:39.146,909.0,793.0,,,inhale,
21.697,20:37:39.166,913.0,787.0,,,inhale,
21.717,20:37:39.186,909.0,786.0,,,inhale,
21.737,20:37:39.206,907.0,793.0,,,inhale,
21.757,20:37:39.226,907.0,787.0,,,inhale,
21.781,20:37:39.250,914.0,785.0,,,inhale,
21.797,20:37:39.266,915.0,787.0,,,inhale,
21.817,20:37:39.286,911.0,787.0,,,inhale,
21.837,20:37:39.306,907.0,791.0,,,inhale,
21.857,20:37:39.326,911.0,789.0,,,inhale,
21.877,20:37:39.346,905.0,785.0,,,inhale,
21.897,20:37:39.366,910.0,786.0,,,inhale,
21.917,20:37:39.386,893.0,786.0,,,inhale,
21.937,20:37:39.406,907.0,785.0,,,inhale,
21.957,20:37:39.426,905.0,786.0,,,inhale,
21.977,20:37:39.446,915.0,772.0,,,inhale,
21.997,20:37:39.466,907.0,785.0,,,inhale,
22.017,20:37:39.486,917.0,789.0,,,inhale,
22.038,20:37:39.507,902.0,790.0,,,inhale,
22.057,20:37:39.526,905.0,781.0,,,inhale,
22.077,20:37:39.546,905.0,772.0,,,inhale,
22.097,20:37:39.566,908.0,780.0,,,inhale,
22.117,20:37:39.586,908.0,783.0,,,inhale,
22.137,20:37:39.606,910.0,779.0,,,inhale,
22.157,20:37:39.626,907.0,778.0,,,inhale,
22.177,20:37:39.646,895.0,779.0,,,inhale,
22.197,20:37:39.666,905.0,779.0,,,inhale,
22.217,20:37:39.686,903.0,773.0,,,inhale,
22.237,20:37:39.706,901.0,776.0,,,inhale,
22.257,20:37:39.726,903.0,777.0,,,inhale,
22.277,20:37:39.746,901.0,778.0,,,inhale,
22.297,20:37:39.766,896.0,776.0,,,inhale,
22.317,20:37:39.786,884.0,783.0,,,inhale,
22.337,20:37:39.806,895.0,776.0,,,inhale,
22.357,20:37:39.826,905.0,777.0,,,exhale,exhale_onset
22.377,20:37:39.846,895.0,780.0,,,exhale,
22.397,20:37:39.866,903.0,787.0,,,exhale,
22.417,20:37:39.886,903.0,779.0,,,exhale,
22.437,20:37:39.906,909.0,777.0,,,exhale,
22.457,20:37:39.926,895.0,789.0,,,exhale,
22.477,20:37:39.946,895.0,776.0,,,exhale,
22.497,20:37:39.966,903.0,779.0,,,exhale,
22.517,20:37:39.986,903.0,780.0,,,exhale,
22.537,20:37:40.006,904.0,778.0,,,exhale,
22.557,20:37:40.026,903.0,776.0,,,exhale,
22.577,20:37:40.046,905.0,772.0,,,exhale,
22.597,20:37:40.066,905.0,776.0,,,exhale,
22.617,20:37:40.086,909.0,779.0,,,exhale,
22.637,20:37:40.106,891.0,780.0,,,exhale,
22.657,20:37:40.126,905.0,777.0,,,exhale,
22.677,20:37:40.146,895.0,778.0,,,exhale,
22.697,20:37:40.166,903.0,776.0,,,exhale,
22.717,20:37:40.186,906.0,782.0,,,exhale,
22.737,20:37:40.206,905.0,781.0,,,exhale,
22.757,20:37:40.226,903.0,781.0,,,exhale,
22.781,20:37:40.250,901.0,781.0,,,exhale,
22.797,20:37:40.266,895.0,777.0,,,exhale,
22.817,20:37:40.286,917.0,780.0,,,exhale,
22.837,20:37:40.306,904.0,781.0,,,exhale,
22.857,20:37:40.326,903.0,783.0,,,exhale,
22.877,20:37:40.346,1001.0,776.0,,,exhale,
22.897,20:37:40.366,907.0,782.0,,,exhale,
22.917,20:37:40.386,903.0,783.0,,,exhale,
22.937,20:37:40.406,921.0,783.0,,,exhale,
22.957,20:37:40.426,935.0,790.0,,,exhale,
22.977,20:37:40.446,904.0,773.0,,,exhale,
22.997,20:37:40.466,905.0,781.0,,,exhale,
23.017,20:37:40.486,905.0,780.0,,,exhale,
23.037,20:37:40.506,904.0,778.0,,,exhale,
23.057,20:37:40.526,901.0,786.0,,,exhale,
23.077,20:37:40.546,904.0,777.0,,,exhale,
23.097,20:37:40.566,904.0,780.0,,,exhale,
23.117,20:37:40.586,909.0,779.0,,,exhale,
23.137,20:37:40.606,907.0,777.0,,,exhale,
23.157,20:37:40.626,894.0,777.0,,,exhale,
23.177,20:37:40.646,891.0,777.0,,,exhale,
23.197,20:37:40.666,895.0,782.0,,,exhale,
23.217,20:37:40.686,908.0,779.0,,,exhale,
23.237,20:37:40.706,894.0,775.0,,,exhale,
23.257,20:37:40.726,893.0,764.0,,,exhale,
23.277,20:37:40.746,891.0,775.0,,,exhale,
23.297,20:37:40.766,903.0,779.0,,,exhale,
23.317,20:37:40.786,903.0,778.0,,,exhale,
23.337,20:37:40.806,890.0,773.0,,,exhale,
23.357,20:37:40.826,893.0,776.0,,,exhale,
23.377,20:37:40.846,906.0,776.0,,,exhale,
23.397,20:37:40.866,894.0,774.0,,,exhale,
23.417,20:37:40.886,885.0,775.0,,,exhale,
23.437,20:37:40.906,893.0,776.0,,,exhale,
23.457,20:37:40.926,905.0,768.0,,,exhale,
23.477,20:37:40.946,891.0,773.0,,,exhale,
23.497,20:37:40.966,894.0,766.0,,,exhale,
23.517,20:37:40.986,893.0,773.0,,,exhale,
23.537,20:37:41.006,891.0,771.0,,,exhale,
23.557,20:37:41.026,904.0,773.0,,,exhale,
23.577,20:37:41.046,893.0,778.0,,,exhale,
23.597,20:37:41.066,893.0,772.0,,,exhale,
23.617,20:37:41.086,889.0,771.0,,,exhale,
23.637,20:37:41.106,884.0,774.0,,,exhale,
23.657,20:37:41.126,902.0,771.0,,,exhale,
23.677,20:37:41.146,890.0,770.0,,,exhale,
23.697,20:37:41.166,891.0,771.0,,,exhale,
23.717,20:37:41.186,895.0,769.0,,,exhale,
23.737,20:37:41.206,889.0,768.0,,,exhale,
23.757,20:37:41.226,891.0,773.0,,,exhale,
23.781,20:37:41.250,895.0,767.0,,,exhale,
23.803,20:37:41.272,890.0,769.0,,,exhale,
23.820,20:37:41.289,901.0,768.0,,,exhale,
23.837,20:37:41.306,891.0,768.0,,,exhale,
23.857,20:37:41.326,888.0,764.0,,,exhale,
23.876,20:37:41.346,883.0,770.0,,,exhale,
23.897,20:37:41.366,889.0,767.0,,,exhale,
23.917,20:37:41.386,894.0,767.0,,,exhale,
23.937,20:37:41.406,889.0,768.0,,,exhale,
23.957,20:37:41.426,889.0,765.0,,,exhale,
23.977,20:37:41.446,893.0,766.0,,,exhale,
23.997,20:37:41.466,887.0,766.0,,,exhale,
24.017,20:37:41.486,883.0,764.0,,,exhale,
24.037,20:37:41.506,940.0,765.0,,,exhale,
24.057,20:37:41.526,885.0,764.0,,,exhale,
24.077,20:37:41.546,886.0,762.0,,,exhale,
24.097,20:37:41.566,883.0,767.0,,,exhale,
24.117,20:37:41.586,883.0,765.0,,,exhale,
24.137,20:37:41.606,879.0,762.0,,,exhale,
24.157,20:37:41.626,883.0,763.0,,,exhale,
24.177,20:37:41.646,881.0,763.0,,,exhale,
24.197,20:37:41.666,883.0,762.0,,,exhale,
24.217,20:37:41.686,891.0,762.0,,,exhale,
24.237,20:37:41.706,891.0,762.0,,,exhale,
24.257,20:37:41.726,863.0,763.0,,,exhale,
24.277,20:37:41.746,877.0,770.0,,,exhale,
24.297,20:37:41.766,881.0,761.0,,,exhale,
24.317,20:37:41.786,877.0,763.0,,,exhale,
24.337,20:37:41.806,885.0,765.0,,,exhale,
24.357,20:37:41.826,877.0,759.0,,,exhale,
24.377,20:37:41.846,886.0,762.0,,,exhale,
24.397,20:37:41.866,883.0,770.0,,,exhale,
24.417,20:37:41.886,883.0,756.0,,,exhale,
24.437,20:37:41.906,884.0,762.0,,,exhale,
24.457,20:37:41.926,886.0,759.0,,,exhale,
24.477,20:37:41.946,887.0,762.0,,,exhale,
24.497,20:37:41.966,883.0,761.0,,,exhale,
24.517,20:37:41.986,877.0,762.0,,,exhale,
24.537,20:37:42.006,885.0,760.0,,,exhale,
24.557,20:37:42.026,875.0,757.0,,,exhale,
24.577,20:37:42.046,875.0,762.0,,,exhale,
24.597,20:37:42.066,879.0,765.0,,,exhale,
24.617,20:37:42.086,875.0,761.0,,,exhale,
24.637,20:37:42.106,879.0,761.0,,,exhale,
24.657,20:37:42.126,883.0,760.0,,,exhale,
24.677,20:37:42.146,887.0,762.0,,,exhale,
24.697,20:37:42.166,879.0,761.0,,,exhale,
24.717,20:37:42.186,887.0,749.0,,,exhale,
24.737,20:37:42.206,879.0,761.0,,,exhale,
24.757,20:37:42.226,883.0,758.0,,,exhale,
24.781,20:37:42.250,877.0,761.0,,,exhale,
24.797,20:37:42.266,883.0,759.0,,,exhale,
24.817,20:37:42.286,879.0,761.0,,,exhale,
24.837,20:37:42.306,880.0,761.0,,,exhale,
24.857,20:37:42.326,879.0,754.0,,,exhale,
24.877,20:37:42.346,883.0,761.0,,,exhale,
24.897,20:37:42.366,879.0,759.0,,,exhale,
24.917,20:37:42.386,873.0,760.0,,,exhale,
24.937,20:37:42.406,885.0,760.0,,,exhale,
24.957,20:37:42.426,880.0,760.0,,,exhale,
24.977,20:37:42.446,905.0,760.0,,,exhale,
24.997,20:37:42.466,883.0,761.0,,,inhale,inhale_onset
25.017,20:37:42.486,877.0,764.0,,,inhale,
25.037,20:37:42.506,879.0,763.0,,,inhale,
25.057,20:37:42.526,891.0,765.0,,,inhale,
25.077,20:37:42.546,885.0,769.0,,,inhale,
25.097,20:37:42.566,883.0,764.0,,,inhale,
25.117,20:37:42.586,895.0,772.0,,,inhale,
25.137,20:37:42.606,888.0,766.0,,,inhale,
25.157,20:37:42.626,895.0,775.0,,,inhale,
25.177,20:37:42.646,885.0,770.0,,,inhale,
25.197,20:37:42.666,895.0,770.0,,,inhale,
25.217,20:37:42.686,892.0,766.0,,,inhale,
25.237,20:37:42.706,890.0,772.0,,,inhale,
25.257,20:37:42.726,890.0,765.0,,,inhale,
25.277,20:37:42.746,894.0,772.0,,,inhale,
25.297,20:37:42.766,894.0,776.0,,,inhale,
25.317,20:37:42.786,907.0,775.0,,,inhale,
25.337,20:37:42.806,901.0,774.0,,,inhale,
25.357,20:37:42.826,895.0,777.0,,,inhale,
25.377,20:37:42.846,901.0,777.0,,,inhale,
25.397,20:37:42.866,905.0,776.0,,,inhale,
25.417,20:37:42.886,905.0,772.0,,,inhale,
25.437,20:37:42.906,909.0,778.0,,,inhale,
25.457,20:37:42.926,889.0,785.0,,,inhale,
25.477,20:37:42.946,908.0,780.0,,,inhale,
25.497,20:37:42.966,907.0,782.0,,,inhale,
25.517,20:37:42.986,904.0,781.0,,,inhale,
25.537,20:37:43.006,910.0,780.0,,,inhale,
25.557,20:37:43.026,915.0,775.0,,,inhale,
25.577,20:37:43.046,905.0,781.0,,,inhale,
25.597,20:37:43.066,908.0,783.0,,,inhale,
25.617,20:37:43.086,906.0,784.0,,,inhale,
25.637,20:37:43.106,909.0,776.0,,,inhale,
25.657,20:37:43.126,907.0,782.0,,,inhale,
25.677,20:37:43.146,763.0,783.0,,,inhale,
25.697,20:37:43.166,904.0,784.0,,,inhale,
25.717,20:37:43.186,907.0,779.0,,,inhale,
25.737,20:37:43.206,908.0,784.0,,,inhale,
25.757,20:37:43.226,909.0,786.0,,,inhale,
25.781,20:37:43.250,907.0,785.0,,,inhale,
25.797,20:37:43.266,911.0,775.0,,,inhale,
25.817,20:37:43.286,904.0,784.0,,,inhale,
25.837,20:37:43.306,915.0,784.0,,,inhale,
25.857,20:37:43.326,907.0,784.0,,,inhale,
25.877,20:37:43.346,907.0,776.0,,,inhale,
25.897,20:37:43.366,908.0,783.0,,,inhale,
25.917,20:37:43.386,909.0,778.0,,,inhale,
25.937,20:37:43.406,895.0,784.0,,,inhale,
25.957,20:37:43.426,908.0,780.0,,,inhale,
25.977,20:37:43.446,901.0,782.0,,,inhale,
25.997,20:37:43.466,907.0,781.0,,,inhale,
26.017,20:37:43.486,903.0,779.0,,,inhale,
26.037,20:37:43.506,902.0,777.0,,,inhale,
26.057,20:37:43.526,909.0,776.0,,,inhale,
26.077,20:37:43.546,907.0,777.0,,,inhale,
26.097,20:37:43.566,903.0,779.0,,,inhale,
26.117,20:37:43.586,908.0,772.0,,,inhale,
26.137,20:37:43.606,895.0,778.0,,,inhale,
26.157,20:37:43.626,901.0,768.0,,,inhale,
26.177,20:37:43.646,901.0,779.0,,,inhale,
26.197,20:37:43.666,894.0,772.0,,,exhale,exhale_onset
26.217,20:37:43.686,893.0,772.0,,,exhale,
26.237,20:37:43.706,889.0,772.0,,,exhale,
26.257,20:37:43.726,892.0,773.0,,,exhale,
26.277,20:37:43.746,902.0,771.0,,,exhale,
26.297,20:37:43.766,891.0,769.0,,,exhale,
26.317,20:37:43.786,887.0,771.0,,,exhale,
26.337,20:37:43.806,904.0,768.0,,,exhale,
26.357,20:37:43.826,891.0,772.0,,,exhale,
26.377,20:37:43.846,891.0,773.0,,,exhale,
26.397,20:37:43.866,891.0,771.0,,,exhale,
26.417,20:37:43.886,891.0,768.0,,,exhale,
26.437,20:37:43.906,895.0,771.0,,,exhale,
26.457,20:37:43.926,895.0,773.0,,,exhale,
26.477,20:37:43.946,895.0,771.0,,,exhale,
26.496,20:37:43.966,895.0,774.0,,,exhale,
26.517,20:37:43.986,893.0,774.0,,,exhale,
26.537,20:37:44.006,779.0,773.0,,,exhale,
26.557,20:37:44.026,873.0,773.0,,,exhale,
26.577,20:37:44.046,891.0,781.0,,,exhale,
26.597,20:37:44.066,895.0,774.0,,,exhale,
26.617,20:37:44.086,889.0,775.0,,,exhale,
26.637,20:37:44.106,890.0,775.0,,,exhale,
26.657,20:37:44.126,892.0,774.0,,,exhale,
26.677,20:37:44.146,901.0,774.0,,,exhale,
26.697,20:37:44.166,893.0,775.0,,,exhale,
26.717,20:37:44.186,895.0,776.0,,,exhale,
26.737,20:37:44.206,903.0,775.0,,,exhale,
26.757,20:37:44.226,893.0,786.0,,,exhale,
26.780,20:37:44.250,885.0,775.0,,,exhale,
26.797,20:37:44.266,893.0,773.0,,,exhale,
26.817,20:37:44.286,891.0,769.0,,,exhale,
26.837,20:37:44.306,893.0,777.0,,,exhale,
26.857,20:37:44.326,891.0,770.0,,,exhale,
26.877,20:37:44.346,889.0,783.0,,,exhale,
26.896,20:37:44.366,892.0,769.0,,,exhale,
26.917,20:37:44.386,906.0,769.0,,,exhale,
26.937,20:37:44.406,888.0,769.0,,,exhale,
26.957,20:37:44.426,892.0,767.0,,,exhale,
26.977,20:37:44.446,879.0,775.0,,,exhale,
26.997,20:37:44.466,888.0,766.0,,,exhale,
27.017,20:37:44.486,892.0,764.0,,,exhale,
27.037,20:37:44.506,890.0,765.0,,,exhale,
27.057,20:37:44.526,885.0,768.0,,,exhale,
27.077,20:37:44.546,889.0,768.0,,,exhale,
27.097,20:37:44.566,889.0,756.0,,,exhale,
27.117,20:37:44.586,879.0,763.0,,,exhale,
27.137,20:37:44.606,1003.0,764.0,,,exhale,
27.157,20:37:44.626,889.0,766.0,,,exhale,
27.177,20:37:44.646,887.0,766.0,,,exhale,
27.197,20:37:44.666,887.0,767.0,,,exhale,
27.217,20:37:44.686,886.0,761.0,,,exhale,
27.237,20:37:44.706,891.0,764.0,,,exhale,
27.257,20:37:44.726,883.0,765.0,,,exhale,
27.277,20:37:44.746,1037.0,765.0,,,exhale,
27.297,20:37:44.766,885.0,766.0,,,exhale,
27.317,20:37:44.786,887.0,770.0,,,exhale,
27.337,20:37:44.806,892.0,764.0,,,exhale,
27.357,20:37:44.826,889.0,765.0,,,exhale,
27.377,20:37:44.846,888.0,766.0,,,exhale,
27.397,20:37:44.866,887.0,766.0,,,exhale,
27.432,20:37:44.901,885.0,765.0,,,exhale,
27.441,20:37:44.910,884.0,764.0,,,exhale,
27.456,20:37:44.926,883.0,766.0,,,exhale,
27.476,20:37:44.946,881.0,764.0,,,exhale,
27.496,20:37:44.965,883.0,764.0,,,exhale,
27.516,20:37:44.986,890.0,764.0,,,exhale,
27.536,20:37:45.006,887.0,765.0,,,exhale,
27.556,20:37:45.026,877.0,761.0,,,exhale,
27.577,20:37:45.046,884.0,762.0,,,exhale,
27.597,20:37:45.066,885.0,765.0,,,exhale,
27.617,20:37:45.086,876.0,755.0,,,exhale,
27.637,20:37:45.106,891.0,771.0,,,exhale,
27.657,20:37:45.126,884.0,754.0,,,exhale,
27.677,20:37:45.146,877.0,768.0,,,exhale,
27.697,20:37:45.166,885.0,762.0,,,exhale,
27.717,20:37:45.186,879.0,768.0,,,exhale,
27.737,20:37:45.206,875.0,761.0,,,exhale,
27.757,20:37:45.226,1133.0,756.0,,,exhale,
27.780,20:37:45.250,879.0,760.0,,,exhale,
27.797,20:37:45.266,883.0,762.0,,,exhale,
27.817,20:37:45.286,879.0,773.0,,,exhale,
27.837,20:37:45.306,876.0,766.0,,,exhale,
27.857,20:37:45.326,879.0,759.0,,,exhale,
27.877,20:37:45.346,884.0,764.0,,,exhale,
27.897,20:37:45.366,877.0,759.0,,,exhale,
27.917,20:37:45.386,884.0,759.0,,,exhale,
27.937,20:37:45.406,879.0,756.0,,,exhale,
27.957,20:37:45.426,884.0,756.0,,,exhale,
27.977,20:37:45.446,872.0,751.0,,,exhale,
27.997,20:37:45.466,880.0,760.0,,,exhale,
28.017,20:37:45.486,877.0,758.0,,,exhale,
28.037,20:37:45.506,879.0,761.0,,,exhale,
28.057,20:37:45.526,882.0,754.0,,,exhale,
28.077,20:37:45.546,877.0,754.0,,,exhale,
28.096,20:37:45.566,878.0,757.0,,,exhale,
28.117,20:37:45.586,876.0,757.0,,,exhale,
28.137,20:37:45.606,875.0,756.0,,,exhale,
28.157,20:37:45.626,875.0,759.0,,,exhale,
28.177,20:37:45.646,877.0,758.0,,,exhale,
28.197,20:37:45.666,879.0,759.0,,,exhale,
28.217,20:37:45.686,877.0,759.0,,,exhale,
28.237,20:37:45.706,877.0,743.0,,,exhale,
28.257,20:37:45.726,867.0,757.0,,,exhale,
28.277,20:37:45.746,871.0,755.0,,,exhale,
28.296,20:37:45.766,877.0,759.0,,,exhale,
28.317,20:37:45.786,872.0,765.0,,,exhale,
28.336,20:37:45.806,876.0,760.0,,,exhale,
28.356,20:37:45.826,878.0,757.0,,,exhale,
28.376,20:37:45.845,871.0,759.0,,,exhale,
28.396,20:37:45.866,877.0,760.0,,,exhale,
28.416,20:37:45.885,883.0,763.0,,,exhale,
28.436,20:37:45.906,871.0,764.0,,,exhale,
28.456,20:37:45.926,877.0,756.0,,,exhale,
28.476,20:37:45.946,885.0,756.0,,,inhale,inhale_onset
28.496,20:37:45.966,875.0,757.0,,,inhale,
28.516,20:37:45.986,879.0,758.0,,,inhale,
28.537,20:37:46.006,889.0,756.0,,,inhale,
28.557,20:37:46.026,875.0,743.0,,,inhale,
28.577,20:37:46.046,860.0,744.0,,,inhale,
28.596,20:37:46.066,875.0,755.0,,,inhale,
28.617,20:37:46.086,873.0,769.0,,,inhale,
28.637,20:37:46.106,871.0,742.0,,,inhale,
28.657,20:37:46.126,867.0,767.0,,,inhale,
28.677,20:37:46.146,873.0,756.0,,,inhale,
28.696,20:37:46.166,873.0,758.0,,,inhale,
28.717,20:37:46.186,877.0,753.0,,,inhale,
28.737,20:37:46.206,873.0,755.0,,,inhale,
28.757,20:37:46.226,856.0,755.0,,,inhale,
28.780,20:37:46.250,873.0,744.0,,,inhale,
28.797,20:37:46.266,873.0,755.0,,,inhale,
28.817,20:37:46.286,873.0,761.0,,,inhale,
28.837,20:37:46.306,869.0,750.0,,,inhale,
28.857,20:37:46.326,875.0,753.0,,,inhale,
28.877,20:37:46.346,873.0,754.0,,,inhale,
28.897,20:37:46.366,873.0,755.0,,,inhale,
28.917,20:37:46.386,872.0,751.0,,,inhale,
28.937,20:37:46.406,879.0,754.0,,,inhale,
28.957,20:37:46.426,873.0,753.0,,,inhale,
28.977,20:37:46.446,871.0,756.0,,,inhale,
28.997,20:37:46.466,873.0,755.0,,,inhale,
29.017,20:37:46.486,871.0,757.0,,,inhale,
29.037,20:37:46.506,871.0,756.0,,,inhale,
29.057,20:37:46.526,873.0,745.0,,,inhale,
29.077,20:37:46.546,879.0,753.0,,,inhale,
29.097,20:37:46.566,871.0,755.0,,,inhale,
29.117,20:37:46.586,873.0,753.0,,,inhale,
29.137,20:37:46.606,868.0,754.0,,,inhale,
29.157,20:37:46.626,895.0,753.0,,,inhale,
29.177,20:37:46.646,875.0,756.0,,,inhale,
29.197,20:37:46.666,872.0,751.0,,,inhale,
29.217,20:37:46.686,879.0,752.0,,,inhale,
29.237,20:37:46.706,867.0,752.0,,,inhale,
29.257,20:37:46.726,874.0,764.0,,,inhale,
29.277,20:37:46.746,874.0,753.0,,,inhale,
29.296,20:37:46.766,873.0,739.0,,,inhale,
29.317,20:37:46.786,862.0,754.0,,,inhale,
29.337,20:37:46.806,875.0,752.0,,,inhale,
29.357,20:37:46.826,867.0,751.0,,,inhale,
29.377,20:37:46.846,869.0,752.0,,,inhale,
29.397,20:37:46.866,874.0,752.0,,,inhale,
29.417,20:37:46.886,878.0,754.0,,,inhale,
29.437,20:37:46.906,872.0,752.0,,,inhale,
29.457,20:37:46.926,876.0,760.0,,,inhale,
29.477,20:37:46.946,871.0,757.0,,,inhale,
29.497,20:37:46.966,874.0,754.0,,,inhale,
29.517,20:37:46.986,862.0,752.0,,,inhale,
29.537,20:37:47.006,863.0,745.0,,,inhale,
29.557,20:37:47.026,874.0,746.0,,,inhale,
29.577,20:37:47.046,869.0,752.0,,,inhale,
29.597,20:37:47.066,871.0,757.0,,,inhale,
29.616,20:37:47.086,873.0,753.0,,,inhale,
29.637,20:37:47.106,885.0,752.0,,,inhale,
29.657,20:37:47.126,871.0,755.0,,,inhale,
29.677,20:37:47.146,871.0,752.0,,,inhale,
29.697,20:37:47.166,873.0,755.0,,,inhale,
29.717,20:37:47.186,877.0,756.0,,,inhale,
29.737,20:37:47.206,871.0,752.0,,,inhale,
29.757,20:37:47.226,871.0,753.0,,,inhale,
29.780,20:37:47.249,871.0,751.0,,,inhale,
29.797,20:37:47.266,874.0,752.0,,,inhale,
29.817,20:37:47.286,862.0,752.0,,,inhale,
29.837,20:37:47.306,867.0,761.0,,,inhale,
29.857,20:37:47.326,901.0,752.0,,,inhale,
29.877,20:37:47.346,876.0,749.0,,,inhale,
29.897,20:37:47.366,869.0,753.0,,,inhale,
29.917,20:37:47.386,862.0,754.0,,,inhale,
29.937,20:37:47.406,867.0,750.0,,,inhale,
29.957,20:37:47.426,868.0,752.0,,,inhale,
29.977,20:37:47.446,865.0,751.0,,,inhale,
29.997,20:37:47.466,873.0,760.0,,,inhale,
30.017,20:37:47.486,863.0,744.0,,,inhale,
30.036,20:37:47.506,873.0,752.0,,,inhale,
30.057,20:37:47.526,867.0,732.0,,,inhale,
30.077,20:37:47.546,871.0,751.0,,,inhale,
30.097,20:37:47.566,870.0,752.0,,,inhale,
30.117,20:37:47.586,873.0,751.0,,,inhale,
30.137,20:37:47.606,872.0,750.0,,,inhale,
30.157,20:37:47.626,867.0,753.0,,,inhale,
30.177,20:37:47.646,869.0,753.0,,,inhale,
30.197,20:37:47.666,872.0,753.0,,,inhale,
30.217,20:37:47.686,866.0,751.0,,,inhale,
30.237,20:37:47.706,859.0,749.0,,,inhale,
30.257,20:37:47.726,873.0,751.0,,,inhale,
30.277,20:37:47.746,872.0,752.0,,,inhale,
30.297,20:37:47.766,873.0,754.0,,,inhale,
30.317,20:37:47.786,867.0,755.0,,,inhale,
30.337,20:37:47.806,871.0,753.0,,,inhale,
30.357,20:37:47.826,871.0,753.0,,,inhale,
30.377,20:37:47.846,868.0,750.0,,,inhale,
30.397,20:37:47.866,873.0,754.0,,,inhale,
30.417,20:37:47.886,883.0,752.0,,,inhale,
30.437,20:37:47.906,869.0,755.0,,,inhale,
30.457,20:37:47.926,876.0,753.0,,,inhale,
30.477,20:37:47.946,867.0,752.0,,,inhale,
30.497,20:37:47.966,871.0,752.0,,,inhale,
30.516,20:37:47.986,869.0,745.0,,,inhale,
30.537,20:37:48.006,887.0,752.0,,,inhale,
30.557,20:37:48.026,859.0,750.0,,,inhale,
30.577,20:37:48.046,867.0,753.0,,,inhale,
30.597,20:37:48.066,871.0,754.0,,,inhale,
30.616,20:37:48.086,841.0,752.0,,,inhale,
30.637,20:37:48.106,870.0,750.0,,,inhale,
30.657,20:37:48.126,873.0,750.0,,,inhale,
30.677,20:37:48.146,875.0,752.0,,,inhale,
30.697,20:37:48.166,871.0,754.0,,,inhale,
30.717,20:37:48.186,861.0,752.0,,,inhale,
30.737,20:37:48.206,871.0,752.0,,,inhale,
30.757,20:37:48.226,870.0,754.0,,,inhale,
30.781,20:37:48.250,871.0,755.0,,,inhale,
30.797,20:37:48.266,873.0,758.0,,,inhale,
30.817,20:37:48.286,883.0,763.0,,,inhale,
30.837,20:37:48.306,885.0,768.0,,,inhale,
30.857,20:37:48.326,875.0,759.0,,,inhale,
30.877,20:37:48.346,877.0,765.0,,,inhale,
30.897,20:37:48.366,883.0,762.0,,,inhale,
30.917,20:37:48.386,883.0,763.0,,,inhale,
30.936,20:37:48.406,878.0,762.0,,,inhale,
30.957,20:37:48.426,877.0,765.0,,,inhale,
30.977,20:37:48.446,885.0,765.0,,,inhale,
30.997,20:37:48.466,890.0,772.0,,,inhale,
31.017,20:37:48.486,889.0,771.0,,,inhale,
31.037,20:37:48.506,895.0,769.0,,,inhale,
31.057,20:37:48.526,893.0,772.0,,,inhale,
31.077,20:37:48.546,888.0,770.0,,,inhale,
31.097,20:37:48.566,895.0,774.0,,,inhale,
31.117,20:37:48.586,907.0,785.0,,,inhale,
31.137,20:37:48.606,895.0,774.0,,,inhale,
31.157,20:37:48.626,895.0,775.0,,,inhale,
31.177,20:37:48.646,891.0,766.0,,,inhale,
31.197,20:37:48.666,902.0,777.0,,,inhale,
31.217,20:37:48.686,903.0,775.0,,,inhale,
31.237,20:37:48.706,903.0,783.0,,,inhale,
31.257,20:37:48.726,907.0,781.0,,,inhale,
31.276,20:37:48.746,904.0,778.0,,,inhale,
31.296,20:37:48.766,905.0,781.0,,,inhale,
31.316,20:37:48.786,893.0,779.0,,,inhale,
31.336,20:37:48.806,905.0,781.0,,,inhale,
31.357,20:37:48.826,991.0,781.0,,,inhale,
31.377,20:37:48.846,915.0,781.0,,,inhale,
31.397,20:37:48.866,909.0,783.0,,,inhale,
31.416,20:37:48.886,907.0,783.0,,,inhale,
31.436,20:37:48.906,908.0,782.0,,,inhale,
31.457,20:37:48.926,889.0,783.0,,,inhale,
31.477,20:37:48.946,909.0,783.0,,,inhale,
31.497,20:37:48.966,910.0,787.0,,,inhale,
31.517,20:37:48.986,908.0,786.0,,,inhale,
31.537,20:37:49.006,903.0,787.0,,,inhale,
31.557,20:37:49.026,911.0,787.0,,,inhale,
31.577,20:37:49.046,917.0,787.0,,,inhale,
31.597,20:37:49.066,910.0,786.0,,,inhale,
31.616,20:37:49.085,908.0,789.0,,,inhale,
31.637,20:37:49.106,915.0,787.0,,,inhale,
31.656,20:37:49.125,915.0,786.0,,,inhale,
31.676,20:37:49.145,917.0,790.0,,,inhale,
31.696,20:37:49.165,916.0,790.0,,,inhale,
31.716,20:37:49.185,915.0,792.0,,,inhale,
31.736,20:37:49.205,923.0,783.0,,,inhale,
31.756,20:37:49.226,919.0,794.0,,,inhale,
31.780,20:37:49.250,923.0,791.0,,,inhale,
31.797,20:37:49.266,917.0,791.0,,,inhale,
31.817,20:37:49.286,920.0,791.0,,,inhale,
31.837,20:37:49.306,923.0,789.0,,,inhale,
31.857,20:37:49.326,909.0,794.0,,,inhale,
31.877,20:37:49.346,915.0,791.0,,,inhale,
31.897,20:37:49.366,919.0,788.0,,,inhale,
31.917,20:37:49.386,951.0,790.0,,,inhale,
31.937,20:37:49.406,909.0,789.0,,,inhale,
31.957,20:37:49.426,918.0,788.0,,,inhale,
31.977,20:37:49.446,906.0,784.0,,,inhale,
31.997,20:37:49.466,909.0,789.0,,,inhale,
32.017,20:37:49.486,909.0,783.0,,,inhale,
32.036,20:37:49.506,913.0,781.0,,,exhale,exhale_onset
32.056,20:37:49.526,903.0,777.0,,,exhale,
32.076,20:37:49.545,906.0,782.0,,,exhale,
32.096,20:37:49.566,907.0,781.0,,,exhale,
32.116,20:37:49.586,901.0,796.0,,,exhale,
32.136,20:37:49.606,916.0,782.0,,,exhale,
32.157,20:37:49.626,907.0,782.0,,,exhale,
32.177,20:37:49.646,902.0,779.0,,,exhale,
32.197,20:37:49.666,903.0,782.0,,,exhale,
32.217,20:37:49.686,909.0,783.0,,,exhale,
32.236,20:37:49.706,902.0,780.0,,,exhale,
32.256,20:37:49.726,907.0,779.0,,,exhale,
32.277,20:37:49.746,893.0,782.0,,,exhale,
32.296,20:37:49.766,905.0,780.0,,,exhale,
32.317,20:37:49.786,917.0,772.0,,,exhale,
32.336,20:37:49.806,907.0,784.0,,,exhale,
32.357,20:37:49.826,901.0,783.0,,,exhale,
32.377,20:37:49.846,908.0,781.0,,,exhale,
32.396,20:37:49.866,905.0,790.0,,,exhale,
32.417,20:37:49.886,907.0,781.0,,,exhale,
32.437,20:37:49.906,903.0,781.0,,,exhale,
32.457,20:37:49.926,907.0,784.0,,,exhale,
32.477,20:37:49.946,905.0,782.0,,,exhale,
32.496,20:37:49.966,907.0,783.0,,,exhale,
32.517,20:37:49.986,909.0,781.0,,,exhale,
32.537,20:37:50.006,909.0,785.0,,,exhale,
32.557,20:37:50.026,905.0,781.0,,,exhale,
32.577,20:37:50.046,905.0,783.0,,,exhale,
32.597,20:37:50.066,907.0,790.0,,,exhale,
32.616,20:37:50.086,908.0,783.0,,,exhale,
32.637,20:37:50.106,904.0,783.0,,,exhale,
32.657,20:37:50.126,905.0,781.0,,,exhale,
32.677,20:37:50.146,909.0,781.0,,,exhale,
32.697,20:37:50.166,907.0,785.0,,,exhale,
32.717,20:37:50.186,910.0,769.0,,,exhale,
32.737,20:37:50.206,916.0,783.0,,,exhale,
32.757,20:37:50.226,909.0,780.0,,,exhale,
32.781,20:37:50.250,907.0,782.0,,,exhale,
32.797,20:37:50.266,907.0,781.0,,,exhale,
32.817,20:37:50.286,904.0,783.0,,,exhale,
32.836,20:37:50.306,904.0,781.0,,,exhale,
32.856,20:37:50.326,905.0,781.0,,,exhale,
32.877,20:37:50.346,907.0,788.0,,,exhale,
32.896,20:37:50.366,907.0,771.0,,,exhale,
32.917,20:37:50.386,906.0,780.0,,,exhale,
32.936,20:37:50.406,905.0,779.0,,,exhale,
32.957,20:37:50.426,883.0,776.0,,,exhale,
32.977,20:37:50.446,891.0,776.0,,,exhale,
32.997,20:37:50.466,905.0,780.0,,,exhale,
33.017,20:37:50.486,903.0,778.0,,,exhale,
33.037,20:37:50.506,903.0,779.0,,,exhale,
33.057,20:37:50.526,902.0,782.0,,,exhale,
33.076,20:37:50.546,902.0,764.0,,,exhale,
33.096,20:37:50.566,901.0,774.0,,,exhale,
33.117,20:37:50.586,901.0,777.0,,,exhale,
33.136,20:37:50.606,901.0,782.0,,,exhale,
33.157,20:37:50.626,888.0,760.0,,,exhale,
33.176,20:37:50.646,903.0,776.0,,,exhale,
33.197,20:37:50.666,895.0,773.0,,,exhale,
33.217,20:37:50.686,888.0,771.0,,,exhale,
33.237,20:37:50.706,890.0,774.0,,,exhale,
33.257,20:37:50.726,892.0,768.0,,,exhale,
33.277,20:37:50.746,894.0,768.0,,,exhale,
33.297,20:37:50.766,894.0,771.0,,,exhale,
33.316,20:37:50.786,892.0,771.0,,,exhale,
33.336,20:37:50.806,887.0,770.0,,,exhale,
33.356,20:37:50.825,892.0,769.0,,,exhale,
33.376,20:37:50.845,885.0,772.0,,,exhale,
33.396,20:37:50.865,889.0,770.0,,,exhale,
33.416,20:37:50.885,889.0,762.0,,,exhale,
33.436,20:37:50.905,887.0,770.0,,,exhale,
33.456,20:37:50.925,893.0,769.0,,,exhale,
33.476,20:37:50.945,889.0,769.0,,,exhale,
33.496,20:37:50.965,891.0,768.0,,,exhale,
33.516,20:37:50.985,891.0,761.0,,,exhale,
33.536,20:37:51.005,887.0,757.0,,,exhale,
33.556,20:37:51.025,888.0,765.0,,,exhale,
33.576,20:37:51.045,883.0,767.0,,,exhale,
33.596,20:37:51.065,889.0,766.0,,,exhale,
33.616,20:37:51.085,883.0,766.0,,,exhale,
33.636,20:37:51.106,885.0,765.0,,,exhale,
33.656,20:37:51.126,891.0,767.0,,,exhale,
33.677,20:37:51.146,887.0,763.0,,,exhale,
33.696,20:37:51.166,885.0,767.0,,,exhale,
33.717,20:37:51.186,887.0,764.0,,,exhale,
33.736,20:37:51.205,884.0,762.0,,,exhale,
33.757,20:37:51.226,889.0,766.0,,,exhale,
33.781,20:37:51.250,885.0,768.0,,,exhale,
33.796,20:37:51.266,887.0,768.0,,,exhale,
33.817,20:37:51.286,893.0,766.0,,,exhale,
33.836,20:37:51.306,886.0,757.0,,,exhale,
33.857,20:37:51.326,885.0,765.0,,,exhale,
33.876,20:37:51.346,885.0,765.0,,,exhale,
33.897,20:37:51.366,887.0,766.0,,,exhale,
33.917,20:37:51.386,889.0,764.0,,,exhale,
33.936,20:37:51.406,883.0,766.0,,,exhale,
33.957,20:37:51.426,885.0,763.0,,,exhale,
33.977,20:37:51.446,885.0,763.0,,,exhale,
33.996,20:37:51.466,885.0,764.0,,,exhale,
34.017,20:37:51.486,886.0,762.0,,,exhale,
34.037,20:37:51.506,884.0,758.0,,,exhale,
34.057,20:37:51.526,885.0,761.0,,,exhale,
34.076,20:37:51.545,889.0,775.0,,,exhale,
34.096,20:37:51.566,889.0,767.0,,,exhale,
34.117,20:37:51.586,885.0,771.0,,,exhale,
34.136,20:37:51.606,894.0,771.0,,,exhale,
34.157,20:37:51.626,893.0,770.0,,,exhale,
34.177,20:37:51.646,901.0,776.0,,,exhale,
34.196,20:37:51.666,895.0,774.0,,,inhale,inhale_onset
34.216,20:37:51.686,889.0,773.0,,,inhale,
34.237,20:37:51.706,895.0,783.0,,,inhale,
34.257,20:37:51.726,905.0,776.0,,,inhale,
34.277,20:37:51.746,903.0,780.0,,,inhale,
34.297,20:37:51.766,903.0,779.0,,,inhale,
34.316,20:37:51.786,905.0,786.0,,,inhale,
34.336,20:37:51.806,895.0,780.0,,,inhale,
34.356,20:37:51.826,919.0,781.0,,,inhale,
34.377,20:37:51.846,907.0,778.0,,,inhale,
34.396,20:37:51.866,907.0,783.0,,,inhale,
34.417,20:37:51.886,910.0,781.0,,,inhale,
34.437,20:37:51.906,903.0,781.0,,,inhale,
34.457,20:37:51.926,904.0,785.0,,,inhale,
34.476,20:37:51.946,915.0,784.0,,,inhale,
34.496,20:37:51.966,905.0,785.0,,,inhale,
34.517,20:37:51.986,913.0,783.0,,,inhale,
34.536,20:37:52.005,908.0,790.0,,,inhale,
34.556,20:37:52.026,914.0,785.0,,,inhale,
34.577,20:37:52.046,907.0,786.0,,,inhale,
34.596,20:37:52.066,909.0,785.0,,,inhale,
34.616,20:37:52.085,907.0,785.0,,,inhale,
34.637,20:37:52.106,911.0,783.0,,,inhale,
34.656,20:37:52.126,907.0,792.0,,,inhale,
34.677,20:37:52.146,907.0,783.0,,,inhale,
34.696,20:37:52.166,909.0,787.0,,,inhale,
34.717,20:37:52.186,919.0,782.0,,,inhale,
34.736,20:37:52.205,816.0,779.0,,,inhale,
34.756,20:37:52.226,909.0,785.0,,,inhale,
34.781,20:37:52.250,909.0,786.0,,,inhale,
34.796,20:37:52.266,913.0,784.0,,,inhale,
34.817,20:37:52.286,907.0,790.0,,,inhale,
34.836,20:37:52.305,909.0,772.0,,,inhale,
34.856,20:37:52.325,913.0,789.0,,,inhale,
34.876,20:37:52.345,903.0,784.0,,,inhale,
34.896,20:37:52.366,909.0,785.0,,,inhale,
34.917,20:37:52.386,915.0,782.0,,,inhale,
34.936,20:37:52.406,915.0,785.0,,,inhale,
34.956,20:37:52.426,909.0,792.0,,,inhale,
34.977,20:37:52.446,903.0,779.0,,,inhale,
34.996,20:37:52.466,907.0,779.0,,,inhale,
35.017,20:37:52.486,915.0,780.0,,,inhale,
35.037,20:37:52.506,903.0,780.0,,,inhale,
35.057,20:37:52.526,901.0,777.0,,,inhale,
35.076,20:37:52.545,895.0,776.0,,,inhale,
35.096,20:37:52.566,903.0,777.0,,,inhale,
35.116,20:37:52.585,895.0,778.0,,,inhale,
35.136,20:37:52.606,909.0,774.0,,,inhale,
35.157,20:37:52.626,895.0,777.0,,,inhale,
35.177,20:37:52.646,893.0,773.0,,,inhale,
35.197,20:37:52.666,903.0,777.0,,,inhale,
35.220,20:37:52.689,896.0,761.0,,,inhale,
35.237,20:37:52.706,907.0,769.0,,,inhale,
35.256,20:37:52.725,901.0,774.0,,,inhale,
35.276,20:37:52.745,901.0,782.0,,,inhale,
35.296,20:37:52.765,903.0,779.0,,,inhale,
35.316,20:37:52.785,907.0,776.0,,,inhale,
35.336,20:37:52.805,909.0,777.0,,,inhale,
35.356,20:37:52.825,907.0,778.0,,,inhale,
35.376,20:37:52.845,895.0,780.0,,,inhale,
35.397,20:37:52.866,905.0,782.0,,,inhale,
35.417,20:37:52.886,894.0,781.0,,,inhale,
35.437,20:37:52.906,893.0,791.0,,,inhale,
35.456,20:37:52.926,904.0,788.0,,,inhale,
35.477,20:37:52.946,903.0,781.0,,,inhale,
35.497,20:37:52.966,905.0,778.0,,,inhale,
35.517,20:37:52.986,905.0,780.0,,,inhale,
35.537,20:37:53.006,895.0,779.0,,,inhale,
35.557,20:37:53.026,891.0,770.0,,,inhale,
35.576,20:37:53.046,901.0,782.0,,,inhale,
35.596,20:37:53.065,903.0,777.0,,,inhale,
35.617,20:37:53.086,893.0,776.0,,,inhale,
35.637,20:37:53.106,894.0,775.0,,,inhale,
35.656,20:37:53.126,895.0,776.0,,,inhale,
35.677,20:37:53.146,1017.0,778.0,,,inhale,
35.696,20:37:53.166,901.0,776.0,,,inhale,
35.717,20:37:53.186,891.0,772.0,,,inhale,
35.736,20:37:53.206,907.0,779.0,,,inhale,
35.756,20:37:53.226,893.0,774.0,,,inhale,
35.780,20:37:53.249,894.0,774.0,,,inhale,
35.796,20:37:53.266,894.0,772.0,,,inhale,
35.817,20:37:53.286,883.0,770.0,,,inhale,
35.836,20:37:53.306,892.0,775.0,,,inhale,
35.857,20:37:53.326,893.0,772.0,,,inhale,
35.877,20:37:53.346,892.0,770.0,,,inhale,
35.896,20:37:53.365,893.0,771.0,,,inhale,
35.917,20:37:53.386,888.0,768.0,,,inhale,
35.937,20:37:53.406,890.0,774.0,,,inhale,
35.957,20:37:53.426,878.0,767.0,,,inhale,
35.976,20:37:53.446,885.0,769.0,,,inhale,
35.996,20:37:53.466,889.0,769.0,,,inhale,
36.017,20:37:53.486,896.0,769.0,,,inhale,
36.037,20:37:53.506,893.0,768.0,,,inhale,
36.057,20:37:53.526,891.0,770.0,,,inhale,
36.076,20:37:53.546,893.0,769.0,,,inhale,
36.096,20:37:53.566,891.0,770.0,,,inhale,
36.117,20:37:53.586,903.0,772.0,,,inhale,
36.136,20:37:53.606,889.0,773.0,,,inhale,
36.157,20:37:53.626,891.0,768.0,,,inhale,
36.176,20:37:53.645,888.0,768.0,,,inhale,
36.196,20:37:53.665,891.0,768.0,,,inhale,
36.216,20:37:53.686,890.0,769.0,,,inhale,
36.236,20:37:53.706,891.0,769.0,,,inhale,
36.256,20:37:53.726,888.0,763.0,,,inhale,
36.277,20:37:53.746,895.0,770.0,,,inhale,
36.296,20:37:53.765,889.0,770.0,,,inhale,
36.316,20:37:53.785,889.0,775.0,,,inhale,
36.337,20:37:53.806,885.0,774.0,,,inhale,
36.357,20:37:53.826,891.0,770.0,,,inhale,
36.376,20:37:53.845,887.0,768.0,,,inhale,
36.397,20:37:53.866,890.0,769.0,,,inhale,
36.417,20:37:53.886,896.0,759.0,,,inhale,
36.437,20:37:53.906,885.0,766.0,,,inhale,
36.456,20:37:53.925,895.0,768.0,,,inhale,
36.477,20:37:53.946,888.0,776.0,,,inhale,
36.497,20:37:53.966,889.0,765.0,,,inhale,
36.517,20:37:53.986,887.0,770.0,,,inhale,
36.537,20:37:54.006,893.0,767.0,,,inhale,
36.556,20:37:54.026,879.0,765.0,,,inhale,
36.577,20:37:54.046,892.0,761.0,,,inhale,
36.596,20:37:54.065,885.0,766.0,,,inhale,
36.617,20:37:54.086,887.0,771.0,,,inhale,
36.637,20:37:54.106,883.0,759.0,,,inhale,
36.656,20:37:54.126,892.0,758.0,,,inhale,
36.677,20:37:54.146,883.0,763.0,,,inhale,
36.696,20:37:54.165,887.0,765.0,,,inhale,
36.717,20:37:54.186,885.0,755.0,,,inhale,
36.736,20:37:54.206,882.0,763.0,,,inhale,
36.756,20:37:54.225,885.0,768.0,,,inhale,
36.780,20:37:54.249,879.0,763.0,,,inhale,
36.796,20:37:54.266,885.0,764.0,,,inhale,
36.817,20:37:54.286,891.0,762.0,,,inhale,
36.837,20:37:54.306,879.0,762.0,,,inhale,
36.856,20:37:54.326,884.0,762.0,,,inhale,
36.877,20:37:54.346,883.0,761.0,,,inhale,
36.896,20:37:54.365,883.0,760.0,,,inhale,
36.917,20:37:54.386,882.0,763.0,,,inhale,
36.936,20:37:54.406,889.0,756.0,,,inhale,
36.956,20:37:54.425,811.0,755.0,,,inhale,
36.977,20:37:54.446,888.0,760.0,,,inhale,
36.996,20:37:54.465,879.0,761.0,,,inhale,
37.017,20:37:54.486,875.0,760.0,,,inhale,
37.036,20:37:54.506,887.0,760.0,,,inhale,
37.057,20:37:54.526,877.0,753.0,,,inhale,
37.077,20:37:54.546,877.0,762.0,,,inhale,
37.096,20:37:54.565,879.0,760.0,,,inhale,
37.117,20:37:54.586,873.0,753.0,,,inhale,
37.137,20:37:54.606,879.0,760.0,,,inhale,
37.157,20:37:54.626,877.0,759.0,,,inhale,
37.177,20:37:54.646,879.0,760.0,,,inhale,
37.196,20:37:54.666,879.0,759.0,,,inhale,
37.217,20:37:54.686,879.0,752.0,,,inhale,
37.237,20:37:54.706,875.0,766.0,,,inhale,
37.256,20:37:54.726,883.0,759.0,,,inhale,
37.277,20:37:54.746,873.0,759.0,,,inhale,
37.296,20:37:54.765,879.0,762.0,,,inhale,
37.317,20:37:54.786,875.0,758.0,,,inhale,
37.337,20:37:54.806,831.0,757.0,,,inhale,
37.356,20:37:54.826,884.0,758.0,,,inhale,
37.376,20:37:54.845,887.0,755.0,,,inhale,
37.396,20:37:54.865,877.0,758.0,,,inhale,
37.417,20:37:54.886,877.0,757.0,,,inhale,
37.437,20:37:54.906,873.0,758.0,,,inhale,
37.456,20:37:54.925,873.0,757.0,,,inhale,
37.476,20:37:54.946,874.0,759.0,,,inhale,
37.497,20:37:54.966,876.0,758.0,,,inhale,
37.517,20:37:54.986,877.0,755.0,,,inhale,
37.537,20:37:55.006,873.0,756.0,,,inhale,
37.556,20:37:55.025,877.0,758.0,,,inhale,
37.576,20:37:55.046,879.0,751.0,,,inhale,
37.596,20:37:55.066,875.0,757.0,,,inhale,
37.617,20:37:55.086,875.0,757.0,,,inhale,
37.636,20:37:55.106,879.0,758.0,,,inhale,
37.657,20:37:55.126,876.0,756.0,,,inhale,
37.676,20:37:55.146,873.0,751.0,,,inhale,
37.696,20:37:55.166,877.0,757.0,,,inhale,
37.716,20:37:55.186,884.0,753.0,,,inhale,
37.736,20:37:55.206,871.0,759.0,,,inhale,
37.756,20:37:55.225,878.0,756.0,,,inhale,
37.780,20:37:55.249,871.0,761.0,,,inhale,
37.796,20:37:55.266,883.0,759.0,,,inhale,
37.816,20:37:55.286,879.0,761.0,,,inhale,
37.837,20:37:55.306,881.0,758.0,,,inhale,
37.857,20:37:55.326,895.0,761.0,,,inhale,
37.876,20:37:55.346,894.0,762.0,,,inhale,
37.896,20:37:55.365,883.0,766.0,,,inhale,
37.916,20:37:55.386,885.0,754.0,,,inhale,
37.937,20:37:55.406,879.0,767.0,,,inhale,
37.957,20:37:55.426,879.0,767.0,,,inhale,
37.976,20:37:55.446,895.0,768.0,,,inhale,
37.996,20:37:55.466,889.0,768.0,,,inhale,
38.017,20:37:55.486,889.0,765.0,,,inhale,
38.037,20:37:55.506,885.0,774.0,,,inhale,
38.057,20:37:55.526,891.0,773.0,,,inhale,
38.076,20:37:55.546,893.0,771.0,,,inhale,
38.096,20:37:55.565,894.0,772.0,,,inhale,
38.117,20:37:55.586,903.0,770.0,,,inhale,
38.136,20:37:55.606,885.0,775.0,,,inhale,
38.156,20:37:55.625,893.0,779.0,,,inhale,
38.176,20:37:55.646,907.0,776.0,,,inhale,
38.196,20:37:55.666,903.0,778.0,,,inhale,
38.217,20:37:55.686,906.0,777.0,,,inhale,
38.237,20:37:55.706,908.0,779.0,,,inhale,
38.256,20:37:55.725,908.0,777.0,,,inhale,
38.277,20:37:55.746,903.0,785.0,,,inhale,
38.296,20:37:55.766,904.0,782.0,,,inhale,
38.317,20:37:55.786,904.0,774.0,,,inhale,
38.336,20:37:55.805,907.0,783.0,,,inhale,
38.356,20:37:55.825,909.0,782.0,,,inhale,
38.376,20:37:55.845,915.0,782.0,,,inhale,
38.396,20:37:55.865,909.0,783.0,,,inhale,
38.416,20:37:55.885,915.0,791.0,,,inhale,
38.436,20:37:55.905,911.0,788.0,,,inhale,
38.456,20:37:55.925,909.0,784.0,,,inhale,
38.476,20:37:55.945,907.0,782.0,,,inhale,
38.496,20:37:55.965,909.0,784.0,,,inhale,
38.516,20:37:55.985,903.0,778.0,,,inhale,
38.536,20:37:56.005,905.0,786.0,,,inhale,
38.556,20:37:56.026,905.0,785.0,,,inhale,
38.576,20:37:56.046,907.0,783.0,,,inhale,
38.596,20:37:56.065,907.0,782.0,,,inhale,
38.616,20:37:56.085,917.0,785.0,,,inhale,
38.636,20:37:56.105,915.0,786.0,,,inhale,
38.656,20:37:56.126,910.0,784.0,,,inhale,
38.676,20:37:56.146,907.0,792.0,,,inhale,
38.696,20:37:56.165,911.0,786.0,,,inhale,
38.716,20:37:56.185,909.0,788.0,,,inhale,
38.736,20:37:56.206,909.0,785.0,,,inhale,
38.756,20:37:56.226,947.0,785.0,,,inhale,
38.781,20:37:56.250,919.0,790.0,,,inhale,
38.796,20:37:56.265,915.0,786.0,,,inhale,
38.816,20:37:56.286,909.0,783.0,,,inhale,
38.836,20:37:56.306,909.0,789.0,,,inhale,
38.856,20:37:56.325,909.0,785.0,,,inhale,
38.876,20:37:56.345,903.0,787.0,,,inhale,
38.897,20:37:56.366,911.0,787.0,,,inhale,
38.916,20:37:56.386,908.0,785.0,,,inhale,
38.936,20:37:56.405,907.0,789.0,,,inhale,
38.957,20:37:56.426,909.0,784.0,,,inhale,
38.976,20:37:56.446,917.0,785.0,,,inhale,
38.996,20:37:56.466,905.0,782.0,,,inhale,
39.016,20:37:56.486,907.0,782.0,,,inhale,
39.036,20:37:56.506,904.0,780.0,,,inhale,
39.056,20:37:56.525,907.0,780.0,,,inhale,
39.076,20:37:56.546,871.0,781.0,,,exhale,exhale_onset
39.096,20:37:56.565,904.0,781.0,,,exhale,
39.116,20:37:56.585,905.0,781.0,,,exhale,
39.136,20:37:56.605,901.0,775.0,,,exhale,
39.157,20:37:56.626,905.0,775.0,,,exhale,
39.176,20:37:56.645,903.0,778.0,,,exhale,
39.196,20:37:56.666,902.0,778.0,,,exhale,
39.216,20:37:56.685,895.0,775.0,,,exhale,
39.236,20:37:56.706,895.0,779.0,,,exhale,
39.256,20:37:56.725,903.0,775.0,,,exhale,
39.276,20:37:56.746,905.0,782.0,,,exhale,
39.296,20:37:56.765,893.0,773.0,,,exhale,
39.316,20:37:56.786,891.0,770.0,,,exhale,
39.336,20:37:56.806,892.0,774.0,,,exhale,
39.356,20:37:56.826,893.0,777.0,,,exhale,
39.376,20:37:56.845,895.0,773.0,,,exhale,
39.396,20:37:56.865,895.0,773.0,,,exhale,
39.416,20:37:56.886,901.0,773.0,,,exhale,
39.436,20:37:56.906,893.0,772.0,,,exhale,
39.456,20:37:56.925,893.0,770.0,,,exhale,
39.477,20:37:56.947,907.0,777.0,,,exhale,
39.496,20:37:56.965,885.0,775.0,,,exhale,
39.516,20:37:56.985,890.0,768.0,,,exhale,
39.536,20:37:57.005,895.0,782.0,,,exhale,
39.556,20:37:57.025,901.0,785.0,,,exhale,
39.576,20:37:57.045,887.0,773.0,,,exhale,
39.596,20:37:57.065,895.0,774.0,,,exhale,
39.616,20:37:57.085,907.0,775.0,,,exhale,
39.636,20:37:57.105,905.0,767.0,,,exhale,
39.656,20:37:57.125,905.0,779.0,,,exhale,
39.676,20:37:57.145,904.0,778.0,,,exhale,
39.696,20:37:57.165,901.0,779.0,,,exhale,
39.716,20:37:57.186,907.0,781.0,,,exhale,
39.736,20:37:57.205,895.0,776.0,,,exhale,
39.756,20:37:57.225,827.0,779.0,,,exhale,
39.780,20:37:57.249,900.0,773.0,,,exhale,
39.796,20:37:57.265,903.0,777.0,,,exhale,
39.816,20:37:57.285,895.0,778.0,,,exhale,
39.836,20:37:57.305,895.0,778.0,,,exhale,
39.856,20:37:57.325,895.0,764.0,,,exhale,
39.876,20:37:57.346,903.0,785.0,,,exhale,
39.896,20:37:57.365,905.0,779.0,,,exhale,
39.916,20:37:57.386,896.0,780.0,,,exhale,
39.936,20:37:57.405,895.0,776.0,,,exhale,
39.956,20:37:57.426,896.0,776.0,,,exhale,
39.976,20:37:57.446,903.0,776.0,,,exhale,
39.996,20:37:57.465,902.0,776.0,,,exhale,
40.016,20:37:57.486,894.0,774.0,,,exhale,
40.036,20:37:57.505,895.0,775.0,,,exhale,
40.056,20:37:57.526,902.0,775.0,,,exhale,
40.076,20:37:57.545,892.0,773.0,,,exhale,
40.096,20:37:57.565,895.0,772.0,,,exhale,
40.116,20:37:57.585,887.0,772.0,,,exhale,
40.136,20:37:57.605,903.0,772.0,,,exhale,
40.156,20:37:57.626,893.0,777.0,,,exhale,
40.176,20:37:57.645,888.0,774.0,,,exhale,
40.196,20:37:57.665,894.0,771.0,,,exhale,
40.216,20:37:57.685,891.0,772.0,,,exhale,
40.236,20:37:57.706,890.0,773.0,,,exhale,
40.256,20:37:57.725,895.0,770.0,,,exhale,
40.276,20:37:57.745,895.0,769.0,,,exhale,
40.296,20:37:57.765,889.0,767.0,,,exhale,
40.316,20:37:57.785,901.0,768.0,,,exhale,
40.336,20:37:57.806,886.0,768.0,,,exhale,
40.356,20:37:57.826,891.0,768.0,,,exhale,
40.376,20:37:57.845,890.0,766.0,,,exhale,
40.396,20:37:57.865,887.0,767.0,,,exhale,
40.416,20:37:57.886,891.0,767.0,,,exhale,
40.436,20:37:57.905,883.0,774.0,,,exhale,
40.456,20:37:57.926,888.0,762.0,,,exhale,
40.476,20:37:57.945,889.0,767.0,,,exhale,
40.496,20:37:57.965,889.0,768.0,,,exhale,
40.516,20:37:57.985,883.0,766.0,,,exhale,
40.536,20:37:58.005,887.0,772.0,,,exhale,
40.556,20:37:58.025,883.0,761.0,,,exhale,
40.576,20:37:58.046,891.0,765.0,,,exhale,
40.596,20:37:58.065,888.0,758.0,,,exhale,
40.616,20:37:58.085,885.0,764.0,,,exhale,
40.636,20:37:58.105,877.0,765.0,,,exhale,
40.656,20:37:58.126,882.0,765.0,,,exhale,
40.676,20:37:58.146,887.0,764.0,,,exhale,
40.696,20:37:58.165,886.0,767.0,,,exhale,
40.716,20:37:58.185,885.0,764.0,,,exhale,
40.736,20:37:58.205,882.0,751.0,,,exhale,
40.756,20:37:58.226,887.0,765.0,,,exhale,
40.780,20:37:58.249,902.0,764.0,,,exhale,
40.796,20:37:58.265,886.0,764.0,,,exhale,
40.816,20:37:58.285,886.0,765.0,,,exhale,
40.836,20:37:58.305,891.0,762.0,,,exhale,
40.856,20:37:58.325,875.0,763.0,,,exhale,
40.876,20:37:58.345,879.0,762.0,,,exhale,
40.896,20:37:58.365,885.0,762.0,,,exhale,
40.916,20:37:58.386,891.0,762.0,,,exhale,
40.936,20:37:58.405,883.0,758.0,,,exhale,
40.956,20:37:58.426,883.0,762.0,,,exhale,
40.976,20:37:58.445,876.0,764.0,,,exhale,
40.996,20:37:58.465,879.0,761.0,,,exhale,
41.016,20:37:58.486,883.0,757.0,,,exhale,
41.036,20:37:58.506,878.0,756.0,,,exhale,
41.056,20:37:58.525,879.0,759.0,,,exhale,
41.076,20:37:58.545,883.0,760.0,,,exhale,
41.096,20:37:58.565,877.0,758.0,,,exhale,
41.116,20:37:58.585,878.0,760.0,,,exhale,
41.136,20:37:58.605,809.0,757.0,,,exhale,
41.156,20:37:58.625,885.0,754.0,,,exhale,
41.176,20:37:58.645,888.0,759.0,,,exhale,
41.196,20:37:58.665,880.0,757.0,,,exhale,
41.216,20:37:58.685,883.0,751.0,,,exhale,
41.236,20:37:58.705,877.0,758.0,,,exhale,
41.256,20:37:58.726,877.0,758.0,,,exhale,
41.276,20:37:58.745,874.0,758.0,,,exhale,
41.296,20:37:58.765,873.0,758.0,,,exhale,
41.316,20:37:58.785,871.0,757.0,,,exhale,
41.336,20:37:58.805,873.0,757.0,,,exhale,
41.357,20:37:58.826,1123.0,757.0,,,exhale,
41.376,20:37:58.845,881.0,765.0,,,exhale,
41.396,20:37:58.865,877.0,757.0,,,exhale,
41.416,20:37:58.885,878.0,759.0,,,exhale,
41.436,20:37:58.905,877.0,755.0,,,exhale,
41.456,20:37:58.926,878.0,749.0,,,exhale,
41.476,20:37:58.945,887.0,754.0,,,exhale,
41.496,20:37:58.965,877.0,755.0,,,exhale,
41.516,20:37:58.985,875.0,760.0,,,exhale,
41.536,20:37:59.005,879.0,754.0,,,exhale,
41.556,20:37:59.025,873.0,757.0,,,exhale,
41.578,20:37:59.047,872.0,756.0,,,exhale,
41.596,20:37:59.065,875.0,755.0,,,exhale,
41.616,20:37:59.085,875.0,756.0,,,exhale,
41.636,20:37:59.105,878.0,762.0,,,exhale,
41.656,20:37:59.125,876.0,755.0,,,exhale,
41.676,20:37:59.146,871.0,759.0,,,exhale,
41.696,20:37:59.165,871.0,756.0,,,inhale,inhale_onset
41.716,20:37:59.185,878.0,757.0,,,inhale,
41.736,20:37:59.205,879.0,756.0,,,inhale,
41.756,20:37:59.225,873.0,760.0,,,inhale,
41.780,20:37:59.249,875.0,759.0,,,inhale,
41.796,20:37:59.265,875.0,756.0,,,inhale,
41.816,20:37:59.285,874.0,759.0,,,inhale,
41.836,20:37:59.305,887.0,765.0,,,inhale,
41.856,20:37:59.325,877.0,758.0,,,inhale,
41.876,20:37:59.345,878.0,767.0,,,inhale,
41.896,20:37:59.365,875.0,760.0,,,inhale,
41.916,20:37:59.385,875.0,760.0,,,inhale,
41.936,20:37:59.405,879.0,761.0,,,inhale,
41.956,20:37:59.425,883.0,762.0,,,inhale,
41.976,20:37:59.445,889.0,763.0,,,inhale,
41.996,20:37:59.465,885.0,766.0,,,inhale,
42.016,20:37:59.485,883.0,765.0,,,inhale,
42.036,20:37:59.505,891.0,768.0,,,inhale,
42.056,20:37:59.525,893.0,768.0,,,inhale,
42.076,20:37:59.545,901.0,769.0,,,inhale,
42.096,20:37:59.565,855.0,770.0,,,inhale,
42.116,20:37:59.585,901.0,767.0,,,inhale,
42.136,20:37:59.605,893.0,773.0,,,inhale,
42.156,20:37:59.625,889.0,776.0,,,inhale,
42.176,20:37:59.645,896.0,778.0,,,inhale,
42.196,20:37:59.665,901.0,776.0,,,inhale,
42.216,20:37:59.685,893.0,784.0,,,inhale,
42.236,20:37:59.705,895.0,778.0,,,inhale,
42.256,20:37:59.725,903.0,762.0,,,inhale,
42.276,20:37:59.745,915.0,781.0,,,inhale,
42.296,20:37:59.765,909.0,780.0,,,inhale,
42.316,20:37:59.785,903.0,783.0,,,inhale,
42.336,20:37:59.805,911.0,785.0,,,inhale,
42.356,20:37:59.825,907.0,788.0,,,inhale,
42.376,20:37:59.845,908.0,782.0,,,inhale,
42.396,20:37:59.865,909.0,771.0,,,inhale,
42.416,20:37:59.885,909.0,783.0,,,inhale,
42.436,20:37:59.905,877.0,779.0,,,inhale,
42.456,20:37:59.925,905.0,788.0,,,inhale,
42.476,20:37:59.945,903.0,784.0,,,inhale,
42.496,20:37:59.965,907.0,784.0,,,inhale,
42.516,20:37:59.985,907.0,784.0,,,inhale,
42.536,20:38:00.005,905.0,783.0,,,inhale,
42.556,20:38:00.025,910.0,786.0,,,inhale,
42.576,20:38:00.045,911.0,784.0,,,inhale,
42.596,20:38:00.065,909.0,784.0,,,inhale,
42.616,20:38:00.085,909.0,786.0,,,inhale,
42.636,20:38:00.105,915.0,783.0,,,inhale,
42.656,20:38:00.125,911.0,786.0,,,inhale,
42.676,20:38:00.145,917.0,788.0,,,inhale,
42.696,20:38:00.165,911.0,787.0,,,inhale,
42.716,20:38:00.185,914.0,790.0,,,inhale,
42.736,20:38:00.205,915.0,786.0,,,inhale,
42.756,20:38:00.225,909.0,791.0,,,inhale,
42.780,20:38:00.249,909.0,791.0,,,inhale,
42.796,20:38:00.265,918.0,789.0,,,inhale,
42.816,20:38:00.285,919.0,791.0,,,inhale,
42.836,20:38:00.305,915.0,789.0,,,inhale,
42.856,20:38:00.325,916.0,801.0,,,inhale,
42.876,20:38:00.345,916.0,788.0,,,inhale,
42.896,20:38:00.365,916.0,786.0,,,inhale,
42.916,20:38:00.385,923.0,797.0,,,inhale,
42.936,20:38:00.405,909.0,786.0,,,inhale,
42.956,20:38:00.425,916.0,781.0,,,inhale,
42.976,20:38:00.445,907.0,786.0,,,inhale,
42.996,20:38:00.465,909.0,783.0,,,inhale,
43.016,20:38:00.485,907.0,786.0,,,inhale,
43.036,20:38:00.505,908.0,790.0,,,inhale,
43.056,20:38:00.525,908.0,781.0,,,inhale,
43.076,20:38:00.545,887.0,784.0,,,inhale,
43.096,20:38:00.565,903.0,780.0,,,inhale,
43.116,20:38:00.585,909.0,778.0,,,inhale,
43.136,20:38:00.605,903.0,779.0,,,exhale,exhale_onset
43.167,20:38:00.636,893.0,767.0,,,exhale,
43.181,20:38:00.650,905.0,781.0,,,exhale,
43.196,20:38:00.665,903.0,779.0,,,exhale,
43.216,20:38:00.685,901.0,781.0,,,exhale,
43.236,20:38:00.705,896.0,775.0,,,exhale,
43.256,20:38:00.725,903.0,781.0,,,exhale,
43.276,20:38:00.745,908.0,786.0,,,exhale,
43.296,20:38:00.765,903.0,781.0,,,exhale,
43.316,20:38:00.785,903.0,777.0,,,exhale,
43.336,20:38:00.805,892.0,781.0,,,exhale,
43.356,20:38:00.825,906.0,777.0,,,exhale,
43.376,20:38:00.845,903.0,780.0,,,exhale,
43.396,20:38:00.865,905.0,782.0,,,exhale,
43.416,20:38:00.885,906.0,788.0,,,exhale,
43.436,20:38:00.905,909.0,780.0,,,exhale,
43.456,20:38:00.925,896.0,779.0,,,exhale,
43.476,20:38:00.945,904.0,784.0,,,exhale,
43.496,20:38:00.965,903.0,781.0,,,exhale,
43.516,20:38:00.985,903.0,780.0,,,exhale,
43.536,20:38:01.005,906.0,781.0,,,exhale,
43.556,20:38:01.025,905.0,780.0,,,exhale,
43.576,20:38:01.045,905.0,784.0,,,exhale,
43.596,20:38:01.065,905.0,782.0,,,exhale,
43.616,20:38:01.085,916.0,784.0,,,exhale,
43.636,20:38:01.105,910.0,783.0,,,exhale,
43.656,20:38:01.125,904.0,786.0,,,exhale,
43.676,20:38:01.145,915.0,784.0,,,exhale,
43.696,20:38:01.165,904.0,782.0,,,exhale,
43.716,20:38:01.185,911.0,782.0,,,exhale,
43.736,20:38:01.205,901.0,790.0,,,exhale,
43.756,20:38:01.225,908.0,782.0,,,exhale,
43.780,20:38:01.249,909.0,785.0,,,exhale,
43.796,20:38:01.265,907.0,784.0,,,exhale,
43.816,20:38:01.285,907.0,784.0,,,exhale,
43.836,20:38:01.305,905.0,782.0,,,exhale,
43.856,20:38:01.325,907.0,780.0,,,exhale,
43.876,20:38:01.345,903.0,773.0,,,exhale,
43.896,20:38:01.365,907.0,779.0,,,exhale,
43.916,20:38:01.385,903.0,778.0,,,exhale,
43.936,20:38:01.405,893.0,780.0,,,exhale,
43.956,20:38:01.425,919.0,776.0,,,exhale,
43.976,20:38:01.445,902.0,774.0,,,exhale,
43.996,20:38:01.465,901.0,777.0,,,exhale,
44.016,20:38:01.485,907.0,774.0,,,exhale,
44.036,20:38:01.505,905.0,777.0,,,exhale,
44.056,20:38:01.526,895.0,776.0,,,exhale,
44.076,20:38:01.545,893.0,777.0,,,exhale,
44.096,20:38:01.565,896.0,773.0,,,exhale,
44.116,20:38:01.585,907.0,773.0,,,exhale,
44.136,20:38:01.605,895.0,778.0,,,exhale,
44.156,20:38:01.625,894.0,781.0,,,exhale,
44.176,20:38:01.645,889.0,772.0,,,exhale,
44.196,20:38:01.665,888.0,772.0,,,exhale,
44.216,20:38:01.685,906.0,770.0,,,exhale,
44.236,20:38:01.705,895.0,773.0,,,exhale,
44.256,20:38:01.725,890.0,776.0,,,exhale,
44.276,20:38:01.745,887.0,777.0,,,exhale,
44.296,20:38:01.765,901.0,770.0,,,exhale,
44.316,20:38:01.785,891.0,768.0,,,exhale,
44.336,20:38:01.805,895.0,776.0,,,exhale,
44.356,20:38:01.825,888.0,770.0,,,exhale,
44.376,20:38:01.845,890.0,777.0,,,exhale,
44.396,20:38:01.865,890.0,767.0,,,exhale,
44.416,20:38:01.885,893.0,765.0,,,exhale,
44.436,20:38:01.905,890.0,769.0,,,exhale,
44.456,20:38:01.925,889.0,768.0,,,exhale,
44.476,20:38:01.945,883.0,767.0,,,exhale,
44.496,20:38:01.965,879.0,763.0,,,exhale,
44.516,20:38:01.985,880.0,767.0,,,exhale,
44.536,20:38:02.005,888.0,767.0,,,exhale,
44.556,20:38:02.025,893.0,766.0,,,exhale,
44.576,20:38:02.045,887.0,765.0,,,exhale,
44.596,20:38:02.065,882.0,765.0,,,exhale,
44.616,20:38:02.085,885.0,761.0,,,exhale,
44.636,20:38:02.105,878.0,769.0,,,exhale,
44.656,20:38:02.125,885.0,761.0,,,exhale,
44.676,20:38:02.145,889.0,766.0,,,exhale,
44.696,20:38:02.165,889.0,764.0,,,exhale,
44.716,20:38:02.185,879.0,762.0,,,exhale,
44.736,20:38:02.205,879.0,752.0,,,exhale,
44.756,20:38:02.225,879.0,764.0,,,exhale,
44.780,20:38:02.249,883.0,762.0,,,exhale,
44.796,20:38:02.265,887.0,763.0,,,exhale,
44.816,20:38:02.285,883.0,759.0,,,exhale,
44.836,20:38:02.305,881.0,759.0,,,exhale,
44.856,20:38:02.325,884.0,747.0,,,exhale,
44.876,20:38:02.345,883.0,764.0,,,exhale,
44.896,20:38:02.365,889.0,762.0,,,exhale,
44.916,20:38:02.385,883.0,763.0,,,exhale,
44.936,20:38:02.405,841.0,766.0,,,exhale,
44.956,20:38:02.425,878.0,764.0,,,exhale,
44.976,20:38:02.445,885.0,767.0,,,exhale,
44.996,20:38:02.465,879.0,766.0,,,exhale,
45.016,20:38:02.485,878.0,768.0,,,exhale,
45.036,20:38:02.505,885.0,759.0,,,exhale,
45.056,20:38:02.525,884.0,764.0,,,exhale,
45.076,20:38:02.545,890.0,768.0,,,exhale,
45.096,20:38:02.565,889.0,767.0,,,exhale,
45.116,20:38:02.585,893.0,772.0,,,exhale,
45.136,20:38:02.605,889.0,772.0,,,exhale,
45.156,20:38:02.625,877.0,772.0,,,exhale,
45.176,20:38:02.645,889.0,769.0,,,inhale,inhale_onset
45.196,20:38:02.665,894.0,771.0,,,inhale,
45.216,20:38:02.685,895.0,769.0,,,inhale,
45.236,20:38:02.705,892.0,771.0,,,inhale,
45.256,20:38:02.725,903.0,774.0,,,inhale,
45.276,20:38:02.745,905.0,773.0,,,inhale,
45.296,20:38:02.765,894.0,774.0,,,inhale,
45.316,20:38:02.785,895.0,769.0,,,inhale,
45.336,20:38:02.805,894.0,772.0,,,inhale,
45.356,20:38:02.825,907.0,771.0,,,inhale,
45.376,20:38:02.845,951.0,774.0,,,inhale,
45.396,20:38:02.865,903.0,778.0,,,inhale,
45.416,20:38:02.885,889.0,774.0,,,inhale,
45.436,20:38:02.905,904.0,785.0,,,inhale,
45.456,20:38:02.925,901.0,778.0,,,inhale,
45.476,20:38:02.945,911.0,781.0,,,inhale,
45.496,20:38:02.965,905.0,779.0,,,inhale,
45.516,20:38:02.985,901.0,777.0,,,inhale,
45.536,20:38:03.005,915.0,781.0,,,inhale,
45.556,20:38:03.025,910.0,781.0,,,inhale,
45.576,20:38:03.045,905.0,780.0,,,inhale,
45.596,20:38:03.065,903.0,780.0,,,inhale,
45.616,20:38:03.085,913.0,776.0,,,inhale,
45.636,20:38:03.105,906.0,783.0,,,inhale,
45.656,20:38:03.125,904.0,783.0,,,inhale,
45.676,20:38:03.145,905.0,779.0,,,inhale,
45.696,20:38:03.165,910.0,786.0,,,inhale,
45.716,20:38:03.185,894.0,778.0,,,inhale,
45.736,20:38:03.205,903.0,782.0,,,inhale,
45.756,20:38:03.225,905.0,778.0,,,inhale,
45.780,20:38:03.249,909.0,779.0,,,inhale,
45.796,20:38:03.265,907.0,783.0,,,inhale,
45.816,20:38:03.285,903.0,779.0,,,inhale,
45.836,20:38:03.305,895.0,776.0,,,inhale,
45.856,20:38:03.325,892.0,778.0,,,inhale,
45.876,20:38:03.345,903.0,775.0,,,inhale,
45.896,20:38:03.365,892.0,773.0,,,inhale,
45.916,20:38:03.385,905.0,769.0,,,inhale,
45.936,20:38:03.405,893.0,771.0,,,inhale,
45.956,20:38:03.425,893.0,771.0,,,inhale,
45.976,20:38:03.445,888.0,771.0,,,inhale,
45.996,20:38:03.465,878.0,771.0,,,inhale,
46.016,20:38:03.485,887.0,769.0,,,inhale,
46.036,20:38:03.505,878.0,767.0,,,inhale,
46.056,20:38:03.525,893.0,762.0,,,inhale,
46.076,20:38:03.545,890.0,769.0,,,inhale,
46.096,20:38:03.565,901.0,768.0,,,inhale,
46.116,20:38:03.585,885.0,769.0,,,inhale,
46.136,20:38:03.605,901.0,768.0,,,inhale,
46.156,20:38:03.625,884.0,769.0,,,inhale,
46.176,20:38:03.645,893.0,767.0,,,inhale,
46.196,20:38:03.665,891.0,767.0,,,inhale,
46.216,20:38:03.685,885.0,769.0,,,inhale,
46.236,20:38:03.705,883.0,766.0,,,inhale,
46.256,20:38:03.725,887.0,776.0,,,inhale,
46.276,20:38:03.745,887.0,762.0,,,inhale,
46.296,20:38:03.765,885.0,766.0,,,inhale,
46.316,20:38:03.785,885.0,765.0,,,inhale,
46.336,20:38:03.805,888.0,766.0,,,inhale,
46.356,20:38:03.825,886.0,767.0,,,inhale,
46.376,20:38:03.845,889.0,771.0,,,inhale,
46.396,20:38:03.865,886.0,769.0,,,inhale,
46.416,20:38:03.885,889.0,768.0,,,inhale,
46.436,20:38:03.905,883.0,767.0,,,inhale,
46.456,20:38:03.925,885.0,781.0,,,inhale,
46.476,20:38:03.945,891.0,767.0,,,inhale,
46.496,20:38:03.965,883.0,767.0,,,inhale,
46.516,20:38:03.985,890.0,766.0,,,inhale,
46.536,20:38:04.005,879.0,767.0,,,inhale,
46.556,20:38:04.025,906.0,773.0,,,inhale,
46.576,20:38:04.045,888.0,769.0,,,inhale,
46.596,20:38:04.065,884.0,775.0,,,inhale,
46.616,20:38:04.085,893.0,767.0,,,inhale,
46.636,20:38:04.105,883.0,765.0,,,inhale,
46.656,20:38:04.126,891.0,765.0,,,inhale,
46.676,20:38:04.145,884.0,768.0,,,inhale,
46.696,20:38:04.165,877.0,767.0,,,inhale,
46.716,20:38:04.185,889.0,765.0,,,inhale,
46.736,20:38:04.205,889.0,769.0,,,inhale,
46.756,20:38:04.225,887.0,766.0,,,inhale,
46.780,20:38:04.249,887.0,767.0,,,inhale,
46.796,20:38:04.265,886.0,766.0,,,inhale,
46.816,20:38:04.285,887.0,765.0,,,inhale,
46.836,20:38:04.305,880.0,772.0,,,inhale,
46.856,20:38:04.325,885.0,768.0,,,inhale,
46.876,20:38:04.345,885.0,773.0,,,inhale,
46.896,20:38:04.365,868.0,765.0,,,inhale,
46.916,20:38:04.385,1034.0,765.0,,,inhale,
46.936,20:38:04.405,893.0,765.0,,,inhale,
46.956,20:38:04.425,877.0,765.0,,,inhale,
46.976,20:38:04.445,894.0,762.0,,,inhale,
46.996,20:38:04.465,884.0,765.0,,,inhale,
47.016,20:38:04.485,888.0,766.0,,,inhale,
47.036,20:38:04.505,885.0,765.0,,,inhale,
47.056,20:38:04.525,879.0,765.0,,,inhale,
47.076,20:38:04.545,884.0,773.0,,,inhale,
47.096,20:38:04.565,883.0,763.0,,,inhale,
47.116,20:38:04.585,879.0,762.0,,,inhale,
47.136,20:38:04.605,879.0,763.0,,,inhale,
47.156,20:38:04.625,815.0,767.0,,,inhale,
47.176,20:38:04.645,879.0,766.0,,,inhale,
47.196,20:38:04.665,885.0,763.0,,,inhale,
47.216,20:38:04.685,872.0,761.0,,,inhale,
47.236,20:38:04.705,887.0,759.0,,,inhale,
47.270,20:38:04.739,893.0,765.0,,,inhale,
47.284,20:38:04.753,877.0,764.0,,,inhale,
47.296,20:38:04.765,883.0,761.0,,,inhale,
47.316,20:38:04.785,882.0,760.0,,,inhale,
47.336,20:38:04.805,879.0,760.0,,,inhale,
47.356,20:38:04.825,883.0,760.0,,,inhale,
47.376,20:38:04.845,885.0,761.0,,,inhale,
47.396,20:38:04.865,882.0,760.0,,,inhale,
47.416,20:38:04.885,873.0,758.0,,,inhale,
47.436,20:38:04.905,873.0,757.0,,,inhale,
47.456,20:38:04.925,889.0,767.0,,,inhale,
47.476,20:38:04.945,875.0,766.0,,,inhale,
47.496,20:38:04.965,877.0,759.0,,,inhale,
47.516,20:38:04.985,873.0,760.0,,,inhale,
47.536,20:38:05.005,877.0,758.0,,,inhale,
47.556,20:38:05.025,885.0,758.0,,,inhale,
47.576,20:38:05.045,873.0,757.0,,,inhale,
47.596,20:38:05.065,877.0,757.0,,,inhale,
47.616,20:38:05.085,875.0,745.0,,,inhale,
47.636,20:38:05.105,871.0,758.0,,,inhale,
47.656,20:38:05.125,873.0,758.0,,,inhale,
47.676,20:38:05.145,877.0,755.0,,,inhale,
47.696,20:38:05.165,877.0,757.0,,,inhale,
47.716,20:38:05.185,885.0,756.0,,,inhale,
47.736,20:38:05.205,873.0,757.0,,,inhale,
47.756,20:38:05.225,910.0,757.0,,,inhale,
47.781,20:38:05.250,871.0,755.0,,,inhale,
47.796,20:38:05.265,874.0,759.0,,,inhale,
47.816,20:38:05.285,972.0,757.0,,,inhale,
47.836,20:38:05.305,874.0,757.0,,,inhale,
47.856,20:38:05.325,875.0,756.0,,,inhale,
47.876,20:38:05.345,677.0,755.0,,,inhale,
47.896,20:38:05.365,895.0,761.0,,,inhale,
47.916,20:38:05.385,863.0,756.0,,,inhale,
47.936,20:38:05.405,858.0,756.0,,,inhale,
47.956,20:38:05.425,883.0,757.0,,,inhale,
47.976,20:38:05.445,867.0,756.0,,,inhale,
47.996,20:38:05.465,875.0,755.0,,,inhale,
48.016,20:38:05.485,875.0,756.0,,,inhale,
48.036,20:38:05.505,891.0,755.0,,,inhale,
48.056,20:38:05.525,873.0,754.0,,,inhale,
48.076,20:38:05.545,875.0,754.0,,,inhale,
48.096,20:38:05.565,901.0,755.0,,,inhale,
48.116,20:38:05.585,873.0,753.0,,,inhale,
48.136,20:38:05.605,868.0,756.0,,,inhale,
48.156,20:38:05.625,883.0,754.0,,,inhale,
48.176,20:38:05.645,877.0,753.0,,,inhale,
48.196,20:38:05.665,871.0,754.0,,,inhale,
48.216,20:38:05.685,874.0,754.0,,,inhale,
48.236,20:38:05.705,903.0,739.0,,,inhale,
48.256,20:38:05.725,917.0,752.0,,,inhale,
48.276,20:38:05.745,867.0,754.0,,,inhale,
48.296,20:38:05.765,869.0,752.0,,,inhale,
48.316,20:38:05.785,871.0,752.0,,,inhale,
48.336,20:38:05.805,871.0,751.0,,,inhale,
48.356,20:38:05.825,877.0,754.0,,,inhale,
48.376,20:38:05.845,875.0,759.0,,,inhale,
48.396,20:38:05.865,877.0,754.0,,,inhale,
48.416,20:38:05.885,867.0,762.0,,,inhale,
48.436,20:38:05.905,869.0,754.0,,,inhale,
48.456,20:38:05.925,874.0,751.0,,,inhale,
48.476,20:38:05.945,871.0,753.0,,,inhale,
48.496,20:38:05.965,877.0,753.0,,,inhale,
48.516,20:38:05.985,870.0,754.0,,,inhale,
48.536,20:38:06.005,879.0,762.0,,,inhale,
48.556,20:38:06.025,873.0,754.0,,,inhale,
48.576,20:38:06.045,873.0,762.0,,,inhale,
48.596,20:38:06.065,867.0,756.0,,,inhale,
48.616,20:38:06.085,879.0,756.0,,,inhale,
48.636,20:38:06.105,883.0,758.0,,,inhale,
48.656,20:38:06.125,877.0,757.0,,,inhale,
48.676,20:38:06.145,875.0,758.0,,,inhale,
48.696,20:38:06.165,875.0,757.0,,,inhale,
48.716,20:38:06.185,877.0,755.0,,,inhale,
48.736,20:38:06.205,877.0,760.0,,,inhale,
48.756,20:38:06.225,875.0,761.0,,,inhale,
48.780,20:38:06.249,880.0,763.0,,,inhale,
48.796,20:38:06.265,883.0,759.0,,,inhale,
48.816,20:38:06.285,879.0,757.0,,,inhale,
48.836,20:38:06.305,889.0,763.0,,,inhale,
48.856,20:38:06.325,885.0,767.0,,,inhale,
48.876,20:38:06.345,886.0,765.0,,,inhale,
48.896,20:38:06.365,893.0,767.0,,,inhale,
48.916,20:38:06.385,885.0,762.0,,,inhale,
48.936,20:38:06.405,889.0,771.0,,,inhale,
48.956,20:38:06.425,891.0,769.0,,,inhale,
48.976,20:38:06.445,887.0,779.0,,,inhale,
48.996,20:38:06.465,887.0,771.0,,,inhale,
49.016,20:38:06.485,890.0,770.0,,,inhale,
49.036,20:38:06.505,889.0,771.0,,,inhale,
49.056,20:38:06.525,891.0,774.0,,,inhale,
49.076,20:38:06.545,894.0,775.0,,,inhale,
49.096,20:38:06.565,895.0,775.0,,,inhale,
49.116,20:38:06.585,902.0,773.0,,,inhale,
49.136,20:38:06.605,892.0,778.0,,,inhale,
49.156,20:38:06.625,969.0,778.0,,,inhale,
49.176,20:38:06.645,904.0,776.0,,,inhale,
49.196,20:38:06.665,903.0,780.0,,,inhale,
49.216,20:38:06.685,906.0,785.0,,,inhale,
49.236,20:38:06.705,905.0,777.0,,,inhale,
49.256,20:38:06.725,905.0,785.0,,,inhale,
49.276,20:38:06.745,905.0,782.0,,,inhale,
49.296,20:38:06.765,911.0,782.0,,,inhale,
49.316,20:38:06.785,905.0,780.0,,,inhale,
49.337,20:38:06.806,915.0,781.0,,,inhale,
49.356,20:38:06.825,906.0,788.0,,,inhale,
49.376,20:38:06.845,907.0,787.0,,,inhale,
49.396,20:38:06.865,895.0,789.0,,,inhale,
49.416,20:38:06.885,889.0,782.0,,,inhale,
49.436,20:38:06.905,901.0,781.0,,,inhale,
49.456,20:38:06.925,908.0,782.0,,,inhale,
49.476,20:38:06.945,915.0,780.0,,,inhale,
49.496,20:38:06.965,925.0,782.0,,,inhale,
49.516,20:38:06.985,910.0,773.0,,,inhale,
49.536,20:38:07.005,911.0,780.0,,,inhale,
49.556,20:38:07.025,909.0,779.0,,,inhale,
49.576,20:38:07.045,894.0,782.0,,,inhale,
49.596,20:38:07.065,889.0,778.0,,,inhale,
49.616,20:38:07.085,901.0,780.0,,,inhale,
49.636,20:38:07.105,895.0,780.0,,,inhale,
49.656,20:38:07.125,905.0,778.0,,,inhale,
49.676,20:38:07.145,905.0,773.0,,,inhale,
49.696,20:38:07.165,904.0,778.0,,,inhale,
49.716,20:38:07.185,901.0,777.0,,,inhale,
49.736,20:38:07.205,891.0,775.0,,,inhale,
49.756,20:38:07.225,901.0,776.0,,,inhale,
49.780,20:38:07.249,905.0,776.0,,,inhale,
49.796,20:38:07.265,895.0,778.0,,,exhale,exhale_onset
49.816,20:38:07.285,895.0,772.0,,,exhale,
49.836,20:38:07.305,907.0,775.0,,,exhale,
49.856,20:38:07.325,891.0,778.0,,,exhale,
49.876,20:38:07.345,901.0,777.0,,,exhale,
49.896,20:38:07.365,905.0,780.0,,,exhale,
49.916,20:38:07.385,893.0,773.0,,,exhale,
49.936,20:38:07.405,895.0,771.0,,,exhale,
49.956,20:38:07.425,892.0,772.0,,,exhale,
49.976,20:38:07.445,901.0,772.0,,,exhale,
49.996,20:38:07.465,889.0,771.0,,,exhale,
50.016,20:38:07.485,891.0,772.0,,,exhale,
50.036,20:38:07.505,895.0,779.0,,,exhale,
50.056,20:38:07.525,892.0,770.0,,,exhale,
50.076,20:38:07.545,890.0,770.0,,,exhale,
50.096,20:38:07.565,888.0,769.0,,,exhale,
50.116,20:38:07.585,891.0,772.0,,,exhale,
50.136,20:38:07.605,901.0,776.0,,,exhale,
50.156,20:38:07.625,891.0,771.0,,,exhale,
50.176,20:38:07.645,893.0,769.0,,,exhale,
50.196,20:38:07.665,893.0,771.0,,,exhale,
50.216,20:38:07.685,905.0,772.0,,,exhale,
50.236,20:38:07.705,889.0,772.0,,,exhale,
50.256,20:38:07.725,911.0,775.0,,,exhale,
50.276,20:38:07.745,893.0,772.0,,,exhale,
50.296,20:38:07.765,895.0,770.0,,,exhale,
50.316,20:38:07.785,891.0,776.0,,,exhale,
50.336,20:38:07.805,902.0,774.0,,,exhale,
50.356,20:38:07.825,893.0,773.0,,,exhale,
50.376,20:38:07.845,891.0,775.0,,,exhale,
50.396,20:38:07.866,888.0,773.0,,,exhale,
50.416,20:38:07.885,907.0,772.0,,,exhale,
50.436,20:38:07.905,894.0,775.0,,,exhale,
50.456,20:38:07.925,901.0,782.0,,,exhale,
50.476,20:38:07.945,903.0,772.0,,,exhale,
50.496,20:38:07.965,911.0,774.0,,,exhale,
50.516,20:38:07.985,901.0,774.0,,,exhale,
50.536,20:38:08.005,895.0,772.0,,,exhale,
50.556,20:38:08.025,891.0,771.0,,,exhale,
50.576,20:38:08.045,893.0,773.0,,,exhale,
50.596,20:38:08.065,903.0,772.0,,,exhale,
50.616,20:38:08.085,903.0,770.0,,,exhale,
50.636,20:38:08.105,888.0,771.0,,,exhale,
50.656,20:38:08.125,890.0,774.0,,,exhale,
50.676,20:38:08.145,892.0,777.0,,,exhale,
50.696,20:38:08.165,886.0,765.0,,,exhale,
50.716,20:38:08.185,901.0,773.0,,,exhale,
50.736,20:38:08.205,891.0,770.0,,,exhale,
50.756,20:38:08.225,889.0,767.0,,,exhale,
50.780,20:38:08.249,891.0,773.0,,,exhale,
50.796,20:38:08.265,895.0,768.0,,,exhale,
50.816,20:38:08.285,889.0,769.0,,,exhale,
50.836,20:38:08.305,885.0,768.0,,,exhale,
50.856,20:38:08.325,889.0,771.0,,,exhale,
50.876,20:38:08.345,895.0,768.0,,,exhale,
50.896,20:38:08.365,889.0,768.0,,,exhale,
50.916,20:38:08.385,889.0,768.0,,,exhale,
50.936,20:38:08.405,891.0,765.0,,,exhale,
50.956,20:38:08.425,892.0,766.0,,,exhale,
50.976,20:38:08.445,887.0,766.0,,,exhale,
50.996,20:38:08.465,901.0,758.0,,,exhale,
51.016,20:38:08.485,877.0,766.0,,,exhale,
51.036,20:38:08.505,883.0,766.0,,,exhale,
51.056,20:38:08.525,886.0,766.0,,,exhale,
51.076,20:38:08.545,884.0,770.0,,,exhale,
51.096,20:38:08.565,871.0,764.0,,,exhale,
51.116,20:38:08.585,875.0,762.0,,,exhale,
51.136,20:38:08.605,877.0,761.0,,,exhale,
51.156,20:38:08.625,885.0,768.0,,,exhale,
51.176,20:38:08.645,879.0,761.0,,,exhale,
51.196,20:38:08.665,885.0,760.0,,,exhale,
51.216,20:38:08.685,879.0,762.0,,,exhale,
51.236,20:38:08.705,877.0,760.0,,,exhale,
51.256,20:38:08.725,879.0,759.0,,,exhale,
51.276,20:38:08.745,875.0,761.0,,,exhale,
51.296,20:38:08.765,871.0,762.0,,,exhale,
51.316,20:38:08.785,879.0,764.0,,,exhale,
51.336,20:38:08.805,888.0,762.0,,,exhale,
51.356,20:38:08.825,883.0,763.0,,,exhale,
51.376,20:38:08.845,883.0,767.0,,,exhale,
51.396,20:38:08.865,875.0,761.0,,,exhale,
51.416,20:38:08.885,879.0,761.0,,,exhale,
51.436,20:38:08.905,875.0,759.0,,,exhale,
51.456,20:38:08.925,889.0,765.0,,,exhale,
51.476,20:38:08.945,885.0,761.0,,,exhale,
51.496,20:38:08.965,883.0,764.0,,,exhale,
51.519,20:38:08.988,891.0,765.0,,,exhale,
51.537,20:38:09.006,887.0,765.0,,,exhale,
51.556,20:38:09.025,905.0,773.0,,,exhale,
51.576,20:38:09.045,891.0,769.0,,,exhale,
51.596,20:38:09.065,895.0,771.0,,,exhale,
51.616,20:38:09.085,893.0,773.0,,,exhale,
51.636,20:38:09.105,907.0,782.0,,,exhale,
51.656,20:38:09.125,913.0,779.0,,,inhale,inhale_onset
51.676,20:38:09.145,902.0,779.0,,,inhale,
51.696,20:38:09.165,908.0,784.0,,,inhale,
51.716,20:38:09.185,909.0,783.0,,,inhale,
51.736,20:38:09.205,915.0,783.0,,,inhale,
51.756,20:38:09.225,906.0,786.0,,,inhale,
51.780,20:38:09.249,919.0,783.0,,,inhale,
51.796,20:38:09.265,910.0,783.0,,,inhale,
51.816,20:38:09.285,907.0,785.0,,,inhale,
51.836,20:38:09.305,919.0,788.0,,,inhale,
51.856,20:38:09.325,907.0,789.0,,,inhale,
51.877,20:38:09.346,1041.0,786.0,,,inhale,
51.896,20:38:09.365,917.0,786.0,,,inhale,
51.916,20:38:09.385,919.0,787.0,,,inhale,
51.936,20:38:09.405,909.0,785.0,,,inhale,
51.956,20:38:09.425,907.0,786.0,,,inhale,
51.976,20:38:09.445,905.0,788.0,,,inhale,
51.996,20:38:09.465,910.0,784.0,,,inhale,
52.016,20:38:09.485,911.0,787.0,,,inhale,
52.036,20:38:09.505,917.0,781.0,,,inhale,
52.056,20:38:09.525,915.0,784.0,,,inhale,
52.076,20:38:09.545,905.0,781.0,,,inhale,
52.096,20:38:09.565,903.0,782.0,,,inhale,
52.116,20:38:09.585,902.0,793.0,,,inhale,
52.136,20:38:09.605,901.0,777.0,,,inhale,
52.156,20:38:09.625,905.0,782.0,,,inhale,
52.176,20:38:09.645,902.0,778.0,,,inhale,
52.196,20:38:09.665,909.0,779.0,,,inhale,
52.216,20:38:09.685,903.0,776.0,,,inhale,
52.236,20:38:09.705,907.0,778.0,,,inhale,
52.256,20:38:09.725,907.0,776.0,,,inhale,
52.276,20:38:09.745,903.0,776.0,,,inhale,
52.296,20:38:09.765,895.0,774.0,,,inhale,
52.316,20:38:09.785,891.0,779.0,,,inhale,
52.336,20:38:09.805,893.0,774.0,,,inhale,
52.356,20:38:09.825,892.0,773.0,,,inhale,
52.376,20:38:09.845,901.0,772.0,,,inhale,
52.396,20:38:09.865,895.0,774.0,,,inhale,
52.416,20:38:09.885,911.0,777.0,,,inhale,
52.436,20:38:09.905,889.0,751.0,,,inhale,
52.456,20:38:09.925,894.0,772.0,,,inhale,
52.476,20:38:09.945,895.0,765.0,,,inhale,
52.496,20:38:09.965,890.0,773.0,,,inhale,
52.516,20:38:09.985,892.0,768.0,,,inhale,
52.536,20:38:10.005,894.0,780.0,,,inhale,
52.556,20:38:10.025,895.0,785.0,,,inhale,
52.576,20:38:10.045,892.0,771.0,,,inhale,
52.596,20:38:10.065,887.0,770.0,,,inhale,
52.616,20:38:10.085,890.0,769.0,,,inhale,
52.636,20:38:10.105,892.0,773.0,,,inhale,
52.656,20:38:10.125,891.0,774.0,,,inhale,
52.676,20:38:10.145,903.0,773.0,,,inhale,
52.696,20:38:10.165,895.0,773.0,,,inhale,
52.716,20:38:10.185,665.0,774.0,,,inhale,
52.736,20:38:10.205,889.0,770.0,,,inhale,
52.756,20:38:10.225,889.0,771.0,,,inhale,
52.780,20:38:10.249,892.0,777.0,,,inhale,
52.796,20:38:10.265,895.0,775.0,,,inhale,
52.816,20:38:10.285,903.0,775.0,,,inhale,
52.836,20:38:10.305,895.0,777.0,,,inhale,
52.856,20:38:10.325,901.0,771.0,,,inhale,
52.876,20:38:10.345,1000.0,780.0,,,inhale,
52.896,20:38:10.365,904.0,779.0,,,inhale,
52.916,20:38:10.385,893.0,777.0,,,inhale,
52.936,20:38:10.405,903.0,779.0,,,inhale,
52.956,20:38:10.425,903.0,782.0,,,inhale,
52.976,20:38:10.445,907.0,781.0,,,inhale,
52.996,20:38:10.465,895.0,779.0,,,inhale,
53.016,20:38:10.485,893.0,780.0,,,inhale,
53.036,20:38:10.505,907.0,779.0,,,inhale,
53.056,20:38:10.525,901.0,780.0,,,inhale,
53.076,20:38:10.545,901.0,776.0,,,inhale,
53.096,20:38:10.565,883.0,775.0,,,inhale,
53.116,20:38:10.585,907.0,776.0,,,inhale,
53.136,20:38:10.605,901.0,776.0,,,inhale,
53.156,20:38:10.625,903.0,775.0,,,inhale,
53.176,20:38:10.645,891.0,776.0,,,inhale,
53.196,20:38:10.665,907.0,775.0,,,inhale,
53.216,20:38:10.685,893.0,774.0,,,inhale,
53.236,20:38:10.705,900.0,772.0,,,inhale,
53.256,20:38:10.725,896.0,774.0,,,inhale,
53.276,20:38:10.745,895.0,771.0,,,inhale,
53.296,20:38:10.765,893.0,765.0,,,inhale,
53.316,20:38:10.785,896.0,772.0,,,inhale,
53.336,20:38:10.805,893.0,772.0,,,inhale,
53.356,20:38:10.825,888.0,768.0,,,inhale,
53.376,20:38:10.845,889.0,769.0,,,inhale,
53.396,20:38:10.865,887.0,769.0,,,inhale,
53.416,20:38:10.885,885.0,763.0,,,inhale,
53.436,20:38:10.905,893.0,767.0,,,inhale,
53.456,20:38:10.925,896.0,759.0,,,inhale,
53.476,20:38:10.945,857.0,765.0,,,inhale,
53.496,20:38:10.965,887.0,767.0,,,inhale,
53.516,20:38:10.985,887.0,774.0,,,inhale,
53.536,20:38:11.005,884.0,769.0,,,inhale,
53.556,20:38:11.025,887.0,767.0,,,inhale,
53.576,20:38:11.045,888.0,764.0,,,inhale,
53.596,20:38:11.065,885.0,766.0,,,inhale,
53.616,20:38:11.085,919.0,771.0,,,inhale,
53.636,20:38:11.105,885.0,767.0,,,inhale,
53.656,20:38:11.125,887.0,762.0,,,inhale,
53.676,20:38:11.145,885.0,767.0,,,inhale,
53.696,20:38:11.165,892.0,765.0,,,inhale,
53.716,20:38:11.185,874.0,756.0,,,inhale,
53.736,20:38:11.205,879.0,769.0,,,inhale,
53.756,20:38:11.225,887.0,761.0,,,inhale,
53.780,20:38:11.249,887.0,768.0,,,inhale,
53.796,20:38:11.265,891.0,765.0,,,inhale,
53.816,20:38:11.285,893.0,768.0,,,inhale,
53.836,20:38:11.305,883.0,764.0,,,inhale,
53.856,20:38:11.325,893.0,774.0,,,inhale,
53.876,20:38:11.345,883.0,763.0,,,inhale,
53.896,20:38:11.365,878.0,767.0,,,inhale,
53.916,20:38:11.385,885.0,766.0,,,inhale,
53.936,20:38:11.405,886.0,763.0,,,inhale,
53.956,20:38:11.425,886.0,763.0,,,inhale,
53.976,20:38:11.445,884.0,761.0,,,inhale,
53.996,20:38:11.465,875.0,764.0,,,inhale,
54.016,20:38:11.485,887.0,764.0,,,inhale,
54.036,20:38:11.505,883.0,768.0,,,inhale,
54.056,20:38:11.525,884.0,765.0,,,inhale,
54.076,20:38:11.545,891.0,771.0,,,inhale,
54.096,20:38:11.565,883.0,764.0,,,inhale,
54.116,20:38:11.585,884.0,764.0,,,inhale,
