elapsed_s,timestamp,raw,mv,phase,cycle_index
0.002,21:51:17.374,1116.0,958.0,inhale,1
0.002,21:51:17.374,1117.0,956.0,inhale,1
0.003,21:51:17.374,1116.0,956.0,inhale,1
0.003,21:51:17.375,1114.0,950.0,inhale,1
0.003,21:51:17.375,1115.0,953.0,inhale,1
0.003,21:51:17.375,1103.0,955.0,inhale,1
0.003,21:51:17.375,1116.0,953.0,inhale,1
0.003,21:51:17.375,1116.0,955.0,inhale,1
0.003,21:51:17.375,1109.0,953.0,inhale,1
0.003,21:51:17.375,1114.0,953.0,inhale,1
0.003,21:51:17.375,1111.0,954.0,inhale,1
0.003,21:51:17.375,1103.0,950.0,inhale,1
0.003,21:51:17.375,1122.0,951.0,inhale,1
0.003,21:51:17.375,1108.0,953.0,inhale,1
0.004,21:51:17.376,1110.0,953.0,inhale,1
0.004,21:51:17.376,1109.0,947.0,inhale,1
0.004,21:51:17.376,1111.0,955.0,inhale,1
0.004,21:51:17.376,1108.0,944.0,inhale,1
0.004,21:51:17.376,1107.0,952.0,inhale,1
0.004,21:51:17.376,1109.0,950.0,inhale,1
0.004,21:51:17.376,1109.0,953.0,inhale,1
0.004,21:51:17.376,1109.0,955.0,inhale,1
0.004,21:51:17.376,1108.0,949.0,inhale,1
0.004,21:51:17.376,1117.0,950.0,inhale,1
0.004,21:51:17.376,1107.0,953.0,inhale,1
0.004,21:51:17.376,1107.0,951.0,inhale,1
0.005,21:51:17.377,1110.0,949.0,inhale,1
0.005,21:51:17.377,1106.0,955.0,inhale,1
0.005,21:51:17.377,1105.0,951.0,inhale,1
0.005,21:51:17.377,1106.0,955.0,inhale,1
0.005,21:51:17.377,1104.0,958.0,inhale,1
0.005,21:51:17.377,1106.0,953.0,inhale,1
0.005,21:51:17.377,1104.0,952.0,inhale,1
0.005,21:51:17.377,1104.0,948.0,inhale,1
0.005,21:51:17.377,1104.0,949.0,inhale,1
0.006,21:51:17.378,1113.0,948.0,inhale,1
0.006,21:51:17.378,1101.0,948.0,inhale,1
0.006,21:51:17.378,1102.0,944.0,inhale,1
0.006,21:51:17.378,1105.0,946.0,inhale,1
0.006,21:51:17.378,1101.0,947.0,inhale,1
0.006,21:51:17.378,1100.0,944.0,inhale,1
0.006,21:51:17.378,1105.0,947.0,inhale,1
0.006,21:51:17.378,1103.0,946.0,inhale,1
0.007,21:51:17.379,1100.0,937.0,inhale,1
0.007,21:51:17.379,1103.0,948.0,inhale,1
0.007,21:51:17.379,1102.0,945.0,inhale,1
0.007,21:51:17.379,1098.0,946.0,inhale,1
0.007,21:51:17.379,1103.0,944.0,inhale,1
0.007,21:51:17.379,1105.0,946.0,inhale,1
0.007,21:51:17.379,1103.0,947.0,inhale,1
0.007,21:51:17.379,1101.0,945.0,inhale,1
0.007,21:51:17.379,1102.0,941.0,inhale,1
0.008,21:51:17.380,1099.0,944.0,inhale,1
0.008,21:51:17.380,1100.0,943.0,inhale,1
0.008,21:51:17.380,1097.0,933.0,inhale,1
0.008,21:51:17.380,1098.0,944.0,inhale,1
0.008,21:51:17.380,1102.0,943.0,inhale,1
0.008,21:51:17.380,1098.0,948.0,inhale,1
0.008,21:51:17.380,1097.0,943.0,inhale,1
0.008,21:51:17.380,1099.0,942.0,inhale,1
0.008,21:51:17.380,1082.0,939.0,inhale,1
0.009,21:51:17.381,1089.0,941.0,inhale,1
0.009,21:51:17.381,1093.0,933.0,inhale,1
0.009,21:51:17.381,1100.0,941.0,inhale,1
0.009,21:51:17.381,1097.0,941.0,inhale,1
0.009,21:51:17.381,1096.0,942.0,inhale,1
0.009,21:51:17.381,1097.0,941.0,inhale,1
0.009,21:51:17.381,1096.0,940.0,inhale,1
0.009,21:51:17.381,1093.0,940.0,inhale,1
0.009,21:51:17.381,1097.0,941.0,inhale,1
0.009,21:51:17.381,1096.0,941.0,inhale,1
0.010,21:51:17.382,1099.0,939.0,inhale,1
0.010,21:51:17.382,1102.0,941.0,inhale,1
0.010,21:51:17.382,1096.0,946.0,inhale,1
0.010,21:51:17.382,1096.0,939.0,inhale,1
0.010,21:51:17.382,1101.0,942.0,inhale,1
0.011,21:51:17.382,1096.0,940.0,inhale,1
0.011,21:51:17.383,1102.0,935.0,inhale,1
0.011,21:51:17.383,1096.0,944.0,inhale,1
0.011,21:51:17.383,1095.0,931.0,inhale,1
0.011,21:51:17.383,1095.0,941.0,inhale,1
0.011,21:51:17.383,1097.0,941.0,inhale,1
0.011,21:51:17.383,1096.0,941.0,inhale,1
0.011,21:51:17.383,1097.0,939.0,inhale,1
0.011,21:51:17.383,1093.0,940.0,inhale,1
0.011,21:51:17.383,1097.0,942.0,inhale,1
0.012,21:51:17.383,1093.0,942.0,inhale,1
0.012,21:51:17.384,1087.0,941.0,inhale,1
0.012,21:51:17.384,1085.0,940.0,inhale,1
0.012,21:51:17.384,1095.0,939.0,inhale,1
0.014,21:51:17.386,1090.0,938.0,inhale,1
0.015,21:51:17.387,1094.0,935.0,inhale,1
0.015,21:51:17.387,1094.0,939.0,inhale,1
0.016,21:51:17.388,1094.0,938.0,inhale,1
0.016,21:51:17.388,1093.0,938.0,inhale,1
0.016,21:51:17.388,1089.0,941.0,inhale,1
0.016,21:51:17.388,1094.0,937.0,inhale,1
0.016,21:51:17.388,1098.0,938.0,inhale,1
0.016,21:51:17.388,1091.0,938.0,inhale,1
0.017,21:51:17.389,1088.0,936.0,inhale,1
0.017,21:51:17.389,1086.0,944.0,inhale,1
0.017,21:51:17.389,1094.0,931.0,inhale,1
0.017,21:51:17.389,1098.0,940.0,inhale,1
0.017,21:51:17.389,1091.0,937.0,inhale,1
0.017,21:51:17.389,1092.0,937.0,inhale,1
0.017,21:51:17.389,1093.0,937.0,inhale,1
0.018,21:51:17.389,1099.0,938.0,inhale,1
0.018,21:51:17.390,1090.0,938.0,inhale,1
0.018,21:51:17.390,1092.0,944.0,inhale,1
0.018,21:51:17.390,1094.0,938.0,inhale,1
0.018,21:51:17.390,1097.0,941.0,inhale,1
0.018,21:51:17.390,1096.0,940.0,inhale,1
0.018,21:51:17.390,1095.0,940.0,inhale,1
0.018,21:51:17.390,1096.0,933.0,inhale,1
0.018,21:51:17.390,1092.0,939.0,inhale,1
0.018,21:51:17.390,1096.0,940.0,inhale,1
0.018,21:51:17.390,1094.0,941.0,inhale,1
0.019,21:51:17.390,1096.0,941.0,inhale,1
0.019,21:51:17.391,1094.0,941.0,inhale,1
0.019,21:51:17.391,1095.0,941.0,inhale,1
0.019,21:51:17.391,1102.0,944.0,inhale,1
0.019,21:51:17.391,1095.0,940.0,inhale,1
0.019,21:51:17.391,1096.0,941.0,inhale,1
0.019,21:51:17.391,1104.0,941.0,inhale,1
0.019,21:51:17.391,1097.0,945.0,inhale,1
0.019,21:51:17.391,1094.0,945.0,inhale,1
0.019,21:51:17.391,1094.0,940.0,inhale,1
0.019,21:51:17.391,1093.0,939.0,inhale,1
0.019,21:51:17.391,1092.0,943.0,inhale,1
0.020,21:51:17.392,1093.0,939.0,inhale,1
0.020,21:51:17.392,1091.0,938.0,inhale,1
0.020,21:51:17.392,1091.0,938.0,inhale,1
0.020,21:51:17.392,1096.0,937.0,inhale,1
0.020,21:51:17.392,1096.0,935.0,inhale,1
0.020,21:51:17.392,1092.0,939.0,inhale,1
0.020,21:51:17.392,1096.0,940.0,inhale,1
0.020,21:51:17.392,1091.0,944.0,inhale,1
0.020,21:51:17.392,1096.0,940.0,inhale,1
0.040,21:51:17.412,1103.0,947.0,inhale,1
0.062,21:51:17.434,1093.0,939.0,inhale,1
0.084,21:51:17.456,1096.0,940.0,inhale,1
0.106,21:51:17.478,1097.0,942.0,inhale,1
0.128,21:51:17.500,1099.0,948.0,inhale,1
0.150,21:51:17.522,1095.0,941.0,inhale,1
0.174,21:51:17.546,1099.0,942.0,inhale,1
0.194,21:51:17.566,1098.0,944.0,inhale,1
0.217,21:51:17.589,1097.0,943.0,inhale,1
0.238,21:51:17.610,1098.0,943.0,inhale,1
0.260,21:51:17.632,1099.0,939.0,inhale,1
0.282,21:51:17.654,1104.0,941.0,inhale,1
0.304,21:51:17.676,1096.0,943.0,inhale,1
0.326,21:51:17.698,1100.0,939.0,inhale,1
0.348,21:51:17.720,1100.0,941.0,inhale,1
0.370,21:51:17.742,1099.0,945.0,inhale,1
0.393,21:51:17.765,1101.0,944.0,inhale,1
0.414,21:51:17.786,1104.0,945.0,inhale,1
0.436,21:51:17.808,1100.0,948.0,inhale,1
0.459,21:51:17.831,1106.0,949.0,inhale,1
0.480,21:51:17.852,1115.0,950.0,inhale,1
0.503,21:51:17.874,1109.0,952.0,inhale,1
0.525,21:51:17.897,1109.0,952.0,inhale,1
0.547,21:51:17.919,1111.0,954.0,inhale,1
0.568,21:51:17.940,1105.0,955.0,inhale,1
0.590,21:51:17.962,1115.0,959.0,inhale,1
0.614,21:51:17.986,1120.0,960.0,inhale,1
0.635,21:51:18.007,1119.0,960.0,inhale,1
0.656,21:51:18.028,1125.0,965.0,inhale,1
0.678,21:51:18.050,1125.0,962.0,inhale,1
0.700,21:51:18.072,1124.0,964.0,inhale,1
0.722,21:51:18.094,1126.0,962.0,inhale,1
0.744,21:51:18.116,1125.0,964.0,inhale,1
0.766,21:51:18.138,1126.0,972.0,inhale,1
0.791,21:51:18.163,1129.0,971.0,inhale,1
0.810,21:51:18.182,1127.0,967.0,inhale,1
0.833,21:51:18.205,1129.0,969.0,inhale,1
0.855,21:51:18.227,1129.0,970.0,inhale,1
0.877,21:51:18.248,1130.0,969.0,inhale,1
0.898,21:51:18.270,1131.0,969.0,inhale,1
0.920,21:51:18.292,1137.0,975.0,inhale,1
0.942,21:51:18.314,1137.0,974.0,inhale,1
0.964,21:51:18.336,1132.0,973.0,inhale,1
0.986,21:51:18.358,1136.0,974.0,inhale,1
1.008,21:51:18.380,1139.0,976.0,inhale,1
1.030,21:51:18.402,1139.0,987.0,inhale,1
1.052,21:51:18.424,1141.0,975.0,inhale,1
1.074,21:51:18.446,1138.0,981.0,inhale,1
1.096,21:51:18.468,1143.0,976.0,inhale,1
1.118,21:51:18.490,1132.0,978.0,inhale,1
1.141,21:51:18.513,1143.0,978.0,inhale,1
1.162,21:51:18.534,1131.0,979.0,inhale,1
1.185,21:51:18.556,1139.0,980.0,inhale,1
1.207,21:51:18.579,1143.0,980.0,inhale,1
1.229,21:51:18.601,1145.0,981.0,inhale,1
1.250,21:51:18.622,1145.0,979.0,inhale,1
1.272,21:51:18.644,1147.0,988.0,inhale,1
1.294,21:51:18.666,1150.0,983.0,inhale,1
1.316,21:51:18.688,1147.0,985.0,inhale,1
1.338,21:51:18.710,1145.0,984.0,inhale,1
1.360,21:51:18.732,1150.0,983.0,inhale,1
1.382,21:51:18.754,1144.0,989.0,inhale,1
1.404,21:51:18.776,1150.0,978.0,inhale,1
1.426,21:51:18.798,1154.0,988.0,inhale,1
1.448,21:51:18.820,1152.0,987.0,inhale,1
1.470,21:51:18.842,1155.0,984.0,inhale,1
1.493,21:51:18.864,1152.0,985.0,inhale,1
1.515,21:51:18.887,1150.0,990.0,exhale,1
1.537,21:51:18.909,1149.0,981.0,exhale,1
1.558,21:51:18.930,1154.0,990.0,exhale,1
1.580,21:51:18.952,1156.0,990.0,exhale,1
1.603,21:51:18.975,1156.0,990.0,exhale,1
1.625,21:51:18.997,1158.0,994.0,exhale,1
1.646,21:51:19.018,1157.0,992.0,exhale,1
1.669,21:51:19.041,1157.0,990.0,exhale,1
1.691,21:51:19.063,1158.0,992.0,exhale,1
1.713,21:51:19.085,1150.0,1006.0,exhale,1
1.734,21:51:19.106,1161.0,996.0,exhale,1
1.757,21:51:19.129,1159.0,995.0,exhale,1
1.779,21:51:19.151,1165.0,996.0,exhale,1
1.800,21:51:19.172,1160.0,995.0,exhale,1
1.825,21:51:19.197,1159.0,994.0,exhale,1
1.845,21:51:19.217,1158.0,986.0,exhale,1
1.867,21:51:19.238,1160.0,993.0,exhale,1
1.889,21:51:19.260,1165.0,993.0,exhale,1
1.911,21:51:19.283,1158.0,989.0,exhale,1
1.932,21:51:19.304,1153.0,989.0,exhale,1
1.955,21:51:19.327,1157.0,988.0,exhale,1
1.977,21:51:19.349,1153.0,988.0,exhale,1
1.999,21:51:19.371,1151.0,987.0,exhale,1
2.021,21:51:19.393,1150.0,986.0,exhale,1
2.042,21:51:19.414,1148.0,988.0,exhale,1
2.064,21:51:19.436,1152.0,986.0,exhale,1
2.086,21:51:19.458,1151.0,988.0,exhale,1
2.108,21:51:19.480,1156.0,987.0,exhale,1
2.131,21:51:19.502,1152.0,989.0,exhale,1
2.152,21:51:19.524,1156.0,987.0,exhale,1
2.174,21:51:19.546,1155.0,992.0,exhale,1
2.205,21:51:19.577,1154.0,1004.0,exhale,1
2.218,21:51:19.590,1149.0,990.0,exhale,1
2.240,21:51:19.612,1158.0,994.0,exhale,1
2.262,21:51:19.634,1156.0,998.0,exhale,1
2.284,21:51:19.656,1152.0,991.0,exhale,1
2.306,21:51:19.678,1159.0,989.0,exhale,1
2.328,21:51:19.700,1159.0,992.0,exhale,1
2.350,21:51:19.722,1160.0,995.0,exhale,1
2.372,21:51:19.744,1151.0,993.0,exhale,1
2.395,21:51:19.767,1161.0,999.0,exhale,1
2.417,21:51:19.788,1159.0,984.0,exhale,1
2.438,21:51:19.810,1157.0,996.0,exhale,1
2.461,21:51:19.832,1147.0,997.0,exhale,1
2.482,21:51:19.854,1160.0,997.0,exhale,1
2.505,21:51:19.876,1163.0,995.0,exhale,1
2.527,21:51:19.899,1159.0,1006.0,exhale,1
2.548,21:51:19.920,1163.0,998.0,exhale,1
2.570,21:51:19.942,1163.0,999.0,exhale,1
2.592,21:51:19.964,1163.0,999.0,exhale,1
2.614,21:51:19.986,1164.0,1001.0,exhale,1
2.637,21:51:20.009,1166.0,998.0,exhale,1
2.659,21:51:20.031,1175.0,1009.0,exhale,1
2.681,21:51:20.053,1175.0,1001.0,exhale,1
2.703,21:51:20.075,1168.0,1006.0,exhale,1
2.725,21:51:20.097,1172.0,1004.0,exhale,1
2.746,21:51:20.118,1171.0,1006.0,exhale,1
2.769,21:51:20.141,1170.0,1006.0,exhale,1
2.791,21:51:20.163,1172.0,1008.0,exhale,1
2.813,21:51:20.185,1177.0,1005.0,exhale,1
2.835,21:51:20.207,1181.0,1009.0,exhale,1
2.857,21:51:20.229,1176.0,1008.0,exhale,1
2.879,21:51:20.251,1177.0,1016.0,exhale,1
2.901,21:51:20.273,1175.0,1008.0,exhale,1
2.925,21:51:20.297,1174.0,1011.0,exhale,1
2.945,21:51:20.317,1174.0,1008.0,exhale,1
2.967,21:51:20.339,1175.0,1006.0,exhale,1
2.989,21:51:20.361,1172.0,1009.0,exhale,1
3.011,21:51:20.383,1173.0,1007.0,exhale,1
3.033,21:51:20.405,1171.0,998.0,exhale,1
3.055,21:51:20.427,1175.0,1002.0,exhale,1
3.077,21:51:20.449,1171.0,1000.0,exhale,1
3.099,21:51:20.471,1170.0,1007.0,exhale,1
3.121,21:51:20.493,1182.0,1001.0,exhale,1
3.143,21:51:20.515,1169.0,1003.0,exhale,1
3.165,21:51:20.537,1170.0,1003.0,exhale,1
3.187,21:51:20.559,1178.0,1004.0,exhale,1
3.209,21:51:20.581,1169.0,1001.0,exhale,1
3.231,21:51:20.603,1167.0,1001.0,exhale,1
3.252,21:51:20.624,1169.0,999.0,exhale,1
3.275,21:51:20.647,1167.0,999.0,exhale,1
3.297,21:51:20.669,1168.0,1002.0,exhale,1
3.319,21:51:20.691,1171.0,1000.0,exhale,1
3.341,21:51:20.713,1167.0,999.0,exhale,1
3.362,21:51:20.734,1165.0,999.0,exhale,1
3.385,21:51:20.757,1164.0,1001.0,exhale,1
3.407,21:51:20.779,1163.0,997.0,exhale,1
3.429,21:51:20.801,1163.0,995.0,exhale,1
3.450,21:51:20.822,1161.0,997.0,exhale,1
3.473,21:51:20.845,1162.0,995.0,exhale,1
3.495,21:51:20.867,1162.0,994.0,exhale,1
3.517,21:51:20.888,1160.0,997.0,exhale,1
3.538,21:51:20.910,1158.0,997.0,exhale,1
3.561,21:51:20.933,1157.0,995.0,exhale,1
3.582,21:51:20.954,1157.0,990.0,exhale,1
3.605,21:51:20.977,1156.0,991.0,exhale,1
3.626,21:51:20.998,1155.0,991.0,exhale,1
3.649,21:51:21.021,1154.0,990.0,exhale,1
3.671,21:51:21.042,1154.0,991.0,exhale,1
3.692,21:51:21.064,1152.0,989.0,exhale,1
3.714,21:51:21.086,1163.0,990.0,exhale,1
3.736,21:51:21.108,1149.0,988.0,exhale,1
3.758,21:51:21.130,1148.0,988.0,exhale,1
3.781,21:51:21.152,1150.0,984.0,exhale,1
3.803,21:51:21.175,1143.0,983.0,exhale,1
3.825,21:51:21.197,1144.0,987.0,exhale,1
3.846,21:51:21.218,1153.0,981.0,exhale,1
3.868,21:51:21.240,1145.0,980.0,exhale,1
3.891,21:51:21.263,1146.0,982.0,exhale,1
3.913,21:51:21.285,1145.0,981.0,exhale,1
3.934,21:51:21.306,1145.0,982.0,exhale,1
3.956,21:51:21.328,1142.0,980.0,exhale,1
3.979,21:51:21.351,1149.0,984.0,exhale,1
4.000,21:51:21.372,1147.0,983.0,inhale,2
4.023,21:51:21.395,1152.0,978.0,inhale,2
4.045,21:51:21.417,1149.0,986.0,inhale,2
4.066,21:51:21.438,1155.0,987.0,inhale,2
4.090,21:51:21.462,1155.0,990.0,inhale,2
4.110,21:51:21.482,1155.0,994.0,inhale,2
4.132,21:51:21.504,1159.0,983.0,inhale,2
4.155,21:51:21.527,1153.0,993.0,inhale,2
4.177,21:51:21.549,1160.0,985.0,inhale,2
4.199,21:51:21.571,1163.0,992.0,inhale,2
4.220,21:51:21.592,1160.0,994.0,inhale,2
4.242,21:51:21.614,1162.0,992.0,inhale,2
4.264,21:51:21.636,1163.0,988.0,inhale,2
4.286,21:51:21.658,1173.0,994.0,inhale,2
4.308,21:51:21.680,1159.0,994.0,inhale,2
4.330,21:51:21.702,1173.0,995.0,inhale,2
4.352,21:51:21.724,1161.0,995.0,inhale,2
4.374,21:51:21.746,1160.0,996.0,inhale,2
4.396,21:51:21.768,1160.0,997.0,inhale,2
4.418,21:51:21.790,1158.0,997.0,inhale,2
4.440,21:51:21.812,1157.0,995.0,inhale,2
4.463,21:51:21.834,1158.0,994.0,inhale,2
4.484,21:51:21.856,1159.0,995.0,inhale,2
4.506,21:51:21.878,1160.0,994.0,inhale,2
4.529,21:51:21.901,1159.0,995.0,inhale,2
4.550,21:51:21.922,1160.0,999.0,inhale,2
4.573,21:51:21.945,1160.0,996.0,inhale,2
4.595,21:51:21.967,1158.0,995.0,inhale,2
4.616,21:51:21.988,1168.0,993.0,inhale,2
4.639,21:51:22.011,1157.0,994.0,inhale,2
4.661,21:51:22.033,1164.0,994.0,inhale,2
4.682,21:51:22.054,1161.0,993.0,inhale,2
4.705,21:51:22.077,1161.0,994.0,inhale,2
4.726,21:51:22.098,1163.0,995.0,inhale,2
4.748,21:51:22.120,1156.0,994.0,inhale,2
4.770,21:51:22.142,1158.0,993.0,inhale,2
4.792,21:51:22.164,1160.0,995.0,inhale,2
4.814,21:51:22.186,1157.0,994.0,inhale,2
4.836,21:51:22.208,1159.0,992.0,inhale,2
4.858,21:51:22.230,1163.0,993.0,inhale,2
4.880,21:51:22.252,1154.0,992.0,inhale,2
4.902,21:51:22.274,1158.0,988.0,inhale,2
4.925,21:51:22.297,1171.0,991.0,inhale,2
4.947,21:51:22.319,1163.0,992.0,inhale,2
4.968,21:51:22.340,1154.0,991.0,inhale,2
4.992,21:51:22.364,1161.0,993.0,inhale,2
5.013,21:51:22.385,1159.0,990.0,inhale,2
5.034,21:51:22.406,1157.0,991.0,inhale,2
5.057,21:51:22.429,1153.0,988.0,inhale,2
5.078,21:51:22.450,1159.0,998.0,inhale,2
5.100,21:51:22.472,1159.0,995.0,inhale,2
5.124,21:51:22.495,1158.0,992.0,inhale,2
5.145,21:51:22.517,1162.0,993.0,inhale,2
5.166,21:51:22.538,1160.0,993.0,inhale,2
5.191,21:51:22.563,1151.0,995.0,inhale,2
5.211,21:51:22.582,1160.0,993.0,inhale,2
5.232,21:51:22.604,1161.0,998.0,inhale,2
5.255,21:51:22.627,1167.0,1000.0,inhale,2
5.276,21:51:22.648,1165.0,996.0,inhale,2
5.298,21:51:22.670,1158.0,997.0,inhale,2
5.321,21:51:22.693,1163.0,999.0,inhale,2
5.343,21:51:22.715,1164.0,999.0,inhale,2
5.364,21:51:22.736,1162.0,996.0,inhale,2
5.387,21:51:22.759,1160.0,996.0,inhale,2
5.408,21:51:22.780,1159.0,992.0,inhale,2
5.430,21:51:22.802,1159.0,991.0,inhale,2
5.452,21:51:22.824,1163.0,990.0,inhale,2
5.475,21:51:22.847,1160.0,992.0,inhale,2
5.497,21:51:22.869,1158.0,991.0,inhale,2
5.518,21:51:22.890,1157.0,993.0,exhale,2
5.540,21:51:22.912,1156.0,992.0,exhale,2
5.562,21:51:22.934,1156.0,991.0,exhale,2
5.584,21:51:22.956,1158.0,992.0,exhale,2
5.606,21:51:22.978,1150.0,990.0,exhale,2
5.628,21:51:23.000,1160.0,991.0,exhale,2
5.650,21:51:23.022,1170.0,990.0,exhale,2
5.672,21:51:23.044,1159.0,993.0,exhale,2
5.694,21:51:23.066,1161.0,995.0,exhale,2
5.716,21:51:23.088,1157.0,996.0,exhale,2
5.738,21:51:23.110,1162.0,996.0,exhale,2
5.761,21:51:23.132,1167.0,994.0,exhale,2
5.782,21:51:23.154,1161.0,995.0,exhale,2
5.804,21:51:23.176,1165.0,994.0,exhale,2
5.826,21:51:23.198,1165.0,997.0,exhale,2
5.849,21:51:23.221,1171.0,1006.0,exhale,2
5.871,21:51:23.243,1163.0,1000.0,exhale,2
5.892,21:51:23.264,1168.0,999.0,exhale,2
5.914,21:51:23.286,1167.0,998.0,exhale,2
5.936,21:51:23.308,1167.0,995.0,exhale,2
5.958,21:51:23.330,1167.0,1001.0,exhale,2
5.980,21:51:23.352,1164.0,999.0,exhale,2
6.002,21:51:23.374,1170.0,998.0,exhale,2
6.024,21:51:23.396,1164.0,1004.0,exhale,2
6.046,21:51:23.418,1157.0,998.0,exhale,2
6.068,21:51:23.440,1162.0,1003.0,exhale,2
6.091,21:51:23.463,1174.0,1002.0,exhale,2
6.113,21:51:23.485,1171.0,1001.0,exhale,2
6.135,21:51:23.507,1170.0,1000.0,exhale,2
6.157,21:51:23.529,1171.0,1004.0,exhale,2
6.179,21:51:23.551,1169.0,1003.0,exhale,2
6.201,21:51:23.573,1168.0,1004.0,exhale,2
6.224,21:51:23.596,1168.0,1002.0,exhale,2
6.245,21:51:23.617,1173.0,1004.0,exhale,2
6.267,21:51:23.639,1169.0,1008.0,exhale,2
6.289,21:51:23.661,1175.0,1001.0,exhale,2
6.311,21:51:23.683,1171.0,1004.0,exhale,2
6.333,21:51:23.704,1168.0,1002.0,exhale,2
6.355,21:51:23.726,1168.0,1000.0,exhale,2
6.377,21:51:23.749,1174.0,1005.0,exhale,2
6.399,21:51:23.771,1170.0,1001.0,exhale,2
6.421,21:51:23.793,1168.0,1001.0,exhale,2
6.442,21:51:23.814,1172.0,1004.0,exhale,2
6.465,21:51:23.837,1168.0,1001.0,exhale,2
6.487,21:51:23.859,1167.0,1001.0,exhale,2
6.508,21:51:23.880,1170.0,1001.0,exhale,2
6.531,21:51:23.903,1172.0,1002.0,exhale,2
6.552,21:51:23.924,1175.0,999.0,exhale,2
6.575,21:51:23.947,1165.0,1004.0,exhale,2
6.597,21:51:23.969,1180.0,1002.0,exhale,2
6.618,21:51:23.990,1174.0,1005.0,exhale,2
6.643,21:51:24.015,1176.0,1004.0,exhale,2
6.663,21:51:24.035,1180.0,1007.0,exhale,2
6.685,21:51:24.057,1181.0,1006.0,exhale,2
6.712,21:51:24.084,1170.0,1006.0,exhale,2
6.728,21:51:24.100,1173.0,1000.0,exhale,2
6.750,21:51:24.122,1172.0,1008.0,exhale,2
6.772,21:51:24.144,1172.0,1002.0,exhale,2
6.794,21:51:24.166,1169.0,1002.0,exhale,2
6.816,21:51:24.188,1157.0,1000.0,exhale,2
6.838,21:51:24.210,1167.0,1001.0,exhale,2
6.861,21:51:24.233,1165.0,1001.0,exhale,2
6.882,21:51:24.254,1162.0,996.0,exhale,2
6.905,21:51:24.277,1156.0,1001.0,exhale,2
6.927,21:51:24.298,1162.0,1000.0,exhale,2
6.949,21:51:24.321,1161.0,993.0,exhale,2
6.971,21:51:24.343,1157.0,995.0,exhale,2
6.992,21:51:24.364,1158.0,994.0,exhale,2
7.014,21:51:24.386,1156.0,991.0,exhale,2
7.037,21:51:24.409,1160.0,994.0,exhale,2
7.058,21:51:24.430,1155.0,991.0,exhale,2
7.080,21:51:24.452,1155.0,991.0,exhale,2
7.103,21:51:24.474,1155.0,990.0,exhale,2
7.125,21:51:24.497,1152.0,993.0,exhale,2
7.146,21:51:24.518,1155.0,982.0,exhale,2
7.168,21:51:24.540,1151.0,984.0,exhale,2
7.191,21:51:24.563,1152.0,984.0,exhale,2
7.212,21:51:24.584,1140.0,988.0,exhale,2
7.234,21:51:24.606,1148.0,987.0,exhale,2
7.258,21:51:24.630,1149.0,984.0,exhale,2
7.279,21:51:24.651,1139.0,986.0,exhale,2
7.300,21:51:24.672,1148.0,983.0,exhale,2
7.325,21:51:24.697,1148.0,985.0,exhale,2
7.345,21:51:24.717,1149.0,983.0,exhale,2
7.366,21:51:24.738,1149.0,982.0,exhale,2
7.389,21:51:24.761,1147.0,974.0,exhale,2
7.411,21:51:24.783,1147.0,989.0,exhale,2
7.432,21:51:24.804,1144.0,982.0,exhale,2
7.455,21:51:24.827,1138.0,978.0,exhale,2
7.476,21:51:24.848,1148.0,980.0,exhale,2
7.499,21:51:24.870,1143.0,984.0,exhale,2
7.521,21:51:24.893,1141.0,979.0,exhale,2
7.543,21:51:24.915,1141.0,980.0,exhale,2
7.564,21:51:24.936,1141.0,982.0,exhale,2
7.586,21:51:24.958,1143.0,977.0,exhale,2
7.608,21:51:24.980,1144.0,980.0,exhale,2
7.631,21:51:25.002,1146.0,984.0,exhale,2
7.652,21:51:25.024,1152.0,984.0,exhale,2
7.674,21:51:25.046,1145.0,988.0,exhale,2
7.696,21:51:25.068,1152.0,988.0,exhale,2
7.718,21:51:25.090,1149.0,988.0,exhale,2
7.741,21:51:25.113,1150.0,989.0,exhale,2
7.762,21:51:25.134,1153.0,988.0,exhale,2
7.784,21:51:25.156,1155.0,989.0,exhale,2
7.806,21:51:25.178,1152.0,990.0,exhale,2
7.829,21:51:25.201,1156.0,991.0,exhale,2
7.855,21:51:25.227,1157.0,994.0,exhale,2
7.872,21:51:25.244,1158.0,989.0,exhale,2
7.894,21:51:25.266,1159.0,992.0,exhale,2
7.916,21:51:25.288,1159.0,991.0,exhale,2
7.938,21:51:25.310,1159.0,992.0,exhale,2
7.960,21:51:25.332,1160.0,995.0,exhale,2
7.982,21:51:25.354,1163.0,993.0,exhale,2
8.004,21:51:25.376,1158.0,994.0,inhale,3
8.026,21:51:25.398,1160.0,995.0,inhale,3
8.048,21:51:25.420,1159.0,994.0,inhale,3
8.071,21:51:25.443,1160.0,994.0,inhale,3
8.092,21:51:25.464,1159.0,994.0,inhale,3
8.114,21:51:25.486,1159.0,994.0,inhale,3
8.136,21:51:25.508,1160.0,995.0,inhale,3
8.158,21:51:25.530,1160.0,999.0,inhale,3
8.180,21:51:25.552,1158.0,994.0,inhale,3
8.202,21:51:25.574,1154.0,993.0,inhale,3
8.225,21:51:25.597,1159.0,994.0,inhale,3
8.246,21:51:25.618,1160.0,996.0,inhale,3
8.268,21:51:25.640,1159.0,994.0,inhale,3
8.290,21:51:25.662,1160.0,992.0,inhale,3
8.312,21:51:25.684,1160.0,994.0,inhale,3
8.334,21:51:25.706,1161.0,991.0,inhale,3
8.356,21:51:25.728,1165.0,993.0,inhale,3
8.379,21:51:25.750,1151.0,995.0,inhale,3
8.400,21:51:25.772,1158.0,993.0,inhale,3
8.424,21:51:25.796,1155.0,994.0,inhale,3
8.445,21:51:25.816,1162.0,992.0,inhale,3
8.466,21:51:25.838,1157.0,990.0,inhale,3
8.490,21:51:25.862,1163.0,992.0,inhale,3
8.511,21:51:25.882,1157.0,991.0,inhale,3
8.532,21:51:25.904,1158.0,994.0,inhale,3
8.555,21:51:25.927,1152.0,989.0,inhale,3
8.576,21:51:25.948,1153.0,990.0,inhale,3
8.598,21:51:25.970,1156.0,989.0,inhale,3
8.621,21:51:25.993,1156.0,992.0,inhale,3
8.642,21:51:26.014,1158.0,992.0,inhale,3
8.664,21:51:26.036,1161.0,994.0,inhale,3
8.687,21:51:26.058,1152.0,992.0,inhale,3
8.709,21:51:26.081,1154.0,993.0,inhale,3
8.730,21:51:26.102,1156.0,995.0,inhale,3
8.752,21:51:26.124,1158.0,987.0,inhale,3
8.775,21:51:26.146,1158.0,992.0,inhale,3
8.796,21:51:26.168,1158.0,992.0,inhale,3
8.819,21:51:26.190,1157.0,992.0,inhale,3
8.841,21:51:26.213,1156.0,993.0,inhale,3
8.862,21:51:26.234,1157.0,991.0,inhale,3
8.884,21:51:26.256,1156.0,988.0,inhale,3
8.907,21:51:26.278,1156.0,995.0,inhale,3
8.928,21:51:26.300,1155.0,990.0,inhale,3
8.950,21:51:26.322,1153.0,985.0,inhale,3
8.973,21:51:26.344,1155.0,992.0,inhale,3
9.004,21:51:26.376,1154.0,992.0,inhale,3
9.018,21:51:26.390,1151.0,991.0,inhale,3
9.038,21:51:26.410,1150.0,990.0,inhale,3
9.060,21:51:26.432,1144.0,987.0,inhale,3
9.082,21:51:26.454,1148.0,983.0,inhale,3
9.104,21:51:26.476,1149.0,982.0,inhale,3
9.126,21:51:26.498,1148.0,984.0,inhale,3
9.148,21:51:26.520,1148.0,993.0,inhale,3
9.170,21:51:26.542,1146.0,987.0,inhale,3
9.192,21:51:26.564,1141.0,989.0,inhale,3
9.214,21:51:26.586,1147.0,982.0,inhale,3
9.236,21:51:26.608,1146.0,980.0,inhale,3
9.258,21:51:26.630,1142.0,984.0,inhale,3
9.280,21:51:26.652,1141.0,983.0,inhale,3
9.302,21:51:26.674,1144.0,980.0,inhale,3
9.325,21:51:26.697,1146.0,981.0,inhale,3
9.346,21:51:26.718,1143.0,977.0,inhale,3
9.368,21:51:26.740,1143.0,985.0,inhale,3
9.391,21:51:26.763,1142.0,980.0,inhale,3
9.412,21:51:26.784,1145.0,982.0,inhale,3
9.434,21:51:26.806,1142.0,980.0,inhale,3
9.456,21:51:26.828,1144.0,980.0,inhale,3
9.478,21:51:26.850,1144.0,982.0,inhale,3
9.500,21:51:26.872,1143.0,979.0,exhale,3
9.524,21:51:26.896,1131.0,979.0,exhale,3
9.544,21:51:26.916,1143.0,981.0,exhale,3
9.567,21:51:26.939,1142.0,986.0,exhale,3
9.590,21:51:26.962,1144.0,981.0,exhale,3
9.610,21:51:26.982,1144.0,981.0,exhale,3
9.632,21:51:27.004,1143.0,979.0,exhale,3
9.655,21:51:27.027,1149.0,978.0,exhale,3
9.676,21:51:27.048,1146.0,986.0,exhale,3
9.698,21:51:27.070,1144.0,981.0,exhale,3
9.721,21:51:27.093,1145.0,979.0,exhale,3
9.742,21:51:27.114,1130.0,980.0,exhale,3
9.764,21:51:27.136,1149.0,982.0,exhale,3
9.786,21:51:27.158,1144.0,987.0,exhale,3
9.808,21:51:27.180,1149.0,980.0,exhale,3
9.830,21:51:27.202,1145.0,981.0,exhale,3
9.852,21:51:27.224,1147.0,985.0,exhale,3
9.874,21:51:27.246,1146.0,979.0,exhale,3
9.896,21:51:27.268,1147.0,984.0,exhale,3
9.918,21:51:27.290,1144.0,983.0,exhale,3
9.940,21:51:27.312,1148.0,984.0,exhale,3
9.962,21:51:27.334,1148.0,986.0,exhale,3
9.984,21:51:27.356,1147.0,984.0,exhale,3
10.006,21:51:27.378,1148.0,984.0,exhale,3
10.029,21:51:27.400,1153.0,983.0,exhale,3
10.052,21:51:27.424,1148.0,983.0,exhale,3
10.073,21:51:27.444,1144.0,984.0,exhale,3
10.094,21:51:27.466,1152.0,985.0,exhale,3
10.116,21:51:27.488,1150.0,984.0,exhale,3
10.152,21:51:27.524,1145.0,984.0,exhale,3
10.161,21:51:27.533,1148.0,987.0,exhale,3
10.182,21:51:27.554,1151.0,986.0,exhale,3
10.204,21:51:27.576,1150.0,985.0,exhale,3
10.226,21:51:27.598,1153.0,988.0,exhale,3
10.248,21:51:27.620,1156.0,989.0,exhale,3
10.270,21:51:27.642,1155.0,980.0,exhale,3
10.292,21:51:27.664,1148.0,991.0,exhale,3
10.314,21:51:27.686,1143.0,990.0,exhale,3
10.336,21:51:27.708,1155.0,989.0,exhale,3
10.358,21:51:27.730,1156.0,989.0,exhale,3
10.380,21:51:27.752,1154.0,989.0,exhale,3
10.402,21:51:27.774,1152.0,990.0,exhale,3
10.425,21:51:27.797,1152.0,987.0,exhale,3
10.446,21:51:27.818,1159.0,990.0,exhale,3
10.468,21:51:27.840,1156.0,990.0,exhale,3
10.491,21:51:27.863,1156.0,992.0,exhale,3
10.513,21:51:27.884,1158.0,984.0,exhale,3
10.534,21:51:27.906,1149.0,985.0,exhale,3
10.556,21:51:27.928,1153.0,989.0,exhale,3
10.578,21:51:27.950,1151.0,988.0,exhale,3
10.600,21:51:27.972,1139.0,986.0,exhale,3
10.622,21:51:27.994,1152.0,988.0,exhale,3
10.644,21:51:28.016,1149.0,977.0,exhale,3
10.666,21:51:28.038,1148.0,985.0,exhale,3
10.690,21:51:28.062,1147.0,983.0,exhale,3
10.710,21:51:28.082,1148.0,983.0,exhale,3
10.732,21:51:28.104,1147.0,983.0,exhale,3
10.754,21:51:28.126,1149.0,983.0,exhale,3
10.776,21:51:28.148,1147.0,983.0,exhale,3
10.798,21:51:28.170,1146.0,981.0,exhale,3
10.820,21:51:28.192,1145.0,984.0,exhale,3
10.842,21:51:28.214,1154.0,982.0,exhale,3
10.864,21:51:28.236,1147.0,982.0,exhale,3
10.886,21:51:28.258,1144.0,987.0,exhale,3
10.908,21:51:28.280,1135.0,978.0,exhale,3
10.930,21:51:28.302,1142.0,979.0,exhale,3
10.952,21:51:28.324,1141.0,982.0,exhale,3
10.974,21:51:28.346,1142.0,979.0,exhale,3
10.996,21:51:28.368,1140.0,979.0,exhale,3
11.018,21:51:28.390,1143.0,984.0,exhale,3
11.040,21:51:28.412,1143.0,981.0,exhale,3
11.062,21:51:28.434,1147.0,978.0,exhale,3
11.084,21:51:28.456,1139.0,982.0,exhale,3
11.107,21:51:28.479,1145.0,980.0,exhale,3
11.129,21:51:28.500,1145.0,983.0,exhale,3
11.150,21:51:28.522,1156.0,984.0,exhale,3
11.172,21:51:28.544,1150.0,979.0,exhale,3
11.195,21:51:28.567,1145.0,979.0,exhale,3
11.216,21:51:28.588,1142.0,982.0,exhale,3
11.239,21:51:28.610,1141.0,978.0,exhale,3
11.260,21:51:28.632,1141.0,978.0,exhale,3
11.283,21:51:28.654,1142.0,979.0,exhale,3
11.322,21:51:28.694,1139.0,977.0,exhale,3
11.328,21:51:28.700,1141.0,979.0,exhale,3
11.348,21:51:28.720,1139.0,976.0,exhale,3
11.370,21:51:28.742,1139.0,975.0,exhale,3
11.392,21:51:28.764,1150.0,976.0,exhale,3
11.414,21:51:28.786,1139.0,976.0,exhale,3
11.436,21:51:28.808,1136.0,973.0,exhale,3
11.458,21:51:28.830,1136.0,979.0,exhale,3
11.480,21:51:28.852,1138.0,975.0,exhale,3
11.502,21:51:28.874,1133.0,972.0,exhale,3
11.525,21:51:28.897,1134.0,975.0,exhale,3
11.546,21:51:28.918,1136.0,974.0,exhale,3
11.568,21:51:28.940,1131.0,961.0,exhale,3
11.590,21:51:28.962,1132.0,970.0,exhale,3
11.613,21:51:28.985,1131.0,970.0,exhale,3
11.634,21:51:29.006,1138.0,966.0,exhale,3
11.657,21:51:29.028,1131.0,969.0,exhale,3
11.679,21:51:29.051,1129.0,971.0,exhale,3
11.700,21:51:29.072,1131.0,966.0,exhale,3
11.724,21:51:29.096,1129.0,966.0,exhale,3
11.745,21:51:29.117,1128.0,968.0,exhale,3
11.766,21:51:29.138,1128.0,964.0,exhale,3
11.790,21:51:29.162,1130.0,961.0,exhale,3
11.811,21:51:29.183,1132.0,967.0,exhale,3
11.832,21:51:29.204,1133.0,966.0,exhale,3
11.855,21:51:29.227,1127.0,968.0,exhale,3
11.876,21:51:29.248,1117.0,973.0,exhale,3
11.899,21:51:29.271,1129.0,968.0,exhale,3
11.921,21:51:29.293,1130.0,973.0,exhale,3
11.942,21:51:29.314,1133.0,970.0,exhale,3
11.964,21:51:29.336,1132.0,971.0,exhale,3
11.987,21:51:29.359,1134.0,969.0,exhale,3
12.009,21:51:29.381,1136.0,972.0,inhale,4
12.030,21:51:29.402,1137.0,972.0,inhale,4
12.052,21:51:29.424,1135.0,976.0,inhale,4
12.075,21:51:29.447,1137.0,976.0,inhale,4
12.096,21:51:29.468,1143.0,978.0,inhale,4
12.118,21:51:29.490,1153.0,979.0,inhale,4
12.140,21:51:29.512,1142.0,982.0,inhale,4
12.162,21:51:29.534,1143.0,980.0,inhale,4
12.184,21:51:29.556,1142.0,975.0,inhale,4
12.206,21:51:29.578,1130.0,980.0,inhale,4
12.228,21:51:29.600,1149.0,986.0,inhale,4
12.250,21:51:29.622,1149.0,982.0,inhale,4
12.272,21:51:29.644,1144.0,979.0,inhale,4
12.295,21:51:29.667,1148.0,985.0,inhale,4
12.317,21:51:29.689,1147.0,984.0,inhale,4
12.339,21:51:29.710,1150.0,983.0,inhale,4
12.360,21:51:29.732,1150.0,984.0,inhale,4
12.382,21:51:29.754,1149.0,979.0,inhale,4
12.404,21:51:29.776,1152.0,983.0,inhale,4
12.426,21:51:29.798,1145.0,974.0,inhale,4
12.455,21:51:29.827,1143.0,983.0,inhale,4
12.472,21:51:29.844,1155.0,984.0,inhale,4
12.492,21:51:29.864,1152.0,986.0,inhale,4
12.514,21:51:29.886,1148.0,987.0,inhale,4
12.536,21:51:29.908,1149.0,984.0,inhale,4
12.558,21:51:29.930,1153.0,977.0,inhale,4
12.580,21:51:29.952,1148.0,986.0,inhale,4
12.602,21:51:29.974,1152.0,987.0,inhale,4
12.624,21:51:29.996,1152.0,983.0,inhale,4
12.646,21:51:30.018,1149.0,989.0,inhale,4
12.669,21:51:30.040,1153.0,991.0,inhale,4
12.690,21:51:30.062,1154.0,990.0,inhale,4
12.712,21:51:30.084,1154.0,991.0,inhale,4
12.735,21:51:30.107,1151.0,992.0,inhale,4
12.757,21:51:30.129,1154.0,990.0,inhale,4
12.778,21:51:30.150,1145.0,988.0,inhale,4
12.800,21:51:30.172,1151.0,989.0,inhale,4
12.824,21:51:30.196,1155.0,989.0,inhale,4
12.845,21:51:30.217,1165.0,991.0,inhale,4
12.866,21:51:30.238,1149.0,989.0,inhale,4
12.889,21:51:30.261,1153.0,987.0,inhale,4
12.910,21:51:30.282,1156.0,988.0,inhale,4
12.932,21:51:30.304,1148.0,992.0,inhale,4
12.956,21:51:30.328,1155.0,990.0,inhale,4
12.976,21:51:30.348,1155.0,989.0,inhale,4
12.998,21:51:30.370,1156.0,988.0,inhale,4
13.021,21:51:30.392,1152.0,990.0,inhale,4
13.042,21:51:30.414,1152.0,986.0,inhale,4
13.064,21:51:30.436,1158.0,993.0,inhale,4
13.086,21:51:30.458,1153.0,994.0,inhale,4
13.108,21:51:30.480,1152.0,986.0,inhale,4
13.130,21:51:30.502,1152.0,984.0,inhale,4
13.152,21:51:30.524,1151.0,988.0,inhale,4
13.174,21:51:30.546,1152.0,987.0,inhale,4
13.196,21:51:30.568,1153.0,982.0,inhale,4
13.218,21:51:30.590,1151.0,987.0,inhale,4
13.242,21:51:30.614,1145.0,983.0,inhale,4
13.262,21:51:30.634,1147.0,993.0,inhale,4
13.284,21:51:30.656,1149.0,981.0,inhale,4
13.306,21:51:30.678,1150.0,981.0,inhale,4
13.329,21:51:30.700,1150.0,982.0,inhale,4
13.350,21:51:30.722,1143.0,981.0,inhale,4
13.372,21:51:30.744,1143.0,979.0,inhale,4
13.394,21:51:30.766,1143.0,986.0,inhale,4
13.416,21:51:30.788,1140.0,982.0,inhale,4
13.438,21:51:30.810,1142.0,977.0,inhale,4
13.460,21:51:30.832,1145.0,983.0,inhale,4
13.482,21:51:30.854,1149.0,983.0,inhale,4
13.504,21:51:30.876,1138.0,979.0,exhale,4
13.526,21:51:30.898,1140.0,977.0,exhale,4
13.548,21:51:30.920,1141.0,976.0,exhale,4
13.570,21:51:30.942,1140.0,979.0,exhale,4
13.602,21:51:30.974,1127.0,974.0,exhale,4
13.616,21:51:30.988,1140.0,978.0,exhale,4
13.636,21:51:31.008,1137.0,979.0,exhale,4
13.658,21:51:31.030,1140.0,976.0,exhale,4
13.680,21:51:31.052,1141.0,980.0,exhale,4
13.702,21:51:31.074,1140.0,973.0,exhale,4
13.724,21:51:31.096,1140.0,977.0,exhale,4
13.746,21:51:31.118,1145.0,986.0,exhale,4
13.768,21:51:31.140,1136.0,977.0,exhale,4
13.791,21:51:31.163,1137.0,976.0,exhale,4
13.812,21:51:31.184,1138.0,968.0,exhale,4
13.834,21:51:31.206,1140.0,978.0,exhale,4
13.857,21:51:31.229,1139.0,979.0,exhale,4
13.879,21:51:31.250,1142.0,977.0,exhale,4
13.900,21:51:31.272,1140.0,978.0,exhale,4
13.925,21:51:31.297,1138.0,977.0,exhale,4
13.944,21:51:31.316,1150.0,978.0,exhale,4
13.966,21:51:31.338,1144.0,980.0,exhale,4
13.989,21:51:31.361,1141.0,978.0,exhale,4
14.010,21:51:31.382,1143.0,980.0,exhale,4
14.032,21:51:31.404,1145.0,979.0,exhale,4
14.054,21:51:31.426,1141.0,979.0,exhale,4
14.076,21:51:31.448,1141.0,983.0,exhale,4
14.098,21:51:31.470,1143.0,980.0,exhale,4
14.120,21:51:31.492,1147.0,980.0,exhale,4
14.142,21:51:31.514,1146.0,984.0,exhale,4
14.164,21:51:31.536,1146.0,987.0,exhale,4
14.186,21:51:31.558,1130.0,981.0,exhale,4
14.208,21:51:31.580,1144.0,982.0,exhale,4
14.231,21:51:31.603,1146.0,981.0,exhale,4
14.252,21:51:31.624,1144.0,984.0,exhale,4
14.274,21:51:31.646,1142.0,980.0,exhale,4
14.296,21:51:31.668,1144.0,981.0,exhale,4
14.318,21:51:31.690,1141.0,977.0,exhale,4
14.340,21:51:31.712,1146.0,982.0,exhale,4
14.362,21:51:31.734,1142.0,969.0,exhale,4
14.384,21:51:31.756,1142.0,981.0,exhale,4
14.407,21:51:31.779,1141.0,979.0,exhale,4
14.428,21:51:31.800,1145.0,972.0,exhale,4
14.450,21:51:31.822,1147.0,981.0,exhale,4
14.473,21:51:31.845,1132.0,979.0,exhale,4
14.494,21:51:31.866,1144.0,972.0,exhale,4
14.516,21:51:31.888,1142.0,980.0,exhale,4
14.539,21:51:31.911,1141.0,979.0,exhale,4
14.560,21:51:31.932,1140.0,987.0,exhale,4
14.582,21:51:31.954,1142.0,979.0,exhale,4
14.604,21:51:31.976,1141.0,979.0,exhale,4
14.626,21:51:31.998,1140.0,971.0,exhale,4
14.648,21:51:32.020,1140.0,979.0,exhale,4
14.670,21:51:32.042,1148.0,977.0,exhale,4
14.692,21:51:32.064,1126.0,976.0,exhale,4
14.714,21:51:32.086,1145.0,981.0,exhale,4
14.737,21:51:32.109,1135.0,978.0,exhale,4
14.758,21:51:32.130,1137.0,973.0,exhale,4
14.780,21:51:32.152,1134.0,962.0,exhale,4
14.802,21:51:32.174,1137.0,973.0,exhale,4
14.824,21:51:32.196,1135.0,978.0,exhale,4
14.847,21:51:32.219,1143.0,979.0,exhale,4
14.868,21:51:32.240,1133.0,978.0,exhale,4
14.897,21:51:32.269,1134.0,972.0,exhale,4
14.915,21:51:32.287,1131.0,972.0,exhale,4
14.934,21:51:32.306,1134.0,973.0,exhale,4
14.956,21:51:32.328,1132.0,971.0,exhale,4
14.978,21:51:32.350,1133.0,970.0,exhale,4
15.000,21:51:32.372,1130.0,970.0,exhale,4
15.023,21:51:32.395,1131.0,957.0,exhale,4
15.044,21:51:32.416,1134.0,965.0,exhale,4
15.066,21:51:32.438,1130.0,968.0,exhale,4
15.089,21:51:32.461,1143.0,964.0,exhale,4
15.110,21:51:32.482,1127.0,968.0,exhale,4
15.132,21:51:32.504,1129.0,966.0,exhale,4
15.155,21:51:32.527,1128.0,972.0,exhale,4
15.176,21:51:32.548,1131.0,968.0,exhale,4
15.198,21:51:32.570,1125.0,966.0,exhale,4
15.221,21:51:32.593,1127.0,967.0,exhale,4
15.242,21:51:32.614,1135.0,963.0,exhale,4
15.264,21:51:32.636,1127.0,969.0,exhale,4
15.286,21:51:32.658,1126.0,965.0,exhale,4
15.308,21:51:32.680,1126.0,964.0,exhale,4
15.330,21:51:32.702,1128.0,966.0,exhale,4
15.352,21:51:32.724,1123.0,964.0,exhale,4
15.374,21:51:32.746,1126.0,964.0,exhale,4
15.396,21:51:32.768,1126.0,965.0,exhale,4
15.418,21:51:32.790,1111.0,964.0,exhale,4
15.441,21:51:32.813,1122.0,959.0,exhale,4
15.462,21:51:32.834,1117.0,964.0,exhale,4
15.484,21:51:32.856,1127.0,962.0,exhale,4
15.506,21:51:32.878,1122.0,962.0,exhale,4
15.528,21:51:32.900,1123.0,962.0,exhale,4
15.550,21:51:32.922,1132.0,962.0,exhale,4
15.572,21:51:32.944,1115.0,964.0,exhale,4
15.594,21:51:32.966,1120.0,960.0,exhale,4
15.616,21:51:32.988,1119.0,962.0,exhale,4
15.638,21:51:33.010,1121.0,961.0,exhale,4
15.661,21:51:33.033,1119.0,958.0,exhale,4
15.683,21:51:33.055,1120.0,959.0,exhale,4
15.704,21:51:33.076,1120.0,960.0,exhale,4
15.727,21:51:33.098,1126.0,961.0,exhale,4
15.748,21:51:33.120,1118.0,957.0,exhale,4
15.770,21:51:33.142,1123.0,960.0,exhale,4
15.792,21:51:33.164,1117.0,960.0,exhale,4
15.814,21:51:33.186,1116.0,960.0,exhale,4
15.836,21:51:33.208,1113.0,960.0,exhale,4
15.859,21:51:33.230,1115.0,961.0,exhale,4
15.880,21:51:33.252,1119.0,962.0,exhale,4
15.902,21:51:33.274,1121.0,957.0,exhale,4
15.924,21:51:33.296,1121.0,961.0,exhale,4
15.946,21:51:33.318,1123.0,960.0,exhale,4
15.968,21:51:33.340,1119.0,958.0,exhale,4
15.990,21:51:33.362,1120.0,973.0,exhale,4
16.012,21:51:33.384,1125.0,965.0,inhale,5
16.035,21:51:33.407,1123.0,963.0,inhale,5
16.057,21:51:33.429,1125.0,961.0,inhale,5
16.078,21:51:33.450,1129.0,966.0,inhale,5
16.100,21:51:33.472,1128.0,965.0,inhale,5
16.122,21:51:33.494,1122.0,970.0,inhale,5
16.144,21:51:33.516,1128.0,968.0,inhale,5
16.166,21:51:33.538,1128.0,968.0,inhale,5
16.188,21:51:33.560,1130.0,968.0,inhale,5
16.210,21:51:33.582,1126.0,967.0,inhale,5
16.232,21:51:33.604,1131.0,971.0,inhale,5
16.254,21:51:33.626,1131.0,963.0,inhale,5
16.276,21:51:33.648,1134.0,970.0,inhale,5
16.298,21:51:33.670,1134.0,972.0,inhale,5
16.321,21:51:33.693,1132.0,972.0,inhale,5
16.342,21:51:33.714,1133.0,969.0,inhale,5
16.364,21:51:33.736,1132.0,973.0,inhale,5
16.386,21:51:33.758,1135.0,975.0,inhale,5
16.408,21:51:33.780,1136.0,974.0,inhale,5
16.430,21:51:33.802,1139.0,973.0,inhale,5
16.452,21:51:33.824,1131.0,975.0,inhale,5
16.474,21:51:33.846,1135.0,975.0,inhale,5
16.496,21:51:33.868,1139.0,973.0,inhale,5
16.518,21:51:33.890,1137.0,978.0,inhale,5
16.541,21:51:33.913,1135.0,975.0,inhale,5
16.562,21:51:33.934,1139.0,977.0,inhale,5
16.584,21:51:33.956,1138.0,966.0,inhale,5
16.607,21:51:33.979,1137.0,978.0,inhale,5
16.628,21:51:34.000,1133.0,979.0,inhale,5
16.650,21:51:34.022,1139.0,978.0,inhale,5
16.672,21:51:34.044,1142.0,977.0,inhale,5
16.694,21:51:34.066,1137.0,981.0,inhale,5
16.716,21:51:34.088,1140.0,979.0,inhale,5
16.738,21:51:34.110,1138.0,976.0,inhale,5
16.760,21:51:34.132,1144.0,973.0,inhale,5
16.782,21:51:34.154,1141.0,977.0,inhale,5
16.804,21:51:34.176,1140.0,976.0,inhale,5
16.826,21:51:34.198,1146.0,977.0,inhale,5
16.848,21:51:34.220,1140.0,977.0,inhale,5
16.870,21:51:34.242,1128.0,979.0,inhale,5
16.892,21:51:34.264,1140.0,978.0,inhale,5
16.914,21:51:34.286,1142.0,980.0,inhale,5
16.936,21:51:34.308,1143.0,979.0,inhale,5
16.958,21:51:34.330,1142.0,974.0,inhale,5
16.980,21:51:34.352,1144.0,981.0,inhale,5
17.002,21:51:34.374,1148.0,983.0,inhale,5
17.025,21:51:34.397,1143.0,972.0,inhale,5
17.046,21:51:34.418,1146.0,981.0,inhale,5
17.068,21:51:34.440,1139.0,980.0,inhale,5
17.090,21:51:34.462,1143.0,981.0,inhale,5
17.112,21:51:34.484,1146.0,985.0,inhale,5
17.134,21:51:34.506,1145.0,997.0,inhale,5
17.156,21:51:34.528,1144.0,980.0,inhale,5
17.178,21:51:34.550,1151.0,978.0,inhale,5
17.200,21:51:34.572,1145.0,978.0,inhale,5
17.224,21:51:34.596,1143.0,980.0,inhale,5
17.244,21:51:34.616,1145.0,974.0,inhale,5
17.266,21:51:34.638,1150.0,982.0,inhale,5
17.290,21:51:34.662,1141.0,979.0,inhale,5
17.310,21:51:34.682,1143.0,979.0,inhale,5
17.332,21:51:34.704,1143.0,976.0,inhale,5
17.354,21:51:34.726,1141.0,981.0,inhale,5
17.376,21:51:34.748,1142.0,978.0,inhale,5
17.398,21:51:34.770,1142.0,982.0,inhale,5
17.421,21:51:34.793,1138.0,978.0,inhale,5
17.443,21:51:34.815,1130.0,976.0,inhale,5
17.472,21:51:34.844,1141.0,976.0,inhale,5
17.487,21:51:34.858,1134.0,976.0,inhale,5
17.508,21:51:34.880,1136.0,976.0,exhale,5
17.530,21:51:34.902,1137.0,977.0,exhale,5
17.552,21:51:34.924,1129.0,979.0,exhale,5
17.574,21:51:34.946,1136.0,970.0,exhale,5
17.596,21:51:34.968,1135.0,969.0,exhale,5
17.618,21:51:34.990,1133.0,970.0,exhale,5
17.640,21:51:35.012,1135.0,970.0,exhale,5
17.662,21:51:35.034,1137.0,974.0,exhale,5
17.684,21:51:35.056,1133.0,969.0,exhale,5
17.706,21:51:35.078,1133.0,969.0,exhale,5
17.728,21:51:35.100,1132.0,968.0,exhale,5
17.750,21:51:35.122,1136.0,971.0,exhale,5
17.772,21:51:35.144,1132.0,969.0,exhale,5
17.794,21:51:35.166,1131.0,973.0,exhale,5
17.816,21:51:35.188,1133.0,978.0,exhale,5
17.838,21:51:35.210,1132.0,971.0,exhale,5
17.860,21:51:35.232,1132.0,973.0,exhale,5
17.882,21:51:35.254,1131.0,972.0,exhale,5
17.904,21:51:35.276,1135.0,971.0,exhale,5
17.926,21:51:35.298,1134.0,973.0,exhale,5
17.948,21:51:35.320,1132.0,974.0,exhale,5
17.970,21:51:35.342,1133.0,973.0,exhale,5
17.992,21:51:35.364,1131.0,973.0,exhale,5
18.014,21:51:35.386,1136.0,977.0,exhale,5
18.036,21:51:35.408,1129.0,974.0,exhale,5
18.058,21:51:35.430,1132.0,972.0,exhale,5
18.080,21:51:35.452,1137.0,975.0,exhale,5
18.102,21:51:35.474,1136.0,975.0,exhale,5
18.124,21:51:35.496,1138.0,973.0,exhale,5
18.146,21:51:35.518,1141.0,976.0,exhale,5
18.168,21:51:35.540,1138.0,968.0,exhale,5
18.191,21:51:35.563,1135.0,973.0,exhale,5
18.212,21:51:35.584,1137.0,978.0,exhale,5
18.234,21:51:35.606,1135.0,973.0,exhale,5
18.256,21:51:35.628,1136.0,973.0,exhale,5
18.279,21:51:35.650,1141.0,974.0,exhale,5
18.300,21:51:35.672,1138.0,975.0,exhale,5
18.325,21:51:35.697,1142.0,981.0,exhale,5
18.344,21:51:35.716,1138.0,976.0,exhale,5
18.366,21:51:35.738,1137.0,975.0,exhale,5
18.388,21:51:35.760,1135.0,977.0,exhale,5
18.410,21:51:35.782,1141.0,977.0,exhale,5
18.432,21:51:35.804,1127.0,977.0,exhale,5
18.454,21:51:35.826,1139.0,977.0,exhale,5
18.476,21:51:35.848,1141.0,976.0,exhale,5
18.498,21:51:35.870,1138.0,978.0,exhale,5
18.520,21:51:35.892,1137.0,980.0,exhale,5
18.542,21:51:35.914,1138.0,983.0,exhale,5
18.564,21:51:35.936,1141.0,977.0,exhale,5
18.586,21:51:35.958,1152.0,975.0,exhale,5
18.615,21:51:35.987,1143.0,979.0,exhale,5
18.634,21:51:36.006,1140.0,979.0,exhale,5
18.652,21:51:36.024,1138.0,977.0,exhale,5
18.674,21:51:36.046,1136.0,978.0,exhale,5
18.696,21:51:36.068,1138.0,980.0,exhale,5
18.718,21:51:36.090,1139.0,976.0,exhale,5
18.740,21:51:36.112,1139.0,975.0,exhale,5
18.762,21:51:36.134,1137.0,976.0,exhale,5
18.784,21:51:36.156,1136.0,973.0,exhale,5
18.806,21:51:36.178,1138.0,974.0,exhale,5
18.828,21:51:36.200,1138.0,982.0,exhale,5
18.850,21:51:36.222,1137.0,976.0,exhale,5
18.872,21:51:36.244,1136.0,963.0,exhale,5
18.894,21:51:36.266,1124.0,974.0,exhale,5
18.916,21:51:36.288,1124.0,976.0,exhale,5
18.939,21:51:36.311,1134.0,973.0,exhale,5
18.960,21:51:36.332,1134.0,962.0,exhale,5
18.983,21:51:36.354,1136.0,973.0,exhale,5
19.004,21:51:36.376,1126.0,971.0,exhale,5
19.026,21:51:36.398,1131.0,973.0,exhale,5
19.048,21:51:36.420,1133.0,969.0,exhale,5
19.070,21:51:36.442,1132.0,973.0,exhale,5
19.092,21:51:36.464,1132.0,970.0,exhale,5
19.114,21:51:36.486,1136.0,971.0,exhale,5
19.136,21:51:36.508,1132.0,971.0,exhale,5
19.158,21:51:36.530,1123.0,971.0,exhale,5
19.180,21:51:36.552,1132.0,968.0,exhale,5
19.202,21:51:36.574,1130.0,970.0,exhale,5
19.224,21:51:36.596,1123.0,968.0,exhale,5
19.246,21:51:36.618,1131.0,970.0,exhale,5
19.268,21:51:36.640,1133.0,970.0,exhale,5
19.291,21:51:36.663,1128.0,971.0,exhale,5
19.312,21:51:36.684,1122.0,973.0,exhale,5
19.334,21:51:36.706,1131.0,969.0,exhale,5
19.356,21:51:36.728,1134.0,971.0,exhale,5
19.379,21:51:36.751,1132.0,973.0,exhale,5
19.400,21:51:36.772,1133.0,968.0,exhale,5
19.423,21:51:36.795,1132.0,961.0,exhale,5
19.444,21:51:36.816,1128.0,972.0,exhale,5
19.466,21:51:36.838,1133.0,967.0,exhale,5
19.490,21:51:36.862,1129.0,966.0,exhale,5
19.510,21:51:36.882,1127.0,966.0,exhale,5
19.532,21:51:36.904,1128.0,965.0,exhale,5
19.554,21:51:36.926,1136.0,966.0,exhale,5
19.576,21:51:36.948,1128.0,966.0,exhale,5
19.598,21:51:36.970,1132.0,965.0,exhale,5
19.621,21:51:36.993,1126.0,968.0,exhale,5
19.642,21:51:37.014,1127.0,967.0,exhale,5
19.664,21:51:37.036,1127.0,959.0,exhale,5
19.687,21:51:37.059,1118.0,964.0,exhale,5
19.708,21:51:37.080,1124.0,958.0,exhale,5
19.730,21:51:37.102,1121.0,968.0,exhale,5
19.755,21:51:37.127,1124.0,967.0,exhale,5
19.775,21:51:37.147,1124.0,964.0,exhale,5
19.796,21:51:37.168,1125.0,965.0,exhale,5
19.818,21:51:37.190,1119.0,964.0,exhale,5
19.840,21:51:37.212,1121.0,963.0,exhale,5
19.862,21:51:37.234,1122.0,963.0,exhale,5
19.884,21:51:37.256,1121.0,959.0,exhale,5
19.906,21:51:37.278,1120.0,963.0,exhale,5
19.929,21:51:37.301,1124.0,962.0,exhale,5
19.950,21:51:37.322,1125.0,961.0,exhale,5
19.973,21:51:37.345,1120.0,958.0,exhale,5
19.994,21:51:37.366,1122.0,960.0,exhale,5
20.017,21:51:37.388,1121.0,962.0,inhale,6
20.038,21:51:37.410,1120.0,959.0,inhale,6
20.060,21:51:37.432,1120.0,961.0,inhale,6
20.082,21:51:37.454,1120.0,962.0,inhale,6
20.104,21:51:37.476,1119.0,960.0,inhale,6
20.126,21:51:37.498,1119.0,958.0,inhale,6
20.148,21:51:37.520,1118.0,960.0,inhale,6
20.170,21:51:37.542,1115.0,957.0,inhale,6
20.192,21:51:37.564,1116.0,958.0,inhale,6
20.214,21:51:37.586,1117.0,949.0,inhale,6
20.236,21:51:37.608,1119.0,968.0,inhale,6
20.258,21:51:37.630,1113.0,959.0,inhale,6
20.280,21:51:37.652,1123.0,961.0,inhale,6
20.302,21:51:37.674,1121.0,963.0,inhale,6
20.324,21:51:37.696,1116.0,960.0,inhale,6
20.346,21:51:37.718,1120.0,956.0,inhale,6
20.368,21:51:37.740,1124.0,968.0,inhale,6
20.390,21:51:37.762,1127.0,967.0,inhale,6
20.412,21:51:37.784,1128.0,964.0,inhale,6
20.434,21:51:37.806,1127.0,965.0,inhale,6
20.456,21:51:37.828,1128.0,966.0,inhale,6
20.479,21:51:37.850,1125.0,968.0,inhale,6
20.500,21:51:37.872,1131.0,969.0,inhale,6
20.523,21:51:37.895,1133.0,969.0,inhale,6
20.544,21:51:37.916,1132.0,973.0,inhale,6
20.566,21:51:37.938,1138.0,973.0,inhale,6
20.590,21:51:37.962,1135.0,979.0,inhale,6
20.610,21:51:37.982,1133.0,974.0,inhale,6
20.632,21:51:38.004,1138.0,975.0,inhale,6
20.657,21:51:38.029,1137.0,975.0,inhale,6
20.677,21:51:38.048,1140.0,976.0,inhale,6
20.698,21:51:38.070,1140.0,978.0,inhale,6
20.720,21:51:38.092,1129.0,975.0,inhale,6
20.742,21:51:38.114,1139.0,976.0,inhale,6
20.764,21:51:38.136,1135.0,977.0,inhale,6
20.786,21:51:38.158,1126.0,977.0,inhale,6
20.808,21:51:38.180,1120.0,976.0,inhale,6
20.830,21:51:38.202,1142.0,974.0,inhale,6
20.852,21:51:38.224,1143.0,977.0,inhale,6
20.875,21:51:38.247,1141.0,979.0,inhale,6
20.900,21:51:38.272,1142.0,976.0,inhale,6
20.918,21:51:38.290,1141.0,971.0,inhale,6
20.940,21:51:38.312,1143.0,966.0,inhale,6
20.962,21:51:38.334,1142.0,980.0,inhale,6
20.984,21:51:38.356,1143.0,979.0,inhale,6
21.006,21:51:38.378,1140.0,984.0,inhale,6
21.028,21:51:38.400,1145.0,977.0,inhale,6
21.050,21:51:38.422,1142.0,982.0,inhale,6
21.072,21:51:38.444,1143.0,979.0,inhale,6
21.094,21:51:38.466,1149.0,980.0,inhale,6
21.116,21:51:38.488,1135.0,978.0,inhale,6
21.138,21:51:38.510,1142.0,983.0,inhale,6
21.160,21:51:38.532,1146.0,980.0,inhale,6
21.182,21:51:38.554,1141.0,979.0,inhale,6
21.204,21:51:38.576,1142.0,978.0,inhale,6
21.226,21:51:38.598,1143.0,987.0,inhale,6
21.248,21:51:38.620,1143.0,981.0,inhale,6
21.270,21:51:38.642,1140.0,978.0,inhale,6
21.294,21:51:38.666,1142.0,982.0,inhale,6
21.314,21:51:38.686,1143.0,981.0,inhale,6
21.336,21:51:38.708,1142.0,977.0,inhale,6
21.358,21:51:38.730,1145.0,984.0,inhale,6
21.380,21:51:38.752,1144.0,992.0,inhale,6
21.402,21:51:38.774,1134.0,979.0,inhale,6
21.424,21:51:38.796,1141.0,975.0,inhale,6
21.446,21:51:38.818,1142.0,978.0,inhale,6
21.468,21:51:38.840,1131.0,975.0,inhale,6
21.493,21:51:38.865,1139.0,978.0,inhale,6
21.512,21:51:38.884,1137.0,979.0,exhale,6
21.534,21:51:38.906,1139.0,982.0,exhale,6
21.557,21:51:38.929,1143.0,976.0,exhale,6
21.578,21:51:38.950,1140.0,975.0,exhale,6
21.600,21:51:38.972,1140.0,977.0,exhale,6
21.624,21:51:38.996,1139.0,978.0,exhale,6
21.644,21:51:39.016,1139.0,975.0,exhale,6
21.666,21:51:39.038,1138.0,974.0,exhale,6
21.691,21:51:39.063,1146.0,975.0,exhale,6
21.711,21:51:39.083,1136.0,973.0,exhale,6
21.732,21:51:39.104,1136.0,974.0,exhale,6
21.755,21:51:39.127,1129.0,970.0,exhale,6
21.776,21:51:39.148,1134.0,975.0,exhale,6
21.798,21:51:39.170,1134.0,968.0,exhale,6
21.820,21:51:39.192,1132.0,971.0,exhale,6
21.842,21:51:39.214,1129.0,971.0,exhale,6
21.864,21:51:39.236,1132.0,972.0,exhale,6
21.886,21:51:39.258,1137.0,969.0,exhale,6
21.908,21:51:39.280,1132.0,969.0,exhale,6
21.930,21:51:39.302,1124.0,969.0,exhale,6
21.952,21:51:39.324,1148.0,970.0,exhale,6
21.974,21:51:39.346,1129.0,969.0,exhale,6
21.996,21:51:39.368,1138.0,973.0,exhale,6
22.018,21:51:39.390,1127.0,974.0,exhale,6
22.041,21:51:39.413,1131.0,971.0,exhale,6
22.062,21:51:39.434,1139.0,970.0,exhale,6
22.085,21:51:39.456,1133.0,970.0,exhale,6
22.106,21:51:39.478,1131.0,970.0,exhale,6
22.128,21:51:39.500,1132.0,970.0,exhale,6
22.150,21:51:39.522,1138.0,970.0,exhale,6
22.173,21:51:39.544,1139.0,971.0,exhale,6
22.194,21:51:39.566,1133.0,971.0,exhale,6
22.216,21:51:39.588,1134.0,972.0,exhale,6
22.239,21:51:39.611,1132.0,971.0,exhale,6
22.266,21:51:39.638,1136.0,973.0,exhale,6
22.286,21:51:39.658,1136.0,963.0,exhale,6
22.304,21:51:39.676,1133.0,973.0,exhale,6
22.326,21:51:39.698,1126.0,972.0,exhale,6
22.348,21:51:39.720,1134.0,974.0,exhale,6
22.370,21:51:39.742,1132.0,979.0,exhale,6
22.392,21:51:39.764,1132.0,975.0,exhale,6
22.414,21:51:39.786,1134.0,974.0,exhale,6
22.436,21:51:39.808,1137.0,974.0,exhale,6
22.458,21:51:39.830,1134.0,972.0,exhale,6
22.480,21:51:39.852,1134.0,975.0,exhale,6
22.502,21:51:39.874,1132.0,976.0,exhale,6
22.525,21:51:39.897,1132.0,972.0,exhale,6
22.546,21:51:39.918,1137.0,975.0,exhale,6
22.568,21:51:39.940,1135.0,987.0,exhale,6
22.591,21:51:39.963,1135.0,977.0,exhale,6
22.612,21:51:39.984,1135.0,977.0,exhale,6
22.634,21:51:40.006,1135.0,970.0,exhale,6
22.659,21:51:40.031,1127.0,971.0,exhale,6
22.679,21:51:40.050,1133.0,971.0,exhale,6
22.701,21:51:40.072,1132.0,969.0,exhale,6
22.725,21:51:40.097,1131.0,970.0,exhale,6
22.744,21:51:40.116,1134.0,972.0,exhale,6
22.766,21:51:40.138,1140.0,973.0,exhale,6
22.790,21:51:40.162,1133.0,972.0,exhale,6
22.810,21:51:40.182,1135.0,973.0,exhale,6
22.832,21:51:40.204,1134.0,975.0,exhale,6
22.854,21:51:40.226,1130.0,973.0,exhale,6
22.877,21:51:40.248,1135.0,972.0,exhale,6
22.898,21:51:40.270,1137.0,974.0,exhale,6
22.921,21:51:40.293,1135.0,974.0,exhale,6
22.942,21:51:40.314,1135.0,974.0,exhale,6
22.964,21:51:40.336,1134.0,977.0,exhale,6
22.987,21:51:40.358,1137.0,974.0,exhale,6
23.008,21:51:40.380,1136.0,974.0,exhale,6
23.030,21:51:40.402,1139.0,979.0,exhale,6
23.052,21:51:40.424,1137.0,974.0,exhale,6
23.074,21:51:40.446,1140.0,978.0,exhale,6
23.097,21:51:40.469,1129.0,975.0,exhale,6
23.118,21:51:40.490,1132.0,977.0,exhale,6
23.140,21:51:40.512,1134.0,971.0,exhale,6
23.162,21:51:40.534,1133.0,970.0,exhale,6
23.184,21:51:40.556,1134.0,971.0,exhale,6
23.206,21:51:40.578,1131.0,972.0,exhale,6
23.229,21:51:40.601,1132.0,967.0,exhale,6
23.250,21:51:40.622,1131.0,972.0,exhale,6
23.272,21:51:40.644,1138.0,969.0,exhale,6
23.294,21:51:40.666,1129.0,970.0,exhale,6
23.316,21:51:40.688,1132.0,970.0,exhale,6
23.338,21:51:40.710,1115.0,969.0,exhale,6
23.360,21:51:40.732,1133.0,968.0,exhale,6
23.382,21:51:40.754,1131.0,969.0,exhale,6
23.410,21:51:40.782,1127.0,970.0,exhale,6
23.427,21:51:40.799,1127.0,968.0,exhale,6
23.448,21:51:40.820,1122.0,967.0,exhale,6
23.470,21:51:40.842,1128.0,973.0,exhale,6
23.492,21:51:40.864,1134.0,966.0,exhale,6
23.514,21:51:40.886,1129.0,967.0,exhale,6
23.536,21:51:40.908,1126.0,967.0,exhale,6
23.558,21:51:40.930,1134.0,967.0,exhale,6
23.580,21:51:40.952,1126.0,976.0,exhale,6
23.603,21:51:40.975,1122.0,965.0,exhale,6
23.625,21:51:40.997,1120.0,963.0,exhale,6
23.646,21:51:41.018,1134.0,965.0,exhale,6
23.668,21:51:41.040,1123.0,965.0,exhale,6
23.691,21:51:41.063,1123.0,962.0,exhale,6
23.712,21:51:41.084,1123.0,962.0,exhale,6
23.734,21:51:41.106,1120.0,962.0,exhale,6
23.757,21:51:41.129,1114.0,962.0,exhale,6
23.778,21:51:41.150,1122.0,961.0,exhale,6
23.800,21:51:41.172,1131.0,965.0,exhale,6
23.823,21:51:41.195,1122.0,960.0,exhale,6
23.844,21:51:41.216,1120.0,963.0,exhale,6
23.866,21:51:41.238,1122.0,964.0,exhale,6
23.890,21:51:41.262,1119.0,959.0,exhale,6
23.910,21:51:41.282,1122.0,961.0,exhale,6
23.932,21:51:41.304,1121.0,962.0,exhale,6
23.956,21:51:41.328,1119.0,962.0,exhale,6
23.976,21:51:41.348,1126.0,960.0,exhale,6
23.998,21:51:41.370,1119.0,962.0,exhale,6
24.021,21:51:41.393,1120.0,961.0,inhale,7
24.042,21:51:41.414,1120.0,958.0,inhale,7
24.064,21:51:41.436,1120.0,959.0,inhale,7
24.086,21:51:41.458,1130.0,956.0,inhale,7
24.108,21:51:41.480,1120.0,960.0,inhale,7
24.130,21:51:41.502,1119.0,957.0,inhale,7
24.152,21:51:41.524,1117.0,961.0,inhale,7
24.175,21:51:41.546,1112.0,959.0,inhale,7
24.196,21:51:41.568,1125.0,962.0,inhale,7
24.218,21:51:41.590,1120.0,962.0,inhale,7
24.240,21:51:41.612,1115.0,954.0,inhale,7
24.262,21:51:41.634,1115.0,959.0,inhale,7
24.284,21:51:41.656,1103.0,959.0,inhale,7
24.307,21:51:41.679,1113.0,947.0,inhale,7
24.329,21:51:41.700,1115.0,961.0,inhale,7
24.350,21:51:41.722,1116.0,957.0,inhale,7
24.372,21:51:41.744,1115.0,957.0,inhale,7
24.394,21:51:41.766,1123.0,959.0,inhale,7
24.416,21:51:41.788,1119.0,960.0,inhale,7
24.439,21:51:41.811,1116.0,963.0,inhale,7
24.460,21:51:41.832,1123.0,962.0,inhale,7
24.482,21:51:41.854,1127.0,963.0,inhale,7
24.504,21:51:41.876,1130.0,963.0,inhale,7
24.526,21:51:41.898,1126.0,965.0,inhale,7
24.548,21:51:41.920,1129.0,967.0,inhale,7
24.571,21:51:41.943,1130.0,968.0,inhale,7
24.592,21:51:41.964,1131.0,969.0,inhale,7
24.614,21:51:41.986,1132.0,971.0,inhale,7
24.636,21:51:42.008,1131.0,970.0,inhale,7
24.658,21:51:42.030,1135.0,971.0,inhale,7
24.688,21:51:42.060,1134.0,965.0,inhale,7
24.702,21:51:42.074,1134.0,972.0,inhale,7
24.724,21:51:42.096,1138.0,974.0,inhale,7
24.746,21:51:42.118,1133.0,975.0,inhale,7
24.768,21:51:42.140,1136.0,975.0,inhale,7
24.790,21:51:42.162,1138.0,973.0,inhale,7
24.812,21:51:42.184,1139.0,978.0,inhale,7
24.834,21:51:42.206,1138.0,974.0,inhale,7
24.856,21:51:42.228,1135.0,976.0,inhale,7
24.878,21:51:42.250,1140.0,977.0,inhale,7
24.900,21:51:42.272,1137.0,977.0,inhale,7
24.924,21:51:42.296,1135.0,972.0,inhale,7
24.944,21:51:42.316,1144.0,978.0,inhale,7
24.966,21:51:42.338,1142.0,979.0,inhale,7
24.991,21:51:42.363,1141.0,978.0,inhale,7
25.010,21:51:42.382,1140.0,977.0,inhale,7
25.032,21:51:42.404,1141.0,973.0,inhale,7
25.055,21:51:42.427,1142.0,968.0,inhale,7
25.076,21:51:42.448,1146.0,981.0,inhale,7
25.098,21:51:42.470,1141.0,978.0,inhale,7
25.120,21:51:42.492,1140.0,977.0,inhale,7
25.142,21:51:42.514,1134.0,979.0,inhale,7
25.164,21:51:42.536,1140.0,979.0,inhale,7
25.186,21:51:42.558,1140.0,981.0,inhale,7
25.208,21:51:42.580,1144.0,978.0,inhale,7
25.231,21:51:42.603,1152.0,979.0,inhale,7
25.252,21:51:42.624,1143.0,985.0,inhale,7
25.274,21:51:42.646,1149.0,982.0,inhale,7
25.296,21:51:42.668,1142.0,974.0,inhale,7
25.318,21:51:42.690,1141.0,981.0,inhale,7
25.340,21:51:42.712,1135.0,979.0,inhale,7
25.362,21:51:42.734,1143.0,976.0,inhale,7
25.384,21:51:42.756,1134.0,981.0,inhale,7
25.407,21:51:42.779,1143.0,980.0,inhale,7
25.428,21:51:42.800,1142.0,981.0,inhale,7
25.450,21:51:42.822,1145.0,979.0,inhale,7
25.472,21:51:42.844,1150.0,978.0,inhale,7
25.494,21:51:42.866,1142.0,981.0,inhale,7
25.516,21:51:42.888,1143.0,979.0,exhale,7
25.539,21:51:42.911,1140.0,978.0,exhale,7
25.560,21:51:42.932,1140.0,977.0,exhale,7
25.583,21:51:42.954,1138.0,966.0,exhale,7
25.604,21:51:42.976,1144.0,978.0,exhale,7
25.626,21:51:42.998,1138.0,977.0,exhale,7
25.649,21:51:43.021,1137.0,975.0,exhale,7
25.670,21:51:43.042,1133.0,974.0,exhale,7
25.692,21:51:43.064,1135.0,974.0,exhale,7
25.714,21:51:43.086,1137.0,974.0,exhale,7
25.736,21:51:43.108,1137.0,978.0,exhale,7
25.758,21:51:43.130,1136.0,978.0,exhale,7
25.780,21:51:43.152,1133.0,975.0,exhale,7
25.802,21:51:43.174,1132.0,975.0,exhale,7
25.826,21:51:43.198,1136.0,972.0,exhale,7
25.846,21:51:43.218,1134.0,972.0,exhale,7
25.868,21:51:43.240,1136.0,973.0,exhale,7
25.890,21:51:43.262,1134.0,972.0,exhale,7
25.912,21:51:43.284,1136.0,974.0,exhale,7
25.934,21:51:43.306,1137.0,967.0,exhale,7
25.956,21:51:43.328,1133.0,979.0,exhale,7
25.978,21:51:43.350,1125.0,979.0,exhale,7
26.000,21:51:43.372,1142.0,976.0,exhale,7
26.022,21:51:43.394,1139.0,976.0,exhale,7
26.044,21:51:43.416,1139.0,982.0,exhale,7
26.066,21:51:43.438,1141.0,971.0,exhale,7
26.088,21:51:43.460,1141.0,975.0,exhale,7
26.110,21:51:43.482,1142.0,972.0,exhale,7
26.132,21:51:43.504,1131.0,975.0,exhale,7
26.155,21:51:43.527,1139.0,977.0,exhale,7
26.177,21:51:43.549,1137.0,970.0,exhale,7
26.198,21:51:43.570,1140.0,977.0,exhale,7
26.220,21:51:43.592,1125.0,982.0,exhale,7
26.242,21:51:43.614,1133.0,977.0,exhale,7
26.264,21:51:43.636,1130.0,978.0,exhale,7
26.286,21:51:43.658,1141.0,978.0,exhale,7
26.308,21:51:43.680,1140.0,978.0,exhale,7
26.330,21:51:43.702,1142.0,979.0,exhale,7
26.352,21:51:43.724,1142.0,966.0,exhale,7
26.374,21:51:43.746,1141.0,975.0,exhale,7
26.396,21:51:43.768,1140.0,978.0,exhale,7
26.418,21:51:43.790,1139.0,978.0,exhale,7
26.441,21:51:43.813,1134.0,980.0,exhale,7
26.462,21:51:43.834,1135.0,970.0,exhale,7
26.484,21:51:43.856,1140.0,978.0,exhale,7
26.506,21:51:43.878,1138.0,975.0,exhale,7
26.528,21:51:43.900,1138.0,975.0,exhale,7
26.550,21:51:43.922,1140.0,966.0,exhale,7
26.572,21:51:43.944,1142.0,976.0,exhale,7
26.594,21:51:43.966,1136.0,978.0,exhale,7
26.616,21:51:43.988,1131.0,977.0,exhale,7
26.638,21:51:44.010,1139.0,977.0,exhale,7
26.660,21:51:44.032,1138.0,980.0,exhale,7
26.682,21:51:44.054,1140.0,977.0,exhale,7
26.704,21:51:44.076,1140.0,976.0,exhale,7
26.726,21:51:44.098,1147.0,976.0,exhale,7
26.748,21:51:44.120,1140.0,978.0,exhale,7
26.770,21:51:44.142,1138.0,977.0,exhale,7
26.792,21:51:44.164,1137.0,976.0,exhale,7
26.814,21:51:44.186,1143.0,978.0,exhale,7
26.836,21:51:44.208,1138.0,978.0,exhale,7
26.858,21:51:44.230,1141.0,977.0,exhale,7
26.880,21:51:44.252,1139.0,983.0,exhale,7
26.902,21:51:44.274,1137.0,972.0,exhale,7
26.924,21:51:44.296,1137.0,990.0,exhale,7
26.946,21:51:44.318,1140.0,978.0,exhale,7
26.970,21:51:44.342,1139.0,961.0,exhale,7
26.990,21:51:44.362,1139.0,972.0,exhale,7
27.012,21:51:44.384,1134.0,977.0,exhale,7
27.034,21:51:44.406,1125.0,971.0,exhale,7
27.056,21:51:44.428,1135.0,974.0,exhale,7
27.078,21:51:44.450,1129.0,972.0,exhale,7
27.100,21:51:44.472,1134.0,975.0,exhale,7
27.123,21:51:44.495,1133.0,972.0,exhale,7
27.144,21:51:44.516,1135.0,973.0,exhale,7
27.166,21:51:44.538,1135.0,979.0,exhale,7
27.191,21:51:44.563,1134.0,972.0,exhale,7
27.210,21:51:44.582,1132.0,965.0,exhale,7
27.232,21:51:44.604,1132.0,971.0,exhale,7
27.254,21:51:44.626,1131.0,969.0,exhale,7
27.276,21:51:44.648,1130.0,969.0,exhale,7
27.298,21:51:44.670,1131.0,969.0,exhale,7
27.320,21:51:44.692,1131.0,959.0,exhale,7
27.342,21:51:44.714,1134.0,973.0,exhale,7
27.364,21:51:44.736,1132.0,968.0,exhale,7
27.386,21:51:44.758,1127.0,969.0,exhale,7
27.408,21:51:44.780,1131.0,967.0,exhale,7
27.431,21:51:44.803,1131.0,970.0,exhale,7
27.452,21:51:44.824,1131.0,973.0,exhale,7
27.474,21:51:44.846,1128.0,966.0,exhale,7
27.496,21:51:44.868,1126.0,968.0,exhale,7
27.518,21:51:44.890,1138.0,966.0,exhale,7
27.540,21:51:44.912,1129.0,967.0,exhale,7
27.562,21:51:44.934,1127.0,967.0,exhale,7
27.584,21:51:44.956,1134.0,966.0,exhale,7
27.606,21:51:44.978,1127.0,965.0,exhale,7
27.628,21:51:45.000,1129.0,967.0,exhale,7
27.650,21:51:45.022,1127.0,972.0,exhale,7
27.672,21:51:45.044,1127.0,955.0,exhale,7
27.694,21:51:45.066,1127.0,965.0,exhale,7
27.716,21:51:45.088,1125.0,965.0,exhale,7
27.738,21:51:45.110,1126.0,968.0,exhale,7
27.760,21:51:45.132,1128.0,966.0,exhale,7
27.782,21:51:45.154,1140.0,970.0,exhale,7
27.804,21:51:45.176,1127.0,970.0,exhale,7
27.826,21:51:45.198,1132.0,964.0,exhale,7
27.848,21:51:45.220,1125.0,965.0,exhale,7
27.870,21:51:45.242,1125.0,964.0,exhale,7
27.892,21:51:45.264,1124.0,969.0,exhale,7
27.914,21:51:45.286,1121.0,963.0,exhale,7
27.936,21:51:45.308,1120.0,963.0,exhale,7
27.958,21:51:45.330,1122.0,959.0,exhale,7
27.980,21:51:45.352,1120.0,964.0,exhale,7
28.002,21:51:45.374,1123.0,960.0,inhale,8
28.024,21:51:45.396,1119.0,974.0,inhale,8
28.046,21:51:45.418,1119.0,962.0,inhale,8
28.068,21:51:45.440,1120.0,962.0,inhale,8
28.091,21:51:45.463,1119.0,962.0,inhale,8
28.112,21:51:45.484,1118.0,963.0,inhale,8
28.134,21:51:45.506,1121.0,960.0,inhale,8
28.157,21:51:45.529,1116.0,965.0,inhale,8
28.178,21:51:45.550,1118.0,965.0,inhale,8
28.205,21:51:45.577,1119.0,960.0,inhale,8
28.223,21:51:45.595,1113.0,960.0,inhale,8
28.244,21:51:45.616,1121.0,960.0,inhale,8
28.266,21:51:45.638,1124.0,963.0,inhale,8
28.288,21:51:45.660,1126.0,968.0,inhale,8
28.310,21:51:45.682,1126.0,954.0,inhale,8
28.332,21:51:45.704,1130.0,958.0,inhale,8
28.355,21:51:45.727,1129.0,967.0,inhale,8
28.376,21:51:45.748,1133.0,967.0,inhale,8
28.398,21:51:45.770,1134.0,971.0,inhale,8
28.420,21:51:45.792,1133.0,972.0,inhale,8
28.442,21:51:45.814,1133.0,974.0,inhale,8
28.464,21:51:45.836,1122.0,973.0,inhale,8
28.486,21:51:45.858,1135.0,976.0,inhale,8
28.508,21:51:45.880,1136.0,977.0,inhale,8
28.530,21:51:45.902,1139.0,976.0,inhale,8
28.552,21:51:45.924,1138.0,977.0,inhale,8
28.574,21:51:45.946,1135.0,976.0,inhale,8
28.596,21:51:45.968,1138.0,978.0,inhale,8
28.618,21:51:45.990,1141.0,971.0,inhale,8
28.640,21:51:46.012,1140.0,979.0,inhale,8
28.662,21:51:46.034,1141.0,985.0,inhale,8
28.684,21:51:46.056,1138.0,980.0,inhale,8
28.706,21:51:46.078,1141.0,978.0,inhale,8
28.728,21:51:46.100,1145.0,984.0,inhale,8
28.750,21:51:46.122,1142.0,978.0,inhale,8
28.772,21:51:46.144,1139.0,978.0,inhale,8
28.794,21:51:46.166,1139.0,975.0,inhale,8
28.816,21:51:46.188,1141.0,978.0,inhale,8
28.838,21:51:46.210,1145.0,969.0,inhale,8
28.860,21:51:46.232,1145.0,978.0,inhale,8
28.882,21:51:46.254,1143.0,966.0,inhale,8
28.904,21:51:46.276,1142.0,980.0,inhale,8
28.926,21:51:46.298,1140.0,984.0,inhale,8
28.948,21:51:46.320,1147.0,980.0,inhale,8
28.970,21:51:46.342,1139.0,978.0,inhale,8
28.992,21:51:46.364,1147.0,980.0,inhale,8
29.014,21:51:46.386,1141.0,980.0,inhale,8
29.036,21:51:46.408,1136.0,979.0,inhale,8
29.058,21:51:46.430,1146.0,980.0,inhale,8
29.080,21:51:46.452,1146.0,983.0,inhale,8
29.102,21:51:46.474,1142.0,981.0,inhale,8
29.125,21:51:46.497,1146.0,979.0,inhale,8
29.146,21:51:46.518,1147.0,980.0,inhale,8
29.168,21:51:46.540,1145.0,982.0,inhale,8
29.191,21:51:46.563,1145.0,982.0,inhale,8
29.212,21:51:46.584,1146.0,982.0,inhale,8
29.234,21:51:46.606,1148.0,982.0,inhale,8
29.257,21:51:46.629,1148.0,985.0,inhale,8
29.278,21:51:46.650,1148.0,984.0,inhale,8
29.300,21:51:46.672,1148.0,985.0,inhale,8
29.322,21:51:46.694,1148.0,985.0,inhale,8
29.344,21:51:46.716,1144.0,985.0,inhale,8
29.371,21:51:46.743,1148.0,984.0,inhale,8
29.388,21:51:46.760,1148.0,987.0,inhale,8
29.410,21:51:46.782,1144.0,984.0,inhale,8
29.432,21:51:46.804,1155.0,982.0,inhale,8
29.454,21:51:46.826,1150.0,988.0,inhale,8
29.476,21:51:46.848,1144.0,986.0,inhale,8
29.498,21:51:46.870,1144.0,983.0,inhale,8
29.520,21:51:46.892,1142.0,985.0,exhale,8
29.542,21:51:46.914,1140.0,980.0,exhale,8
29.564,21:51:46.936,1144.0,982.0,exhale,8
29.586,21:51:46.958,1145.0,981.0,exhale,8
29.608,21:51:46.980,1142.0,979.0,exhale,8
29.630,21:51:47.002,1143.0,980.0,exhale,8
29.652,21:51:47.024,1144.0,982.0,exhale,8
29.674,21:51:47.046,1144.0,983.0,exhale,8
29.696,21:51:47.068,1131.0,983.0,exhale,8
29.718,21:51:47.090,1146.0,977.0,exhale,8
29.740,21:51:47.112,1148.0,981.0,exhale,8
29.762,21:51:47.134,1146.0,992.0,exhale,8
29.784,21:51:47.156,1147.0,982.0,exhale,8
29.806,21:51:47.178,1151.0,985.0,exhale,8
29.828,21:51:47.200,1149.0,992.0,exhale,8
29.850,21:51:47.222,1136.0,984.0,exhale,8
29.872,21:51:47.244,1150.0,983.0,exhale,8
29.894,21:51:47.266,1144.0,985.0,exhale,8
29.916,21:51:47.288,1150.0,983.0,exhale,8
29.938,21:51:47.310,1144.0,992.0,exhale,8
29.960,21:51:47.332,1146.0,990.0,exhale,8
29.982,21:51:47.354,1148.0,989.0,exhale,8
30.004,21:51:47.376,1150.0,985.0,exhale,8
30.026,21:51:47.398,1151.0,986.0,exhale,8
30.048,21:51:47.420,1151.0,988.0,exhale,8
30.070,21:51:47.442,1153.0,991.0,exhale,8
30.092,21:51:47.464,1151.0,987.0,exhale,8
30.114,21:51:47.486,1151.0,985.0,exhale,8
30.136,21:51:47.508,1153.0,988.0,exhale,8
30.158,21:51:47.530,1135.0,986.0,exhale,8
30.180,21:51:47.552,1150.0,988.0,exhale,8
30.202,21:51:47.574,1159.0,985.0,exhale,8
30.224,21:51:47.596,1135.0,985.0,exhale,8
30.246,21:51:47.618,1150.0,984.0,exhale,8
30.268,21:51:47.640,1152.0,984.0,exhale,8
30.290,21:51:47.662,1148.0,985.0,exhale,8
30.312,21:51:47.684,1153.0,984.0,exhale,8
30.334,21:51:47.706,1148.0,985.0,exhale,8
30.357,21:51:47.729,1142.0,986.0,exhale,8
30.378,21:51:47.750,1151.0,985.0,exhale,8
30.400,21:51:47.772,1150.0,984.0,exhale,8
30.425,21:51:47.797,1157.0,983.0,exhale,8
30.444,21:51:47.816,1147.0,984.0,exhale,8
30.466,21:51:47.838,1152.0,986.0,exhale,8
30.491,21:51:47.863,1148.0,986.0,exhale,8
30.510,21:51:47.882,1148.0,985.0,exhale,8
30.532,21:51:47.904,1150.0,985.0,exhale,8
30.560,21:51:47.932,1146.0,984.0,exhale,8
30.578,21:51:47.950,1155.0,991.0,exhale,8
30.598,21:51:47.970,1150.0,976.0,exhale,8
30.620,21:51:47.992,1148.0,986.0,exhale,8
30.642,21:51:48.014,1148.0,983.0,exhale,8
30.664,21:51:48.036,1148.0,988.0,exhale,8
30.686,21:51:48.058,1149.0,984.0,exhale,8
30.708,21:51:48.080,1146.0,982.0,exhale,8
30.730,21:51:48.102,1149.0,981.0,exhale,8
30.752,21:51:48.124,1148.0,981.0,exhale,8
30.775,21:51:48.147,1146.0,983.0,exhale,8
30.796,21:51:48.168,1148.0,989.0,exhale,8
30.818,21:51:48.190,1160.0,981.0,exhale,8
30.840,21:51:48.212,1148.0,985.0,exhale,8
30.862,21:51:48.234,1147.0,984.0,exhale,8
30.884,21:51:48.256,1137.0,981.0,exhale,8
30.906,21:51:48.278,1159.0,983.0,exhale,8
30.928,21:51:48.300,1151.0,983.0,exhale,8
30.950,21:51:48.322,1146.0,983.0,exhale,8
30.972,21:51:48.344,1147.0,981.0,exhale,8
30.994,21:51:48.366,1146.0,981.0,exhale,8
31.016,21:51:48.388,1145.0,976.0,exhale,8
31.038,21:51:48.410,1144.0,971.0,exhale,8
31.060,21:51:48.432,1139.0,979.0,exhale,8
31.082,21:51:48.454,1151.0,982.0,exhale,8
31.104,21:51:48.476,1142.0,980.0,exhale,8
31.126,21:51:48.498,1142.0,970.0,exhale,8
31.148,21:51:48.520,1143.0,980.0,exhale,8
31.170,21:51:48.542,1143.0,978.0,exhale,8
31.192,21:51:48.564,1143.0,978.0,exhale,8
31.214,21:51:48.586,1149.0,978.0,exhale,8
31.236,21:51:48.608,1142.0,978.0,exhale,8
31.259,21:51:48.631,1140.0,977.0,exhale,8
31.280,21:51:48.652,1115.0,976.0,exhale,8
31.302,21:51:48.674,1136.0,981.0,exhale,8
31.325,21:51:48.697,1136.0,971.0,exhale,8
31.346,21:51:48.718,1139.0,976.0,exhale,8
31.368,21:51:48.740,1138.0,976.0,exhale,8
31.390,21:51:48.762,1131.0,972.0,exhale,8
31.412,21:51:48.784,1138.0,962.0,exhale,8
31.434,21:51:48.806,1134.0,972.0,exhale,8
31.456,21:51:48.828,1133.0,972.0,exhale,8
31.478,21:51:48.850,1129.0,971.0,exhale,8
31.500,21:51:48.872,1131.0,968.0,exhale,8
31.523,21:51:48.895,1119.0,970.0,exhale,8
31.544,21:51:48.916,1133.0,971.0,exhale,8
31.566,21:51:48.938,1133.0,976.0,exhale,8
31.591,21:51:48.963,1123.0,974.0,exhale,8
31.610,21:51:48.982,1130.0,971.0,exhale,8
31.632,21:51:49.004,1135.0,972.0,exhale,8
31.654,21:51:49.026,1133.0,969.0,exhale,8
31.676,21:51:49.048,1132.0,970.0,exhale,8
31.698,21:51:49.070,1135.0,970.0,exhale,8
31.720,21:51:49.092,1131.0,976.0,exhale,8
31.742,21:51:49.114,1136.0,975.0,exhale,8
31.764,21:51:49.136,1130.0,969.0,exhale,8
31.786,21:51:49.158,1134.0,970.0,exhale,8
31.808,21:51:49.180,1132.0,966.0,exhale,8
31.830,21:51:49.202,1130.0,970.0,exhale,8
31.852,21:51:49.224,1145.0,968.0,exhale,8
31.874,21:51:49.246,1134.0,969.0,exhale,8
31.896,21:51:49.268,1129.0,957.0,exhale,8
31.918,21:51:49.290,1127.0,971.0,exhale,8
31.940,21:51:49.312,1129.0,966.0,exhale,8
31.962,21:51:49.334,1130.0,964.0,exhale,8
31.984,21:51:49.356,1130.0,961.0,exhale,8
32.006,21:51:49.378,1133.0,966.0,inhale,9
32.028,21:51:49.400,1122.0,967.0,inhale,9
32.050,21:51:49.422,1126.0,965.0,inhale,9
32.072,21:51:49.444,1125.0,963.0,inhale,9
32.094,21:51:49.466,1118.0,966.0,inhale,9
32.116,21:51:49.488,1120.0,964.0,inhale,9
32.138,21:51:49.510,1125.0,965.0,inhale,9
32.160,21:51:49.532,1125.0,962.0,inhale,9
32.182,21:51:49.554,1128.0,966.0,inhale,9
32.204,21:51:49.576,1131.0,968.0,inhale,9
32.226,21:51:49.598,1130.0,964.0,inhale,9
32.248,21:51:49.620,1130.0,973.0,inhale,9
32.270,21:51:49.642,1135.0,974.0,inhale,9
32.292,21:51:49.664,1145.0,976.0,inhale,9
32.314,21:51:49.686,1141.0,978.0,inhale,9
32.336,21:51:49.708,1142.0,978.0,inhale,9
32.358,21:51:49.730,1141.0,979.0,inhale,9
32.380,21:51:49.752,1141.0,979.0,inhale,9
32.402,21:51:49.774,1144.0,981.0,inhale,9
32.424,21:51:49.796,1144.0,980.0,inhale,9
32.446,21:51:49.818,1139.0,983.0,inhale,9
32.468,21:51:49.840,1145.0,987.0,inhale,9
32.491,21:51:49.863,1147.0,983.0,inhale,9
32.512,21:51:49.884,1139.0,982.0,inhale,9
32.534,21:51:49.906,1147.0,984.0,inhale,9
32.557,21:51:49.929,1145.0,983.0,inhale,9
32.578,21:51:49.950,1149.0,986.0,inhale,9
32.600,21:51:49.972,1145.0,981.0,inhale,9
32.624,21:51:49.996,1150.0,993.0,inhale,9
32.644,21:51:50.016,1147.0,975.0,inhale,9
32.666,21:51:50.038,1145.0,985.0,inhale,9
32.689,21:51:50.061,1153.0,982.0,inhale,9
32.710,21:51:50.082,1142.0,979.0,inhale,9
32.732,21:51:50.104,1148.0,983.0,inhale,9
32.755,21:51:50.127,1148.0,981.0,inhale,9
32.776,21:51:50.148,1146.0,980.0,inhale,9
32.798,21:51:50.170,1148.0,983.0,inhale,9
32.820,21:51:50.192,1154.0,982.0,inhale,9
32.852,21:51:50.224,1144.0,985.0,inhale,9
32.865,21:51:50.237,1145.0,980.0,inhale,9
32.886,21:51:50.258,1147.0,983.0,inhale,9
32.908,21:51:50.280,1147.0,984.0,inhale,9
32.930,21:51:50.302,1146.0,984.0,inhale,9
32.952,21:51:50.324,1146.0,990.0,inhale,9
32.974,21:51:50.346,1147.0,983.0,inhale,9
32.996,21:51:50.368,1149.0,984.0,inhale,9
33.018,21:51:50.390,1157.0,981.0,inhale,9
33.041,21:51:50.413,1144.0,983.0,inhale,9
33.062,21:51:50.434,1147.0,986.0,inhale,9
33.084,21:51:50.456,1150.0,981.0,inhale,9
33.106,21:51:50.478,1149.0,982.0,inhale,9
33.128,21:51:50.500,1156.0,984.0,inhale,9
33.150,21:51:50.522,1150.0,984.0,inhale,9
33.172,21:51:50.544,1146.0,982.0,inhale,9
33.194,21:51:50.566,1148.0,974.0,inhale,9
33.216,21:51:50.588,1151.0,981.0,inhale,9
33.238,21:51:50.610,1149.0,987.0,inhale,9
33.260,21:51:50.632,1148.0,986.0,inhale,9
33.282,21:51:50.654,1152.0,986.0,inhale,9
33.304,21:51:50.676,1134.0,990.0,inhale,9
33.326,21:51:50.698,1146.0,982.0,inhale,9
33.348,21:51:50.720,1148.0,986.0,inhale,9
33.370,21:51:50.742,1139.0,982.0,inhale,9
33.392,21:51:50.764,1148.0,982.0,inhale,9
33.414,21:51:50.786,1147.0,985.0,inhale,9
33.436,21:51:50.808,1142.0,985.0,inhale,9
33.458,21:51:50.830,1145.0,986.0,inhale,9
33.480,21:51:50.852,1142.0,982.0,inhale,9
33.502,21:51:50.874,1146.0,983.0,exhale,9
33.524,21:51:50.896,1143.0,979.0,exhale,9
33.546,21:51:50.918,1145.0,979.0,exhale,9
33.568,21:51:50.940,1138.0,980.0,exhale,9
33.591,21:51:50.963,1142.0,980.0,exhale,9
33.612,21:51:50.984,1144.0,979.0,exhale,9
33.634,21:51:51.006,1150.0,982.0,exhale,9
33.657,21:51:51.029,1142.0,979.0,exhale,9
33.678,21:51:51.050,1142.0,980.0,exhale,9
33.700,21:51:51.072,1143.0,985.0,exhale,9
33.723,21:51:51.095,1142.0,981.0,exhale,9
33.744,21:51:51.116,1144.0,980.0,exhale,9
33.766,21:51:51.138,1144.0,985.0,exhale,9
33.788,21:51:51.160,1144.0,981.0,exhale,9
33.810,21:51:51.182,1144.0,982.0,exhale,9
33.832,21:51:51.204,1148.0,983.0,exhale,9
33.854,21:51:51.226,1144.0,982.0,exhale,9
33.876,21:51:51.248,1145.0,979.0,exhale,9
33.898,21:51:51.270,1146.0,982.0,exhale,9
33.920,21:51:51.292,1143.0,982.0,exhale,9
33.942,21:51:51.314,1145.0,983.0,exhale,9
33.964,21:51:51.336,1146.0,982.0,exhale,9
33.986,21:51:51.358,1160.0,981.0,exhale,9
34.016,21:51:51.388,1145.0,983.0,exhale,9
34.030,21:51:51.402,1147.0,989.0,exhale,9
34.052,21:51:51.424,1145.0,983.0,exhale,9
34.074,21:51:51.446,1147.0,981.0,exhale,9
34.096,21:51:51.468,1146.0,984.0,exhale,9
34.118,21:51:51.490,1146.0,983.0,exhale,9
34.140,21:51:51.512,1134.0,982.0,exhale,9
34.162,21:51:51.534,1154.0,981.0,exhale,9
34.184,21:51:51.556,1155.0,984.0,exhale,9
34.206,21:51:51.578,1153.0,985.0,exhale,9
34.228,21:51:51.600,1152.0,992.0,exhale,9
34.250,21:51:51.622,1152.0,985.0,exhale,9
34.272,21:51:51.644,1148.0,984.0,exhale,9
34.294,21:51:51.666,1153.0,989.0,exhale,9
34.316,21:51:51.688,1154.0,983.0,exhale,9
34.339,21:51:51.711,1154.0,992.0,exhale,9
34.360,21:51:51.732,1146.0,985.0,exhale,9
34.382,21:51:51.754,1148.0,992.0,exhale,9
34.404,21:51:51.776,1144.0,971.0,exhale,9
34.426,21:51:51.798,1145.0,979.0,exhale,9
34.448,21:51:51.820,1146.0,983.0,exhale,9
34.470,21:51:51.842,1147.0,984.0,exhale,9
34.492,21:51:51.864,1148.0,983.0,exhale,9
34.514,21:51:51.886,1146.0,987.0,exhale,9
34.536,21:51:51.908,1138.0,979.0,exhale,9
34.559,21:51:51.931,1147.0,972.0,exhale,9
34.580,21:51:51.952,1139.0,982.0,exhale,9
34.602,21:51:51.974,1147.0,983.0,exhale,9
34.624,21:51:51.996,1144.0,980.0,exhale,9
34.646,21:51:52.018,1150.0,982.0,exhale,9
34.668,21:51:52.040,1150.0,987.0,exhale,9
34.690,21:51:52.062,1143.0,981.0,exhale,9
34.712,21:51:52.084,1151.0,982.0,exhale,9
34.734,21:51:52.106,1153.0,978.0,exhale,9
34.757,21:51:52.129,1145.0,988.0,exhale,9
34.778,21:51:52.150,1144.0,982.0,exhale,9
34.800,21:51:52.172,1146.0,974.0,exhale,9
34.826,21:51:52.198,1143.0,982.0,exhale,9
34.844,21:51:52.216,1145.0,985.0,exhale,9
34.866,21:51:52.238,1149.0,983.0,exhale,9
34.892,21:51:52.264,1155.0,985.0,exhale,9
34.910,21:51:52.282,1159.0,984.0,exhale,9
34.932,21:51:52.304,1148.0,988.0,exhale,9
34.954,21:51:52.326,1147.0,984.0,exhale,9
34.976,21:51:52.348,1148.0,984.0,exhale,9
34.998,21:51:52.370,1149.0,979.0,exhale,9
35.020,21:51:52.392,1146.0,980.0,exhale,9
35.042,21:51:52.414,1145.0,981.0,exhale,9
35.064,21:51:52.436,1147.0,982.0,exhale,9
35.086,21:51:52.458,1148.0,981.0,exhale,9
35.108,21:51:52.480,1141.0,979.0,exhale,9
35.130,21:51:52.502,1140.0,980.0,exhale,9
35.156,21:51:52.528,1145.0,981.0,exhale,9
35.174,21:51:52.546,1143.0,989.0,exhale,9
35.196,21:51:52.568,1152.0,982.0,exhale,9
35.218,21:51:52.590,1145.0,975.0,exhale,9
35.240,21:51:52.612,1143.0,982.0,exhale,9
35.262,21:51:52.634,1135.0,979.0,exhale,9
35.284,21:51:52.656,1142.0,980.0,exhale,9
35.307,21:51:52.679,1140.0,975.0,exhale,9
35.328,21:51:52.700,1149.0,979.0,exhale,9
35.350,21:51:52.722,1141.0,984.0,exhale,9
35.372,21:51:52.744,1132.0,978.0,exhale,9
35.394,21:51:52.766,1139.0,983.0,exhale,9
35.416,21:51:52.788,1139.0,988.0,exhale,9
35.438,21:51:52.810,1146.0,977.0,exhale,9
35.460,21:51:52.832,1139.0,981.0,exhale,9
35.482,21:51:52.854,1140.0,976.0,exhale,9
35.504,21:51:52.876,1139.0,975.0,exhale,9
35.526,21:51:52.898,1137.0,969.0,exhale,9
35.548,21:51:52.920,1138.0,981.0,exhale,9
35.570,21:51:52.942,1143.0,975.0,exhale,9
35.592,21:51:52.964,1142.0,981.0,exhale,9
35.614,21:51:52.986,1134.0,975.0,exhale,9
35.636,21:51:53.008,1131.0,971.0,exhale,9
35.658,21:51:53.030,1133.0,971.0,exhale,9
35.680,21:51:53.052,1133.0,975.0,exhale,9
35.702,21:51:53.074,1132.0,971.0,exhale,9
35.725,21:51:53.097,1136.0,970.0,exhale,9
35.746,21:51:53.118,1134.0,973.0,exhale,9
35.768,21:51:53.140,1137.0,971.0,exhale,9
35.790,21:51:53.162,1129.0,975.0,exhale,9
35.812,21:51:53.184,1129.0,970.0,exhale,9
35.834,21:51:53.206,1138.0,974.0,exhale,9
35.856,21:51:53.228,1132.0,970.0,exhale,9
35.878,21:51:53.250,1130.0,969.0,exhale,9
35.900,21:51:53.272,1133.0,969.0,exhale,9
35.922,21:51:53.294,1128.0,970.0,exhale,9
35.944,21:51:53.316,1129.0,968.0,exhale,9
35.966,21:51:53.338,1129.0,967.0,exhale,9
35.988,21:51:53.360,1128.0,966.0,exhale,9
36.010,21:51:53.382,1128.0,967.0,inhale,10
36.032,21:51:53.404,1129.0,967.0,inhale,10
36.054,21:51:53.426,1128.0,960.0,inhale,10
36.076,21:51:53.448,1131.0,968.0,inhale,10
36.098,21:51:53.470,1133.0,971.0,inhale,10
36.120,21:51:53.492,1135.0,977.0,inhale,10
36.142,21:51:53.514,1132.0,972.0,inhale,10
36.164,21:51:53.536,1134.0,973.0,inhale,10
36.186,21:51:53.558,1133.0,975.0,inhale,10
36.208,21:51:53.580,1136.0,977.0,inhale,10
36.230,21:51:53.602,1138.0,979.0,inhale,10
36.252,21:51:53.624,1139.0,976.0,inhale,10
36.274,21:51:53.646,1127.0,977.0,inhale,10
36.296,21:51:53.668,1143.0,979.0,inhale,10
36.318,21:51:53.690,1140.0,974.0,inhale,10
36.340,21:51:53.712,1141.0,976.0,inhale,10
36.362,21:51:53.734,1142.0,981.0,inhale,10
36.384,21:51:53.756,1144.0,979.0,inhale,10
36.406,21:51:53.778,1143.0,981.0,inhale,10
36.428,21:51:53.800,1146.0,988.0,inhale,10
36.453,21:51:53.825,1144.0,982.0,inhale,10
36.472,21:51:53.844,1154.0,991.0,inhale,10
36.494,21:51:53.866,1145.0,983.0,inhale,10
36.516,21:51:53.888,1145.0,981.0,inhale,10
36.538,21:51:53.910,1147.0,984.0,inhale,10
36.560,21:51:53.932,1150.0,981.0,inhale,10
36.582,21:51:53.954,1148.0,983.0,inhale,10
36.604,21:51:53.976,1145.0,983.0,inhale,10
36.626,21:51:53.998,1144.0,983.0,inhale,10
36.648,21:51:54.020,1147.0,984.0,inhale,10
36.670,21:51:54.042,1149.0,984.0,inhale,10
36.692,21:51:54.064,1153.0,984.0,inhale,10
36.714,21:51:54.086,1148.0,987.0,inhale,10
36.736,21:51:54.108,1145.0,983.0,inhale,10
36.758,21:51:54.130,1146.0,982.0,inhale,10
36.780,21:51:54.152,1145.0,982.0,inhale,10
36.802,21:51:54.174,1141.0,982.0,inhale,10
36.825,21:51:54.197,1147.0,978.0,inhale,10
36.847,21:51:54.219,1144.0,981.0,inhale,10
36.868,21:51:54.240,1147.0,981.0,inhale,10
36.890,21:51:54.262,1143.0,982.0,inhale,10
36.912,21:51:54.284,1147.0,981.0,inhale,10
36.934,21:51:54.306,1155.0,981.0,inhale,10
36.956,21:51:54.328,1148.0,981.0,inhale,10
36.978,21:51:54.350,1147.0,990.0,inhale,10
37.000,21:51:54.372,1154.0,977.0,inhale,10
37.023,21:51:54.395,1148.0,985.0,inhale,10
37.044,21:51:54.416,1142.0,985.0,inhale,10
37.066,21:51:54.438,1160.0,983.0,inhale,10
37.089,21:51:54.461,1149.0,985.0,inhale,10
37.110,21:51:54.482,1151.0,983.0,inhale,10
37.132,21:51:54.504,1153.0,985.0,inhale,10
37.154,21:51:54.526,1150.0,983.0,inhale,10
37.176,21:51:54.548,1156.0,987.0,inhale,10
37.198,21:51:54.570,1151.0,987.0,inhale,10
37.220,21:51:54.592,1149.0,989.0,inhale,10
37.242,21:51:54.614,1151.0,987.0,inhale,10
37.264,21:51:54.636,1153.0,986.0,inhale,10
37.286,21:51:54.658,1152.0,993.0,inhale,10
37.308,21:51:54.680,1151.0,988.0,inhale,10
37.330,21:51:54.702,1154.0,989.0,inhale,10
37.352,21:51:54.724,1156.0,988.0,inhale,10
37.374,21:51:54.746,1151.0,987.0,inhale,10
37.396,21:51:54.768,1154.0,998.0,inhale,10
37.418,21:51:54.790,1153.0,979.0,inhale,10
37.440,21:51:54.812,1150.0,991.0,inhale,10
37.462,21:51:54.834,1157.0,985.0,inhale,10
37.484,21:51:54.856,1151.0,986.0,inhale,10
37.506,21:51:54.878,1151.0,986.0,exhale,10
37.528,21:51:54.900,1140.0,985.0,exhale,10
37.550,21:51:54.922,1147.0,985.0,exhale,10
37.572,21:51:54.944,1149.0,984.0,exhale,10
37.594,21:51:54.966,1141.0,980.0,exhale,10
37.616,21:51:54.988,1149.0,993.0,exhale,10
37.638,21:51:55.010,1148.0,983.0,exhale,10
37.660,21:51:55.032,1149.0,987.0,exhale,10
37.682,21:51:55.054,1165.0,979.0,exhale,10
37.704,21:51:55.076,1143.0,985.0,exhale,10
37.726,21:51:55.098,1150.0,988.0,exhale,10
37.748,21:51:55.120,1154.0,990.0,exhale,10
37.770,21:51:55.142,1155.0,989.0,exhale,10
37.792,21:51:55.164,1154.0,981.0,exhale,10
37.814,21:51:55.186,1153.0,992.0,exhale,10
37.836,21:51:55.208,1157.0,991.0,exhale,10
37.858,21:51:55.230,1161.0,981.0,exhale,10
37.880,21:51:55.252,1161.0,995.0,exhale,10
37.902,21:51:55.274,1162.0,993.0,exhale,10
37.924,21:51:55.296,1156.0,994.0,exhale,10
37.946,21:51:55.318,1161.0,996.0,exhale,10
37.968,21:51:55.340,1161.0,996.0,exhale,10
37.991,21:51:55.363,1161.0,996.0,exhale,10
38.012,21:51:55.384,1160.0,996.0,exhale,10
38.034,21:51:55.406,1163.0,995.0,exhale,10
38.056,21:51:55.428,1166.0,999.0,exhale,10
38.078,21:51:55.450,1162.0,997.0,exhale,10
38.100,21:51:55.472,1166.0,997.0,exhale,10
38.123,21:51:55.495,1163.0,997.0,exhale,10
38.144,21:51:55.516,1164.0,996.0,exhale,10
38.166,21:51:55.538,1162.0,999.0,exhale,10
38.189,21:51:55.561,1161.0,995.0,exhale,10
38.210,21:51:55.582,1171.0,993.0,exhale,10
38.232,21:51:55.604,1162.0,997.0,exhale,10
38.254,21:51:55.626,1159.0,993.0,exhale,10
38.276,21:51:55.648,1161.0,998.0,exhale,10
38.298,21:51:55.670,1162.0,990.0,exhale,10
38.320,21:51:55.692,1163.0,994.0,exhale,10
38.342,21:51:55.714,1158.0,988.0,exhale,10
38.364,21:51:55.736,1160.0,994.0,exhale,10
38.386,21:51:55.758,1161.0,997.0,exhale,10
38.408,21:51:55.780,1143.0,994.0,exhale,10
38.430,21:51:55.802,1163.0,999.0,exhale,10
38.452,21:51:55.824,1151.0,1006.0,exhale,10
38.474,21:51:55.846,1154.0,993.0,exhale,10
38.496,21:51:55.868,1149.0,994.0,exhale,10
38.518,21:51:55.890,1160.0,994.0,exhale,10
38.540,21:51:55.912,1158.0,991.0,exhale,10
38.562,21:51:55.934,1157.0,992.0,exhale,10
38.584,21:51:55.956,1160.0,992.0,exhale,10
38.606,21:51:55.978,1166.0,998.0,exhale,10
38.628,21:51:56.000,1161.0,994.0,exhale,10
38.650,21:51:56.022,1160.0,991.0,exhale,10
38.672,21:51:56.044,1163.0,992.0,exhale,10
38.694,21:51:56.066,1156.0,997.0,exhale,10
38.716,21:51:56.088,1158.0,991.0,exhale,10
38.739,21:51:56.111,1159.0,992.0,exhale,10
38.760,21:51:56.132,1152.0,993.0,exhale,10
38.782,21:51:56.154,1156.0,994.0,exhale,10
38.804,21:51:56.176,1155.0,991.0,exhale,10
38.826,21:51:56.198,1153.0,990.0,exhale,10
38.848,21:51:56.220,1141.0,989.0,exhale,10
38.870,21:51:56.242,1155.0,985.0,exhale,10
38.892,21:51:56.264,1155.0,989.0,exhale,10
38.914,21:51:56.286,1154.0,986.0,exhale,10
38.936,21:51:56.308,1150.0,978.0,exhale,10
38.958,21:51:56.330,1148.0,986.0,exhale,10
38.980,21:51:56.352,1152.0,985.0,exhale,10
39.002,21:51:56.374,1148.0,987.0,exhale,10
39.024,21:51:56.396,1145.0,986.0,exhale,10
39.046,21:51:56.418,1145.0,985.0,exhale,10
39.068,21:51:56.440,1145.0,980.0,exhale,10
39.090,21:51:56.462,1142.0,979.0,exhale,10
39.112,21:51:56.484,1140.0,980.0,exhale,10
39.134,21:51:56.506,1144.0,983.0,exhale,10
39.157,21:51:56.529,1144.0,979.0,exhale,10
39.178,21:51:56.550,1149.0,967.0,exhale,10
39.200,21:51:56.572,1147.0,986.0,exhale,10
39.224,21:51:56.596,1148.0,983.0,exhale,10
39.244,21:51:56.616,1145.0,984.0,exhale,10
39.266,21:51:56.638,1143.0,980.0,exhale,10
39.290,21:51:56.662,1145.0,983.0,exhale,10
39.310,21:51:56.682,1144.0,983.0,exhale,10
39.332,21:51:56.704,1150.0,982.0,exhale,10
39.354,21:51:56.726,1144.0,988.0,exhale,10
39.376,21:51:56.748,1145.0,980.0,exhale,10
39.398,21:51:56.770,1144.0,983.0,exhale,10
39.420,21:51:56.792,1142.0,980.0,exhale,10
39.442,21:51:56.814,1145.0,981.0,exhale,10
39.464,21:51:56.836,1142.0,980.0,exhale,10
39.486,21:51:56.858,1143.0,980.0,exhale,10
39.508,21:51:56.880,1154.0,978.0,exhale,10
39.530,21:51:56.902,1141.0,979.0,exhale,10
39.552,21:51:56.924,1141.0,977.0,exhale,10
39.574,21:51:56.946,1141.0,979.0,exhale,10
39.596,21:51:56.968,1139.0,975.0,exhale,10
39.618,21:51:56.990,1142.0,981.0,exhale,10
39.640,21:51:57.012,1141.0,976.0,exhale,10
39.662,21:51:57.034,1141.0,978.0,exhale,10
39.684,21:51:57.056,1146.0,978.0,exhale,10
39.706,21:51:57.078,1141.0,978.0,exhale,10
39.728,21:51:57.100,1137.0,975.0,exhale,10
39.750,21:51:57.122,1137.0,974.0,exhale,10
39.773,21:51:57.145,1136.0,973.0,exhale,10
39.794,21:51:57.166,1137.0,974.0,exhale,10
39.816,21:51:57.188,1139.0,974.0,exhale,10
39.838,21:51:57.210,1139.0,971.0,exhale,10
39.860,21:51:57.232,1133.0,967.0,exhale,10
39.882,21:51:57.254,1131.0,970.0,exhale,10
39.904,21:51:57.276,1132.0,972.0,exhale,10
39.926,21:51:57.298,1131.0,969.0,exhale,10
39.948,21:51:57.320,1124.0,970.0,exhale,10
39.970,21:51:57.342,1130.0,970.0,exhale,10
39.992,21:51:57.364,1129.0,968.0,exhale,10
40.014,21:51:57.386,1143.0,969.0,inhale,11
40.036,21:51:57.408,1130.0,967.0,inhale,11
40.058,21:51:57.430,1123.0,967.0,inhale,11
40.080,21:51:57.452,1138.0,967.0,inhale,11
40.106,21:51:57.478,1126.0,956.0,inhale,11
40.125,21:51:57.497,1126.0,954.0,inhale,11
40.146,21:51:57.518,1123.0,967.0,inhale,11
40.168,21:51:57.540,1126.0,965.0,inhale,11
40.190,21:51:57.562,1127.0,966.0,inhale,11
40.212,21:51:57.584,1127.0,970.0,inhale,11
40.234,21:51:57.606,1126.0,968.0,inhale,11
40.257,21:51:57.629,1126.0,962.0,inhale,11
40.278,21:51:57.650,1128.0,970.0,inhale,11
40.300,21:51:57.672,1126.0,965.0,inhale,11
40.326,21:51:57.698,1128.0,963.0,inhale,11
40.344,21:51:57.716,1124.0,965.0,inhale,11
40.366,21:51:57.738,1119.0,963.0,inhale,11
40.391,21:51:57.763,1124.0,962.0,inhale,11
40.410,21:51:57.782,1124.0,966.0,inhale,11
40.432,21:51:57.804,1127.0,969.0,inhale,11
40.454,21:51:57.826,1117.0,963.0,inhale,11
40.476,21:51:57.848,1122.0,963.0,inhale,11
40.498,21:51:57.870,1137.0,966.0,inhale,11
40.520,21:51:57.892,1125.0,964.0,inhale,11
40.542,21:51:57.914,1129.0,968.0,inhale,11
40.564,21:51:57.936,1130.0,969.0,inhale,11
40.586,21:51:57.958,1122.0,973.0,inhale,11
40.608,21:51:57.980,1128.0,975.0,inhale,11
40.630,21:51:58.002,1139.0,978.0,inhale,11
40.652,21:51:58.024,1136.0,982.0,inhale,11
40.674,21:51:58.046,1137.0,981.0,inhale,11
40.696,21:51:58.068,1149.0,982.0,inhale,11
40.718,21:51:58.090,1148.0,986.0,inhale,11
40.742,21:51:58.113,1147.0,984.0,inhale,11
40.762,21:51:58.134,1150.0,985.0,inhale,11
40.784,21:51:58.156,1154.0,991.0,inhale,11
40.807,21:51:58.179,1153.0,988.0,inhale,11
40.828,21:51:58.200,1154.0,997.0,inhale,11
40.850,21:51:58.222,1155.0,984.0,inhale,11
40.872,21:51:58.244,1160.0,991.0,inhale,11
40.894,21:51:58.266,1165.0,990.0,inhale,11
40.916,21:51:58.288,1159.0,983.0,inhale,11
40.938,21:51:58.310,1166.0,988.0,inhale,11
40.960,21:51:58.332,1152.0,993.0,inhale,11
40.982,21:51:58.354,1160.0,996.0,inhale,11
41.004,21:51:58.376,1161.0,997.0,inhale,11
41.026,21:51:58.398,1160.0,997.0,inhale,11
41.048,21:51:58.420,1165.0,999.0,inhale,11
41.070,21:51:58.442,1164.0,995.0,inhale,11
41.092,21:51:58.464,1161.0,997.0,inhale,11
41.114,21:51:58.486,1161.0,997.0,inhale,11
41.136,21:51:58.508,1162.0,996.0,inhale,11
41.158,21:51:58.530,1165.0,998.0,inhale,11
41.180,21:51:58.552,1163.0,998.0,inhale,11
41.202,21:51:58.574,1162.0,1002.0,inhale,11
41.224,21:51:58.596,1161.0,995.0,inhale,11
41.246,21:51:58.618,1175.0,995.0,inhale,11
41.268,21:51:58.640,1167.0,993.0,inhale,11
41.290,21:51:58.662,1160.0,997.0,inhale,11
41.312,21:51:58.684,1160.0,996.0,inhale,11
41.338,21:51:58.710,1165.0,992.0,inhale,11
41.357,21:51:58.729,1163.0,991.0,inhale,11
41.378,21:51:58.750,1159.0,994.0,inhale,11
41.400,21:51:58.772,1158.0,993.0,inhale,11
41.422,21:51:58.794,1154.0,993.0,inhale,11
41.444,21:51:58.816,1156.0,984.0,inhale,11
41.467,21:51:58.839,1154.0,990.0,inhale,11
41.489,21:51:58.861,1159.0,994.0,inhale,11
41.510,21:51:58.882,1157.0,987.0,exhale,11
41.532,21:51:58.904,1151.0,987.0,exhale,11
41.554,21:51:58.926,1149.0,985.0,exhale,11
41.576,21:51:58.948,1148.0,984.0,exhale,11
41.598,21:51:58.970,1148.0,983.0,exhale,11
41.620,21:51:58.992,1147.0,988.0,exhale,11
41.642,21:51:59.014,1149.0,982.0,exhale,11
41.664,21:51:59.036,1145.0,982.0,exhale,11
41.686,21:51:59.058,1147.0,982.0,exhale,11
41.708,21:51:59.080,1146.0,981.0,exhale,11
41.730,21:51:59.102,1144.0,982.0,exhale,11
41.752,21:51:59.124,1144.0,980.0,exhale,11
41.774,21:51:59.146,1132.0,982.0,exhale,11
41.796,21:51:59.168,1146.0,982.0,exhale,11
41.818,21:51:59.190,1147.0,983.0,exhale,11
41.841,21:51:59.213,1152.0,987.0,exhale,11
41.862,21:51:59.234,1144.0,983.0,exhale,11
41.884,21:51:59.256,1143.0,966.0,exhale,11
41.907,21:51:59.279,1149.0,981.0,exhale,11
41.928,21:51:59.300,1141.0,979.0,exhale,11
41.950,21:51:59.322,1141.0,985.0,exhale,11
41.976,21:51:59.348,1141.0,980.0,exhale,11
41.994,21:51:59.366,1150.0,980.0,exhale,11
42.016,21:51:59.388,1141.0,982.0,exhale,11
42.038,21:51:59.410,1142.0,979.0,exhale,11
42.060,21:51:59.432,1140.0,980.0,exhale,11
42.082,21:51:59.454,1142.0,980.0,exhale,11
42.104,21:51:59.476,1142.0,981.0,exhale,11
42.128,21:51:59.500,1149.0,980.0,exhale,11
42.148,21:51:59.520,1143.0,982.0,exhale,11
42.170,21:51:59.542,1143.0,976.0,exhale,11
42.192,21:51:59.564,1144.0,982.0,exhale,11
42.214,21:51:59.586,1143.0,981.0,exhale,11
42.236,21:51:59.608,1146.0,984.0,exhale,11
42.258,21:51:59.630,1146.0,981.0,exhale,11
42.280,21:51:59.652,1144.0,980.0,exhale,11
42.302,21:51:59.674,1146.0,981.0,exhale,11
42.324,21:51:59.696,1135.0,984.0,exhale,11
42.346,21:51:59.718,1144.0,982.0,exhale,11
42.368,21:51:59.740,1144.0,982.0,exhale,11
42.391,21:51:59.763,1151.0,979.0,exhale,11
42.412,21:51:59.784,1144.0,984.0,exhale,11
42.434,21:51:59.806,1145.0,983.0,exhale,11
42.456,21:51:59.828,1139.0,983.0,exhale,11
42.488,21:51:59.860,1143.0,982.0,exhale,11
42.504,21:51:59.876,1143.0,987.0,exhale,11
42.522,21:51:59.894,1142.0,982.0,exhale,11
42.544,21:51:59.916,1144.0,971.0,exhale,11
42.566,21:51:59.938,1140.0,982.0,exhale,11
42.588,21:51:59.960,1142.0,979.0,exhale,11
42.610,21:51:59.982,1144.0,978.0,exhale,11
42.632,21:52:00.004,1137.0,979.0,exhale,11
42.654,21:52:00.026,1144.0,976.0,exhale,11
42.676,21:52:00.048,1140.0,979.0,exhale,11
42.698,21:52:00.070,1140.0,978.0,exhale,11
42.720,21:52:00.092,1140.0,979.0,exhale,11
42.742,21:52:00.114,1142.0,978.0,exhale,11
42.764,21:52:00.136,1141.0,977.0,exhale,11
42.786,21:52:00.158,1140.0,978.0,exhale,11
42.808,21:52:00.180,1139.0,988.0,exhale,11
42.830,21:52:00.202,1139.0,978.0,exhale,11
42.852,21:52:00.224,1143.0,981.0,exhale,11
42.874,21:52:00.246,1142.0,985.0,exhale,11
42.896,21:52:00.268,1143.0,981.0,exhale,11
42.918,21:52:00.290,1145.0,984.0,exhale,11
42.940,21:52:00.312,1144.0,981.0,exhale,11
42.962,21:52:00.334,1148.0,984.0,exhale,11
42.984,21:52:00.356,1144.0,981.0,exhale,11
43.006,21:52:00.378,1142.0,977.0,exhale,11
43.028,21:52:00.400,1139.0,977.0,exhale,11
43.050,21:52:00.422,1144.0,990.0,exhale,11
43.072,21:52:00.444,1138.0,988.0,exhale,11
43.094,21:52:00.466,1140.0,977.0,exhale,11
43.116,21:52:00.488,1139.0,973.0,exhale,11
43.138,21:52:00.510,1140.0,978.0,exhale,11
43.160,21:52:00.532,1140.0,980.0,exhale,11
43.182,21:52:00.554,1145.0,979.0,exhale,11
43.204,21:52:00.576,1146.0,987.0,exhale,11
43.226,21:52:00.598,1144.0,982.0,exhale,11
43.248,21:52:00.620,1148.0,983.0,exhale,11
43.270,21:52:00.642,1149.0,983.0,exhale,11
43.292,21:52:00.664,1145.0,987.0,exhale,11
43.314,21:52:00.686,1147.0,984.0,exhale,11
43.336,21:52:00.708,1146.0,981.0,exhale,11
43.358,21:52:00.730,1144.0,971.0,exhale,11
43.380,21:52:00.752,1148.0,975.0,exhale,11
43.402,21:52:00.774,1147.0,981.0,exhale,11
43.424,21:52:00.796,1154.0,982.0,exhale,11
43.446,21:52:00.818,1148.0,981.0,exhale,11
43.468,21:52:00.840,1143.0,983.0,exhale,11
43.490,21:52:00.862,1146.0,980.0,exhale,11
43.512,21:52:00.884,1146.0,980.0,exhale,11
43.534,21:52:00.906,1136.0,976.0,exhale,11
43.557,21:52:00.929,1143.0,980.0,exhale,11
43.578,21:52:00.950,1151.0,980.0,exhale,11
43.600,21:52:00.972,1144.0,978.0,exhale,11
43.624,21:52:00.996,1137.0,980.0,exhale,11
43.644,21:52:01.016,1143.0,978.0,exhale,11
43.666,21:52:01.038,1147.0,982.0,exhale,11
43.689,21:52:01.061,1141.0,979.0,exhale,11
43.710,21:52:01.082,1142.0,976.0,exhale,11
43.732,21:52:01.104,1140.0,976.0,exhale,11
43.754,21:52:01.126,1145.0,976.0,exhale,11
43.776,21:52:01.148,1137.0,966.0,exhale,11
43.798,21:52:01.170,1135.0,977.0,exhale,11
43.820,21:52:01.192,1140.0,976.0,exhale,11
43.842,21:52:01.214,1139.0,977.0,exhale,11
43.864,21:52:01.236,1134.0,982.0,exhale,11
43.886,21:52:01.258,1137.0,976.0,exhale,11
43.908,21:52:01.280,1137.0,975.0,exhale,11
43.930,21:52:01.302,1133.0,974.0,exhale,11
43.952,21:52:01.324,1136.0,974.0,exhale,11
43.974,21:52:01.346,1137.0,973.0,exhale,11
43.996,21:52:01.368,1138.0,972.0,exhale,11
44.018,21:52:01.390,1133.0,974.0,inhale,12
44.040,21:52:01.412,1139.0,974.0,inhale,12
44.062,21:52:01.434,1133.0,974.0,inhale,12
44.084,21:52:01.456,1133.0,971.0,inhale,12
44.108,21:52:01.480,1131.0,952.0,inhale,12
44.128,21:52:01.500,1128.0,969.0,inhale,12
44.150,21:52:01.522,1129.0,967.0,inhale,12
44.173,21:52:01.545,1125.0,962.0,inhale,12
44.194,21:52:01.566,1128.0,965.0,inhale,12
44.216,21:52:01.588,1126.0,967.0,inhale,12
44.238,21:52:01.610,1125.0,966.0,inhale,12
44.260,21:52:01.632,1128.0,970.0,inhale,12
44.282,21:52:01.654,1130.0,968.0,inhale,12
44.304,21:52:01.676,1132.0,969.0,inhale,12
44.326,21:52:01.698,1133.0,972.0,inhale,12
44.348,21:52:01.720,1135.0,974.0,inhale,12
44.370,21:52:01.742,1136.0,976.0,inhale,12
44.392,21:52:01.764,1127.0,978.0,inhale,12
44.414,21:52:01.786,1144.0,980.0,inhale,12
44.436,21:52:01.808,1143.0,982.0,inhale,12
44.458,21:52:01.830,1143.0,987.0,inhale,12
44.480,21:52:01.852,1148.0,982.0,inhale,12
44.502,21:52:01.874,1157.0,976.0,inhale,12
44.524,21:52:01.896,1146.0,979.0,inhale,12
44.546,21:52:01.918,1150.0,990.0,inhale,12
44.568,21:52:01.940,1154.0,986.0,inhale,12
44.590,21:52:01.962,1150.0,984.0,inhale,12
44.612,21:52:01.984,1146.0,989.0,inhale,12
44.634,21:52:02.006,1150.0,987.0,inhale,12
44.656,21:52:02.028,1150.0,990.0,inhale,12
44.678,21:52:02.050,1151.0,990.0,inhale,12
44.700,21:52:02.072,1150.0,987.0,inhale,12
44.723,21:52:02.095,1144.0,992.0,inhale,12
44.744,21:52:02.116,1141.0,988.0,inhale,12
44.766,21:52:02.138,1149.0,986.0,inhale,12
44.789,21:52:02.161,1151.0,990.0,inhale,12
44.810,21:52:02.182,1153.0,988.0,inhale,12
44.832,21:52:02.204,1138.0,993.0,inhale,12
44.854,21:52:02.226,1149.0,983.0,inhale,12
44.876,21:52:02.248,1151.0,986.0,inhale,12
44.898,21:52:02.270,1154.0,989.0,inhale,12
44.920,21:52:02.292,1147.0,986.0,inhale,12
44.945,21:52:02.317,1149.0,990.0,inhale,12
44.964,21:52:02.336,1154.0,987.0,inhale,12
44.986,21:52:02.358,1148.0,989.0,inhale,12
45.008,21:52:02.380,1153.0,988.0,inhale,12
45.030,21:52:02.402,1151.0,989.0,inhale,12
45.052,21:52:02.424,1149.0,989.0,inhale,12
45.074,21:52:02.446,1150.0,992.0,inhale,12
45.096,21:52:02.468,1151.0,997.0,inhale,12
45.118,21:52:02.490,1163.0,989.0,inhale,12
45.141,21:52:02.513,1149.0,985.0,inhale,12
45.162,21:52:02.534,1150.0,984.0,inhale,12
45.184,21:52:02.556,1147.0,983.0,inhale,12
45.207,21:52:02.579,1147.0,993.0,inhale,12
45.228,21:52:02.600,1149.0,987.0,inhale,12
45.250,21:52:02.622,1144.0,983.0,inhale,12
45.272,21:52:02.644,1148.0,981.0,inhale,12
45.294,21:52:02.666,1139.0,982.0,inhale,12
45.316,21:52:02.688,1152.0,983.0,inhale,12
45.338,21:52:02.710,1143.0,982.0,inhale,12
45.360,21:52:02.732,1143.0,982.0,inhale,12
45.382,21:52:02.754,1138.0,983.0,inhale,12
45.404,21:52:02.776,1149.0,980.0,inhale,12
45.426,21:52:02.798,1144.0,982.0,inhale,12
45.448,21:52:02.820,1146.0,980.0,inhale,12
45.470,21:52:02.842,1142.0,980.0,inhale,12
45.492,21:52:02.864,1142.0,981.0,inhale,12
45.514,21:52:02.886,1146.0,981.0,exhale,12
45.536,21:52:02.908,1145.0,996.0,exhale,12
45.558,21:52:02.930,1144.0,980.0,exhale,12
45.580,21:52:02.952,1143.0,982.0,exhale,12
45.602,21:52:02.974,1142.0,982.0,exhale,12
45.625,21:52:02.997,1144.0,982.0,exhale,12
45.646,21:52:03.018,1147.0,981.0,exhale,12
45.668,21:52:03.040,1153.0,981.0,exhale,12
45.690,21:52:03.062,1151.0,980.0,exhale,12
45.712,21:52:03.084,1147.0,986.0,exhale,12
45.734,21:52:03.106,1145.0,986.0,exhale,12
45.756,21:52:03.128,1147.0,987.0,exhale,12
45.778,21:52:03.150,1139.0,986.0,exhale,12
45.800,21:52:03.172,1137.0,985.0,exhale,12
45.824,21:52:03.196,1151.0,990.0,exhale,12
45.844,21:52:03.216,1144.0,984.0,exhale,12
45.866,21:52:03.238,1148.0,985.0,exhale,12
45.888,21:52:03.260,1147.0,982.0,exhale,12
45.910,21:52:03.282,1147.0,983.0,exhale,12
45.932,21:52:03.304,1150.0,983.0,exhale,12
45.954,21:52:03.326,1150.0,983.0,exhale,12
45.976,21:52:03.348,1147.0,985.0,exhale,12
45.998,21:52:03.370,1149.0,982.0,exhale,12
46.020,21:52:03.392,1142.0,985.0,exhale,12
46.042,21:52:03.414,1159.0,981.0,exhale,12
46.064,21:52:03.436,1145.0,980.0,exhale,12
46.088,21:52:03.460,1150.0,988.0,exhale,12
46.108,21:52:03.480,1146.0,986.0,exhale,12
46.130,21:52:03.502,1150.0,983.0,exhale,12
46.152,21:52:03.524,1146.0,981.0,exhale,12
46.174,21:52:03.546,1143.0,982.0,exhale,12
46.196,21:52:03.568,1159.0,981.0,exhale,12
46.218,21:52:03.590,1140.0,980.0,exhale,12
46.240,21:52:03.612,1144.0,979.0,exhale,12
46.262,21:52:03.634,1150.0,982.0,exhale,12
46.284,21:52:03.656,1150.0,976.0,exhale,12
46.306,21:52:03.678,1133.0,981.0,exhale,12
46.328,21:52:03.700,1146.0,980.0,exhale,12
46.350,21:52:03.722,1144.0,982.0,exhale,12
46.372,21:52:03.744,1147.0,976.0,exhale,12
46.394,21:52:03.766,1144.0,979.0,exhale,12
46.416,21:52:03.788,1143.0,983.0,exhale,12
46.438,21:52:03.810,1145.0,982.0,exhale,12
46.460,21:52:03.832,1147.0,986.0,exhale,12
46.482,21:52:03.854,1145.0,982.0,exhale,12
46.504,21:52:03.876,1146.0,982.0,exhale,12
46.526,21:52:03.898,1141.0,980.0,exhale,12
46.548,21:52:03.920,1141.0,982.0,exhale,12
46.570,21:52:03.942,1142.0,980.0,exhale,12
46.592,21:52:03.964,1141.0,983.0,exhale,12
46.614,21:52:03.986,1132.0,985.0,exhale,12
46.636,21:52:04.008,1142.0,977.0,exhale,12
46.658,21:52:04.030,1141.0,967.0,exhale,12
46.680,21:52:04.052,1138.0,980.0,exhale,12
46.702,21:52:04.074,1139.0,980.0,exhale,12
46.724,21:52:04.096,1127.0,972.0,exhale,12
46.746,21:52:04.118,1130.0,972.0,exhale,12
46.768,21:52:04.140,1128.0,966.0,exhale,12
46.790,21:52:04.162,1134.0,974.0,exhale,12
46.812,21:52:04.184,1136.0,974.0,exhale,12
46.834,21:52:04.206,1135.0,977.0,exhale,12
46.856,21:52:04.228,1141.0,972.0,exhale,12
46.878,21:52:04.250,1137.0,969.0,exhale,12
46.900,21:52:04.272,1132.0,976.0,exhale,12
46.924,21:52:04.296,1132.0,970.0,exhale,12
46.944,21:52:04.316,1124.0,977.0,exhale,12
46.966,21:52:04.338,1138.0,967.0,exhale,12
46.989,21:52:04.361,1131.0,968.0,exhale,12
47.010,21:52:04.382,1130.0,971.0,exhale,12
47.032,21:52:04.404,1131.0,966.0,exhale,12
47.054,21:52:04.426,1130.0,971.0,exhale,12
47.076,21:52:04.448,1128.0,973.0,exhale,12
47.098,21:52:04.470,1129.0,968.0,exhale,12
47.120,21:52:04.492,1129.0,966.0,exhale,12
47.142,21:52:04.514,1129.0,966.0,exhale,12
47.164,21:52:04.536,1131.0,967.0,exhale,12
47.186,21:52:04.558,1129.0,966.0,exhale,12
47.208,21:52:04.580,1128.0,962.0,exhale,12
47.230,21:52:04.602,1125.0,967.0,exhale,12
47.252,21:52:04.624,1127.0,966.0,exhale,12
47.274,21:52:04.646,1124.0,965.0,exhale,12
47.296,21:52:04.668,1121.0,966.0,exhale,12
47.318,21:52:04.690,1126.0,966.0,exhale,12
47.340,21:52:04.712,1125.0,958.0,exhale,12
47.362,21:52:04.734,1124.0,963.0,exhale,12
47.384,21:52:04.756,1126.0,966.0,exhale,12
47.406,21:52:04.778,1125.0,960.0,exhale,12
47.428,21:52:04.800,1134.0,964.0,exhale,12
47.450,21:52:04.822,1125.0,966.0,exhale,12
47.472,21:52:04.844,1124.0,964.0,exhale,12
47.494,21:52:04.866,1124.0,964.0,exhale,12
47.516,21:52:04.888,1123.0,967.0,exhale,12
47.538,21:52:04.910,1118.0,963.0,exhale,12
47.560,21:52:04.932,1122.0,963.0,exhale,12
47.582,21:52:04.954,1123.0,963.0,exhale,12
47.604,21:52:04.976,1122.0,961.0,exhale,12
47.626,21:52:04.998,1126.0,961.0,exhale,12
47.648,21:52:05.020,1120.0,960.0,exhale,12
47.670,21:52:05.042,1121.0,961.0,exhale,12
47.692,21:52:05.064,1125.0,962.0,exhale,12
47.714,21:52:05.086,1120.0,959.0,exhale,12
47.736,21:52:05.108,1119.0,960.0,exhale,12
47.758,21:52:05.130,1110.0,959.0,exhale,12
47.780,21:52:05.152,1116.0,959.0,exhale,12
47.802,21:52:05.174,1118.0,960.0,exhale,12
47.824,21:52:05.196,1118.0,958.0,exhale,12
47.846,21:52:05.218,1117.0,959.0,exhale,12
47.868,21:52:05.240,1119.0,958.0,exhale,12
47.890,21:52:05.262,1117.0,958.0,exhale,12
47.912,21:52:05.284,1118.0,958.0,exhale,12
47.934,21:52:05.306,1117.0,969.0,exhale,12
47.956,21:52:05.328,1125.0,957.0,exhale,12
47.978,21:52:05.350,1117.0,959.0,exhale,12
48.000,21:52:05.372,1117.0,959.0,inhale,13
48.023,21:52:05.395,1121.0,957.0,inhale,13
48.044,21:52:05.416,1114.0,957.0,inhale,13
48.066,21:52:05.438,1113.0,958.0,inhale,13
48.088,21:52:05.460,1116.0,959.0,inhale,13
48.110,21:52:05.482,1112.0,957.0,inhale,13
48.132,21:52:05.504,1116.0,957.0,inhale,13
48.154,21:52:05.526,1116.0,950.0,inhale,13
48.176,21:52:05.548,1118.0,964.0,inhale,13
48.198,21:52:05.570,1121.0,961.0,inhale,13
48.220,21:52:05.592,1121.0,961.0,inhale,13
48.242,21:52:05.614,1124.0,965.0,inhale,13
48.264,21:52:05.636,1129.0,967.0,inhale,13
48.286,21:52:05.658,1129.0,968.0,inhale,13
48.308,21:52:05.680,1132.0,971.0,inhale,13
48.330,21:52:05.702,1133.0,971.0,inhale,13
48.352,21:52:05.724,1138.0,968.0,inhale,13
48.374,21:52:05.746,1128.0,978.0,inhale,13
48.396,21:52:05.768,1141.0,973.0,inhale,13
48.418,21:52:05.790,1142.0,979.0,inhale,13
48.440,21:52:05.812,1143.0,981.0,inhale,13
48.462,21:52:05.834,1146.0,983.0,inhale,13
48.484,21:52:05.856,1146.0,982.0,inhale,13
48.506,21:52:05.878,1146.0,983.0,inhale,13
48.528,21:52:05.900,1147.0,985.0,inhale,13
48.550,21:52:05.922,1151.0,983.0,inhale,13
48.572,21:52:05.944,1145.0,985.0,inhale,13
48.594,21:52:05.966,1150.0,983.0,inhale,13
48.616,21:52:05.988,1146.0,986.0,inhale,13
48.638,21:52:06.010,1150.0,984.0,inhale,13
48.660,21:52:06.032,1151.0,994.0,inhale,13
48.682,21:52:06.054,1149.0,986.0,inhale,13
48.704,21:52:06.076,1150.0,972.0,inhale,13
48.726,21:52:06.098,1151.0,985.0,inhale,13
48.748,21:52:06.120,1149.0,987.0,inhale,13
48.770,21:52:06.142,1151.0,984.0,inhale,13
48.792,21:52:06.164,1152.0,985.0,inhale,13
48.814,21:52:06.186,1150.0,986.0,inhale,13
48.836,21:52:06.208,1161.0,985.0,inhale,13
48.858,21:52:06.230,1152.0,986.0,inhale,13
48.880,21:52:06.252,1152.0,985.0,inhale,13
48.902,21:52:06.274,1152.0,987.0,inhale,13
48.924,21:52:06.296,1151.0,987.0,inhale,13
48.946,21:52:06.318,1146.0,987.0,inhale,13
48.968,21:52:06.340,1152.0,988.0,inhale,13
48.990,21:52:06.362,1153.0,992.0,inhale,13
49.012,21:52:06.384,1158.0,986.0,inhale,13
49.034,21:52:06.406,1153.0,986.0,inhale,13
49.057,21:52:06.429,1153.0,985.0,inhale,13
49.078,21:52:06.450,1153.0,991.0,inhale,13
49.100,21:52:06.472,1156.0,987.0,inhale,13
49.122,21:52:06.494,1152.0,986.0,inhale,13
49.144,21:52:06.516,1155.0,988.0,inhale,13
49.166,21:52:06.538,1156.0,989.0,inhale,13
49.192,21:52:06.564,1153.0,993.0,inhale,13
49.210,21:52:06.582,1158.0,991.0,inhale,13
49.232,21:52:06.604,1157.0,994.0,inhale,13
49.254,21:52:06.626,1164.0,993.0,inhale,13
49.276,21:52:06.648,1165.0,994.0,inhale,13
49.298,21:52:06.670,1159.0,993.0,inhale,13
49.320,21:52:06.692,1161.0,990.0,inhale,13
49.343,21:52:06.714,1157.0,992.0,inhale,13
49.364,21:52:06.736,1157.0,991.0,inhale,13
49.386,21:52:06.758,1156.0,991.0,inhale,13
49.408,21:52:06.780,1142.0,992.0,inhale,13
49.430,21:52:06.802,1150.0,989.0,inhale,13
49.452,21:52:06.824,1152.0,987.0,inhale,13
49.474,21:52:06.846,1146.0,984.0,inhale,13
49.496,21:52:06.868,1149.0,980.0,inhale,13
49.518,21:52:06.890,1150.0,985.0,exhale,13
49.540,21:52:06.912,1146.0,985.0,exhale,13
49.566,21:52:06.938,1145.0,984.0,exhale,13
49.584,21:52:06.956,1149.0,984.0,exhale,13
49.606,21:52:06.978,1146.0,984.0,exhale,13
49.628,21:52:07.000,1147.0,986.0,exhale,13
49.650,21:52:07.022,1146.0,978.0,exhale,13
49.672,21:52:07.044,1143.0,984.0,exhale,13
49.694,21:52:07.066,1153.0,983.0,exhale,13
49.716,21:52:07.088,1147.0,986.0,exhale,13
49.738,21:52:07.110,1147.0,984.0,exhale,13
49.760,21:52:07.132,1152.0,990.0,exhale,13
49.782,21:52:07.154,1149.0,986.0,exhale,13
49.804,21:52:07.176,1150.0,980.0,exhale,13
49.826,21:52:07.198,1140.0,987.0,exhale,13
49.848,21:52:07.220,1156.0,990.0,exhale,13
49.870,21:52:07.242,1139.0,989.0,exhale,13
49.892,21:52:07.264,1155.0,991.0,exhale,13
49.914,21:52:07.286,1160.0,990.0,exhale,13
49.936,21:52:07.308,1157.0,994.0,exhale,13
49.958,21:52:07.330,1157.0,993.0,exhale,13
49.980,21:52:07.352,1167.0,993.0,exhale,13
50.002,21:52:07.374,1161.0,995.0,exhale,13
50.025,21:52:07.397,1160.0,997.0,exhale,13
50.046,21:52:07.418,1158.0,994.0,exhale,13
50.068,21:52:07.440,1165.0,998.0,exhale,13
50.091,21:52:07.463,1162.0,998.0,exhale,13
50.112,21:52:07.484,1161.0,998.0,exhale,13
50.134,21:52:07.506,1162.0,996.0,exhale,13
50.156,21:52:07.528,1162.0,992.0,exhale,13
50.178,21:52:07.550,1159.0,997.0,exhale,13
50.200,21:52:07.572,1160.0,998.0,exhale,13
50.224,21:52:07.596,1162.0,990.0,exhale,13
50.244,21:52:07.616,1160.0,996.0,exhale,13
50.266,21:52:07.638,1160.0,996.0,exhale,13
50.288,21:52:07.660,1159.0,992.0,exhale,13
50.310,21:52:07.682,1158.0,994.0,exhale,13
50.332,21:52:07.704,1161.0,999.0,exhale,13
50.354,21:52:07.726,1163.0,995.0,exhale,13
50.376,21:52:07.748,1164.0,997.0,exhale,13
50.398,21:52:07.770,1158.0,997.0,exhale,13
50.420,21:52:07.792,1162.0,994.0,exhale,13
50.442,21:52:07.814,1159.0,1000.0,exhale,13
50.464,21:52:07.836,1163.0,996.0,exhale,13
50.486,21:52:07.858,1160.0,982.0,exhale,13
50.508,21:52:07.880,1161.0,993.0,exhale,13
50.530,21:52:07.902,1158.0,987.0,exhale,13
50.552,21:52:07.924,1156.0,994.0,exhale,13
50.574,21:52:07.946,1164.0,994.0,exhale,13
50.596,21:52:07.968,1154.0,993.0,exhale,13
50.618,21:52:07.990,1161.0,994.0,exhale,13
50.641,21:52:08.013,1158.0,995.0,exhale,13
50.662,21:52:08.034,1162.0,992.0,exhale,13
50.684,21:52:08.056,1157.0,992.0,exhale,13
50.706,21:52:08.078,1155.0,983.0,exhale,13
50.728,21:52:08.100,1154.0,992.0,exhale,13
50.750,21:52:08.122,1161.0,990.0,exhale,13
50.772,21:52:08.144,1156.0,988.0,exhale,13
50.794,21:52:08.166,1154.0,991.0,exhale,13
50.816,21:52:08.188,1160.0,990.0,exhale,13
50.838,21:52:08.210,1155.0,987.0,exhale,13
50.860,21:52:08.232,1155.0,995.0,exhale,13
50.882,21:52:08.254,1153.0,987.0,exhale,13
50.904,21:52:08.276,1157.0,986.0,exhale,13
50.926,21:52:08.298,1156.0,984.0,exhale,13
50.948,21:52:08.320,1150.0,985.0,exhale,13
50.970,21:52:08.342,1147.0,985.0,exhale,13
50.992,21:52:08.364,1145.0,982.0,exhale,13
51.021,21:52:08.393,1145.0,982.0,exhale,13
51.036,21:52:08.408,1144.0,981.0,exhale,13
51.058,21:52:08.430,1144.0,980.0,exhale,13
51.080,21:52:08.452,1147.0,982.0,exhale,13
51.102,21:52:08.474,1143.0,981.0,exhale,13
51.124,21:52:08.496,1142.0,981.0,exhale,13
51.146,21:52:08.518,1140.0,982.0,exhale,13
51.168,21:52:08.540,1141.0,981.0,exhale,13
51.192,21:52:08.564,1153.0,978.0,exhale,13
51.212,21:52:08.584,1141.0,974.0,exhale,13
51.234,21:52:08.606,1143.0,979.0,exhale,13
51.258,21:52:08.630,1144.0,978.0,exhale,13
51.278,21:52:08.650,1139.0,978.0,exhale,13
51.300,21:52:08.672,1139.0,979.0,exhale,13
51.325,21:52:08.697,1134.0,970.0,exhale,13
51.344,21:52:08.716,1134.0,976.0,exhale,13
51.366,21:52:08.738,1138.0,976.0,exhale,13
51.391,21:52:08.763,1145.0,974.0,exhale,13
51.410,21:52:08.782,1142.0,974.0,exhale,13
51.432,21:52:08.804,1139.0,973.0,exhale,13
51.454,21:52:08.826,1136.0,972.0,exhale,13
51.476,21:52:08.848,1136.0,975.0,exhale,13
51.498,21:52:08.870,1137.0,975.0,exhale,13
51.520,21:52:08.892,1134.0,972.0,exhale,13
51.542,21:52:08.914,1135.0,975.0,exhale,13
51.564,21:52:08.936,1135.0,975.0,exhale,13
51.586,21:52:08.958,1134.0,973.0,exhale,13
51.608,21:52:08.980,1130.0,975.0,exhale,13
51.630,21:52:09.002,1133.0,972.0,exhale,13
51.652,21:52:09.024,1132.0,971.0,exhale,13
51.674,21:52:09.046,1133.0,971.0,exhale,13
51.696,21:52:09.068,1134.0,971.0,exhale,13
51.718,21:52:09.090,1132.0,972.0,exhale,13
51.741,21:52:09.113,1140.0,966.0,exhale,13
51.762,21:52:09.134,1127.0,970.0,exhale,13
51.784,21:52:09.156,1141.0,970.0,exhale,13
51.806,21:52:09.178,1130.0,973.0,exhale,13
51.828,21:52:09.200,1131.0,967.0,exhale,13
51.850,21:52:09.222,1132.0,967.0,exhale,13
51.872,21:52:09.244,1130.0,968.0,exhale,13
51.894,21:52:09.266,1133.0,974.0,exhale,13
51.916,21:52:09.288,1133.0,970.0,exhale,13
51.938,21:52:09.310,1128.0,971.0,exhale,13
51.960,21:52:09.332,1126.0,966.0,exhale,13
51.982,21:52:09.354,1126.0,963.0,exhale,13
52.004,21:52:09.376,1123.0,963.0,inhale,14
52.026,21:52:09.398,1119.0,960.0,inhale,14
52.048,21:52:09.420,1136.0,963.0,inhale,14
52.070,21:52:09.442,1125.0,962.0,inhale,14
52.092,21:52:09.464,1126.0,965.0,inhale,14
52.114,21:52:09.486,1126.0,968.0,inhale,14
52.136,21:52:09.508,1128.0,966.0,inhale,14
52.165,21:52:09.537,1127.0,968.0,inhale,14
52.180,21:52:09.552,1131.0,969.0,inhale,14
52.202,21:52:09.574,1127.0,972.0,inhale,14
52.224,21:52:09.596,1134.0,974.0,inhale,14
52.246,21:52:09.618,1136.0,974.0,inhale,14
52.268,21:52:09.640,1138.0,978.0,inhale,14
52.290,21:52:09.662,1147.0,978.0,inhale,14
52.312,21:52:09.684,1141.0,981.0,inhale,14
52.334,21:52:09.706,1150.0,980.0,inhale,14
52.356,21:52:09.728,1144.0,981.0,inhale,14
52.378,21:52:09.750,1146.0,982.0,inhale,14
52.400,21:52:09.772,1149.0,986.0,inhale,14
52.424,21:52:09.796,1149.0,985.0,inhale,14
52.444,21:52:09.816,1152.0,998.0,inhale,14
52.466,21:52:09.838,1152.0,987.0,inhale,14
52.489,21:52:09.861,1153.0,988.0,inhale,14
52.510,21:52:09.882,1155.0,989.0,inhale,14
52.532,21:52:09.904,1158.0,990.0,inhale,14
52.554,21:52:09.926,1156.0,989.0,inhale,14
52.576,21:52:09.948,1161.0,991.0,inhale,14
52.598,21:52:09.970,1157.0,990.0,inhale,14
52.620,21:52:09.992,1156.0,981.0,inhale,14
52.642,21:52:10.014,1160.0,992.0,inhale,14
52.664,21:52:10.036,1149.0,991.0,inhale,14
52.686,21:52:10.058,1155.0,990.0,inhale,14
52.708,21:52:10.080,1169.0,989.0,inhale,14
52.730,21:52:10.102,1161.0,992.0,inhale,14
52.752,21:52:10.124,1152.0,981.0,inhale,14
52.774,21:52:10.146,1166.0,982.0,inhale,14
52.796,21:52:10.168,1154.0,986.0,inhale,14
52.818,21:52:10.190,1151.0,989.0,inhale,14
52.840,21:52:10.212,1161.0,989.0,inhale,14
52.862,21:52:10.234,1153.0,988.0,inhale,14
52.884,21:52:10.256,1151.0,989.0,inhale,14
52.906,21:52:10.278,1150.0,985.0,inhale,14
52.928,21:52:10.300,1153.0,986.0,inhale,14
52.950,21:52:10.322,1152.0,992.0,inhale,14
52.974,21:52:10.346,1158.0,985.0,inhale,14
52.994,21:52:10.366,1153.0,987.0,inhale,14
53.016,21:52:10.388,1155.0,988.0,inhale,14
53.038,21:52:10.410,1152.0,991.0,inhale,14
53.060,21:52:10.432,1162.0,985.0,inhale,14
53.082,21:52:10.454,1154.0,991.0,inhale,14
53.104,21:52:10.476,1159.0,998.0,inhale,14
53.126,21:52:10.498,1154.0,990.0,inhale,14
53.148,21:52:10.520,1158.0,994.0,inhale,14
53.170,21:52:10.542,1157.0,990.0,inhale,14
53.192,21:52:10.564,1156.0,989.0,inhale,14
53.214,21:52:10.586,1154.0,990.0,inhale,14
53.236,21:52:10.608,1154.0,992.0,inhale,14
53.258,21:52:10.630,1157.0,990.0,inhale,14
53.280,21:52:10.652,1154.0,978.0,inhale,14
53.309,21:52:10.681,1153.0,989.0,inhale,14
53.327,21:52:10.698,1155.0,989.0,inhale,14
53.346,21:52:10.718,1152.0,988.0,inhale,14
53.368,21:52:10.740,1154.0,988.0,inhale,14
53.390,21:52:10.762,1155.0,1000.0,inhale,14
53.412,21:52:10.784,1153.0,991.0,inhale,14
53.434,21:52:10.806,1153.0,987.0,inhale,14
53.456,21:52:10.828,1157.0,984.0,inhale,14
53.478,21:52:10.850,1151.0,984.0,inhale,14
53.500,21:52:10.872,1154.0,986.0,exhale,14
53.523,21:52:10.895,1155.0,991.0,exhale,14
53.544,21:52:10.916,1151.0,985.0,exhale,14
53.566,21:52:10.938,1150.0,986.0,exhale,14
53.588,21:52:10.960,1147.0,984.0,exhale,14
53.610,21:52:10.982,1144.0,987.0,exhale,14
53.632,21:52:11.004,1147.0,987.0,exhale,14
53.654,21:52:11.026,1144.0,983.0,exhale,14
53.676,21:52:11.048,1146.0,983.0,exhale,14
53.698,21:52:11.070,1148.0,984.0,exhale,14
53.720,21:52:11.092,1170.0,983.0,exhale,14
53.743,21:52:11.115,1141.0,984.0,exhale,14
53.764,21:52:11.136,1159.0,983.0,exhale,14
53.786,21:52:11.158,1143.0,984.0,exhale,14
53.808,21:52:11.180,1149.0,986.0,exhale,14
53.830,21:52:11.202,1135.0,986.0,exhale,14
53.852,21:52:11.224,1147.0,988.0,exhale,14
53.874,21:52:11.246,1146.0,983.0,exhale,14
53.896,21:52:11.268,1144.0,983.0,exhale,14
53.918,21:52:11.290,1147.0,984.0,exhale,14
53.941,21:52:11.313,1149.0,985.0,exhale,14
53.962,21:52:11.334,1151.0,992.0,exhale,14
53.984,21:52:11.356,1152.0,985.0,exhale,14
54.006,21:52:11.378,1150.0,985.0,exhale,14
54.028,21:52:11.400,1152.0,984.0,exhale,14
54.050,21:52:11.422,1154.0,990.0,exhale,14
54.072,21:52:11.444,1162.0,979.0,exhale,14
54.094,21:52:11.466,1153.0,989.0,exhale,14
54.116,21:52:11.488,1156.0,982.0,exhale,14
54.138,21:52:11.510,1150.0,990.0,exhale,14
54.160,21:52:11.532,1158.0,992.0,exhale,14
54.182,21:52:11.554,1160.0,990.0,exhale,14
54.204,21:52:11.576,1157.0,991.0,exhale,14
54.226,21:52:11.598,1157.0,991.0,exhale,14
54.248,21:52:11.620,1158.0,993.0,exhale,14
54.270,21:52:11.642,1156.0,992.0,exhale,14
54.292,21:52:11.664,1157.0,992.0,exhale,14
54.314,21:52:11.686,1156.0,989.0,exhale,14
54.336,21:52:11.708,1167.0,1000.0,exhale,14
54.358,21:52:11.730,1152.0,993.0,exhale,14
54.380,21:52:11.752,1157.0,993.0,exhale,14
54.402,21:52:11.774,1151.0,991.0,exhale,14
54.424,21:52:11.796,1156.0,990.0,exhale,14
54.451,21:52:11.823,1152.0,991.0,exhale,14
54.468,21:52:11.840,1157.0,999.0,exhale,14
54.490,21:52:11.862,1155.0,984.0,exhale,14
54.512,21:52:11.884,1154.0,986.0,exhale,14
54.534,21:52:11.906,1160.0,985.0,exhale,14
54.556,21:52:11.928,1154.0,993.0,exhale,14
54.578,21:52:11.950,1156.0,987.0,exhale,14
54.600,21:52:11.972,1154.0,989.0,exhale,14
54.623,21:52:11.995,1151.0,988.0,exhale,14
54.644,21:52:12.016,1150.0,988.0,exhale,14
54.666,21:52:12.038,1153.0,993.0,exhale,14
54.689,21:52:12.061,1158.0,988.0,exhale,14
54.710,21:52:12.082,1152.0,988.0,exhale,14
54.732,21:52:12.104,1156.0,989.0,exhale,14
54.754,21:52:12.126,1153.0,993.0,exhale,14
54.776,21:52:12.148,1156.0,996.0,exhale,14
54.798,21:52:12.170,1154.0,994.0,exhale,14
54.820,21:52:12.192,1151.0,986.0,exhale,14
54.842,21:52:12.214,1152.0,994.0,exhale,14
54.864,21:52:12.236,1149.0,987.0,exhale,14
54.886,21:52:12.258,1146.0,988.0,exhale,14
54.908,21:52:12.280,1149.0,985.0,exhale,14
54.930,21:52:12.302,1154.0,988.0,exhale,14
54.952,21:52:12.324,1153.0,987.0,exhale,14
54.975,21:52:12.347,1153.0,988.0,exhale,14
54.996,21:52:12.368,1153.0,988.0,exhale,14
55.018,21:52:12.390,1152.0,981.0,exhale,14
55.040,21:52:12.412,1148.0,987.0,exhale,14
55.062,21:52:12.434,1151.0,986.0,exhale,14
55.084,21:52:12.456,1148.0,985.0,exhale,14
55.106,21:52:12.478,1146.0,982.0,exhale,14
55.128,21:52:12.500,1151.0,985.0,exhale,14
55.150,21:52:12.522,1151.0,986.0,exhale,14
55.172,21:52:12.544,1152.0,983.0,exhale,14
55.194,21:52:12.566,1155.0,988.0,exhale,14
55.216,21:52:12.588,1150.0,978.0,exhale,14
55.238,21:52:12.610,1148.0,982.0,exhale,14
55.260,21:52:12.632,1147.0,987.0,exhale,14
55.282,21:52:12.654,1146.0,983.0,exhale,14
55.304,21:52:12.676,1145.0,981.0,exhale,14
55.326,21:52:12.698,1144.0,983.0,exhale,14
55.348,21:52:12.720,1145.0,981.0,exhale,14
55.370,21:52:12.742,1143.0,985.0,exhale,14
55.392,21:52:12.764,1144.0,981.0,exhale,14
55.414,21:52:12.786,1146.0,981.0,exhale,14
55.436,21:52:12.808,1154.0,979.0,exhale,14
55.458,21:52:12.830,1142.0,980.0,exhale,14
55.480,21:52:12.852,1142.0,979.0,exhale,14
55.502,21:52:12.874,1151.0,982.0,exhale,14
55.525,21:52:12.897,1144.0,979.0,exhale,14
55.546,21:52:12.918,1140.0,978.0,exhale,14
55.568,21:52:12.940,1138.0,971.0,exhale,14
55.591,21:52:12.963,1144.0,966.0,exhale,14
55.622,21:52:12.994,1136.0,974.0,exhale,14
55.642,21:52:13.014,1135.0,975.0,exhale,14
55.656,21:52:13.028,1134.0,972.0,exhale,14
55.678,21:52:13.050,1135.0,973.0,exhale,14
55.700,21:52:13.072,1136.0,973.0,exhale,14
55.722,21:52:13.094,1132.0,971.0,exhale,14
55.744,21:52:13.116,1132.0,972.0,exhale,14
55.766,21:52:13.138,1136.0,974.0,exhale,14
55.789,21:52:13.161,1133.0,971.0,exhale,14
55.810,21:52:13.182,1133.0,971.0,exhale,14
55.832,21:52:13.204,1125.0,971.0,exhale,14
55.854,21:52:13.226,1138.0,976.0,exhale,14
55.876,21:52:13.248,1138.0,974.0,exhale,14
55.898,21:52:13.270,1133.0,972.0,exhale,14
55.920,21:52:13.292,1130.0,970.0,exhale,14
55.942,21:52:13.314,1128.0,959.0,exhale,14
55.964,21:52:13.336,1130.0,967.0,exhale,14
55.986,21:52:13.358,1128.0,968.0,exhale,14
56.008,21:52:13.380,1128.0,965.0,inhale,15
56.030,21:52:13.402,1129.0,967.0,inhale,15
56.052,21:52:13.424,1128.0,970.0,inhale,15
56.074,21:52:13.446,1123.0,969.0,inhale,15
56.096,21:52:13.468,1134.0,973.0,inhale,15
56.118,21:52:13.490,1141.0,975.0,inhale,15
56.140,21:52:13.512,1142.0,980.0,inhale,15
56.162,21:52:13.534,1143.0,981.0,inhale,15
56.184,21:52:13.556,1144.0,986.0,inhale,15
56.206,21:52:13.578,1145.0,983.0,inhale,15
56.228,21:52:13.600,1151.0,983.0,inhale,15
56.250,21:52:13.622,1147.0,985.0,inhale,15
56.272,21:52:13.644,1149.0,982.0,inhale,15
56.294,21:52:13.666,1152.0,987.0,inhale,15
56.316,21:52:13.688,1157.0,991.0,inhale,15
56.338,21:52:13.710,1155.0,990.0,inhale,15
56.360,21:52:13.732,1155.0,994.0,inhale,15
56.382,21:52:13.754,1157.0,992.0,inhale,15
56.404,21:52:13.776,1157.0,989.0,inhale,15
56.426,21:52:13.798,1163.0,993.0,inhale,15
56.448,21:52:13.820,1159.0,992.0,inhale,15
56.470,21:52:13.842,1157.0,991.0,inhale,15
56.492,21:52:13.864,1155.0,991.0,inhale,15
56.514,21:52:13.886,1157.0,989.0,inhale,15
56.536,21:52:13.908,1156.0,989.0,inhale,15
56.558,21:52:13.930,1155.0,989.0,inhale,15
56.580,21:52:13.952,1157.0,992.0,inhale,15
56.602,21:52:13.974,1147.0,990.0,inhale,15
56.624,21:52:13.996,1154.0,991.0,inhale,15
56.646,21:52:14.018,1156.0,996.0,inhale,15
56.668,21:52:14.040,1159.0,989.0,inhale,15
56.690,21:52:14.062,1156.0,990.0,inhale,15
56.712,21:52:14.084,1153.0,995.0,inhale,15
56.734,21:52:14.106,1163.0,989.0,inhale,15
56.757,21:52:14.129,1155.0,992.0,inhale,15
56.788,21:52:14.160,1159.0,989.0,inhale,15
56.802,21:52:14.174,1155.0,990.0,inhale,15
56.822,21:52:14.194,1155.0,989.0,inhale,15
56.844,21:52:14.216,1163.0,993.0,inhale,15
56.866,21:52:14.238,1156.0,985.0,inhale,15
56.888,21:52:14.260,1157.0,993.0,inhale,15
56.910,21:52:14.282,1156.0,993.0,inhale,15
56.932,21:52:14.304,1161.0,993.0,inhale,15
56.954,21:52:14.326,1162.0,995.0,inhale,15
56.976,21:52:14.348,1162.0,995.0,inhale,15
56.998,21:52:14.370,1162.0,999.0,inhale,15
57.020,21:52:14.392,1163.0,992.0,inhale,15
57.042,21:52:14.414,1162.0,997.0,inhale,15
57.064,21:52:14.436,1160.0,983.0,inhale,15
57.086,21:52:14.458,1162.0,999.0,inhale,15
57.108,21:52:14.480,1169.0,998.0,inhale,15
57.130,21:52:14.502,1168.0,1003.0,inhale,15
57.152,21:52:14.524,1173.0,991.0,inhale,15
57.174,21:52:14.546,1170.0,1003.0,inhale,15
57.196,21:52:14.568,1169.0,1004.0,inhale,15
57.218,21:52:14.590,1168.0,1002.0,inhale,15
57.240,21:52:14.612,1181.0,1019.0,inhale,15
57.262,21:52:14.634,1167.0,1005.0,inhale,15
57.284,21:52:14.656,1170.0,994.0,inhale,15
57.306,21:52:14.678,1172.0,1003.0,inhale,15
57.328,21:52:14.700,1170.0,1007.0,inhale,15
57.350,21:52:14.722,1168.0,1001.0,inhale,15
57.372,21:52:14.744,1165.0,1002.0,inhale,15
57.394,21:52:14.766,1166.0,996.0,inhale,15
57.416,21:52:14.788,1170.0,998.0,inhale,15
57.438,21:52:14.810,1165.0,999.0,inhale,15
57.460,21:52:14.832,1166.0,1000.0,inhale,15
57.482,21:52:14.854,1165.0,999.0,inhale,15
57.504,21:52:14.876,1177.0,1003.0,exhale,15
57.526,21:52:14.898,1170.0,999.0,exhale,15
57.548,21:52:14.920,1169.0,1008.0,exhale,15
57.570,21:52:14.942,1173.0,1001.0,exhale,15
57.592,21:52:14.964,1173.0,1002.0,exhale,15
57.614,21:52:14.986,1171.0,1002.0,exhale,15
57.636,21:52:15.008,1170.0,998.0,exhale,15
57.658,21:52:15.030,1170.0,1003.0,exhale,15
57.680,21:52:15.052,1174.0,1004.0,exhale,15
57.702,21:52:15.074,1160.0,1004.0,exhale,15
57.724,21:52:15.096,1171.0,1004.0,exhale,15
57.746,21:52:15.118,1174.0,1007.0,exhale,15
57.768,21:52:15.140,1173.0,1000.0,exhale,15
57.790,21:52:15.162,1172.0,1004.0,exhale,15
57.812,21:52:15.184,1171.0,1006.0,exhale,15
57.834,21:52:15.206,1176.0,1006.0,exhale,15
57.856,21:52:15.228,1173.0,1007.0,exhale,15
57.878,21:52:15.250,1174.0,1005.0,exhale,15
57.900,21:52:15.272,1181.0,1005.0,exhale,15
57.924,21:52:15.296,1171.0,1006.0,exhale,15
57.944,21:52:15.316,1180.0,1006.0,exhale,15
57.972,21:52:15.344,1182.0,1000.0,exhale,15
57.988,21:52:15.360,1175.0,1006.0,exhale,15
58.010,21:52:15.382,1178.0,1008.0,exhale,15
58.032,21:52:15.404,1176.0,1013.0,exhale,15
58.054,21:52:15.426,1179.0,1018.0,exhale,15
58.076,21:52:15.448,1171.0,1006.0,exhale,15
58.098,21:52:15.470,1175.0,1008.0,exhale,15
58.120,21:52:15.492,1178.0,1012.0,exhale,15
58.142,21:52:15.514,1177.0,1008.0,exhale,15
58.164,21:52:15.536,1192.0,1010.0,exhale,15
58.186,21:52:15.558,1178.0,1008.0,exhale,15
58.208,21:52:15.580,1178.0,1022.0,exhale,15
58.230,21:52:15.602,1178.0,1007.0,exhale,15
58.252,21:52:15.624,1176.0,1008.0,exhale,15
58.274,21:52:15.646,1180.0,1009.0,exhale,15
58.296,21:52:15.668,1173.0,1009.0,exhale,15
58.318,21:52:15.690,1178.0,1008.0,exhale,15
58.340,21:52:15.712,1183.0,1009.0,exhale,15
58.362,21:52:15.734,1175.0,1008.0,exhale,15
58.384,21:52:15.756,1176.0,1007.0,exhale,15
58.406,21:52:15.778,1175.0,1007.0,exhale,15
58.428,21:52:15.800,1174.0,1008.0,exhale,15
58.450,21:52:15.822,1174.0,1008.0,exhale,15
58.472,21:52:15.844,1174.0,1006.0,exhale,15
58.494,21:52:15.866,1174.0,1002.0,exhale,15
58.516,21:52:15.888,1173.0,1001.0,exhale,15
58.538,21:52:15.910,1172.0,1003.0,exhale,15
58.560,21:52:15.932,1181.0,1004.0,exhale,15
58.582,21:52:15.954,1173.0,1005.0,exhale,15
58.604,21:52:15.976,1162.0,1006.0,exhale,15
58.626,21:52:15.998,1173.0,1005.0,exhale,15
58.648,21:52:16.020,1172.0,1004.0,exhale,15
58.670,21:52:16.042,1172.0,1005.0,exhale,15
58.692,21:52:16.064,1174.0,1006.0,exhale,15
58.714,21:52:16.086,1174.0,1004.0,exhale,15
58.736,21:52:16.108,1168.0,1004.0,exhale,15
58.758,21:52:16.130,1171.0,1003.0,exhale,15
58.780,21:52:16.152,1170.0,1009.0,exhale,15
58.802,21:52:16.174,1171.0,1003.0,exhale,15
58.824,21:52:16.196,1182.0,1000.0,exhale,15
58.846,21:52:16.218,1167.0,999.0,exhale,15
58.868,21:52:16.240,1164.0,1003.0,exhale,15
58.890,21:52:16.262,1148.0,1010.0,exhale,15
58.912,21:52:16.284,1169.0,1001.0,exhale,15
58.934,21:52:16.306,1164.0,997.0,exhale,15
58.956,21:52:16.328,1161.0,997.0,exhale,15
58.978,21:52:16.350,1163.0,997.0,exhale,15
59.000,21:52:16.372,1169.0,1002.0,exhale,15
59.023,21:52:16.395,1160.0,996.0,exhale,15
59.044,21:52:16.416,1160.0,990.0,exhale,15
59.066,21:52:16.438,1157.0,991.0,exhale,15
59.091,21:52:16.463,1155.0,993.0,exhale,15
59.117,21:52:16.489,1155.0,990.0,exhale,15
59.133,21:52:16.505,1153.0,987.0,exhale,15
59.154,21:52:16.526,1152.0,988.0,exhale,15
59.176,21:52:16.548,1152.0,988.0,exhale,15
59.198,21:52:16.570,1152.0,984.0,exhale,15
59.220,21:52:16.592,1151.0,986.0,exhale,15
59.242,21:52:16.614,1151.0,986.0,exhale,15
59.264,21:52:16.636,1150.0,990.0,exhale,15
59.286,21:52:16.658,1153.0,980.0,exhale,15
59.308,21:52:16.680,1155.0,987.0,exhale,15
59.330,21:52:16.702,1152.0,986.0,exhale,15
59.352,21:52:16.724,1149.0,984.0,exhale,15
59.374,21:52:16.746,1144.0,984.0,exhale,15
59.396,21:52:16.768,1141.0,983.0,exhale,15
59.418,21:52:16.790,1139.0,990.0,exhale,15
59.440,21:52:16.812,1140.0,967.0,exhale,15
59.462,21:52:16.834,1147.0,982.0,exhale,15
59.484,21:52:16.856,1151.0,983.0,exhale,15
59.506,21:52:16.878,1146.0,983.0,exhale,15
59.528,21:52:16.900,1146.0,985.0,exhale,15
59.550,21:52:16.922,1147.0,981.0,exhale,15
59.572,21:52:16.944,1151.0,983.0,exhale,15
59.594,21:52:16.966,1147.0,979.0,exhale,15
59.616,21:52:16.988,1145.0,987.0,exhale,15
59.638,21:52:17.010,1141.0,973.0,exhale,15
59.660,21:52:17.032,1151.0,982.0,exhale,15
59.682,21:52:17.054,1143.0,977.0,exhale,15
59.704,21:52:17.076,1151.0,979.0,exhale,15
59.726,21:52:17.098,1142.0,980.0,exhale,15
59.748,21:52:17.120,1142.0,978.0,exhale,15
59.770,21:52:17.142,1142.0,977.0,exhale,15
59.792,21:52:17.164,1148.0,978.0,exhale,15
59.814,21:52:17.186,1139.0,977.0,exhale,15
59.836,21:52:17.208,1137.0,975.0,exhale,15
59.858,21:52:17.230,1132.0,975.0,exhale,15
59.880,21:52:17.252,1135.0,977.0,exhale,15
59.902,21:52:17.274,1133.0,973.0,exhale,15
59.925,21:52:17.297,1138.0,966.0,exhale,15
59.946,21:52:17.318,1132.0,983.0,exhale,15
59.968,21:52:17.340,1133.0,973.0,exhale,15
59.990,21:52:17.362,1131.0,972.0,exhale,15
60.012,21:52:17.384,1139.0,970.0,inhale,16
60.034,21:52:17.406,1138.0,971.0,inhale,16
60.056,21:52:17.428,1135.0,977.0,inhale,16
60.078,21:52:17.450,1136.0,976.0,inhale,16
60.100,21:52:17.472,1136.0,968.0,inhale,16
60.124,21:52:17.496,1147.0,976.0,inhale,16
60.144,21:52:17.516,1150.0,980.0,inhale,16
60.166,21:52:17.538,1134.0,983.0,inhale,16
60.188,21:52:17.560,1147.0,981.0,inhale,16
60.210,21:52:17.582,1145.0,985.0,inhale,16
60.232,21:52:17.604,1152.0,982.0,inhale,16
60.254,21:52:17.626,1155.0,986.0,inhale,16
60.276,21:52:17.648,1155.0,992.0,inhale,16
60.298,21:52:17.670,1156.0,992.0,inhale,16
60.320,21:52:17.692,1158.0,991.0,inhale,16
60.349,21:52:17.721,1158.0,994.0,inhale,16
60.369,21:52:17.741,1163.0,993.0,inhale,16
60.386,21:52:17.758,1157.0,994.0,inhale,16
60.408,21:52:17.780,1165.0,994.0,inhale,16
60.430,21:52:17.802,1158.0,994.0,inhale,16
60.452,21:52:17.824,1165.0,997.0,inhale,16
60.474,21:52:17.846,1163.0,988.0,inhale,16
60.496,21:52:17.868,1167.0,996.0,inhale,16
60.518,21:52:17.890,1164.0,997.0,inhale,16
60.540,21:52:17.912,1165.0,999.0,inhale,16
60.562,21:52:17.934,1166.0,1002.0,inhale,16
60.584,21:52:17.956,1166.0,999.0,inhale,16
60.606,21:52:17.978,1166.0,1000.0,inhale,16
60.628,21:52:18.000,1176.0,998.0,inhale,16
60.650,21:52:18.022,1166.0,1000.0,inhale,16
60.672,21:52:18.044,1167.0,1004.0,inhale,16
60.694,21:52:18.066,1174.0,1001.0,inhale,16
60.716,21:52:18.088,1171.0,1001.0,inhale,16
60.738,21:52:18.110,1167.0,1002.0,inhale,16
60.760,21:52:18.132,1167.0,999.0,inhale,16
60.782,21:52:18.154,1167.0,1001.0,inhale,16
60.804,21:52:18.176,1162.0,1005.0,inhale,16
60.826,21:52:18.198,1167.0,1000.0,inhale,16
60.848,21:52:18.220,1168.0,999.0,inhale,16
60.870,21:52:18.242,1163.0,999.0,inhale,16
60.892,21:52:18.264,1153.0,1001.0,inhale,16
60.914,21:52:18.286,1166.0,1000.0,inhale,16
60.936,21:52:18.308,1164.0,1000.0,inhale,16
60.958,21:52:18.330,1164.0,1001.0,inhale,16
60.980,21:52:18.352,1169.0,1000.0,inhale,16
61.002,21:52:18.374,1172.0,1000.0,inhale,16
61.024,21:52:18.396,1167.0,999.0,inhale,16
61.046,21:52:18.418,1170.0,997.0,inhale,16
61.068,21:52:18.440,1167.0,994.0,inhale,16
61.090,21:52:18.462,1166.0,993.0,inhale,16
61.112,21:52:18.484,1167.0,1001.0,inhale,16
61.134,21:52:18.506,1166.0,1000.0,inhale,16
61.156,21:52:18.528,1164.0,1000.0,inhale,16
61.178,21:52:18.550,1167.0,1001.0,inhale,16
61.200,21:52:18.572,1167.0,1001.0,inhale,16
61.222,21:52:18.594,1164.0,1000.0,inhale,16
61.244,21:52:18.616,1167.0,999.0,inhale,16
61.266,21:52:18.638,1151.0,992.0,inhale,16
61.288,21:52:18.660,1164.0,997.0,inhale,16
61.310,21:52:18.682,1163.0,997.0,inhale,16
61.332,21:52:18.704,1163.0,995.0,inhale,16
61.354,21:52:18.726,1171.0,997.0,inhale,16
61.376,21:52:18.748,1158.0,995.0,inhale,16
61.398,21:52:18.770,1160.0,994.0,inhale,16
61.420,21:52:18.792,1172.0,992.0,inhale,16
61.442,21:52:18.814,1156.0,994.0,inhale,16
61.464,21:52:18.836,1153.0,993.0,inhale,16
61.486,21:52:18.858,1155.0,994.0,inhale,16
61.526,21:52:18.898,1153.0,993.0,exhale,16
61.532,21:52:18.904,1157.0,992.0,exhale,16
61.552,21:52:18.924,1157.0,988.0,exhale,16
61.574,21:52:18.946,1155.0,992.0,exhale,16
61.596,21:52:18.968,1158.0,992.0,exhale,16
61.618,21:52:18.990,1158.0,996.0,exhale,16
61.640,21:52:19.012,1160.0,992.0,exhale,16
61.662,21:52:19.034,1160.0,993.0,exhale,16
61.684,21:52:19.056,1165.0,994.0,exhale,16
61.706,21:52:19.078,1171.0,995.0,exhale,16
61.728,21:52:19.100,1162.0,995.0,exhale,16
61.750,21:52:19.122,1162.0,996.0,exhale,16
61.772,21:52:19.144,1161.0,996.0,exhale,16
61.794,21:52:19.166,1162.0,1002.0,exhale,16
61.816,21:52:19.188,1161.0,998.0,exhale,16
61.838,21:52:19.210,1160.0,996.0,exhale,16
61.860,21:52:19.232,1162.0,996.0,exhale,16
61.882,21:52:19.254,1160.0,997.0,exhale,16
61.904,21:52:19.276,1164.0,996.0,exhale,16
61.926,21:52:19.298,1160.0,998.0,exhale,16
61.948,21:52:19.320,1161.0,995.0,exhale,16
61.970,21:52:19.342,1161.0,989.0,exhale,16
61.992,21:52:19.364,1164.0,997.0,exhale,16
62.014,21:52:19.386,1164.0,997.0,exhale,16
62.036,21:52:19.408,1161.0,998.0,exhale,16
62.058,21:52:19.430,1177.0,1001.0,exhale,16
62.080,21:52:19.452,1150.0,998.0,exhale,16
62.102,21:52:19.474,1163.0,996.0,exhale,16
62.125,21:52:19.497,1164.0,1002.0,exhale,16
62.146,21:52:19.518,1164.0,996.0,exhale,16
62.168,21:52:19.540,1170.0,998.0,exhale,16
62.190,21:52:19.562,1164.0,979.0,exhale,16
62.212,21:52:19.584,1165.0,996.0,exhale,16
62.234,21:52:19.606,1157.0,998.0,exhale,16
62.257,21:52:19.629,1159.0,994.0,exhale,16
62.278,21:52:19.650,1161.0,1001.0,exhale,16
62.300,21:52:19.672,1160.0,995.0,exhale,16
62.324,21:52:19.696,1162.0,997.0,exhale,16
62.344,21:52:19.716,1164.0,995.0,exhale,16
62.366,21:52:19.738,1170.0,1000.0,exhale,16
62.389,21:52:19.761,1160.0,997.0,exhale,16
62.410,21:52:19.782,1160.0,1001.0,exhale,16
62.432,21:52:19.804,1159.0,995.0,exhale,16
62.454,21:52:19.826,1162.0,994.0,exhale,16
62.476,21:52:19.848,1164.0,999.0,exhale,16
62.498,21:52:19.870,1167.0,992.0,exhale,16
62.520,21:52:19.892,1165.0,993.0,exhale,16
62.542,21:52:19.914,1158.0,992.0,exhale,16
62.564,21:52:19.936,1156.0,993.0,exhale,16
62.586,21:52:19.958,1157.0,996.0,exhale,16
62.608,21:52:19.980,1158.0,991.0,exhale,16
62.630,21:52:20.002,1156.0,987.0,exhale,16
62.655,21:52:20.027,1157.0,992.0,exhale,16
62.674,21:52:20.046,1160.0,993.0,exhale,16
62.696,21:52:20.068,1158.0,990.0,exhale,16
62.718,21:52:20.090,1156.0,992.0,exhale,16
62.740,21:52:20.112,1153.0,990.0,exhale,16
62.762,21:52:20.134,1159.0,987.0,exhale,16
62.784,21:52:20.156,1154.0,986.0,exhale,16
62.806,21:52:20.178,1150.0,984.0,exhale,16
62.828,21:52:20.200,1150.0,975.0,exhale,16
62.850,21:52:20.222,1145.0,983.0,exhale,16
62.872,21:52:20.244,1141.0,984.0,exhale,16
62.894,21:52:20.266,1147.0,989.0,exhale,16
62.916,21:52:20.288,1146.0,989.0,exhale,16
62.939,21:52:20.311,1144.0,982.0,exhale,16
62.960,21:52:20.332,1144.0,982.0,exhale,16
62.982,21:52:20.354,1150.0,980.0,exhale,16
63.004,21:52:20.376,1144.0,980.0,exhale,16
63.026,21:52:20.398,1143.0,981.0,exhale,16
63.048,21:52:20.420,1143.0,974.0,exhale,16
63.070,21:52:20.442,1144.0,968.0,exhale,16
63.092,21:52:20.464,1143.0,981.0,exhale,16
63.114,21:52:20.486,1144.0,978.0,exhale,16
63.136,21:52:20.508,1148.0,973.0,exhale,16
63.158,21:52:20.530,1129.0,979.0,exhale,16
63.180,21:52:20.552,1139.0,978.0,exhale,16
63.202,21:52:20.574,1136.0,976.0,exhale,16
63.224,21:52:20.596,1137.0,985.0,exhale,16
63.246,21:52:20.618,1139.0,973.0,exhale,16
63.268,21:52:20.640,1135.0,975.0,exhale,16
63.290,21:52:20.662,1139.0,974.0,exhale,16
63.312,21:52:20.684,1133.0,973.0,exhale,16
63.334,21:52:20.706,1140.0,972.0,exhale,16
63.356,21:52:20.728,1139.0,973.0,exhale,16
63.378,21:52:20.750,1140.0,973.0,exhale,16
63.400,21:52:20.772,1134.0,970.0,exhale,16
63.423,21:52:20.795,1131.0,977.0,exhale,16
63.444,21:52:20.816,1130.0,971.0,exhale,16
63.466,21:52:20.838,1131.0,969.0,exhale,16
63.489,21:52:20.861,1128.0,966.0,exhale,16
63.510,21:52:20.882,1127.0,966.0,exhale,16
63.532,21:52:20.904,1127.0,967.0,exhale,16
63.554,21:52:20.926,1133.0,966.0,exhale,16
63.576,21:52:20.948,1129.0,964.0,exhale,16
63.598,21:52:20.970,1131.0,967.0,exhale,16
63.620,21:52:20.992,1125.0,966.0,exhale,16
63.642,21:52:21.014,1126.0,965.0,exhale,16
63.664,21:52:21.036,1125.0,966.0,exhale,16
63.686,21:52:21.058,1125.0,962.0,exhale,16
63.708,21:52:21.080,1131.0,965.0,exhale,16
63.730,21:52:21.102,1124.0,954.0,exhale,16
63.752,21:52:21.124,1123.0,964.0,exhale,16
63.774,21:52:21.146,1125.0,966.0,exhale,16
63.796,21:52:21.168,1125.0,966.0,exhale,16
63.818,21:52:21.190,1119.0,964.0,exhale,16
63.840,21:52:21.212,1123.0,963.0,exhale,16
63.862,21:52:21.234,1125.0,960.0,exhale,16
63.884,21:52:21.256,1121.0,962.0,exhale,16
63.906,21:52:21.278,1123.0,962.0,exhale,16
63.928,21:52:21.300,1122.0,962.0,exhale,16
63.950,21:52:21.322,1123.0,967.0,exhale,16
63.972,21:52:21.344,1121.0,962.0,exhale,16
63.994,21:52:21.366,1126.0,963.0,exhale,16
64.016,21:52:21.388,1122.0,961.0,inhale,17
64.038,21:52:21.410,1122.0,963.0,inhale,17
64.060,21:52:21.432,1130.0,960.0,inhale,17
64.082,21:52:21.454,1132.0,968.0,inhale,17
64.104,21:52:21.476,1128.0,969.0,inhale,17
64.126,21:52:21.498,1133.0,974.0,inhale,17
64.148,21:52:21.520,1124.0,972.0,inhale,17
64.170,21:52:21.542,1135.0,975.0,inhale,17
64.192,21:52:21.564,1138.0,977.0,inhale,17
64.214,21:52:21.586,1144.0,980.0,inhale,17
64.236,21:52:21.608,1154.0,975.0,inhale,17
64.258,21:52:21.630,1145.0,985.0,inhale,17
64.280,21:52:21.652,1149.0,979.0,inhale,17
64.302,21:52:21.674,1148.0,987.0,inhale,17
64.324,21:52:21.696,1147.0,983.0,inhale,17
64.346,21:52:21.718,1152.0,987.0,inhale,17
64.368,21:52:21.740,1145.0,987.0,inhale,17
64.391,21:52:21.763,1151.0,988.0,inhale,17
64.412,21:52:21.784,1153.0,1000.0,inhale,17
64.434,21:52:21.806,1154.0,987.0,inhale,17
64.456,21:52:21.828,1139.0,988.0,inhale,17
64.478,21:52:21.850,1156.0,989.0,inhale,17
64.500,21:52:21.872,1157.0,996.0,inhale,17
64.524,21:52:21.896,1153.0,988.0,inhale,17
64.544,21:52:21.916,1162.0,994.0,inhale,17
64.566,21:52:21.938,1155.0,993.0,inhale,17
64.590,21:52:21.962,1156.0,989.0,inhale,17
64.610,21:52:21.982,1156.0,993.0,inhale,17
64.632,21:52:22.004,1159.0,993.0,inhale,17
64.654,21:52:22.026,1158.0,992.0,inhale,17
64.676,21:52:22.048,1156.0,990.0,inhale,17
64.698,21:52:22.070,1160.0,990.0,inhale,17
64.720,21:52:22.092,1154.0,995.0,inhale,17
64.742,21:52:22.114,1154.0,994.0,inhale,17
64.764,21:52:22.136,1161.0,994.0,inhale,17
64.786,21:52:22.158,1161.0,994.0,inhale,17
64.808,21:52:22.180,1159.0,996.0,inhale,17
64.830,21:52:22.202,1163.0,995.0,inhale,17
64.852,21:52:22.224,1163.0,993.0,inhale,17
64.875,21:52:22.247,1144.0,998.0,inhale,17
64.896,21:52:22.268,1162.0,997.0,inhale,17
64.918,21:52:22.290,1153.0,997.0,inhale,17
64.940,21:52:22.312,1162.0,996.0,inhale,17
64.962,21:52:22.334,1168.0,996.0,inhale,17
64.984,21:52:22.356,1161.0,996.0,inhale,17
65.008,21:52:22.380,1163.0,997.0,inhale,17
65.028,21:52:22.400,1162.0,998.0,inhale,17
65.055,21:52:22.427,1173.0,996.0,inhale,17
65.072,21:52:22.444,1163.0,997.0,inhale,17
65.094,21:52:22.466,1162.0,997.0,inhale,17
65.116,21:52:22.488,1164.0,994.0,inhale,17
65.138,21:52:22.510,1161.0,996.0,inhale,17
65.160,21:52:22.532,1160.0,995.0,inhale,17
65.182,21:52:22.554,1158.0,992.0,inhale,17
65.204,21:52:22.576,1156.0,990.0,inhale,17
65.226,21:52:22.598,1155.0,1000.0,inhale,17
65.248,21:52:22.620,1159.0,993.0,inhale,17
65.270,21:52:22.642,1158.0,989.0,inhale,17
65.292,21:52:22.664,1156.0,987.0,inhale,17
65.314,21:52:22.686,1157.0,996.0,inhale,17
65.336,21:52:22.708,1147.0,991.0,inhale,17
65.359,21:52:22.731,1169.0,990.0,inhale,17
65.380,21:52:22.752,1153.0,981.0,inhale,17
65.402,21:52:22.774,1157.0,979.0,inhale,17
65.425,21:52:22.797,1155.0,986.0,inhale,17
65.446,21:52:22.818,1150.0,977.0,inhale,17
65.468,21:52:22.840,1152.0,984.0,inhale,17
65.490,21:52:22.862,1138.0,983.0,inhale,17
65.512,21:52:22.884,1150.0,986.0,exhale,17
65.534,21:52:22.906,1159.0,985.0,exhale,17
65.558,21:52:22.930,1149.0,984.0,exhale,17
65.578,21:52:22.950,1148.0,979.0,exhale,17
65.600,21:52:22.972,1151.0,984.0,exhale,17
65.624,21:52:22.996,1147.0,985.0,exhale,17
65.644,21:52:23.016,1157.0,983.0,exhale,17
65.666,21:52:23.038,1149.0,984.0,exhale,17
65.688,21:52:23.060,1154.0,984.0,exhale,17
65.710,21:52:23.082,1144.0,985.0,exhale,17
65.732,21:52:23.104,1149.0,992.0,exhale,17
65.754,21:52:23.126,1151.0,989.0,exhale,17
65.776,21:52:23.148,1152.0,987.0,exhale,17
65.798,21:52:23.170,1151.0,987.0,exhale,17
65.820,21:52:23.192,1150.0,986.0,exhale,17
65.842,21:52:23.214,1151.0,988.0,exhale,17
65.864,21:52:23.236,1150.0,987.0,exhale,17
65.886,21:52:23.258,1143.0,987.0,exhale,17
65.908,21:52:23.280,1155.0,977.0,exhale,17
65.930,21:52:23.302,1156.0,1005.0,exhale,17
65.952,21:52:23.324,1152.0,990.0,exhale,17
65.974,21:52:23.346,1156.0,988.0,exhale,17
65.996,21:52:23.368,1159.0,988.0,exhale,17
66.018,21:52:23.390,1151.0,989.0,exhale,17
66.040,21:52:23.412,1160.0,992.0,exhale,17
66.062,21:52:23.434,1154.0,992.0,exhale,17
66.084,21:52:23.456,1156.0,984.0,exhale,17
66.106,21:52:23.478,1155.0,989.0,exhale,17
66.128,21:52:23.500,1156.0,990.0,exhale,17
66.150,21:52:23.522,1151.0,990.0,exhale,17
66.172,21:52:23.544,1157.0,990.0,exhale,17
66.204,21:52:23.576,1158.0,992.0,exhale,17
66.216,21:52:23.588,1156.0,995.0,exhale,17
66.238,21:52:23.610,1161.0,991.0,exhale,17
66.260,21:52:23.632,1155.0,992.0,exhale,17
66.282,21:52:23.654,1155.0,990.0,exhale,17
66.304,21:52:23.676,1160.0,994.0,exhale,17
66.326,21:52:23.698,1158.0,991.0,exhale,17
66.348,21:52:23.720,1154.0,989.0,exhale,17
66.370,21:52:23.742,1152.0,987.0,exhale,17
66.392,21:52:23.764,1153.0,989.0,exhale,17
66.414,21:52:23.786,1150.0,987.0,exhale,17
66.436,21:52:23.808,1148.0,983.0,exhale,17
66.458,21:52:23.830,1151.0,987.0,exhale,17
66.480,21:52:23.852,1152.0,988.0,exhale,17
66.502,21:52:23.874,1151.0,984.0,exhale,17
66.524,21:52:23.896,1147.0,984.0,exhale,17
66.546,21:52:23.918,1150.0,983.0,exhale,17
66.568,21:52:23.940,1147.0,991.0,exhale,17
66.590,21:52:23.962,1152.0,987.0,exhale,17
66.612,21:52:23.984,1149.0,974.0,exhale,17
66.634,21:52:24.006,1147.0,983.0,exhale,17
66.658,21:52:24.030,1145.0,981.0,exhale,17
66.678,21:52:24.050,1144.0,980.0,exhale,17
66.700,21:52:24.072,1149.0,980.0,exhale,17
66.724,21:52:24.096,1142.0,980.0,exhale,17
66.744,21:52:24.116,1143.0,980.0,exhale,17
66.766,21:52:24.138,1140.0,972.0,exhale,17
66.789,21:52:24.161,1141.0,979.0,exhale,17
66.810,21:52:24.182,1141.0,978.0,exhale,17
66.832,21:52:24.204,1140.0,972.0,exhale,17
66.854,21:52:24.226,1133.0,975.0,exhale,17
66.876,21:52:24.248,1138.0,976.0,exhale,17
66.898,21:52:24.270,1138.0,975.0,exhale,17
66.920,21:52:24.292,1135.0,974.0,exhale,17
66.942,21:52:24.314,1136.0,976.0,exhale,17
66.964,21:52:24.336,1132.0,973.0,exhale,17
66.986,21:52:24.358,1134.0,973.0,exhale,17
67.009,21:52:24.381,1136.0,971.0,exhale,17
67.030,21:52:24.402,1131.0,972.0,exhale,17
67.052,21:52:24.424,1135.0,972.0,exhale,17
67.074,21:52:24.446,1130.0,970.0,exhale,17
67.096,21:52:24.468,1133.0,972.0,exhale,17
67.118,21:52:24.490,1132.0,971.0,exhale,17
67.140,21:52:24.512,1132.0,968.0,exhale,17
67.162,21:52:24.534,1120.0,971.0,exhale,17
67.184,21:52:24.556,1129.0,971.0,exhale,17
67.206,21:52:24.578,1133.0,968.0,exhale,17
67.228,21:52:24.600,1129.0,968.0,exhale,17
67.250,21:52:24.622,1134.0,968.0,exhale,17
67.272,21:52:24.644,1135.0,967.0,exhale,17
67.294,21:52:24.666,1128.0,966.0,exhale,17
67.316,21:52:24.688,1124.0,964.0,exhale,17
67.339,21:52:24.711,1127.0,963.0,exhale,17
67.371,21:52:24.743,1114.0,965.0,exhale,17
67.382,21:52:24.754,1124.0,963.0,exhale,17
67.404,21:52:24.776,1123.0,965.0,exhale,17
67.426,21:52:24.798,1125.0,964.0,exhale,17
67.448,21:52:24.820,1124.0,969.0,exhale,17
67.470,21:52:24.842,1129.0,960.0,exhale,17
67.492,21:52:24.864,1127.0,966.0,exhale,17
67.514,21:52:24.886,1123.0,964.0,exhale,17
67.536,21:52:24.908,1128.0,966.0,exhale,17
67.558,21:52:24.930,1134.0,963.0,exhale,17
67.580,21:52:24.952,1136.0,966.0,exhale,17
67.602,21:52:24.974,1128.0,970.0,exhale,17
67.624,21:52:24.996,1128.0,970.0,exhale,17
67.646,21:52:25.018,1132.0,974.0,exhale,17
67.668,21:52:25.040,1131.0,970.0,exhale,17
67.691,21:52:25.063,1135.0,975.0,exhale,17
67.712,21:52:25.084,1134.0,973.0,exhale,17
67.734,21:52:25.106,1139.0,982.0,exhale,17
67.757,21:52:25.129,1139.0,976.0,exhale,17
67.778,21:52:25.150,1138.0,975.0,exhale,17
67.800,21:52:25.172,1138.0,983.0,exhale,17
67.823,21:52:25.195,1139.0,978.0,exhale,17
67.844,21:52:25.216,1141.0,977.0,exhale,17
67.866,21:52:25.238,1142.0,979.0,exhale,17
67.888,21:52:25.260,1142.0,970.0,exhale,17
67.910,21:52:25.282,1148.0,980.0,exhale,17
67.932,21:52:25.304,1140.0,982.0,exhale,17
67.954,21:52:25.326,1151.0,983.0,exhale,17
67.976,21:52:25.348,1146.0,985.0,exhale,17
68.007,21:52:25.379,1146.0,985.0,inhale,18
68.025,21:52:25.397,1139.0,986.0,inhale,18
68.042,21:52:25.414,1151.0,991.0,inhale,18
68.064,21:52:25.436,1157.0,987.0,inhale,18
68.086,21:52:25.458,1156.0,990.0,inhale,18
68.108,21:52:25.480,1153.0,987.0,inhale,18
68.130,21:52:25.502,1154.0,992.0,inhale,18
68.152,21:52:25.524,1158.0,988.0,inhale,18
68.174,21:52:25.546,1156.0,992.0,inhale,18
68.196,21:52:25.568,1141.0,989.0,inhale,18
68.218,21:52:25.590,1155.0,987.0,inhale,18
68.240,21:52:25.612,1156.0,985.0,inhale,18
68.262,21:52:25.634,1165.0,989.0,inhale,18
68.284,21:52:25.656,1161.0,987.0,inhale,18
68.306,21:52:25.678,1158.0,988.0,inhale,18
68.328,21:52:25.700,1155.0,987.0,inhale,18
68.350,21:52:25.722,1154.0,989.0,inhale,18
68.372,21:52:25.744,1160.0,987.0,inhale,18
68.394,21:52:25.766,1153.0,982.0,inhale,18
68.416,21:52:25.788,1151.0,989.0,inhale,18
68.438,21:52:25.810,1154.0,988.0,inhale,18
68.460,21:52:25.832,1153.0,995.0,inhale,18
68.482,21:52:25.854,1153.0,989.0,inhale,18
68.517,21:52:25.889,1152.0,990.0,inhale,18
68.527,21:52:25.899,1156.0,992.0,inhale,18
68.548,21:52:25.920,1155.0,988.0,inhale,18
68.570,21:52:25.942,1153.0,991.0,inhale,18
68.592,21:52:25.964,1158.0,993.0,inhale,18
68.614,21:52:25.986,1164.0,990.0,inhale,18
68.636,21:52:26.008,1154.0,992.0,inhale,18
68.658,21:52:26.030,1160.0,991.0,inhale,18
68.680,21:52:26.052,1160.0,991.0,inhale,18
68.702,21:52:26.074,1154.0,991.0,inhale,18
68.724,21:52:26.096,1150.0,988.0,inhale,18
68.746,21:52:26.118,1159.0,997.0,inhale,18
68.768,21:52:26.140,1149.0,993.0,inhale,18
68.791,21:52:26.163,1158.0,994.0,inhale,18
68.812,21:52:26.184,1161.0,992.0,inhale,18
68.834,21:52:26.206,1159.0,991.0,inhale,18
68.856,21:52:26.228,1162.0,985.0,inhale,18
68.878,21:52:26.250,1162.0,995.0,inhale,18
68.900,21:52:26.272,1161.0,994.0,inhale,18
68.925,21:52:26.297,1159.0,997.0,inhale,18
68.944,21:52:26.316,1150.0,1002.0,inhale,18
68.966,21:52:26.338,1161.0,997.0,inhale,18
68.991,21:52:26.363,1169.0,997.0,inhale,18
69.010,21:52:26.382,1165.0,998.0,inhale,18
69.032,21:52:26.404,1165.0,997.0,inhale,18
69.054,21:52:26.426,1163.0,999.0,inhale,18
69.076,21:52:26.448,1165.0,999.0,inhale,18
69.098,21:52:26.470,1167.0,998.0,inhale,18
69.120,21:52:26.492,1158.0,998.0,inhale,18
69.142,21:52:26.514,1168.0,1005.0,inhale,18
69.164,21:52:26.536,1164.0,997.0,inhale,18
69.186,21:52:26.558,1165.0,995.0,inhale,18
69.208,21:52:26.580,1163.0,998.0,inhale,18
69.230,21:52:26.602,1149.0,995.0,inhale,18
69.252,21:52:26.624,1158.0,995.0,inhale,18
69.274,21:52:26.646,1165.0,997.0,inhale,18
69.296,21:52:26.668,1161.0,995.0,inhale,18
69.318,21:52:26.690,1151.0,997.0,inhale,18
69.340,21:52:26.712,1161.0,995.0,inhale,18
69.362,21:52:26.734,1161.0,995.0,inhale,18
69.384,21:52:26.756,1149.0,1003.0,inhale,18
69.406,21:52:26.778,1157.0,993.0,inhale,18
69.429,21:52:26.801,1161.0,991.0,inhale,18
69.450,21:52:26.822,1167.0,993.0,inhale,18
69.472,21:52:26.844,1160.0,995.0,inhale,18
69.494,21:52:26.866,1160.0,997.0,inhale,18
69.516,21:52:26.888,1158.0,997.0,exhale,18
69.538,21:52:26.910,1159.0,997.0,exhale,18
69.560,21:52:26.932,1161.0,1005.0,exhale,18
69.582,21:52:26.954,1164.0,997.0,exhale,18
69.604,21:52:26.976,1168.0,996.0,exhale,18
69.626,21:52:26.998,1163.0,998.0,exhale,18
69.648,21:52:27.020,1163.0,996.0,exhale,18
69.670,21:52:27.042,1166.0,996.0,exhale,18
69.692,21:52:27.064,1163.0,1000.0,exhale,18
69.714,21:52:27.086,1163.0,998.0,exhale,18
69.736,21:52:27.108,1164.0,996.0,exhale,18
69.758,21:52:27.130,1166.0,999.0,exhale,18
69.780,21:52:27.152,1158.0,998.0,exhale,18
69.802,21:52:27.174,1156.0,998.0,exhale,18
69.829,21:52:27.201,1162.0,999.0,exhale,18
69.846,21:52:27.218,1181.0,998.0,exhale,18
69.868,21:52:27.240,1168.0,999.0,exhale,18
69.890,21:52:27.262,1174.0,1005.0,exhale,18
69.912,21:52:27.284,1171.0,1002.0,exhale,18
69.934,21:52:27.306,1169.0,1001.0,exhale,18
69.956,21:52:27.328,1168.0,1001.0,exhale,18
69.978,21:52:27.350,1168.0,1001.0,exhale,18
70.000,21:52:27.372,1169.0,1006.0,exhale,18
70.024,21:52:27.396,1157.0,1006.0,exhale,18
70.044,21:52:27.416,1170.0,998.0,exhale,18
70.066,21:52:27.438,1169.0,1005.0,exhale,18
70.090,21:52:27.462,1170.0,1009.0,exhale,18
70.110,21:52:27.482,1173.0,1000.0,exhale,18
70.132,21:52:27.504,1168.0,1003.0,exhale,18
70.154,21:52:27.526,1169.0,1004.0,exhale,18
70.176,21:52:27.548,1170.0,1002.0,exhale,18
70.198,21:52:27.570,1169.0,1005.0,exhale,18
70.220,21:52:27.592,1171.0,990.0,exhale,18
70.242,21:52:27.614,1170.0,1002.0,exhale,18
70.264,21:52:27.636,1167.0,997.0,exhale,18
70.286,21:52:27.658,1166.0,1003.0,exhale,18
70.308,21:52:27.680,1176.0,1006.0,exhale,18
70.330,21:52:27.702,1170.0,1003.0,exhale,18
70.352,21:52:27.724,1173.0,1004.0,exhale,18
70.374,21:52:27.746,1187.0,1003.0,exhale,18
70.396,21:52:27.768,1167.0,999.0,exhale,18
70.418,21:52:27.790,1167.0,998.0,exhale,18
70.440,21:52:27.812,1169.0,1000.0,exhale,18
70.462,21:52:27.834,1166.0,1002.0,exhale,18
70.484,21:52:27.856,1167.0,1001.0,exhale,18
70.506,21:52:27.878,1167.0,1002.0,exhale,18
70.528,21:52:27.900,1168.0,1001.0,exhale,18
70.550,21:52:27.922,1166.0,1005.0,exhale,18
70.572,21:52:27.944,1168.0,997.0,exhale,18
70.594,21:52:27.966,1165.0,1002.0,exhale,18
70.616,21:52:27.988,1168.0,997.0,exhale,18
70.638,21:52:28.010,1162.0,998.0,exhale,18
70.660,21:52:28.032,1164.0,999.0,exhale,18
70.682,21:52:28.054,1162.0,995.0,exhale,18
70.704,21:52:28.076,1154.0,993.0,exhale,18
70.726,21:52:28.098,1162.0,995.0,exhale,18
70.748,21:52:28.120,1160.0,992.0,exhale,18
70.770,21:52:28.142,1162.0,993.0,exhale,18
70.792,21:52:28.164,1150.0,992.0,exhale,18
70.814,21:52:28.186,1156.0,991.0,exhale,18
70.836,21:52:28.208,1155.0,991.0,exhale,18
70.858,21:52:28.230,1157.0,988.0,exhale,18
70.880,21:52:28.252,1152.0,990.0,exhale,18
70.902,21:52:28.274,1153.0,988.0,exhale,18
70.924,21:52:28.296,1152.0,990.0,exhale,18
70.946,21:52:28.318,1150.0,986.0,exhale,18
70.968,21:52:28.340,1145.0,984.0,exhale,18
70.990,21:52:28.362,1149.0,987.0,exhale,18
71.012,21:52:28.384,1146.0,985.0,exhale,18
71.034,21:52:28.406,1140.0,982.0,exhale,18
71.056,21:52:28.428,1146.0,989.0,exhale,18
71.078,21:52:28.450,1147.0,968.0,exhale,18
71.100,21:52:28.472,1150.0,982.0,exhale,18
71.122,21:52:28.494,1151.0,982.0,exhale,18
71.144,21:52:28.516,1156.0,979.0,exhale,18
71.166,21:52:28.538,1142.0,980.0,exhale,18
71.190,21:52:28.562,1143.0,985.0,exhale,18
71.210,21:52:28.582,1143.0,978.0,exhale,18
71.232,21:52:28.604,1141.0,976.0,exhale,18
71.254,21:52:28.626,1132.0,979.0,exhale,18
71.276,21:52:28.648,1138.0,981.0,exhale,18
71.298,21:52:28.670,1139.0,977.0,exhale,18
71.320,21:52:28.692,1135.0,975.0,exhale,18
71.342,21:52:28.714,1146.0,977.0,exhale,18
71.364,21:52:28.736,1140.0,976.0,exhale,18
71.386,21:52:28.758,1135.0,974.0,exhale,18
71.408,21:52:28.780,1135.0,973.0,exhale,18
71.430,21:52:28.802,1132.0,976.0,exhale,18
71.452,21:52:28.824,1137.0,972.0,exhale,18
71.474,21:52:28.846,1129.0,975.0,exhale,18
71.496,21:52:28.868,1135.0,973.0,exhale,18
71.518,21:52:28.890,1129.0,983.0,exhale,18
71.540,21:52:28.912,1140.0,976.0,exhale,18
71.562,21:52:28.934,1135.0,974.0,exhale,18
71.584,21:52:28.956,1134.0,971.0,exhale,18
71.606,21:52:28.978,1133.0,973.0,exhale,18
71.628,21:52:29.000,1135.0,973.0,exhale,18
71.650,21:52:29.022,1135.0,971.0,exhale,18
71.672,21:52:29.044,1135.0,973.0,exhale,18
71.694,21:52:29.066,1141.0,975.0,exhale,18
71.716,21:52:29.088,1137.0,972.0,exhale,18
71.738,21:52:29.110,1134.0,972.0,exhale,18
71.760,21:52:29.132,1133.0,973.0,exhale,18
71.782,21:52:29.154,1133.0,970.0,exhale,18
71.804,21:52:29.176,1132.0,975.0,exhale,18
71.826,21:52:29.198,1135.0,973.0,exhale,18
71.848,21:52:29.220,1132.0,978.0,exhale,18
71.870,21:52:29.242,1132.0,971.0,exhale,18
71.892,21:52:29.264,1131.0,972.0,exhale,18
71.914,21:52:29.286,1135.0,971.0,exhale,18
71.936,21:52:29.308,1132.0,972.0,exhale,18
71.958,21:52:29.330,1122.0,971.0,exhale,18
71.980,21:52:29.352,1124.0,970.0,exhale,18
72.002,21:52:29.374,1130.0,970.0,inhale,19
72.024,21:52:29.396,1130.0,969.0,inhale,19
72.046,21:52:29.418,1129.0,966.0,inhale,19
72.068,21:52:29.440,1127.0,965.0,inhale,19
72.090,21:52:29.462,1127.0,967.0,inhale,19
72.112,21:52:29.484,1126.0,972.0,inhale,19
72.134,21:52:29.506,1127.0,965.0,inhale,19
72.158,21:52:29.530,1131.0,967.0,inhale,19
72.178,21:52:29.550,1133.0,967.0,inhale,19
72.200,21:52:29.572,1129.0,968.0,inhale,19
72.223,21:52:29.595,1121.0,967.0,inhale,19
72.244,21:52:29.616,1139.0,971.0,inhale,19
72.275,21:52:29.647,1134.0,974.0,inhale,19
72.288,21:52:29.660,1139.0,977.0,inhale,19
72.310,21:52:29.682,1140.0,979.0,inhale,19
72.332,21:52:29.704,1144.0,980.0,inhale,19
72.354,21:52:29.726,1144.0,981.0,inhale,19
72.376,21:52:29.748,1146.0,981.0,inhale,19
72.398,21:52:29.770,1148.0,981.0,inhale,19
72.420,21:52:29.792,1151.0,985.0,inhale,19
72.442,21:52:29.814,1144.0,987.0,inhale,19
72.464,21:52:29.836,1153.0,992.0,inhale,19
72.486,21:52:29.858,1152.0,989.0,inhale,19
72.508,21:52:29.880,1148.0,992.0,inhale,19
72.530,21:52:29.902,1159.0,991.0,inhale,19
72.552,21:52:29.924,1160.0,994.0,inhale,19
72.574,21:52:29.946,1160.0,996.0,inhale,19
72.596,21:52:29.968,1161.0,992.0,inhale,19
72.618,21:52:29.990,1165.0,994.0,inhale,19
72.640,21:52:30.012,1162.0,992.0,inhale,19
72.662,21:52:30.034,1161.0,999.0,inhale,19
72.684,21:52:30.056,1171.0,995.0,inhale,19
72.706,21:52:30.078,1163.0,996.0,inhale,19
72.728,21:52:30.100,1163.0,998.0,inhale,19
72.750,21:52:30.122,1162.0,997.0,inhale,19
72.772,21:52:30.144,1166.0,998.0,inhale,19
72.794,21:52:30.166,1158.0,998.0,inhale,19
72.816,21:52:30.188,1164.0,992.0,inhale,19
72.839,21:52:30.211,1162.0,998.0,inhale,19
72.860,21:52:30.232,1151.0,1000.0,inhale,19
72.882,21:52:30.254,1167.0,998.0,inhale,19
72.904,21:52:30.276,1164.0,997.0,inhale,19
72.926,21:52:30.298,1165.0,1004.0,inhale,19
72.948,21:52:30.320,1157.0,999.0,inhale,19
72.970,21:52:30.342,1168.0,998.0,inhale,19
72.992,21:52:30.364,1166.0,1003.0,inhale,19
73.014,21:52:30.386,1157.0,1000.0,inhale,19
73.036,21:52:30.408,1166.0,1000.0,inhale,19
73.058,21:52:30.430,1167.0,999.0,inhale,19
73.080,21:52:30.452,1168.0,987.0,inhale,19
73.102,21:52:30.474,1159.0,998.0,inhale,19
73.124,21:52:30.496,1171.0,999.0,inhale,19
73.146,21:52:30.518,1156.0,1002.0,inhale,19
73.168,21:52:30.540,1165.0,999.0,inhale,19
73.191,21:52:30.563,1167.0,998.0,inhale,19
73.212,21:52:30.584,1167.0,1001.0,inhale,19
73.234,21:52:30.606,1166.0,999.0,inhale,19
73.257,21:52:30.629,1168.0,1000.0,inhale,19
73.278,21:52:30.650,1167.0,1002.0,inhale,19
73.300,21:52:30.672,1167.0,996.0,inhale,19
73.324,21:52:30.696,1153.0,1000.0,inhale,19
73.344,21:52:30.716,1170.0,996.0,inhale,19
73.366,21:52:30.738,1174.0,997.0,inhale,19
73.389,21:52:30.761,1155.0,998.0,inhale,19
73.410,21:52:30.782,1164.0,1002.0,inhale,19
73.437,21:52:30.809,1162.0,986.0,inhale,19
73.455,21:52:30.827,1160.0,996.0,inhale,19
73.476,21:52:30.848,1160.0,986.0,inhale,19
73.498,21:52:30.870,1161.0,995.0,inhale,19
73.520,21:52:30.892,1160.0,994.0,exhale,19
73.542,21:52:30.914,1160.0,994.0,exhale,19
73.564,21:52:30.936,1159.0,993.0,exhale,19
73.586,21:52:30.958,1157.0,992.0,exhale,19
73.608,21:52:30.980,1153.0,993.0,exhale,19
73.630,21:52:31.002,1158.0,994.0,exhale,19
73.652,21:52:31.024,1169.0,995.0,exhale,19
73.674,21:52:31.046,1161.0,996.0,exhale,19
73.696,21:52:31.068,1160.0,995.0,exhale,19
73.718,21:52:31.090,1161.0,993.0,exhale,19
73.740,21:52:31.112,1171.0,995.0,exhale,19
73.762,21:52:31.134,1163.0,995.0,exhale,19
73.784,21:52:31.156,1162.0,991.0,exhale,19
73.807,21:52:31.179,1163.0,992.0,exhale,19
73.828,21:52:31.200,1164.0,1005.0,exhale,19
73.850,21:52:31.222,1164.0,999.0,exhale,19
73.872,21:52:31.244,1167.0,999.0,exhale,19
73.894,21:52:31.266,1172.0,1002.0,exhale,19
73.916,21:52:31.288,1168.0,999.0,exhale,19
73.938,21:52:31.310,1169.0,1001.0,exhale,19
73.960,21:52:31.332,1170.0,1003.0,exhale,19
73.982,21:52:31.354,1171.0,1002.0,exhale,19
74.004,21:52:31.376,1170.0,1001.0,exhale,19
74.026,21:52:31.398,1169.0,1008.0,exhale,19
74.048,21:52:31.420,1170.0,1010.0,exhale,19
74.070,21:52:31.442,1169.0,996.0,exhale,19
74.092,21:52:31.464,1170.0,1005.0,exhale,19
74.114,21:52:31.486,1170.0,1004.0,exhale,19
74.136,21:52:31.508,1167.0,1001.0,exhale,19
74.158,21:52:31.530,1170.0,1000.0,exhale,19
74.180,21:52:31.552,1155.0,1003.0,exhale,19
74.202,21:52:31.574,1168.0,1001.0,exhale,19
74.224,21:52:31.596,1164.0,1002.0,exhale,19
74.246,21:52:31.618,1168.0,1002.0,exhale,19
74.268,21:52:31.640,1169.0,1000.0,exhale,19
74.290,21:52:31.662,1167.0,998.0,exhale,19
74.313,21:52:31.685,1169.0,1002.0,exhale,19
74.334,21:52:31.706,1168.0,992.0,exhale,19
74.356,21:52:31.728,1172.0,998.0,exhale,19
74.378,21:52:31.750,1168.0,1002.0,exhale,19
74.400,21:52:31.772,1155.0,989.0,exhale,19
74.423,21:52:31.795,1167.0,1004.0,exhale,19
74.444,21:52:31.816,1167.0,997.0,exhale,19
74.466,21:52:31.838,1162.0,997.0,exhale,19
74.489,21:52:31.861,1163.0,986.0,exhale,19
74.510,21:52:31.882,1163.0,998.0,exhale,19
74.532,21:52:31.904,1160.0,1002.0,exhale,19
74.554,21:52:31.926,1166.0,996.0,exhale,19
74.576,21:52:31.948,1163.0,989.0,exhale,19
74.599,21:52:31.971,1160.0,998.0,exhale,19
74.620,21:52:31.992,1157.0,983.0,exhale,19
74.642,21:52:32.014,1155.0,990.0,exhale,19
74.664,21:52:32.036,1169.0,994.0,exhale,19
74.686,21:52:32.058,1165.0,991.0,exhale,19
74.708,21:52:32.080,1158.0,990.0,exhale,19
74.730,21:52:32.102,1158.0,991.0,exhale,19
74.752,21:52:32.124,1156.0,989.0,exhale,19
74.774,21:52:32.146,1152.0,988.0,exhale,19
74.796,21:52:32.168,1152.0,984.0,exhale,19
74.818,21:52:32.190,1150.0,988.0,exhale,19
74.841,21:52:32.213,1152.0,989.0,exhale,19
74.862,21:52:32.234,1150.0,981.0,exhale,19
74.884,21:52:32.256,1147.0,981.0,exhale,19
74.906,21:52:32.278,1144.0,982.0,exhale,19
74.928,21:52:32.300,1147.0,983.0,exhale,19
74.950,21:52:32.322,1144.0,982.0,exhale,19
74.974,21:52:32.346,1145.0,982.0,exhale,19
74.994,21:52:32.366,1144.0,980.0,exhale,19
75.016,21:52:32.388,1143.0,979.0,exhale,19
75.038,21:52:32.410,1142.0,978.0,exhale,19
75.060,21:52:32.432,1145.0,984.0,exhale,19
75.082,21:52:32.454,1142.0,977.0,exhale,19
75.104,21:52:32.476,1140.0,978.0,exhale,19
75.126,21:52:32.498,1147.0,976.0,exhale,19
75.148,21:52:32.520,1139.0,976.0,exhale,19
75.170,21:52:32.542,1138.0,980.0,exhale,19
75.192,21:52:32.564,1136.0,975.0,exhale,19
75.214,21:52:32.586,1138.0,974.0,exhale,19
75.236,21:52:32.608,1133.0,973.0,exhale,19
75.258,21:52:32.630,1136.0,975.0,exhale,19
75.280,21:52:32.652,1135.0,976.0,exhale,19
75.302,21:52:32.674,1131.0,975.0,exhale,19
75.324,21:52:32.696,1132.0,972.0,exhale,19
75.346,21:52:32.718,1129.0,973.0,exhale,19
75.368,21:52:32.740,1132.0,969.0,exhale,19
75.390,21:52:32.762,1131.0,971.0,exhale,19
75.412,21:52:32.784,1132.0,969.0,exhale,19
75.434,21:52:32.806,1131.0,970.0,exhale,19
75.456,21:52:32.828,1131.0,969.0,exhale,19
75.478,21:52:32.850,1129.0,969.0,exhale,19
75.500,21:52:32.872,1131.0,970.0,exhale,19
75.524,21:52:32.896,1129.0,967.0,exhale,19
75.544,21:52:32.916,1129.0,964.0,exhale,19
75.566,21:52:32.938,1129.0,967.0,exhale,19
75.590,21:52:32.962,1128.0,966.0,exhale,19
75.610,21:52:32.982,1132.0,967.0,exhale,19
75.632,21:52:33.004,1126.0,967.0,exhale,19
75.654,21:52:33.026,1126.0,966.0,exhale,19
75.676,21:52:33.048,1121.0,963.0,exhale,19
75.698,21:52:33.070,1134.0,965.0,exhale,19
75.720,21:52:33.092,1126.0,965.0,exhale,19
75.743,21:52:33.115,1132.0,968.0,exhale,19
75.764,21:52:33.136,1127.0,966.0,exhale,19
75.786,21:52:33.158,1125.0,964.0,exhale,19
75.808,21:52:33.180,1127.0,966.0,exhale,19
75.830,21:52:33.202,1125.0,964.0,exhale,19
75.852,21:52:33.224,1121.0,962.0,exhale,19
75.874,21:52:33.246,1124.0,967.0,exhale,19
75.896,21:52:33.268,1122.0,963.0,exhale,19
75.918,21:52:33.290,1120.0,963.0,exhale,19
75.940,21:52:33.312,1116.0,962.0,exhale,19
75.962,21:52:33.334,1122.0,970.0,exhale,19
75.984,21:52:33.356,1128.0,961.0,exhale,19
76.006,21:52:33.378,1129.0,963.0,inhale,20
76.028,21:52:33.400,1128.0,966.0,inhale,20
76.050,21:52:33.422,1137.0,967.0,inhale,20
76.072,21:52:33.444,1131.0,970.0,inhale,20
76.094,21:52:33.466,1135.0,973.0,inhale,20
76.116,21:52:33.488,1129.0,973.0,inhale,20
76.139,21:52:33.511,1140.0,975.0,inhale,20
76.160,21:52:33.532,1141.0,977.0,inhale,20
76.182,21:52:33.554,1140.0,970.0,inhale,20
76.204,21:52:33.576,1143.0,981.0,inhale,20
76.226,21:52:33.598,1146.0,981.0,inhale,20
76.248,21:52:33.620,1144.0,983.0,inhale,20
76.270,21:52:33.642,1146.0,982.0,inhale,20
76.292,21:52:33.664,1147.0,981.0,inhale,20
76.314,21:52:33.686,1143.0,982.0,inhale,20
76.336,21:52:33.708,1149.0,984.0,inhale,20
76.358,21:52:33.730,1151.0,996.0,inhale,20
76.380,21:52:33.752,1151.0,988.0,inhale,20
76.402,21:52:33.774,1152.0,989.0,inhale,20
76.424,21:52:33.796,1157.0,990.0,inhale,20
76.446,21:52:33.818,1158.0,985.0,inhale,20
76.468,21:52:33.840,1158.0,992.0,inhale,20
76.490,21:52:33.862,1168.0,996.0,inhale,20
76.512,21:52:33.884,1162.0,997.0,inhale,20
76.534,21:52:33.906,1162.0,984.0,inhale,20
76.556,21:52:33.928,1163.0,999.0,inhale,20
76.578,21:52:33.950,1167.0,991.0,inhale,20
76.600,21:52:33.972,1163.0,994.0,inhale,20
76.623,21:52:33.995,1162.0,990.0,inhale,20
76.644,21:52:34.016,1159.0,997.0,inhale,20
76.666,21:52:34.038,1162.0,991.0,inhale,20
76.690,21:52:34.062,1163.0,995.0,inhale,20
76.710,21:52:34.082,1159.0,998.0,inhale,20
76.732,21:52:34.104,1162.0,1003.0,inhale,20
76.754,21:52:34.126,1164.0,994.0,inhale,20
76.776,21:52:34.148,1171.0,995.0,inhale,20
76.798,21:52:34.170,1163.0,996.0,inhale,20
76.820,21:52:34.192,1165.0,995.0,inhale,20
76.842,21:52:34.214,1165.0,995.0,inhale,20
76.864,21:52:34.236,1165.0,993.0,inhale,20
76.886,21:52:34.258,1154.0,996.0,inhale,20
76.908,21:52:34.280,1162.0,1005.0,inhale,20
76.938,21:52:34.310,1167.0,996.0,inhale,20
76.954,21:52:34.326,1155.0,990.0,inhale,20
76.974,21:52:34.346,1162.0,1003.0,inhale,20
76.996,21:52:34.368,1163.0,995.0,inhale,20
77.018,21:52:34.390,1164.0,997.0,inhale,20
77.040,21:52:34.412,1162.0,998.0,inhale,20
77.062,21:52:34.434,1161.0,996.0,inhale,20
77.084,21:52:34.456,1163.0,997.0,inhale,20
77.106,21:52:34.478,1164.0,995.0,inhale,20
77.128,21:52:34.500,1164.0,998.0,inhale,20
77.150,21:52:34.522,1165.0,998.0,inhale,20
77.172,21:52:34.544,1169.0,997.0,inhale,20
77.194,21:52:34.566,1171.0,999.0,inhale,20
77.216,21:52:34.588,1167.0,1003.0,inhale,20
77.238,21:52:34.610,1167.0,1003.0,inhale,20
77.260,21:52:34.632,1167.0,1000.0,inhale,20
77.282,21:52:34.654,1166.0,1000.0,inhale,20
77.304,21:52:34.676,1167.0,1001.0,inhale,20
77.326,21:52:34.698,1165.0,1001.0,inhale,20
77.348,21:52:34.720,1152.0,1003.0,inhale,20
77.370,21:52:34.742,1164.0,1000.0,inhale,20
77.392,21:52:34.764,1169.0,1003.0,inhale,20
77.414,21:52:34.786,1168.0,988.0,inhale,20
77.436,21:52:34.808,1172.0,1005.0,inhale,20
77.458,21:52:34.830,1168.0,1005.0,inhale,20
77.480,21:52:34.852,1170.0,1003.0,inhale,20
77.502,21:52:34.874,1167.0,1003.0,exhale,20
77.524,21:52:34.896,1169.0,1001.0,exhale,20
77.546,21:52:34.918,1169.0,1000.0,exhale,20
77.568,21:52:34.940,1167.0,999.0,exhale,20
77.590,21:52:34.962,1167.0,1000.0,exhale,20
77.612,21:52:34.984,1170.0,1003.0,exhale,20
77.634,21:52:35.006,1166.0,998.0,exhale,20
77.656,21:52:35.028,1163.0,996.0,exhale,20
77.678,21:52:35.050,1163.0,1000.0,exhale,20
77.700,21:52:35.072,1162.0,989.0,exhale,20
77.723,21:52:35.095,1164.0,997.0,exhale,20
77.744,21:52:35.116,1166.0,998.0,exhale,20
77.766,21:52:35.138,1164.0,998.0,exhale,20
77.788,21:52:35.160,1165.0,1000.0,exhale,20
77.810,21:52:35.182,1170.0,1000.0,exhale,20
77.832,21:52:35.204,1166.0,1002.0,exhale,20
77.854,21:52:35.226,1160.0,997.0,exhale,20
77.876,21:52:35.248,1170.0,1003.0,exhale,20
77.898,21:52:35.270,1167.0,1002.0,exhale,20
77.920,21:52:35.292,1164.0,1001.0,exhale,20
77.942,21:52:35.314,1172.0,1006.0,exhale,20
77.964,21:52:35.336,1175.0,1006.0,exhale,20
77.986,21:52:35.358,1173.0,1006.0,exhale,20
78.008,21:52:35.380,1179.0,1005.0,exhale,20
78.030,21:52:35.402,1174.0,1006.0,exhale,20
78.052,21:52:35.424,1174.0,1007.0,exhale,20
78.074,21:52:35.446,1178.0,1015.0,exhale,20
78.096,21:52:35.468,1177.0,1006.0,exhale,20
78.121,21:52:35.493,1174.0,1006.0,exhale,20
78.141,21:52:35.513,1177.0,1006.0,exhale,20
78.162,21:52:35.534,1174.0,1010.0,exhale,20
78.184,21:52:35.556,1172.0,997.0,exhale,20
78.206,21:52:35.578,1175.0,1007.0,exhale,20
78.228,21:52:35.600,1176.0,1007.0,exhale,20
78.250,21:52:35.622,1175.0,1007.0,exhale,20
78.272,21:52:35.644,1174.0,1008.0,exhale,20
78.294,21:52:35.666,1177.0,1011.0,exhale,20
78.316,21:52:35.688,1183.0,1007.0,exhale,20
78.338,21:52:35.710,1183.0,1002.0,exhale,20
78.360,21:52:35.732,1178.0,1005.0,exhale,20
78.382,21:52:35.754,1180.0,1007.0,exhale,20
78.404,21:52:35.776,1176.0,1009.0,exhale,20
78.426,21:52:35.798,1175.0,1007.0,exhale,20
78.448,21:52:35.820,1174.0,1008.0,exhale,20
78.470,21:52:35.842,1174.0,1006.0,exhale,20
78.492,21:52:35.864,1178.0,1008.0,exhale,20
78.514,21:52:35.886,1175.0,1007.0,exhale,20
78.536,21:52:35.908,1175.0,1002.0,exhale,20
78.558,21:52:35.930,1172.0,1007.0,exhale,20
78.580,21:52:35.952,1170.0,1005.0,exhale,20
78.602,21:52:35.974,1172.0,1004.0,exhale,20
78.624,21:52:35.996,1175.0,1006.0,exhale,20
78.646,21:52:36.018,1176.0,1005.0,exhale,20
78.668,21:52:36.040,1174.0,1013.0,exhale,20
78.690,21:52:36.062,1172.0,1004.0,exhale,20
78.712,21:52:36.084,1170.0,1004.0,exhale,20
78.734,21:52:36.106,1170.0,1001.0,exhale,20
78.756,21:52:36.128,1170.0,1003.0,exhale,20
78.778,21:52:36.150,1175.0,1000.0,exhale,20
78.800,21:52:36.172,1168.0,999.0,exhale,20
78.824,21:52:36.196,1167.0,1006.0,exhale,20
78.844,21:52:36.216,1164.0,1001.0,exhale,20
78.866,21:52:36.238,1164.0,999.0,exhale,20
78.888,21:52:36.260,1168.0,998.0,exhale,20
78.910,21:52:36.282,1167.0,1000.0,exhale,20
78.932,21:52:36.304,1165.0,998.0,exhale,20
78.954,21:52:36.326,1165.0,997.0,exhale,20
78.976,21:52:36.348,1164.0,997.0,exhale,20
78.998,21:52:36.370,1162.0,997.0,exhale,20
79.020,21:52:36.392,1162.0,996.0,exhale,20
79.042,21:52:36.414,1163.0,997.0,exhale,20
79.064,21:52:36.436,1162.0,996.0,exhale,20
79.086,21:52:36.458,1161.0,995.0,exhale,20
79.108,21:52:36.480,1151.0,994.0,exhale,20
79.130,21:52:36.502,1163.0,994.0,exhale,20
79.152,21:52:36.524,1156.0,993.0,exhale,20
79.174,21:52:36.546,1153.0,993.0,exhale,20
79.196,21:52:36.568,1155.0,988.0,exhale,20
79.218,21:52:36.590,1153.0,988.0,exhale,20
79.240,21:52:36.612,1157.0,988.0,exhale,20
79.262,21:52:36.634,1153.0,987.0,exhale,20
79.296,21:52:36.668,1154.0,981.0,exhale,20
79.306,21:52:36.678,1150.0,984.0,exhale,20
79.328,21:52:36.700,1147.0,987.0,exhale,20
79.350,21:52:36.722,1152.0,984.0,exhale,20
79.372,21:52:36.744,1155.0,986.0,exhale,20
79.394,21:52:36.766,1150.0,983.0,exhale,20
79.416,21:52:36.788,1146.0,985.0,exhale,20
79.438,21:52:36.810,1147.0,984.0,exhale,20
79.460,21:52:36.832,1148.0,983.0,exhale,20
79.482,21:52:36.854,1146.0,986.0,exhale,20
79.504,21:52:36.876,1146.0,982.0,exhale,20
79.526,21:52:36.898,1149.0,981.0,exhale,20
79.548,21:52:36.920,1145.0,981.0,exhale,20
79.570,21:52:36.942,1152.0,980.0,exhale,20
79.592,21:52:36.964,1143.0,981.0,exhale,20
79.614,21:52:36.986,1144.0,970.0,exhale,20
79.636,21:52:37.008,1146.0,979.0,exhale,20
79.658,21:52:37.030,1142.0,979.0,exhale,20
79.680,21:52:37.052,1142.0,978.0,exhale,20
79.702,21:52:37.074,1140.0,978.0,exhale,20
79.724,21:52:37.096,1141.0,974.0,exhale,20
79.746,21:52:37.118,1141.0,977.0,exhale,20
79.768,21:52:37.140,1141.0,979.0,exhale,20
79.790,21:52:37.162,1142.0,978.0,exhale,20
79.812,21:52:37.184,1144.0,976.0,exhale,20
79.834,21:52:37.206,1137.0,975.0,exhale,20
79.857,21:52:37.229,1141.0,978.0,exhale,20
79.878,21:52:37.250,1145.0,973.0,exhale,20
79.900,21:52:37.272,1140.0,974.0,exhale,20
79.924,21:52:37.296,1144.0,977.0,exhale,20
79.944,21:52:37.316,1138.0,974.0,exhale,20
79.966,21:52:37.338,1130.0,974.0,exhale,20
79.988,21:52:37.360,1137.0,971.0,exhale,20
80.010,21:52:37.382,1137.0,970.0,inhale,21
80.032,21:52:37.404,1132.0,971.0,inhale,21
80.054,21:52:37.426,1135.0,971.0,inhale,21
80.076,21:52:37.448,1133.0,982.0,inhale,21
80.098,21:52:37.470,1137.0,975.0,inhale,21
80.120,21:52:37.492,1153.0,979.0,inhale,21
80.142,21:52:37.514,1142.0,981.0,inhale,21
80.164,21:52:37.536,1146.0,982.0,inhale,21
80.186,21:52:37.558,1149.0,986.0,inhale,21
80.208,21:52:37.580,1162.0,987.0,inhale,21
80.230,21:52:37.602,1173.0,991.0,inhale,21
80.252,21:52:37.624,1157.0,992.0,inhale,21
80.274,21:52:37.646,1160.0,996.0,inhale,21
80.296,21:52:37.668,1164.0,993.0,inhale,21
80.318,21:52:37.690,1164.0,1002.0,inhale,21
80.340,21:52:37.712,1164.0,997.0,inhale,21
80.362,21:52:37.734,1164.0,998.0,inhale,21
80.384,21:52:37.756,1165.0,997.0,inhale,21
80.406,21:52:37.778,1165.0,1003.0,inhale,21
80.428,21:52:37.800,1167.0,998.0,inhale,21
80.453,21:52:37.825,1165.0,999.0,inhale,21
80.472,21:52:37.844,1165.0,1002.0,inhale,21
80.494,21:52:37.866,1167.0,1001.0,inhale,21
80.516,21:52:37.888,1166.0,998.0,inhale,21
80.538,21:52:37.910,1169.0,1000.0,inhale,21
80.560,21:52:37.932,1165.0,1000.0,inhale,21
80.582,21:52:37.954,1168.0,1000.0,inhale,21
80.604,21:52:37.976,1166.0,997.0,inhale,21
80.626,21:52:37.998,1169.0,1002.0,inhale,21
80.648,21:52:38.020,1168.0,999.0,inhale,21
80.670,21:52:38.042,1166.0,1000.0,inhale,21
80.692,21:52:38.064,1165.0,995.0,inhale,21
80.714,21:52:38.086,1165.0,999.0,inhale,21
80.736,21:52:38.108,1166.0,998.0,inhale,21
80.758,21:52:38.130,1166.0,1002.0,inhale,21
80.780,21:52:38.152,1164.0,1001.0,inhale,21
80.802,21:52:38.174,1165.0,998.0,inhale,21
80.824,21:52:38.196,1168.0,999.0,inhale,21
80.846,21:52:38.218,1173.0,999.0,inhale,21
80.868,21:52:38.240,1165.0,996.0,inhale,21
80.890,21:52:38.262,1165.0,992.0,inhale,21
80.912,21:52:38.284,1168.0,1001.0,inhale,21
80.934,21:52:38.306,1165.0,1008.0,inhale,21
80.956,21:52:38.328,1165.0,1000.0,inhale,21
80.978,21:52:38.350,1167.0,1004.0,inhale,21
81.000,21:52:38.372,1166.0,999.0,inhale,21
81.022,21:52:38.394,1166.0,1001.0,inhale,21
81.044,21:52:38.416,1169.0,1004.0,inhale,21
81.066,21:52:38.438,1168.0,1006.0,inhale,21
81.088,21:52:38.460,1166.0,1001.0,inhale,21
81.110,21:52:38.482,1169.0,1002.0,inhale,21
81.132,21:52:38.504,1170.0,1001.0,inhale,21
81.154,21:52:38.526,1169.0,1002.0,inhale,21
81.176,21:52:38.548,1175.0,998.0,inhale,21
81.198,21:52:38.570,1167.0,999.0,inhale,21
81.220,21:52:38.592,1160.0,1006.0,inhale,21
81.242,21:52:38.614,1171.0,1003.0,inhale,21
81.264,21:52:38.636,1166.0,1002.0,inhale,21
81.286,21:52:38.658,1169.0,990.0,inhale,21
81.308,21:52:38.680,1182.0,1004.0,inhale,21
81.330,21:52:38.702,1171.0,1001.0,inhale,21
81.352,21:52:38.724,1167.0,1000.0,inhale,21
81.374,21:52:38.746,1169.0,1002.0,inhale,21
81.396,21:52:38.768,1169.0,998.0,inhale,21
81.418,21:52:38.790,1167.0,999.0,inhale,21
81.440,21:52:38.812,1168.0,999.0,inhale,21
81.462,21:52:38.834,1166.0,993.0,inhale,21
81.484,21:52:38.856,1165.0,1002.0,inhale,21
81.506,21:52:38.878,1166.0,990.0,exhale,21
81.528,21:52:38.900,1179.0,999.0,exhale,21
81.550,21:52:38.922,1164.0,997.0,exhale,21
81.572,21:52:38.944,1165.0,999.0,exhale,21
81.594,21:52:38.966,1164.0,1001.0,exhale,21
81.616,21:52:38.988,1163.0,994.0,exhale,21
81.650,21:52:39.022,1164.0,997.0,exhale,21
81.660,21:52:39.032,1164.0,998.0,exhale,21
81.682,21:52:39.054,1165.0,998.0,exhale,21
81.704,21:52:39.076,1166.0,1000.0,exhale,21
81.726,21:52:39.098,1167.0,998.0,exhale,21
81.748,21:52:39.120,1164.0,1004.0,exhale,21
81.770,21:52:39.142,1164.0,1000.0,exhale,21
81.792,21:52:39.164,1164.0,999.0,exhale,21
81.814,21:52:39.186,1162.0,1000.0,exhale,21
81.836,21:52:39.208,1168.0,997.0,exhale,21
81.858,21:52:39.230,1164.0,999.0,exhale,21
81.880,21:52:39.252,1164.0,1000.0,exhale,21
81.902,21:52:39.274,1174.0,1000.0,exhale,21
81.925,21:52:39.297,1168.0,1001.0,exhale,21
81.946,21:52:39.318,1171.0,997.0,exhale,21
81.968,21:52:39.340,1173.0,996.0,exhale,21
81.991,21:52:39.363,1166.0,1004.0,exhale,21
82.012,21:52:39.384,1169.0,1003.0,exhale,21
82.034,21:52:39.406,1171.0,1004.0,exhale,21
82.057,21:52:39.429,1171.0,1004.0,exhale,21
82.078,21:52:39.450,1171.0,1006.0,exhale,21
82.100,21:52:39.472,1173.0,998.0,exhale,21
82.124,21:52:39.496,1170.0,1002.0,exhale,21
82.144,21:52:39.516,1172.0,1010.0,exhale,21
82.166,21:52:39.538,1168.0,999.0,exhale,21
82.188,21:52:39.560,1166.0,1002.0,exhale,21
82.210,21:52:39.582,1159.0,1003.0,exhale,21
82.232,21:52:39.604,1157.0,1005.0,exhale,21
82.254,21:52:39.626,1169.0,1002.0,exhale,21
82.276,21:52:39.648,1174.0,1007.0,exhale,21
82.298,21:52:39.670,1169.0,1006.0,exhale,21
82.320,21:52:39.692,1177.0,1005.0,exhale,21
82.342,21:52:39.714,1165.0,1004.0,exhale,21
82.364,21:52:39.736,1179.0,1000.0,exhale,21
82.386,21:52:39.758,1175.0,991.0,exhale,21
82.408,21:52:39.780,1172.0,1004.0,exhale,21
82.430,21:52:39.802,1171.0,1003.0,exhale,21
82.452,21:52:39.824,1171.0,1003.0,exhale,21
82.475,21:52:39.847,1171.0,1015.0,exhale,21
82.496,21:52:39.868,1184.0,1004.0,exhale,21
82.518,21:52:39.890,1178.0,1001.0,exhale,21
82.541,21:52:39.913,1171.0,991.0,exhale,21
82.563,21:52:39.935,1166.0,999.0,exhale,21
82.584,21:52:39.956,1158.0,1005.0,exhale,21
82.606,21:52:39.978,1168.0,1004.0,exhale,21
82.628,21:52:40.000,1168.0,1002.0,exhale,21
82.650,21:52:40.022,1168.0,1001.0,exhale,21
82.673,21:52:40.045,1172.0,1004.0,exhale,21
82.694,21:52:40.066,1169.0,1002.0,exhale,21
82.716,21:52:40.088,1177.0,991.0,exhale,21
82.739,21:52:40.110,1169.0,1001.0,exhale,21
82.760,21:52:40.132,1172.0,1001.0,exhale,21
82.782,21:52:40.154,1170.0,1001.0,exhale,21
82.815,21:52:40.187,1170.0,1002.0,exhale,21
82.826,21:52:40.198,1168.0,1003.0,exhale,21
82.848,21:52:40.220,1167.0,1001.0,exhale,21
82.870,21:52:40.242,1169.0,992.0,exhale,21
82.892,21:52:40.264,1172.0,1000.0,exhale,21
82.914,21:52:40.286,1162.0,999.0,exhale,21
82.936,21:52:40.308,1164.0,997.0,exhale,21
82.958,21:52:40.330,1167.0,998.0,exhale,21
82.980,21:52:40.352,1165.0,1009.0,exhale,21
83.002,21:52:40.374,1167.0,1004.0,exhale,21
83.024,21:52:40.396,1164.0,998.0,exhale,21
83.046,21:52:40.418,1167.0,998.0,exhale,21
83.068,21:52:40.440,1164.0,998.0,exhale,21
83.090,21:52:40.462,1165.0,998.0,exhale,21
83.112,21:52:40.484,1171.0,998.0,exhale,21
83.134,21:52:40.506,1163.0,997.0,exhale,21
83.156,21:52:40.528,1163.0,1007.0,exhale,21
83.178,21:52:40.550,1162.0,995.0,exhale,21
83.200,21:52:40.572,1171.0,993.0,exhale,21
83.225,21:52:40.597,1160.0,994.0,exhale,21
83.244,21:52:40.616,1161.0,1000.0,exhale,21
83.266,21:52:40.638,1165.0,990.0,exhale,21
83.288,21:52:40.660,1155.0,992.0,exhale,21
83.310,21:52:40.682,1163.0,992.0,exhale,21
83.332,21:52:40.704,1159.0,993.0,exhale,21
83.354,21:52:40.726,1165.0,994.0,exhale,21
83.376,21:52:40.748,1156.0,993.0,exhale,21
83.398,21:52:40.770,1156.0,993.0,exhale,21
83.420,21:52:40.792,1157.0,991.0,exhale,21
83.442,21:52:40.814,1177.0,991.0,exhale,21
83.464,21:52:40.836,1157.0,992.0,exhale,21
83.486,21:52:40.858,1154.0,989.0,exhale,21
83.508,21:52:40.880,1170.0,993.0,exhale,21
83.530,21:52:40.902,1157.0,1000.0,exhale,21
83.552,21:52:40.924,1147.0,989.0,exhale,21
83.574,21:52:40.946,1154.0,985.0,exhale,21
83.596,21:52:40.968,1150.0,990.0,exhale,21
83.618,21:52:40.990,1151.0,986.0,exhale,21
83.640,21:52:41.012,1152.0,985.0,exhale,21
83.662,21:52:41.034,1146.0,987.0,exhale,21
83.684,21:52:41.056,1148.0,983.0,exhale,21
83.706,21:52:41.078,1149.0,985.0,exhale,21
83.728,21:52:41.100,1146.0,983.0,exhale,21
83.750,21:52:41.122,1150.0,981.0,exhale,21
83.772,21:52:41.144,1149.0,984.0,exhale,21
83.794,21:52:41.166,1145.0,982.0,exhale,21
83.817,21:52:41.189,1144.0,982.0,exhale,21
83.838,21:52:41.210,1146.0,982.0,exhale,21
83.860,21:52:41.232,1145.0,987.0,exhale,21
83.882,21:52:41.254,1144.0,981.0,exhale,21
83.904,21:52:41.276,1144.0,984.0,exhale,21
83.926,21:52:41.298,1142.0,982.0,exhale,21
83.948,21:52:41.320,1142.0,980.0,exhale,21
83.970,21:52:41.342,1155.0,980.0,exhale,21
83.992,21:52:41.364,1142.0,978.0,exhale,21
84.021,21:52:41.393,1141.0,978.0,inhale,22
84.036,21:52:41.408,1142.0,981.0,inhale,22
84.058,21:52:41.430,1142.0,978.0,inhale,22
84.080,21:52:41.452,1143.0,977.0,inhale,22
84.102,21:52:41.474,1138.0,977.0,inhale,22
84.124,21:52:41.496,1139.0,975.0,inhale,22
84.146,21:52:41.518,1138.0,976.0,inhale,22
84.168,21:52:41.540,1139.0,973.0,inhale,22
84.191,21:52:41.563,1138.0,975.0,inhale,22
84.212,21:52:41.584,1146.0,966.0,inhale,22
84.234,21:52:41.606,1141.0,977.0,inhale,22
84.256,21:52:41.628,1144.0,983.0,inhale,22
84.278,21:52:41.650,1149.0,986.0,inhale,22
84.300,21:52:41.672,1150.0,986.0,inhale,22
84.324,21:52:41.696,1155.0,992.0,inhale,22
84.344,21:52:41.716,1156.0,992.0,inhale,22
84.366,21:52:41.738,1158.0,996.0,inhale,22
84.388,21:52:41.760,1160.0,993.0,inhale,22
84.410,21:52:41.782,1167.0,995.0,inhale,22
84.432,21:52:41.804,1164.0,1003.0,inhale,22
84.454,21:52:41.826,1166.0,1001.0,inhale,22
84.476,21:52:41.848,1171.0,998.0,inhale,22
84.498,21:52:41.870,1167.0,1001.0,inhale,22
84.520,21:52:41.892,1167.0,1002.0,inhale,22
84.542,21:52:41.914,1170.0,1004.0,inhale,22
84.564,21:52:41.936,1164.0,992.0,inhale,22
84.586,21:52:41.958,1175.0,1001.0,inhale,22
84.608,21:52:41.980,1171.0,1004.0,inhale,22
84.630,21:52:42.002,1166.0,1001.0,inhale,22
84.652,21:52:42.024,1165.0,1000.0,inhale,22
84.674,21:52:42.046,1168.0,1002.0,inhale,22
84.696,21:52:42.068,1167.0,1000.0,inhale,22
84.718,21:52:42.090,1165.0,1001.0,inhale,22
84.740,21:52:42.112,1176.0,1000.0,inhale,22
84.762,21:52:42.134,1170.0,988.0,inhale,22
84.784,21:52:42.156,1167.0,1000.0,inhale,22
84.806,21:52:42.178,1168.0,1006.0,inhale,22
84.828,21:52:42.200,1170.0,999.0,inhale,22
84.850,21:52:42.222,1167.0,1001.0,inhale,22
84.872,21:52:42.244,1171.0,1003.0,inhale,22
84.894,21:52:42.266,1172.0,1001.0,inhale,22
84.916,21:52:42.288,1168.0,1002.0,inhale,22
84.938,21:52:42.310,1174.0,1000.0,inhale,22
84.960,21:52:42.332,1169.0,1002.0,inhale,22
84.982,21:52:42.354,1169.0,1000.0,inhale,22
85.004,21:52:42.376,1168.0,999.0,inhale,22
85.026,21:52:42.398,1171.0,1002.0,inhale,22
85.048,21:52:42.420,1169.0,1000.0,inhale,22
85.070,21:52:42.442,1169.0,1005.0,inhale,22
85.092,21:52:42.464,1175.0,980.0,inhale,22
85.114,21:52:42.486,1167.0,991.0,inhale,22
85.136,21:52:42.508,1170.0,997.0,inhale,22
85.165,21:52:42.537,1168.0,1009.0,inhale,22
85.182,21:52:42.554,1153.0,998.0,inhale,22
85.202,21:52:42.574,1155.0,998.0,inhale,22
85.224,21:52:42.596,1177.0,987.0,inhale,22
85.246,21:52:42.618,1164.0,998.0,inhale,22
85.268,21:52:42.640,1163.0,995.0,inhale,22
85.290,21:52:42.662,1163.0,997.0,inhale,22
85.312,21:52:42.684,1164.0,996.0,inhale,22
85.334,21:52:42.706,1161.0,986.0,inhale,22
85.357,21:52:42.729,1168.0,994.0,inhale,22
85.378,21:52:42.750,1152.0,995.0,inhale,22
85.400,21:52:42.772,1162.0,981.0,inhale,22
85.425,21:52:42.797,1161.0,999.0,inhale,22
85.444,21:52:42.816,1165.0,995.0,inhale,22
85.466,21:52:42.838,1158.0,991.0,inhale,22
85.489,21:52:42.861,1158.0,994.0,inhale,22
85.510,21:52:42.882,1154.0,992.0,exhale,22
85.532,21:52:42.904,1160.0,994.0,exhale,22
85.554,21:52:42.926,1161.0,990.0,exhale,22
85.576,21:52:42.948,1162.0,999.0,exhale,22
85.598,21:52:42.970,1165.0,996.0,exhale,22
85.620,21:52:42.992,1162.0,996.0,exhale,22
85.642,21:52:43.014,1161.0,987.0,exhale,22
85.664,21:52:43.036,1154.0,997.0,exhale,22
85.686,21:52:43.058,1162.0,994.0,exhale,22
85.708,21:52:43.080,1162.0,999.0,exhale,22
85.730,21:52:43.102,1163.0,996.0,exhale,22
85.752,21:52:43.124,1160.0,992.0,exhale,22
85.774,21:52:43.146,1165.0,1000.0,exhale,22
85.796,21:52:43.168,1162.0,997.0,exhale,22
85.818,21:52:43.190,1161.0,996.0,exhale,22
85.840,21:52:43.212,1166.0,996.0,exhale,22
85.862,21:52:43.234,1160.0,995.0,exhale,22
85.884,21:52:43.256,1159.0,988.0,exhale,22
85.906,21:52:43.278,1164.0,995.0,exhale,22
85.928,21:52:43.300,1163.0,996.0,exhale,22
85.950,21:52:43.322,1164.0,995.0,exhale,22
85.972,21:52:43.344,1158.0,998.0,exhale,22
85.994,21:52:43.366,1163.0,987.0,exhale,22
86.016,21:52:43.388,1162.0,996.0,exhale,22
86.038,21:52:43.410,1166.0,1000.0,exhale,22
86.060,21:52:43.432,1164.0,997.0,exhale,22
86.082,21:52:43.454,1165.0,994.0,exhale,22
86.104,21:52:43.476,1159.0,997.0,exhale,22
86.126,21:52:43.498,1163.0,996.0,exhale,22
86.148,21:52:43.520,1159.0,998.0,exhale,22
86.170,21:52:43.542,1165.0,999.0,exhale,22
86.193,21:52:43.565,1164.0,999.0,exhale,22
86.214,21:52:43.586,1166.0,1002.0,exhale,22
86.236,21:52:43.608,1164.0,995.0,exhale,22
86.258,21:52:43.630,1175.0,997.0,exhale,22
86.280,21:52:43.652,1164.0,999.0,exhale,22
86.302,21:52:43.674,1161.0,995.0,exhale,22
86.325,21:52:43.697,1163.0,995.0,exhale,22
86.353,21:52:43.725,1161.0,999.0,exhale,22
86.370,21:52:43.742,1162.0,1002.0,exhale,22
86.390,21:52:43.762,1170.0,995.0,exhale,22
86.412,21:52:43.784,1165.0,986.0,exhale,22
86.434,21:52:43.806,1163.0,997.0,exhale,22
86.456,21:52:43.828,1169.0,1001.0,exhale,22
86.478,21:52:43.850,1163.0,993.0,exhale,22
86.500,21:52:43.872,1162.0,998.0,exhale,22
86.523,21:52:43.895,1171.0,1003.0,exhale,22
86.544,21:52:43.916,1167.0,991.0,exhale,22
86.566,21:52:43.938,1157.0,996.0,exhale,22
86.588,21:52:43.960,1165.0,998.0,exhale,22
86.610,21:52:43.982,1164.0,1002.0,exhale,22
86.632,21:52:44.004,1170.0,997.0,exhale,22
86.654,21:52:44.026,1160.0,992.0,exhale,22
86.676,21:52:44.048,1164.0,995.0,exhale,22
86.698,21:52:44.070,1168.0,995.0,exhale,22
86.720,21:52:44.092,1163.0,996.0,exhale,22
86.742,21:52:44.114,1162.0,995.0,exhale,22
86.764,21:52:44.136,1159.0,995.0,exhale,22
86.786,21:52:44.158,1165.0,993.0,exhale,22
86.808,21:52:44.180,1162.0,996.0,exhale,22
86.830,21:52:44.202,1178.0,992.0,exhale,22
86.852,21:52:44.224,1158.0,991.0,exhale,22
86.874,21:52:44.246,1160.0,996.0,exhale,22
86.896,21:52:44.268,1177.0,992.0,exhale,22
86.918,21:52:44.290,1157.0,992.0,exhale,22
86.940,21:52:44.312,1155.0,992.0,exhale,22
86.962,21:52:44.334,1158.0,990.0,exhale,22
86.984,21:52:44.356,1157.0,991.0,exhale,22
87.006,21:52:44.378,1153.0,992.0,exhale,22
87.028,21:52:44.400,1162.0,990.0,exhale,22
87.050,21:52:44.422,1137.0,989.0,exhale,22
87.072,21:52:44.444,1155.0,988.0,exhale,22
87.094,21:52:44.466,1153.0,987.0,exhale,22
87.116,21:52:44.488,1152.0,990.0,exhale,22
87.138,21:52:44.510,1147.0,987.0,exhale,22
87.160,21:52:44.532,1151.0,988.0,exhale,22
87.182,21:52:44.554,1143.0,985.0,exhale,22
87.204,21:52:44.576,1151.0,987.0,exhale,22
87.226,21:52:44.598,1151.0,987.0,exhale,22
87.248,21:52:44.620,1152.0,985.0,exhale,22
87.270,21:52:44.642,1150.0,984.0,exhale,22
87.292,21:52:44.664,1161.0,985.0,exhale,22
87.314,21:52:44.686,1147.0,983.0,exhale,22
87.336,21:52:44.708,1142.0,983.0,exhale,22
87.358,21:52:44.730,1148.0,979.0,exhale,22
87.380,21:52:44.752,1147.0,984.0,exhale,22
87.402,21:52:44.774,1146.0,984.0,exhale,22
87.424,21:52:44.796,1147.0,995.0,exhale,22
87.446,21:52:44.818,1150.0,983.0,exhale,22
87.468,21:52:44.840,1146.0,985.0,exhale,22
87.491,21:52:44.863,1146.0,987.0,exhale,22
87.521,21:52:44.893,1146.0,982.0,exhale,22
87.536,21:52:44.908,1145.0,981.0,exhale,22
87.556,21:52:44.928,1148.0,979.0,exhale,22
87.578,21:52:44.950,1145.0,982.0,exhale,22
87.600,21:52:44.972,1143.0,979.0,exhale,22
87.622,21:52:44.994,1144.0,981.0,exhale,22
87.644,21:52:45.016,1144.0,980.0,exhale,22
87.666,21:52:45.038,1142.0,978.0,exhale,22
87.688,21:52:45.060,1142.0,978.0,exhale,22
87.710,21:52:45.082,1140.0,979.0,exhale,22
87.732,21:52:45.104,1141.0,987.0,exhale,22
87.754,21:52:45.126,1143.0,983.0,exhale,22
87.776,21:52:45.148,1141.0,982.0,exhale,22
87.798,21:52:45.170,1138.0,978.0,exhale,22
87.820,21:52:45.192,1142.0,977.0,exhale,22
87.842,21:52:45.214,1132.0,987.0,exhale,22
87.864,21:52:45.236,1139.0,990.0,exhale,22
87.886,21:52:45.258,1132.0,977.0,exhale,22
87.908,21:52:45.280,1131.0,968.0,exhale,22
87.930,21:52:45.302,1138.0,977.0,exhale,22
87.952,21:52:45.324,1136.0,976.0,exhale,22
87.974,21:52:45.346,1137.0,976.0,exhale,22
87.996,21:52:45.368,1135.0,975.0,exhale,22
88.018,21:52:45.390,1136.0,975.0,inhale,23
88.040,21:52:45.412,1140.0,977.0,inhale,23
88.062,21:52:45.434,1137.0,969.0,inhale,23
88.084,21:52:45.456,1125.0,968.0,inhale,23
88.106,21:52:45.478,1135.0,964.0,inhale,23
88.128,21:52:45.500,1135.0,978.0,inhale,23
88.150,21:52:45.522,1129.0,971.0,inhale,23
88.172,21:52:45.544,1136.0,970.0,inhale,23
88.194,21:52:45.566,1135.0,973.0,inhale,23
88.216,21:52:45.588,1131.0,970.0,inhale,23
88.238,21:52:45.610,1131.0,972.0,inhale,23
88.260,21:52:45.632,1134.0,971.0,inhale,23
88.282,21:52:45.654,1139.0,970.0,inhale,23
88.304,21:52:45.676,1132.0,973.0,inhale,23
88.326,21:52:45.698,1138.0,976.0,inhale,23
88.348,21:52:45.720,1139.0,977.0,inhale,23
88.370,21:52:45.742,1144.0,982.0,inhale,23
88.392,21:52:45.764,1144.0,982.0,inhale,23
88.414,21:52:45.786,1151.0,983.0,inhale,23
88.436,21:52:45.808,1148.0,987.0,inhale,23
88.458,21:52:45.830,1152.0,988.0,inhale,23
88.480,21:52:45.852,1166.0,994.0,inhale,23
88.502,21:52:45.874,1162.0,991.0,inhale,23
88.524,21:52:45.896,1161.0,997.0,inhale,23
88.546,21:52:45.918,1163.0,998.0,inhale,23
88.568,21:52:45.940,1163.0,998.0,inhale,23
88.591,21:52:45.963,1166.0,1001.0,inhale,23
88.612,21:52:45.984,1166.0,1001.0,inhale,23
88.634,21:52:46.006,1167.0,1001.0,inhale,23
88.656,21:52:46.028,1169.0,1000.0,inhale,23
88.678,21:52:46.050,1165.0,1003.0,inhale,23
88.702,21:52:46.074,1168.0,998.0,inhale,23
88.722,21:52:46.094,1166.0,1003.0,inhale,23
88.744,21:52:46.116,1166.0,1000.0,inhale,23
88.766,21:52:46.138,1164.0,1005.0,inhale,23
88.788,21:52:46.160,1178.0,999.0,inhale,23
88.810,21:52:46.182,1173.0,1000.0,inhale,23
88.832,21:52:46.204,1167.0,999.0,inhale,23
88.854,21:52:46.226,1164.0,1000.0,inhale,23
88.876,21:52:46.248,1169.0,1006.0,inhale,23
88.898,21:52:46.270,1165.0,999.0,inhale,23
88.920,21:52:46.292,1165.0,999.0,inhale,23
88.943,21:52:46.315,1174.0,1005.0,inhale,23
88.964,21:52:46.336,1165.0,998.0,inhale,23
88.986,21:52:46.358,1167.0,999.0,inhale,23
89.008,21:52:46.380,1170.0,998.0,inhale,23
89.030,21:52:46.402,1164.0,1000.0,inhale,23
89.052,21:52:46.424,1168.0,999.0,inhale,23
89.074,21:52:46.446,1168.0,999.0,inhale,23
89.096,21:52:46.468,1159.0,1002.0,inhale,23
89.118,21:52:46.490,1166.0,1000.0,inhale,23
89.140,21:52:46.512,1168.0,1000.0,inhale,23
89.162,21:52:46.534,1167.0,1005.0,inhale,23
89.184,21:52:46.556,1167.0,1001.0,inhale,23
89.206,21:52:46.578,1170.0,1007.0,inhale,23
89.228,21:52:46.600,1166.0,1001.0,inhale,23
89.250,21:52:46.622,1169.0,1003.0,inhale,23
89.272,21:52:46.644,1168.0,1003.0,inhale,23
89.294,21:52:46.666,1166.0,1001.0,inhale,23
89.316,21:52:46.688,1168.0,1002.0,inhale,23
89.338,21:52:46.710,1174.0,1003.0,inhale,23
89.360,21:52:46.732,1165.0,1004.0,inhale,23
89.382,21:52:46.754,1170.0,1016.0,inhale,23
89.404,21:52:46.776,1170.0,1001.0,inhale,23
89.426,21:52:46.798,1172.0,1005.0,inhale,23
89.448,21:52:46.820,1172.0,1002.0,inhale,23
89.470,21:52:46.842,1173.0,1010.0,inhale,23
89.492,21:52:46.864,1170.0,1003.0,inhale,23
89.514,21:52:46.886,1170.0,1003.0,exhale,23
89.536,21:52:46.908,1169.0,1003.0,exhale,23
89.558,21:52:46.930,1169.0,1003.0,exhale,23
89.580,21:52:46.952,1167.0,1001.0,exhale,23
89.602,21:52:46.974,1168.0,1001.0,exhale,23
89.624,21:52:46.996,1167.0,998.0,exhale,23
89.646,21:52:47.018,1167.0,1002.0,exhale,23
89.668,21:52:47.040,1163.0,1000.0,exhale,23
89.690,21:52:47.062,1169.0,1001.0,exhale,23
89.712,21:52:47.084,1172.0,1002.0,exhale,23
89.734,21:52:47.106,1169.0,1007.0,exhale,23
89.757,21:52:47.128,1172.0,1003.0,exhale,23
89.778,21:52:47.150,1173.0,1004.0,exhale,23
89.800,21:52:47.172,1185.0,1006.0,exhale,23
89.823,21:52:47.195,1176.0,1007.0,exhale,23
89.844,21:52:47.216,1175.0,1001.0,exhale,23
89.866,21:52:47.238,1174.0,1016.0,exhale,23
89.893,21:52:47.265,1167.0,1005.0,exhale,23
89.910,21:52:47.282,1178.0,1008.0,exhale,23
89.932,21:52:47.304,1176.0,1009.0,exhale,23
89.954,21:52:47.326,1175.0,1008.0,exhale,23
89.976,21:52:47.348,1177.0,1009.0,exhale,23
89.998,21:52:47.370,1179.0,1004.0,exhale,23
90.020,21:52:47.392,1179.0,1009.0,exhale,23
90.042,21:52:47.414,1182.0,1011.0,exhale,23
90.064,21:52:47.436,1181.0,1009.0,exhale,23
90.086,21:52:47.458,1177.0,1007.0,exhale,23
90.108,21:52:47.480,1176.0,1009.0,exhale,23
90.130,21:52:47.502,1175.0,1009.0,exhale,23
90.152,21:52:47.524,1177.0,1012.0,exhale,23
90.174,21:52:47.546,1181.0,1009.0,exhale,23
90.196,21:52:47.568,1177.0,1009.0,exhale,23
90.218,21:52:47.590,1185.0,1013.0,exhale,23
90.240,21:52:47.612,1179.0,1009.0,exhale,23
90.262,21:52:47.634,1176.0,1010.0,exhale,23
90.284,21:52:47.656,1176.0,1014.0,exhale,23
90.306,21:52:47.678,1176.0,1009.0,exhale,23
90.328,21:52:47.700,1177.0,1009.0,exhale,23
90.350,21:52:47.722,1175.0,1009.0,exhale,23
90.372,21:52:47.744,1174.0,1007.0,exhale,23
90.394,21:52:47.766,1176.0,1009.0,exhale,23
90.416,21:52:47.788,1177.0,1007.0,exhale,23
90.438,21:52:47.810,1175.0,1008.0,exhale,23
90.460,21:52:47.832,1175.0,1007.0,exhale,23
90.482,21:52:47.854,1175.0,1008.0,exhale,23
90.504,21:52:47.876,1175.0,1006.0,exhale,23
90.526,21:52:47.898,1176.0,1006.0,exhale,23
90.548,21:52:47.920,1170.0,1006.0,exhale,23
90.570,21:52:47.942,1166.0,1005.0,exhale,23
90.592,21:52:47.964,1171.0,1005.0,exhale,23
90.614,21:52:47.986,1172.0,1004.0,exhale,23
90.636,21:52:48.008,1172.0,1004.0,exhale,23
90.658,21:52:48.030,1173.0,1006.0,exhale,23
90.680,21:52:48.052,1155.0,1001.0,exhale,23
90.702,21:52:48.074,1168.0,1003.0,exhale,23
90.724,21:52:48.096,1170.0,1002.0,exhale,23
90.746,21:52:48.118,1158.0,1002.0,exhale,23
90.768,21:52:48.140,1161.0,1000.0,exhale,23
90.790,21:52:48.162,1166.0,996.0,exhale,23
90.812,21:52:48.184,1166.0,1003.0,exhale,23
90.834,21:52:48.206,1163.0,999.0,exhale,23
90.857,21:52:48.229,1163.0,997.0,exhale,23
90.878,21:52:48.250,1162.0,1000.0,exhale,23
90.900,21:52:48.272,1166.0,991.0,exhale,23
90.922,21:52:48.294,1160.0,992.0,exhale,23
90.944,21:52:48.316,1156.0,997.0,exhale,23
90.966,21:52:48.338,1159.0,996.0,exhale,23
90.988,21:52:48.360,1162.0,994.0,exhale,23
91.010,21:52:48.382,1157.0,992.0,exhale,23
91.032,21:52:48.404,1158.0,988.0,exhale,23
91.055,21:52:48.427,1153.0,992.0,exhale,23
91.076,21:52:48.448,1152.0,989.0,exhale,23
91.098,21:52:48.470,1155.0,990.0,exhale,23
91.120,21:52:48.492,1151.0,989.0,exhale,23
91.142,21:52:48.514,1153.0,989.0,exhale,23
91.164,21:52:48.536,1148.0,986.0,exhale,23
91.186,21:52:48.558,1149.0,986.0,exhale,23
91.208,21:52:48.580,1149.0,972.0,exhale,23
91.230,21:52:48.602,1145.0,984.0,exhale,23
91.252,21:52:48.624,1144.0,985.0,exhale,23
91.274,21:52:48.646,1147.0,984.0,exhale,23
91.296,21:52:48.668,1146.0,982.0,exhale,23
91.318,21:52:48.690,1148.0,982.0,exhale,23
91.340,21:52:48.712,1146.0,982.0,exhale,23
91.362,21:52:48.734,1147.0,982.0,exhale,23
91.384,21:52:48.756,1137.0,979.0,exhale,23
91.406,21:52:48.778,1144.0,986.0,exhale,23
91.428,21:52:48.800,1141.0,979.0,exhale,23
91.450,21:52:48.822,1153.0,980.0,exhale,23
91.472,21:52:48.844,1141.0,985.0,exhale,23
91.494,21:52:48.866,1151.0,981.0,exhale,23
91.516,21:52:48.888,1143.0,981.0,exhale,23
91.538,21:52:48.910,1143.0,984.0,exhale,23
91.560,21:52:48.932,1145.0,990.0,exhale,23
91.582,21:52:48.954,1141.0,967.0,exhale,23
91.604,21:52:48.976,1143.0,980.0,exhale,23
91.626,21:52:48.998,1143.0,979.0,exhale,23
91.648,21:52:49.020,1141.0,978.0,exhale,23
91.670,21:52:49.042,1135.0,978.0,exhale,23
91.692,21:52:49.064,1154.0,981.0,exhale,23
91.714,21:52:49.086,1139.0,976.0,exhale,23
91.736,21:52:49.108,1141.0,978.0,exhale,23
91.758,21:52:49.130,1141.0,980.0,exhale,23
91.780,21:52:49.152,1139.0,971.0,exhale,23
91.802,21:52:49.174,1134.0,977.0,exhale,23
91.825,21:52:49.197,1140.0,979.0,exhale,23
91.846,21:52:49.218,1133.0,973.0,exhale,23
91.868,21:52:49.240,1136.0,972.0,exhale,23
91.891,21:52:49.263,1130.0,970.0,exhale,23
91.912,21:52:49.284,1136.0,970.0,exhale,23
91.934,21:52:49.306,1129.0,969.0,exhale,23
91.958,21:52:49.330,1131.0,968.0,exhale,23
91.978,21:52:49.350,1134.0,973.0,exhale,23
92.000,21:52:49.372,1125.0,967.0,inhale,24
92.024,21:52:49.396,1130.0,968.0,inhale,24
92.044,21:52:49.416,1131.0,967.0,inhale,24
92.066,21:52:49.438,1124.0,969.0,inhale,24
92.090,21:52:49.462,1129.0,979.0,inhale,24
92.110,21:52:49.482,1131.0,975.0,inhale,24
92.132,21:52:49.504,1131.0,970.0,inhale,24
92.154,21:52:49.526,1133.0,975.0,inhale,24
92.176,21:52:49.548,1130.0,969.0,inhale,24
92.198,21:52:49.570,1139.0,976.0,inhale,24
92.220,21:52:49.592,1145.0,980.0,inhale,24
92.242,21:52:49.614,1150.0,981.0,inhale,24
92.264,21:52:49.636,1152.0,985.0,inhale,24
92.286,21:52:49.658,1156.0,989.0,inhale,24
92.308,21:52:49.680,1161.0,996.0,inhale,24
92.330,21:52:49.702,1156.0,991.0,inhale,24
92.352,21:52:49.724,1162.0,1001.0,inhale,24
92.374,21:52:49.746,1164.0,1010.0,inhale,24
92.396,21:52:49.768,1170.0,1002.0,inhale,24
92.418,21:52:49.790,1172.0,1004.0,inhale,24
92.440,21:52:49.812,1172.0,1004.0,inhale,24
92.462,21:52:49.834,1170.0,1004.0,inhale,24
92.484,21:52:49.856,1173.0,1004.0,inhale,24
92.506,21:52:49.878,1172.0,1003.0,inhale,24
92.538,21:52:49.910,1172.0,1006.0,inhale,24
92.550,21:52:49.922,1175.0,1007.0,inhale,24
92.572,21:52:49.944,1165.0,1006.0,inhale,24
92.594,21:52:49.966,1172.0,1008.0,inhale,24
92.616,21:52:49.988,1172.0,1004.0,inhale,24
92.638,21:52:50.010,1167.0,1005.0,inhale,24
92.660,21:52:50.032,1180.0,1004.0,inhale,24
92.682,21:52:50.054,1174.0,1004.0,inhale,24
92.704,21:52:50.076,1173.0,1006.0,inhale,24
92.726,21:52:50.098,1173.0,1005.0,inhale,24
92.748,21:52:50.120,1173.0,1004.0,inhale,24
92.770,21:52:50.142,1176.0,1004.0,inhale,24
92.792,21:52:50.164,1173.0,1004.0,inhale,24
92.814,21:52:50.186,1161.0,1005.0,inhale,24
92.836,21:52:50.208,1174.0,1004.0,inhale,24
92.858,21:52:50.230,1173.0,1004.0,inhale,24
92.880,21:52:50.252,1174.0,1004.0,inhale,24
92.902,21:52:50.274,1168.0,1002.0,inhale,24
92.925,21:52:50.297,1174.0,1005.0,inhale,24
92.946,21:52:50.318,1154.0,1003.0,inhale,24
92.968,21:52:50.340,1167.0,1003.0,inhale,24
92.990,21:52:50.362,1167.0,1002.0,inhale,24
93.012,21:52:50.384,1158.0,1010.0,inhale,24
93.034,21:52:50.406,1167.0,1001.0,inhale,24
93.057,21:52:50.429,1165.0,1002.0,inhale,24
93.078,21:52:50.450,1161.0,1003.0,inhale,24
93.100,21:52:50.472,1169.0,1001.0,inhale,24
93.124,21:52:50.496,1172.0,994.0,inhale,24
93.144,21:52:50.516,1172.0,1004.0,inhale,24
93.166,21:52:50.538,1179.0,1003.0,inhale,24
93.189,21:52:50.561,1171.0,1002.0,inhale,24
93.210,21:52:50.582,1173.0,1002.0,inhale,24
93.232,21:52:50.604,1173.0,1006.0,inhale,24
93.254,21:52:50.626,1172.0,1006.0,inhale,24
93.276,21:52:50.648,1172.0,1006.0,inhale,24
93.298,21:52:50.670,1173.0,1005.0,inhale,24
93.320,21:52:50.692,1173.0,1003.0,inhale,24
93.342,21:52:50.714,1178.0,1001.0,inhale,24
93.364,21:52:50.736,1157.0,1003.0,inhale,24
93.386,21:52:50.758,1174.0,1006.0,inhale,24
93.408,21:52:50.780,1175.0,1007.0,inhale,24
93.430,21:52:50.802,1172.0,1006.0,inhale,24
93.452,21:52:50.824,1174.0,1006.0,inhale,24
93.474,21:52:50.846,1173.0,1017.0,inhale,24
93.496,21:52:50.868,1171.0,1008.0,inhale,24
93.518,21:52:50.890,1165.0,1011.0,exhale,24
93.540,21:52:50.912,1179.0,999.0,exhale,24
93.562,21:52:50.934,1173.0,1006.0,exhale,24
93.584,21:52:50.956,1171.0,1004.0,exhale,24
93.606,21:52:50.978,1168.0,1004.0,exhale,24
93.628,21:52:51.000,1173.0,1008.0,exhale,24
93.650,21:52:51.022,1168.0,1001.0,exhale,24
93.672,21:52:51.044,1165.0,1007.0,exhale,24
93.694,21:52:51.066,1164.0,998.0,exhale,24
93.716,21:52:51.088,1166.0,998.0,exhale,24
93.738,21:52:51.110,1174.0,1001.0,exhale,24
93.760,21:52:51.132,1167.0,1001.0,exhale,24
93.782,21:52:51.154,1167.0,999.0,exhale,24
93.804,21:52:51.176,1167.0,1002.0,exhale,24
93.826,21:52:51.198,1168.0,1005.0,exhale,24
93.848,21:52:51.220,1175.0,1002.0,exhale,24
93.870,21:52:51.242,1166.0,1004.0,exhale,24
93.892,21:52:51.264,1174.0,1007.0,exhale,24
93.914,21:52:51.286,1176.0,1005.0,exhale,24
93.936,21:52:51.308,1171.0,1005.0,exhale,24
93.958,21:52:51.330,1169.0,1006.0,exhale,24
93.980,21:52:51.352,1176.0,1006.0,exhale,24
94.002,21:52:51.374,1174.0,1009.0,exhale,24
94.024,21:52:51.396,1176.0,1009.0,exhale,24
94.046,21:52:51.418,1175.0,985.0,exhale,24
94.068,21:52:51.440,1176.0,1010.0,exhale,24
94.091,21:52:51.463,1176.0,1008.0,exhale,24
94.112,21:52:51.484,1177.0,1009.0,exhale,24
94.134,21:52:51.506,1174.0,1005.0,exhale,24
94.159,21:52:51.531,1176.0,1012.0,exhale,24
94.178,21:52:51.550,1181.0,1007.0,exhale,24
94.200,21:52:51.572,1184.0,1013.0,exhale,24
94.225,21:52:51.597,1177.0,1007.0,exhale,24
94.244,21:52:51.616,1184.0,1006.0,exhale,24
94.266,21:52:51.638,1183.0,1010.0,exhale,24
94.289,21:52:51.661,1183.0,1020.0,exhale,24
94.310,21:52:51.682,1181.0,1011.0,exhale,24
94.332,21:52:51.704,1180.0,1010.0,exhale,24
94.354,21:52:51.726,1179.0,1011.0,exhale,24
94.376,21:52:51.748,1170.0,1010.0,exhale,24
94.398,21:52:51.770,1178.0,1008.0,exhale,24
94.420,21:52:51.792,1181.0,1011.0,exhale,24
94.442,21:52:51.814,1180.0,1010.0,exhale,24
94.464,21:52:51.836,1180.0,1013.0,exhale,24
94.486,21:52:51.858,1181.0,1011.0,exhale,24
94.508,21:52:51.880,1179.0,1019.0,exhale,24
94.530,21:52:51.902,1177.0,992.0,exhale,24
94.552,21:52:51.924,1176.0,1009.0,exhale,24
94.574,21:52:51.946,1178.0,1010.0,exhale,24
94.596,21:52:51.968,1178.0,1006.0,exhale,24
94.618,21:52:51.990,1167.0,1003.0,exhale,24
94.640,21:52:52.012,1175.0,1006.0,exhale,24
94.662,21:52:52.034,1174.0,1006.0,exhale,24
94.684,21:52:52.056,1171.0,1004.0,exhale,24
94.706,21:52:52.078,1175.0,1005.0,exhale,24
94.728,21:52:52.100,1172.0,1005.0,exhale,24
94.750,21:52:52.122,1176.0,1003.0,exhale,24
94.772,21:52:52.144,1170.0,1003.0,exhale,24
94.794,21:52:52.166,1168.0,1001.0,exhale,24
94.816,21:52:52.188,1168.0,1005.0,exhale,24
94.838,21:52:52.210,1169.0,1000.0,exhale,24
94.860,21:52:52.232,1165.0,1002.0,exhale,24
94.888,21:52:52.260,1151.0,999.0,exhale,24
94.904,21:52:52.276,1166.0,999.0,exhale,24
94.926,21:52:52.298,1166.0,1000.0,exhale,24
94.948,21:52:52.320,1163.0,995.0,exhale,24
94.970,21:52:52.342,1163.0,993.0,exhale,24
94.992,21:52:52.364,1159.0,998.0,exhale,24
95.014,21:52:52.386,1166.0,997.0,exhale,24
95.036,21:52:52.408,1159.0,995.0,exhale,24
95.058,21:52:52.430,1160.0,995.0,exhale,24
95.080,21:52:52.452,1160.0,994.0,exhale,24
95.102,21:52:52.474,1158.0,990.0,exhale,24
95.125,21:52:52.497,1158.0,992.0,exhale,24
95.146,21:52:52.518,1156.0,992.0,exhale,24
95.168,21:52:52.540,1155.0,991.0,exhale,24
95.190,21:52:52.562,1150.0,986.0,exhale,24
95.212,21:52:52.584,1150.0,986.0,exhale,24
95.234,21:52:52.606,1151.0,989.0,exhale,24
95.257,21:52:52.629,1152.0,986.0,exhale,24
95.278,21:52:52.650,1149.0,991.0,exhale,24
95.300,21:52:52.672,1147.0,984.0,exhale,24
95.325,21:52:52.697,1145.0,985.0,exhale,24
95.344,21:52:52.716,1147.0,985.0,exhale,24
95.366,21:52:52.738,1147.0,980.0,exhale,24
95.388,21:52:52.760,1147.0,982.0,exhale,24
95.410,21:52:52.782,1154.0,982.0,exhale,24
95.432,21:52:52.804,1144.0,980.0,exhale,24
95.454,21:52:52.826,1141.0,982.0,exhale,24
95.476,21:52:52.848,1145.0,977.0,exhale,24
95.498,21:52:52.870,1141.0,977.0,exhale,24
95.520,21:52:52.892,1140.0,979.0,exhale,24
95.542,21:52:52.914,1146.0,977.0,exhale,24
95.564,21:52:52.936,1142.0,978.0,exhale,24
95.586,21:52:52.958,1142.0,979.0,exhale,24
95.608,21:52:52.980,1141.0,978.0,exhale,24
95.630,21:52:53.002,1139.0,975.0,exhale,24
95.652,21:52:53.024,1137.0,980.0,exhale,24
95.674,21:52:53.046,1138.0,979.0,exhale,24
95.696,21:52:53.068,1137.0,970.0,exhale,24
95.718,21:52:53.090,1128.0,978.0,exhale,24
95.741,21:52:53.113,1135.0,975.0,exhale,24
95.762,21:52:53.134,1136.0,973.0,exhale,24
95.784,21:52:53.156,1136.0,974.0,exhale,24
95.806,21:52:53.178,1135.0,975.0,exhale,24
95.828,21:52:53.200,1137.0,973.0,exhale,24
95.850,21:52:53.222,1134.0,973.0,exhale,24
95.872,21:52:53.244,1134.0,978.0,exhale,24
95.894,21:52:53.266,1129.0,972.0,exhale,24
95.916,21:52:53.288,1133.0,971.0,exhale,24
95.938,21:52:53.310,1133.0,967.0,exhale,24
95.960,21:52:53.332,1132.0,979.0,exhale,24
95.982,21:52:53.354,1131.0,977.0,exhale,24
96.004,21:52:53.376,1132.0,971.0,inhale,25
96.026,21:52:53.398,1130.0,968.0,inhale,25
96.050,21:52:53.422,1129.0,968.0,inhale,25
96.070,21:52:53.442,1131.0,971.0,inhale,25
96.092,21:52:53.464,1139.0,970.0,inhale,25
96.114,21:52:53.486,1123.0,975.0,inhale,25
96.136,21:52:53.508,1137.0,977.0,inhale,25
96.158,21:52:53.530,1138.0,980.0,inhale,25
96.180,21:52:53.552,1143.0,978.0,inhale,25
96.202,21:52:53.574,1146.0,983.0,inhale,25
96.224,21:52:53.596,1156.0,985.0,inhale,25
96.246,21:52:53.618,1142.0,993.0,inhale,25
96.268,21:52:53.640,1158.0,995.0,inhale,25
96.291,21:52:53.663,1157.0,994.0,inhale,25
96.312,21:52:53.684,1163.0,996.0,inhale,25
96.334,21:52:53.706,1166.0,996.0,inhale,25
96.356,21:52:53.728,1167.0,1000.0,inhale,25
96.378,21:52:53.750,1178.0,997.0,inhale,25
96.400,21:52:53.772,1167.0,1003.0,inhale,25
96.425,21:52:53.797,1170.0,997.0,inhale,25
96.444,21:52:53.816,1172.0,1002.0,inhale,25
96.466,21:52:53.838,1170.0,1003.0,inhale,25
96.492,21:52:53.864,1169.0,1003.0,inhale,25
96.510,21:52:53.882,1174.0,1004.0,inhale,25
96.532,21:52:53.904,1173.0,1004.0,inhale,25
96.554,21:52:53.926,1172.0,995.0,inhale,25
96.576,21:52:53.948,1178.0,1010.0,inhale,25
96.598,21:52:53.970,1160.0,1004.0,inhale,25
96.620,21:52:53.992,1175.0,1005.0,inhale,25
96.642,21:52:54.014,1168.0,1006.0,inhale,25
96.664,21:52:54.036,1168.0,1004.0,inhale,25
96.686,21:52:54.058,1172.0,1002.0,inhale,25
96.708,21:52:54.080,1172.0,1008.0,inhale,25
96.730,21:52:54.102,1172.0,1007.0,inhale,25
96.752,21:52:54.124,1159.0,1006.0,inhale,25
96.774,21:52:54.146,1174.0,1006.0,inhale,25
96.796,21:52:54.168,1170.0,1005.0,inhale,25
96.818,21:52:54.190,1174.0,1004.0,inhale,25
96.840,21:52:54.212,1172.0,1001.0,inhale,25
96.863,21:52:54.235,1170.0,1005.0,inhale,25
96.884,21:52:54.256,1169.0,1003.0,inhale,25
96.908,21:52:54.280,1170.0,1002.0,inhale,25
96.928,21:52:54.300,1158.0,999.0,inhale,25
96.950,21:52:54.322,1169.0,1001.0,inhale,25
96.972,21:52:54.344,1172.0,1003.0,inhale,25
96.994,21:52:54.366,1169.0,1001.0,inhale,25
97.016,21:52:54.388,1176.0,1001.0,inhale,25
97.038,21:52:54.410,1171.0,1003.0,inhale,25
97.060,21:52:54.432,1171.0,1002.0,inhale,25
97.082,21:52:54.454,1169.0,1002.0,inhale,25
97.104,21:52:54.476,1169.0,1002.0,inhale,25
97.126,21:52:54.498,1171.0,1003.0,inhale,25
97.148,21:52:54.520,1172.0,1002.0,inhale,25
97.170,21:52:54.542,1165.0,1002.0,inhale,25
97.192,21:52:54.564,1169.0,1002.0,inhale,25
97.214,21:52:54.586,1175.0,990.0,inhale,25
97.236,21:52:54.608,1167.0,1000.0,inhale,25
97.258,21:52:54.630,1154.0,1007.0,inhale,25
97.280,21:52:54.652,1167.0,1001.0,inhale,25
97.302,21:52:54.674,1167.0,1001.0,inhale,25
97.324,21:52:54.696,1166.0,1002.0,inhale,25
97.346,21:52:54.718,1161.0,999.0,inhale,25
97.368,21:52:54.740,1166.0,1002.0,inhale,25
97.391,21:52:54.763,1160.0,998.0,inhale,25
97.412,21:52:54.784,1164.0,998.0,inhale,25
97.434,21:52:54.806,1165.0,996.0,inhale,25
97.456,21:52:54.828,1162.0,999.0,inhale,25
97.478,21:52:54.850,1167.0,997.0,inhale,25
97.500,21:52:54.872,1160.0,994.0,inhale,25
97.523,21:52:54.895,1162.0,998.0,exhale,25
97.544,21:52:54.916,1161.0,995.0,exhale,25
97.566,21:52:54.938,1159.0,994.0,exhale,25
97.588,21:52:54.960,1160.0,989.0,exhale,25
97.610,21:52:54.982,1161.0,989.0,exhale,25
97.632,21:52:55.004,1160.0,993.0,exhale,25
97.654,21:52:55.026,1161.0,987.0,exhale,25
97.676,21:52:55.048,1162.0,996.0,exhale,25
97.698,21:52:55.070,1163.0,997.0,exhale,25
97.720,21:52:55.092,1165.0,1000.0,exhale,25
97.742,21:52:55.114,1158.0,1000.0,exhale,25
97.764,21:52:55.136,1164.0,999.0,exhale,25
97.786,21:52:55.158,1167.0,999.0,exhale,25
97.808,21:52:55.180,1167.0,1003.0,exhale,25
97.830,21:52:55.202,1167.0,1003.0,exhale,25
97.852,21:52:55.224,1167.0,1004.0,exhale,25
97.874,21:52:55.246,1174.0,1002.0,exhale,25
97.896,21:52:55.268,1166.0,1001.0,exhale,25
97.918,21:52:55.290,1170.0,1004.0,exhale,25
97.940,21:52:55.312,1172.0,1009.0,exhale,25
97.962,21:52:55.334,1174.0,1003.0,exhale,25
97.984,21:52:55.356,1169.0,1003.0,exhale,25
98.008,21:52:55.380,1173.0,1003.0,exhale,25
98.028,21:52:55.400,1169.0,1000.0,exhale,25
98.050,21:52:55.422,1170.0,1005.0,exhale,25
98.072,21:52:55.444,1172.0,1010.0,exhale,25
98.094,21:52:55.466,1170.0,1003.0,exhale,25
98.116,21:52:55.488,1166.0,1002.0,exhale,25
98.138,21:52:55.510,1173.0,1001.0,exhale,25
98.160,21:52:55.532,1170.0,999.0,exhale,25
98.182,21:52:55.554,1165.0,1002.0,exhale,25
98.204,21:52:55.576,1171.0,1002.0,exhale,25
98.226,21:52:55.598,1170.0,1004.0,exhale,25
98.248,21:52:55.620,1175.0,1002.0,exhale,25
98.270,21:52:55.642,1173.0,1002.0,exhale,25
98.292,21:52:55.664,1170.0,1006.0,exhale,25
98.315,21:52:55.687,1169.0,1001.0,exhale,25
98.336,21:52:55.708,1168.0,1004.0,exhale,25
98.358,21:52:55.730,1171.0,999.0,exhale,25
98.380,21:52:55.752,1168.0,999.0,exhale,25
98.402,21:52:55.774,1166.0,1001.0,exhale,25
98.424,21:52:55.796,1172.0,1001.0,exhale,25
98.446,21:52:55.818,1165.0,999.0,exhale,25
98.468,21:52:55.840,1165.0,999.0,exhale,25
98.492,21:52:55.864,1167.0,999.0,exhale,25
98.512,21:52:55.884,1162.0,997.0,exhale,25
98.534,21:52:55.906,1160.0,995.0,exhale,25
98.557,21:52:55.929,1159.0,996.0,exhale,25
98.578,21:52:55.950,1158.0,996.0,exhale,25
98.600,21:52:55.972,1158.0,998.0,exhale,25
98.623,21:52:55.995,1166.0,997.0,exhale,25
98.644,21:52:56.016,1157.0,990.0,exhale,25
98.666,21:52:56.038,1154.0,988.0,exhale,25
98.705,21:52:56.077,1154.0,999.0,exhale,25
98.710,21:52:56.082,1151.0,989.0,exhale,25
98.732,21:52:56.104,1152.0,988.0,exhale,25
98.754,21:52:56.126,1152.0,986.0,exhale,25
98.776,21:52:56.148,1151.0,994.0,exhale,25
98.798,21:52:56.170,1147.0,987.0,exhale,25
98.820,21:52:56.192,1149.0,984.0,exhale,25
98.842,21:52:56.214,1153.0,983.0,exhale,25
98.864,21:52:56.236,1138.0,983.0,exhale,25
98.886,21:52:56.258,1147.0,984.0,exhale,25
98.908,21:52:56.280,1147.0,982.0,exhale,25
98.930,21:52:56.302,1140.0,983.0,exhale,25
98.952,21:52:56.324,1138.0,982.0,exhale,25
98.974,21:52:56.346,1145.0,982.0,exhale,25
98.996,21:52:56.368,1143.0,980.0,exhale,25
99.018,21:52:56.390,1143.0,978.0,exhale,25
99.040,21:52:56.412,1143.0,969.0,exhale,25
99.062,21:52:56.434,1140.0,968.0,exhale,25
99.084,21:52:56.456,1134.0,980.0,exhale,25
99.106,21:52:56.478,1140.0,980.0,exhale,25
99.128,21:52:56.500,1136.0,981.0,exhale,25
99.150,21:52:56.522,1139.0,978.0,exhale,25
99.172,21:52:56.544,1140.0,976.0,exhale,25
99.194,21:52:56.566,1138.0,982.0,exhale,25
99.216,21:52:56.588,1137.0,976.0,exhale,25
99.238,21:52:56.610,1138.0,975.0,exhale,25
99.260,21:52:56.632,1136.0,974.0,exhale,25
99.282,21:52:56.654,1135.0,973.0,exhale,25
99.304,21:52:56.676,1137.0,974.0,exhale,25
99.326,21:52:56.698,1136.0,974.0,exhale,25
99.348,21:52:56.720,1133.0,973.0,exhale,25
99.370,21:52:56.742,1136.0,971.0,exhale,25
99.392,21:52:56.764,1133.0,970.0,exhale,25
99.414,21:52:56.786,1133.0,971.0,exhale,25
99.436,21:52:56.808,1133.0,981.0,exhale,25
99.458,21:52:56.830,1133.0,970.0,exhale,25
99.480,21:52:56.852,1128.0,970.0,exhale,25
99.502,21:52:56.874,1130.0,966.0,exhale,25
99.525,21:52:56.897,1132.0,970.0,exhale,25
99.546,21:52:56.918,1130.0,971.0,exhale,25
99.568,21:52:56.940,1126.0,968.0,exhale,25
99.591,21:52:56.963,1138.0,980.0,exhale,25
99.612,21:52:56.984,1127.0,966.0,exhale,25
99.634,21:52:57.006,1127.0,965.0,exhale,25
99.657,21:52:57.029,1127.0,965.0,exhale,25
99.678,21:52:57.050,1125.0,965.0,exhale,25
99.700,21:52:57.072,1123.0,964.0,exhale,25
99.724,21:52:57.096,1122.0,965.0,exhale,25
99.744,21:52:57.116,1136.0,962.0,exhale,25
99.766,21:52:57.138,1126.0,965.0,exhale,25
99.789,21:52:57.161,1129.0,966.0,exhale,25
99.810,21:52:57.182,1127.0,969.0,exhale,25
99.832,21:52:57.204,1132.0,969.0,exhale,25
99.867,21:52:57.239,1141.0,980.0,exhale,25
99.876,21:52:57.248,1136.0,977.0,exhale,25
99.898,21:52:57.270,1140.0,976.0,exhale,25
99.920,21:52:57.292,1153.0,978.0,exhale,25
99.942,21:52:57.314,1147.0,985.0,exhale,25
99.964,21:52:57.336,1151.0,981.0,exhale,25
99.986,21:52:57.358,1151.0,988.0,exhale,25
100.008,21:52:57.380,1152.0,994.0,inhale,26
100.030,21:52:57.402,1155.0,991.0,inhale,26
100.052,21:52:57.424,1157.0,994.0,inhale,26
100.074,21:52:57.446,1158.0,993.0,inhale,26
100.096,21:52:57.468,1160.0,1005.0,inhale,26
100.118,21:52:57.490,1167.0,995.0,inhale,26
100.140,21:52:57.512,1162.0,1000.0,inhale,26
100.162,21:52:57.534,1166.0,997.0,inhale,26
100.184,21:52:57.556,1164.0,999.0,inhale,26
100.206,21:52:57.578,1162.0,1000.0,inhale,26
100.228,21:52:57.600,1167.0,1000.0,inhale,26
100.250,21:52:57.622,1164.0,1000.0,inhale,26
100.272,21:52:57.644,1168.0,1002.0,inhale,26
100.294,21:52:57.666,1167.0,1000.0,inhale,26
100.316,21:52:57.688,1167.0,998.0,inhale,26
100.338,21:52:57.710,1172.0,1000.0,inhale,26
100.360,21:52:57.732,1168.0,1002.0,inhale,26
100.382,21:52:57.754,1167.0,1001.0,inhale,26
100.404,21:52:57.776,1170.0,1006.0,inhale,26
100.426,21:52:57.798,1171.0,1002.0,inhale,26
100.448,21:52:57.820,1168.0,1001.0,inhale,26
100.470,21:52:57.842,1170.0,1003.0,inhale,26
100.492,21:52:57.864,1169.0,1003.0,inhale,26
100.514,21:52:57.886,1169.0,999.0,inhale,26
100.536,21:52:57.908,1177.0,1003.0,inhale,26
100.558,21:52:57.930,1183.0,997.0,inhale,26
100.580,21:52:57.952,1169.0,1004.0,inhale,26
100.602,21:52:57.974,1171.0,999.0,inhale,26
100.624,21:52:57.996,1171.0,1002.0,inhale,26
100.646,21:52:58.018,1179.0,997.0,inhale,26
100.668,21:52:58.040,1173.0,1003.0,inhale,26
100.690,21:52:58.062,1171.0,1004.0,inhale,26
100.712,21:52:58.084,1168.0,1004.0,inhale,26
100.734,21:52:58.106,1171.0,997.0,inhale,26
100.757,21:52:58.129,1169.0,1008.0,inhale,26
100.778,21:52:58.150,1168.0,1003.0,inhale,26
100.800,21:52:58.172,1167.0,997.0,inhale,26
100.825,21:52:58.197,1177.0,1005.0,inhale,26
100.844,21:52:58.216,1168.0,1009.0,inhale,26
100.866,21:52:58.238,1167.0,1004.0,inhale,26
100.888,21:52:58.260,1170.0,1003.0,inhale,26
100.910,21:52:58.282,1172.0,1006.0,inhale,26
100.932,21:52:58.304,1169.0,1004.0,inhale,26
100.954,21:52:58.326,1176.0,1005.0,inhale,26
100.976,21:52:58.348,1173.0,1002.0,inhale,26
100.998,21:52:58.370,1176.0,1006.0,inhale,26
101.020,21:52:58.392,1178.0,1010.0,inhale,26
101.042,21:52:58.414,1178.0,1009.0,inhale,26
101.064,21:52:58.436,1177.0,1007.0,inhale,26
101.091,21:52:58.463,1182.0,1013.0,inhale,26
101.108,21:52:58.480,1179.0,1012.0,inhale,26
101.130,21:52:58.502,1201.0,1012.0,inhale,26
101.152,21:52:58.524,1183.0,1012.0,inhale,26
101.174,21:52:58.546,1188.0,1013.0,inhale,26
101.196,21:52:58.568,1185.0,1015.0,inhale,26
101.218,21:52:58.590,1182.0,1014.0,inhale,26
101.240,21:52:58.612,1185.0,1017.0,inhale,26
101.262,21:52:58.634,1186.0,1015.0,inhale,26
101.284,21:52:58.656,1186.0,1016.0,inhale,26
101.306,21:52:58.678,1180.0,1009.0,inhale,26
101.328,21:52:58.700,1190.0,1013.0,inhale,26
101.350,21:52:58.722,1178.0,1014.0,inhale,26
101.372,21:52:58.744,1186.0,1012.0,inhale,26
101.394,21:52:58.766,1193.0,1015.0,inhale,26
101.416,21:52:58.788,1176.0,1018.0,inhale,26
101.438,21:52:58.810,1169.0,1017.0,inhale,26
101.460,21:52:58.832,1183.0,1008.0,inhale,26
101.482,21:52:58.854,1181.0,1016.0,inhale,26
101.504,21:52:58.876,1185.0,1010.0,exhale,26
101.526,21:52:58.898,1195.0,1010.0,exhale,26
101.548,21:52:58.920,1186.0,1015.0,exhale,26
101.570,21:52:58.942,1189.0,1018.0,exhale,26
101.592,21:52:58.964,1191.0,1019.0,exhale,26
101.614,21:52:58.986,1194.0,1019.0,exhale,26
101.636,21:52:59.008,1191.0,1020.0,exhale,26
101.658,21:52:59.030,1190.0,1022.0,exhale,26
101.680,21:52:59.052,1195.0,1022.0,exhale,26
101.702,21:52:59.074,1193.0,1023.0,exhale,26
101.724,21:52:59.096,1200.0,1021.0,exhale,26
101.747,21:52:59.119,1196.0,1022.0,exhale,26
101.768,21:52:59.140,1195.0,1021.0,exhale,26
101.790,21:52:59.162,1189.0,1019.0,exhale,26
101.812,21:52:59.184,1195.0,1022.0,exhale,26
101.834,21:52:59.206,1193.0,1021.0,exhale,26
101.856,21:52:59.228,1192.0,1029.0,exhale,26
101.878,21:52:59.250,1193.0,1031.0,exhale,26
101.900,21:52:59.272,1198.0,1020.0,exhale,26
101.925,21:52:59.297,1193.0,1023.0,exhale,26
101.944,21:52:59.316,1188.0,1021.0,exhale,26
101.966,21:52:59.338,1193.0,1019.0,exhale,26
101.991,21:52:59.363,1188.0,1018.0,exhale,26
102.010,21:52:59.382,1188.0,1021.0,exhale,26
102.032,21:52:59.404,1187.0,1016.0,exhale,26
102.054,21:52:59.426,1187.0,1015.0,exhale,26
102.076,21:52:59.448,1190.0,1018.0,exhale,26
102.098,21:52:59.470,1171.0,1017.0,exhale,26
102.120,21:52:59.492,1190.0,1018.0,exhale,26
102.143,21:52:59.515,1191.0,1006.0,exhale,26
102.164,21:52:59.536,1194.0,1021.0,exhale,26
102.186,21:52:59.558,1188.0,1019.0,exhale,26
102.208,21:52:59.580,1193.0,1017.0,exhale,26
102.238,21:52:59.610,1204.0,1017.0,exhale,26
102.254,21:52:59.626,1191.0,1016.0,exhale,26
102.274,21:52:59.646,1196.0,1018.0,exhale,26
102.296,21:52:59.668,1186.0,1019.0,exhale,26
102.318,21:52:59.690,1186.0,1017.0,exhale,26
102.340,21:52:59.712,1190.0,1018.0,exhale,26
102.362,21:52:59.734,1183.0,1017.0,exhale,26
102.384,21:52:59.756,1185.0,1013.0,exhale,26
102.406,21:52:59.778,1192.0,1019.0,exhale,26
102.428,21:52:59.800,1184.0,1016.0,exhale,26
102.450,21:52:59.822,1182.0,1015.0,exhale,26
102.472,21:52:59.844,1182.0,1013.0,exhale,26
102.494,21:52:59.866,1181.0,1015.0,exhale,26
102.516,21:52:59.888,1186.0,1013.0,exhale,26
102.538,21:52:59.910,1184.0,1011.0,exhale,26
102.560,21:52:59.932,1181.0,1013.0,exhale,26
102.582,21:52:59.954,1182.0,1010.0,exhale,26
102.604,21:52:59.976,1182.0,1012.0,exhale,26
102.626,21:52:59.998,1184.0,1013.0,exhale,26
102.648,21:53:00.020,1175.0,1013.0,exhale,26
102.670,21:53:00.042,1181.0,1012.0,exhale,26
102.692,21:53:00.064,1184.0,1011.0,exhale,26
102.714,21:53:00.086,1182.0,1010.0,exhale,26
102.736,21:53:00.108,1180.0,1005.0,exhale,26
102.758,21:53:00.130,1182.0,1011.0,exhale,26
102.780,21:53:00.152,1184.0,1009.0,exhale,26
102.802,21:53:00.174,1171.0,1009.0,exhale,26
102.825,21:53:00.197,1179.0,1010.0,exhale,26
102.846,21:53:00.218,1179.0,1012.0,exhale,26
102.868,21:53:00.240,1178.0,1009.0,exhale,26
102.891,21:53:00.263,1180.0,997.0,exhale,26
102.912,21:53:00.284,1184.0,1010.0,exhale,26
102.934,21:53:00.306,1180.0,1012.0,exhale,26
102.959,21:53:00.331,1175.0,1008.0,exhale,26
102.978,21:53:00.350,1176.0,1007.0,exhale,26
103.000,21:53:00.372,1182.0,1007.0,exhale,26
103.024,21:53:00.396,1174.0,1010.0,exhale,26
103.044,21:53:00.416,1176.0,1005.0,exhale,26
103.066,21:53:00.438,1177.0,1005.0,exhale,26
103.089,21:53:00.461,1169.0,1006.0,exhale,26
103.110,21:53:00.482,1172.0,1000.0,exhale,26
103.132,21:53:00.504,1166.0,997.0,exhale,26
103.154,21:53:00.526,1166.0,1002.0,exhale,26
103.176,21:53:00.548,1166.0,996.0,exhale,26
103.198,21:53:00.570,1161.0,1003.0,exhale,26
103.220,21:53:00.592,1164.0,999.0,exhale,26
103.242,21:53:00.614,1161.0,998.0,exhale,26
103.264,21:53:00.636,1160.0,996.0,exhale,26
103.286,21:53:00.658,1164.0,998.0,exhale,26
103.308,21:53:00.680,1162.0,1000.0,exhale,26
103.330,21:53:00.702,1163.0,993.0,exhale,26
103.352,21:53:00.724,1161.0,996.0,exhale,26
103.374,21:53:00.746,1155.0,995.0,exhale,26
103.404,21:53:00.776,1169.0,992.0,exhale,26
103.418,21:53:00.790,1158.0,994.0,exhale,26
103.440,21:53:00.812,1166.0,998.0,exhale,26
103.462,21:53:00.834,1162.0,991.0,exhale,26
103.484,21:53:00.856,1154.0,993.0,exhale,26
103.506,21:53:00.878,1156.0,992.0,exhale,26
103.528,21:53:00.900,1147.0,991.0,exhale,26
103.550,21:53:00.922,1154.0,987.0,exhale,26
103.572,21:53:00.944,1150.0,987.0,exhale,26
103.594,21:53:00.966,1148.0,985.0,exhale,26
103.616,21:53:00.988,1152.0,986.0,exhale,26
103.638,21:53:01.010,1148.0,991.0,exhale,26
103.660,21:53:01.032,1149.0,994.0,exhale,26
103.682,21:53:01.054,1150.0,988.0,exhale,26
103.704,21:53:01.076,1156.0,993.0,exhale,26
103.726,21:53:01.098,1163.0,996.0,exhale,26
103.748,21:53:01.120,1163.0,997.0,exhale,26
103.770,21:53:01.142,1154.0,999.0,exhale,26
103.792,21:53:01.164,1169.0,998.0,exhale,26
103.814,21:53:01.186,1170.0,1003.0,exhale,26
103.836,21:53:01.208,1173.0,1006.0,exhale,26
103.858,21:53:01.230,1173.0,1006.0,exhale,26
103.880,21:53:01.252,1185.0,1007.0,exhale,26
103.902,21:53:01.274,1164.0,1005.0,exhale,26
103.924,21:53:01.296,1177.0,1008.0,exhale,26
103.946,21:53:01.318,1186.0,1008.0,exhale,26
103.968,21:53:01.340,1168.0,1008.0,exhale,26
103.991,21:53:01.363,1179.0,1010.0,exhale,26
104.012,21:53:01.384,1177.0,1009.0,inhale,27
104.034,21:53:01.406,1176.0,1011.0,inhale,27
104.057,21:53:01.429,1176.0,1009.0,inhale,27
104.078,21:53:01.450,1180.0,1009.0,inhale,27
104.100,21:53:01.472,1177.0,1009.0,inhale,27
104.125,21:53:01.497,1182.0,1010.0,inhale,27
104.144,21:53:01.516,1178.0,1009.0,inhale,27
104.166,21:53:01.538,1179.0,1008.0,inhale,27
104.189,21:53:01.561,1178.0,1008.0,inhale,27
104.210,21:53:01.582,1178.0,1007.0,inhale,27
104.232,21:53:01.604,1176.0,1008.0,inhale,27
104.254,21:53:01.626,1179.0,1010.0,inhale,27
104.276,21:53:01.648,1177.0,997.0,inhale,27
104.298,21:53:01.670,1176.0,1006.0,inhale,27
104.320,21:53:01.692,1178.0,1011.0,inhale,27
104.342,21:53:01.714,1172.0,1008.0,inhale,27
104.364,21:53:01.736,1179.0,1007.0,inhale,27
104.386,21:53:01.758,1179.0,1007.0,inhale,27
104.408,21:53:01.780,1178.0,1015.0,inhale,27
104.430,21:53:01.802,1191.0,1006.0,inhale,27
104.452,21:53:01.824,1175.0,1007.0,inhale,27
104.474,21:53:01.846,1180.0,1009.0,inhale,27
104.496,21:53:01.868,1181.0,1009.0,inhale,27
104.518,21:53:01.890,1178.0,1011.0,inhale,27
104.540,21:53:01.912,1176.0,1014.0,inhale,27
104.562,21:53:01.934,1177.0,1009.0,inhale,27
104.584,21:53:01.956,1175.0,1006.0,inhale,27
104.607,21:53:01.979,1178.0,1014.0,inhale,27
104.637,21:53:02.009,1178.0,1011.0,inhale,27
104.650,21:53:02.022,1181.0,1010.0,inhale,27
104.672,21:53:02.044,1178.0,1011.0,inhale,27
104.694,21:53:02.066,1176.0,1007.0,inhale,27
104.716,21:53:02.088,1179.0,1015.0,inhale,27
104.738,21:53:02.110,1176.0,1011.0,inhale,27
104.760,21:53:02.132,1176.0,1010.0,inhale,27
104.782,21:53:02.154,1177.0,1011.0,inhale,27
104.804,21:53:02.176,1178.0,1000.0,inhale,27
104.826,21:53:02.198,1178.0,1009.0,inhale,27
104.848,21:53:02.220,1180.0,1009.0,inhale,27
104.870,21:53:02.242,1178.0,1010.0,inhale,27
104.892,21:53:02.264,1178.0,1007.0,inhale,27
104.914,21:53:02.286,1170.0,1007.0,inhale,27
104.936,21:53:02.308,1182.0,1012.0,inhale,27
104.959,21:53:02.331,1186.0,1003.0,inhale,27
104.980,21:53:02.352,1177.0,1011.0,inhale,27
105.002,21:53:02.374,1185.0,1012.0,inhale,27
105.025,21:53:02.397,1179.0,1010.0,inhale,27
105.046,21:53:02.418,1176.0,1012.0,inhale,27
105.068,21:53:02.440,1181.0,1014.0,inhale,27
105.090,21:53:02.462,1187.0,1009.0,inhale,27
105.112,21:53:02.484,1181.0,1010.0,inhale,27
105.134,21:53:02.506,1178.0,1010.0,inhale,27
105.157,21:53:02.529,1180.0,1007.0,inhale,27
105.178,21:53:02.550,1181.0,1009.0,inhale,27
105.200,21:53:02.572,1179.0,1009.0,inhale,27
105.225,21:53:02.597,1180.0,1010.0,inhale,27
105.244,21:53:02.616,1180.0,1009.0,inhale,27
105.266,21:53:02.638,1178.0,1015.0,inhale,27
105.288,21:53:02.660,1179.0,1012.0,inhale,27
105.310,21:53:02.682,1178.0,1009.0,inhale,27
105.332,21:53:02.704,1179.0,1015.0,inhale,27
105.354,21:53:02.726,1181.0,1011.0,inhale,27
105.376,21:53:02.748,1182.0,1016.0,inhale,27
105.398,21:53:02.770,1182.0,1004.0,inhale,27
105.420,21:53:02.792,1182.0,1009.0,inhale,27
105.442,21:53:02.814,1179.0,1010.0,inhale,27
105.464,21:53:02.836,1179.0,1010.0,inhale,27
105.486,21:53:02.858,1187.0,1011.0,inhale,27
105.508,21:53:02.880,1179.0,1009.0,exhale,27
105.530,21:53:02.902,1178.0,1009.0,exhale,27
105.552,21:53:02.924,1176.0,1009.0,exhale,27
105.574,21:53:02.946,1178.0,1006.0,exhale,27
105.596,21:53:02.968,1178.0,1009.0,exhale,27
105.618,21:53:02.990,1176.0,1006.0,exhale,27
105.640,21:53:03.012,1177.0,1010.0,exhale,27
105.662,21:53:03.034,1178.0,1009.0,exhale,27
105.684,21:53:03.056,1175.0,1008.0,exhale,27
105.706,21:53:03.078,1178.0,1008.0,exhale,27
105.728,21:53:03.100,1177.0,1017.0,exhale,27
105.750,21:53:03.122,1176.0,1007.0,exhale,27
105.772,21:53:03.144,1179.0,1006.0,exhale,27
105.805,21:53:03.177,1178.0,1008.0,exhale,27
105.816,21:53:03.188,1177.0,1009.0,exhale,27
105.838,21:53:03.210,1172.0,1010.0,exhale,27
105.860,21:53:03.232,1181.0,1011.0,exhale,27
105.882,21:53:03.254,1182.0,1011.0,exhale,27
105.904,21:53:03.276,1183.0,1013.0,exhale,27
105.926,21:53:03.298,1182.0,1012.0,exhale,27
105.948,21:53:03.320,1182.0,1015.0,exhale,27
105.970,21:53:03.342,1160.0,1014.0,exhale,27
105.992,21:53:03.364,1193.0,1011.0,exhale,27
106.014,21:53:03.386,1183.0,1009.0,exhale,27
106.036,21:53:03.408,1186.0,1019.0,exhale,27
106.058,21:53:03.430,1186.0,1013.0,exhale,27
106.080,21:53:03.452,1187.0,1010.0,exhale,27
106.102,21:53:03.474,1186.0,1019.0,exhale,27
106.125,21:53:03.497,1187.0,1017.0,exhale,27
106.146,21:53:03.518,1187.0,1017.0,exhale,27
106.168,21:53:03.540,1187.0,1019.0,exhale,27
106.191,21:53:03.563,1189.0,1011.0,exhale,27
106.212,21:53:03.584,1198.0,1020.0,exhale,27
106.234,21:53:03.606,1189.0,1023.0,exhale,27
106.256,21:53:03.628,1190.0,1027.0,exhale,27
106.278,21:53:03.650,1191.0,1019.0,exhale,27
106.300,21:53:03.672,1187.0,1011.0,exhale,27
106.325,21:53:03.697,1191.0,1021.0,exhale,27
106.344,21:53:03.716,1192.0,1021.0,exhale,27
106.366,21:53:03.738,1190.0,1019.0,exhale,27
106.388,21:53:03.760,1191.0,1020.0,exhale,27
106.410,21:53:03.782,1190.0,1016.0,exhale,27
106.432,21:53:03.804,1188.0,1020.0,exhale,27
106.455,21:53:03.827,1191.0,1020.0,exhale,27
106.476,21:53:03.848,1183.0,1024.0,exhale,27
106.498,21:53:03.870,1189.0,1019.0,exhale,27
106.520,21:53:03.892,1189.0,1018.0,exhale,27
106.542,21:53:03.914,1190.0,1014.0,exhale,27
106.564,21:53:03.936,1188.0,1018.0,exhale,27
106.586,21:53:03.958,1187.0,1018.0,exhale,27
106.608,21:53:03.980,1187.0,1018.0,exhale,27
106.630,21:53:04.002,1190.0,1017.0,exhale,27
106.652,21:53:04.024,1190.0,1018.0,exhale,27
106.674,21:53:04.046,1191.0,1020.0,exhale,27
106.696,21:53:04.068,1190.0,1017.0,exhale,27
106.718,21:53:04.090,1188.0,1017.0,exhale,27
106.740,21:53:04.112,1188.0,1019.0,exhale,27
106.762,21:53:04.134,1187.0,1016.0,exhale,27
106.784,21:53:04.156,1183.0,1015.0,exhale,27
106.806,21:53:04.178,1186.0,1009.0,exhale,27
106.828,21:53:04.200,1181.0,1016.0,exhale,27
106.850,21:53:04.222,1181.0,1013.0,exhale,27
106.872,21:53:04.244,1179.0,1011.0,exhale,27
106.894,21:53:04.266,1185.0,1016.0,exhale,27
106.916,21:53:04.288,1172.0,1010.0,exhale,27
106.938,21:53:04.310,1178.0,1010.0,exhale,27
106.960,21:53:04.332,1177.0,1008.0,exhale,27
106.982,21:53:04.354,1174.0,1005.0,exhale,27
107.004,21:53:04.376,1176.0,1008.0,exhale,27
107.026,21:53:04.398,1170.0,1003.0,exhale,27
107.048,21:53:04.420,1169.0,1003.0,exhale,27
107.076,21:53:04.448,1167.0,1002.0,exhale,27
107.092,21:53:04.464,1171.0,1000.0,exhale,27
107.114,21:53:04.486,1179.0,1000.0,exhale,27
107.136,21:53:04.508,1179.0,1004.0,exhale,27
107.158,21:53:04.530,1170.0,998.0,exhale,27
107.180,21:53:04.552,1163.0,995.0,exhale,27
107.202,21:53:04.574,1163.0,998.0,exhale,27
107.224,21:53:04.596,1168.0,987.0,exhale,27
107.246,21:53:04.618,1163.0,997.0,exhale,27
107.268,21:53:04.640,1162.0,995.0,exhale,27
107.290,21:53:04.662,1160.0,995.0,exhale,27
107.312,21:53:04.684,1160.0,985.0,exhale,27
107.334,21:53:04.706,1160.0,998.0,exhale,27
107.357,21:53:04.729,1157.0,985.0,exhale,27
107.378,21:53:04.750,1147.0,993.0,exhale,27
107.400,21:53:04.772,1157.0,991.0,exhale,27
107.424,21:53:04.796,1158.0,990.0,exhale,27
107.444,21:53:04.816,1147.0,989.0,exhale,27
107.466,21:53:04.838,1157.0,993.0,exhale,27
107.488,21:53:04.860,1152.0,990.0,exhale,27
107.510,21:53:04.882,1152.0,987.0,exhale,27
107.532,21:53:04.904,1151.0,989.0,exhale,27
107.554,21:53:04.926,1150.0,991.0,exhale,27
107.576,21:53:04.948,1149.0,985.0,exhale,27
107.598,21:53:04.970,1150.0,984.0,exhale,27
107.620,21:53:04.992,1150.0,985.0,exhale,27
107.642,21:53:05.014,1159.0,989.0,exhale,27
107.664,21:53:05.036,1144.0,982.0,exhale,27
107.686,21:53:05.058,1148.0,983.0,exhale,27
107.708,21:53:05.080,1146.0,983.0,exhale,27
107.730,21:53:05.102,1146.0,982.0,exhale,27
107.752,21:53:05.124,1145.0,983.0,exhale,27
107.774,21:53:05.146,1147.0,983.0,exhale,27
107.796,21:53:05.168,1154.0,980.0,exhale,27
107.818,21:53:05.190,1150.0,981.0,exhale,27
107.840,21:53:05.212,1138.0,979.0,exhale,27
107.862,21:53:05.234,1129.0,978.0,exhale,27
107.884,21:53:05.256,1139.0,982.0,exhale,27
107.906,21:53:05.278,1139.0,983.0,exhale,27
107.928,21:53:05.300,1142.0,976.0,exhale,27
107.950,21:53:05.322,1140.0,983.0,exhale,27
107.972,21:53:05.344,1137.0,967.0,exhale,27
107.994,21:53:05.366,1137.0,977.0,exhale,27
108.016,21:53:05.388,1137.0,974.0,inhale,28
108.038,21:53:05.410,1137.0,975.0,inhale,28
108.060,21:53:05.432,1138.0,977.0,inhale,28
108.082,21:53:05.454,1139.0,978.0,inhale,28
108.104,21:53:05.476,1141.0,984.0,inhale,28
108.126,21:53:05.498,1144.0,980.0,inhale,28
108.148,21:53:05.520,1146.0,983.0,inhale,28
108.170,21:53:05.542,1143.0,984.0,inhale,28
108.192,21:53:05.564,1150.0,988.0,inhale,28
108.228,21:53:05.600,1155.0,989.0,inhale,28
108.238,21:53:05.610,1152.0,993.0,inhale,28
108.258,21:53:05.630,1161.0,995.0,inhale,28
108.280,21:53:05.652,1162.0,997.0,inhale,28
108.302,21:53:05.674,1165.0,1000.0,inhale,28
108.324,21:53:05.696,1185.0,999.0,inhale,28
108.346,21:53:05.718,1167.0,999.0,inhale,28
108.368,21:53:05.740,1171.0,1004.0,inhale,28
108.390,21:53:05.762,1171.0,1004.0,inhale,28
108.412,21:53:05.784,1174.0,1004.0,inhale,28
108.434,21:53:05.806,1174.0,1008.0,inhale,28
108.457,21:53:05.829,1175.0,1007.0,inhale,28
108.478,21:53:05.850,1165.0,1012.0,inhale,28
108.500,21:53:05.872,1177.0,1009.0,inhale,28
108.524,21:53:05.896,1176.0,1010.0,inhale,28
108.544,21:53:05.916,1178.0,1011.0,inhale,28
108.566,21:53:05.938,1177.0,1011.0,inhale,28
108.589,21:53:05.961,1179.0,1013.0,inhale,28
108.610,21:53:05.982,1181.0,1013.0,inhale,28
108.632,21:53:06.004,1181.0,1014.0,inhale,28
108.654,21:53:06.026,1183.0,1014.0,inhale,28
108.676,21:53:06.048,1180.0,1012.0,inhale,28
108.698,21:53:06.070,1180.0,1013.0,inhale,28
108.720,21:53:06.092,1184.0,1013.0,inhale,28
108.742,21:53:06.114,1182.0,1011.0,inhale,28
108.764,21:53:06.136,1168.0,1013.0,inhale,28
108.786,21:53:06.158,1181.0,1013.0,inhale,28
108.808,21:53:06.180,1180.0,1013.0,inhale,28
108.830,21:53:06.202,1180.0,1011.0,inhale,28
108.852,21:53:06.224,1181.0,998.0,inhale,28
108.874,21:53:06.246,1181.0,1022.0,inhale,28
108.896,21:53:06.268,1179.0,1001.0,inhale,28
108.918,21:53:06.290,1183.0,1010.0,inhale,28
108.940,21:53:06.312,1170.0,1011.0,inhale,28
108.962,21:53:06.334,1177.0,1011.0,inhale,28
108.984,21:53:06.356,1182.0,1010.0,inhale,28
109.006,21:53:06.378,1180.0,1012.0,inhale,28
109.028,21:53:06.400,1170.0,1011.0,inhale,28
109.050,21:53:06.422,1182.0,1019.0,inhale,28
109.072,21:53:06.444,1179.0,1010.0,inhale,28
109.094,21:53:06.466,1179.0,1011.0,inhale,28
109.116,21:53:06.488,1178.0,1005.0,inhale,28
109.138,21:53:06.510,1177.0,1009.0,inhale,28
109.160,21:53:06.532,1176.0,1008.0,inhale,28
109.182,21:53:06.554,1177.0,1005.0,inhale,28
109.204,21:53:06.576,1174.0,1001.0,inhale,28
109.226,21:53:06.598,1177.0,1007.0,inhale,28
109.248,21:53:06.620,1173.0,1013.0,inhale,28
109.270,21:53:06.642,1176.0,1007.0,inhale,28
109.292,21:53:06.664,1177.0,1008.0,inhale,28
109.314,21:53:06.686,1173.0,1004.0,inhale,28
109.336,21:53:06.708,1178.0,1008.0,inhale,28
109.358,21:53:06.730,1177.0,1008.0,inhale,28
109.388,21:53:06.760,1177.0,1012.0,inhale,28
109.403,21:53:06.775,1173.0,1008.0,inhale,28
109.424,21:53:06.796,1178.0,1006.0,inhale,28
109.446,21:53:06.818,1175.0,1008.0,inhale,28
109.468,21:53:06.840,1174.0,1010.0,inhale,28
109.490,21:53:06.862,1174.0,1021.0,inhale,28
109.512,21:53:06.884,1185.0,1005.0,exhale,28
109.534,21:53:06.906,1173.0,1004.0,exhale,28
109.556,21:53:06.928,1172.0,1006.0,exhale,28
109.578,21:53:06.950,1173.0,1006.0,exhale,28
109.600,21:53:06.972,1170.0,1002.0,exhale,28
109.622,21:53:06.994,1170.0,1003.0,exhale,28
109.644,21:53:07.016,1171.0,1004.0,exhale,28
109.666,21:53:07.038,1168.0,1002.0,exhale,28
109.691,21:53:07.063,1170.0,1000.0,exhale,28
109.710,21:53:07.082,1172.0,1001.0,exhale,28
109.732,21:53:07.104,1166.0,1003.0,exhale,28
109.754,21:53:07.126,1168.0,1000.0,exhale,28
109.776,21:53:07.148,1169.0,1002.0,exhale,28
109.798,21:53:07.170,1172.0,998.0,exhale,28
109.820,21:53:07.192,1169.0,1001.0,exhale,28
109.842,21:53:07.214,1170.0,1000.0,exhale,28
109.864,21:53:07.236,1165.0,1001.0,exhale,28
109.886,21:53:07.258,1171.0,1003.0,exhale,28
109.908,21:53:07.280,1170.0,1007.0,exhale,28
109.930,21:53:07.302,1172.0,1004.0,exhale,28
109.952,21:53:07.324,1170.0,1003.0,exhale,28
109.974,21:53:07.346,1179.0,1005.0,exhale,28
109.996,21:53:07.368,1172.0,1006.0,exhale,28
110.018,21:53:07.390,1174.0,1002.0,exhale,28
110.040,21:53:07.412,1175.0,1007.0,exhale,28
110.062,21:53:07.434,1183.0,1002.0,exhale,28
110.084,21:53:07.456,1182.0,1004.0,exhale,28
110.106,21:53:07.478,1175.0,1010.0,exhale,28
110.128,21:53:07.500,1180.0,1007.0,exhale,28
110.150,21:53:07.522,1176.0,1008.0,exhale,28
110.172,21:53:07.544,1178.0,1009.0,exhale,28
110.194,21:53:07.566,1177.0,1009.0,exhale,28
110.216,21:53:07.588,1165.0,1010.0,exhale,28
110.238,21:53:07.610,1176.0,1001.0,exhale,28
110.260,21:53:07.632,1182.0,1006.0,exhale,28
110.282,21:53:07.654,1176.0,1008.0,exhale,28
110.304,21:53:07.676,1176.0,1007.0,exhale,28
110.326,21:53:07.698,1176.0,1004.0,exhale,28
110.348,21:53:07.720,1171.0,1010.0,exhale,28
110.370,21:53:07.742,1179.0,1002.0,exhale,28
110.392,21:53:07.764,1163.0,1013.0,exhale,28
110.414,21:53:07.786,1177.0,1006.0,exhale,28
110.436,21:53:07.808,1175.0,1009.0,exhale,28
110.458,21:53:07.830,1176.0,1005.0,exhale,28
110.480,21:53:07.852,1170.0,1006.0,exhale,28
110.502,21:53:07.874,1176.0,1008.0,exhale,28
110.524,21:53:07.896,1174.0,1008.0,exhale,28
110.546,21:53:07.918,1175.0,1018.0,exhale,28
110.571,21:53:07.943,1176.0,1005.0,exhale,28
110.591,21:53:07.963,1173.0,1006.0,exhale,28
110.612,21:53:07.984,1167.0,1004.0,exhale,28
110.634,21:53:08.006,1171.0,1004.0,exhale,28
110.656,21:53:08.028,1166.0,1000.0,exhale,28
110.678,21:53:08.050,1168.0,1002.0,exhale,28
110.700,21:53:08.072,1167.0,999.0,exhale,28
110.724,21:53:08.096,1164.0,1000.0,exhale,28
110.744,21:53:08.116,1169.0,999.0,exhale,28
110.766,21:53:08.138,1165.0,999.0,exhale,28
110.788,21:53:08.160,1163.0,999.0,exhale,28
110.810,21:53:08.182,1158.0,1000.0,exhale,28
110.832,21:53:08.204,1163.0,998.0,exhale,28
110.854,21:53:08.226,1160.0,995.0,exhale,28
110.876,21:53:08.248,1163.0,993.0,exhale,28
110.898,21:53:08.270,1158.0,995.0,exhale,28
110.920,21:53:08.292,1164.0,994.0,exhale,28
110.942,21:53:08.314,1155.0,980.0,exhale,28
110.964,21:53:08.336,1154.0,986.0,exhale,28
110.986,21:53:08.358,1142.0,989.0,exhale,28
111.008,21:53:08.380,1146.0,991.0,exhale,28
111.030,21:53:08.402,1157.0,987.0,exhale,28
111.052,21:53:08.424,1153.0,987.0,exhale,28
111.074,21:53:08.446,1153.0,991.0,exhale,28
111.096,21:53:08.468,1151.0,988.0,exhale,28
111.118,21:53:08.490,1152.0,986.0,exhale,28
111.140,21:53:08.512,1156.0,992.0,exhale,28
111.162,21:53:08.534,1151.0,987.0,exhale,28
111.184,21:53:08.556,1153.0,986.0,exhale,28
111.206,21:53:08.578,1152.0,986.0,exhale,28
111.228,21:53:08.600,1150.0,982.0,exhale,28
111.250,21:53:08.622,1153.0,984.0,exhale,28
111.272,21:53:08.644,1137.0,983.0,exhale,28
111.294,21:53:08.666,1146.0,984.0,exhale,28
111.316,21:53:08.688,1147.0,984.0,exhale,28
111.338,21:53:08.710,1143.0,982.0,exhale,28
111.360,21:53:08.732,1147.0,984.0,exhale,28
111.382,21:53:08.754,1145.0,981.0,exhale,28
111.404,21:53:08.776,1143.0,987.0,exhale,28
111.426,21:53:08.798,1142.0,979.0,exhale,28
111.448,21:53:08.820,1142.0,980.0,exhale,28
111.470,21:53:08.842,1143.0,980.0,exhale,28
111.492,21:53:08.864,1143.0,981.0,exhale,28
111.514,21:53:08.886,1142.0,976.0,exhale,28
111.536,21:53:08.908,1141.0,978.0,exhale,28
111.558,21:53:08.930,1142.0,988.0,exhale,28
111.580,21:53:08.952,1126.0,982.0,exhale,28
111.602,21:53:08.974,1138.0,980.0,exhale,28
111.625,21:53:08.997,1138.0,979.0,exhale,28
111.646,21:53:09.018,1132.0,976.0,exhale,28
111.668,21:53:09.040,1139.0,976.0,exhale,28
111.690,21:53:09.062,1139.0,975.0,exhale,28
111.712,21:53:09.084,1147.0,974.0,exhale,28
111.737,21:53:09.109,1137.0,991.0,exhale,28
111.756,21:53:09.128,1135.0,974.0,exhale,28
111.778,21:53:09.150,1135.0,972.0,exhale,28
111.800,21:53:09.172,1133.0,972.0,exhale,28
111.822,21:53:09.194,1138.0,972.0,exhale,28
111.844,21:53:09.216,1134.0,968.0,exhale,28
111.866,21:53:09.238,1129.0,969.0,exhale,28
111.888,21:53:09.260,1135.0,975.0,exhale,28
111.910,21:53:09.282,1128.0,971.0,exhale,28
111.932,21:53:09.304,1129.0,980.0,exhale,28
111.954,21:53:09.326,1129.0,968.0,exhale,28
111.976,21:53:09.348,1125.0,972.0,exhale,28
111.998,21:53:09.370,1133.0,972.0,exhale,28
112.020,21:53:09.392,1135.0,978.0,inhale,29
112.042,21:53:09.414,1148.0,977.0,inhale,29
112.064,21:53:09.436,1143.0,976.0,inhale,29
112.086,21:53:09.458,1145.0,982.0,inhale,29
112.108,21:53:09.480,1145.0,988.0,inhale,29
112.130,21:53:09.502,1143.0,983.0,inhale,29
112.152,21:53:09.524,1146.0,990.0,inhale,29
112.174,21:53:09.546,1154.0,989.0,inhale,29
112.196,21:53:09.568,1157.0,994.0,inhale,29
112.218,21:53:09.590,1168.0,995.0,inhale,29
112.240,21:53:09.612,1162.0,999.0,inhale,29
112.262,21:53:09.634,1162.0,991.0,inhale,29
112.284,21:53:09.656,1163.0,998.0,inhale,29
112.306,21:53:09.678,1166.0,997.0,inhale,29
112.328,21:53:09.700,1165.0,996.0,inhale,29
112.350,21:53:09.722,1167.0,1001.0,inhale,29
112.372,21:53:09.744,1174.0,1009.0,inhale,29
112.394,21:53:09.766,1170.0,1004.0,inhale,29
112.416,21:53:09.788,1174.0,1002.0,inhale,29
112.438,21:53:09.810,1172.0,1004.0,inhale,29
112.460,21:53:09.832,1173.0,1009.0,inhale,29
112.482,21:53:09.854,1174.0,1005.0,inhale,29
112.504,21:53:09.876,1174.0,1006.0,inhale,29
112.526,21:53:09.898,1177.0,1006.0,inhale,29
112.548,21:53:09.920,1175.0,1006.0,inhale,29
112.570,21:53:09.942,1170.0,1007.0,inhale,29
112.592,21:53:09.964,1183.0,1007.0,inhale,29
112.614,21:53:09.986,1176.0,1007.0,inhale,29
112.636,21:53:10.008,1176.0,1004.0,inhale,29
112.658,21:53:10.030,1174.0,1008.0,inhale,29
112.680,21:53:10.052,1177.0,1008.0,inhale,29
112.702,21:53:10.074,1179.0,1007.0,inhale,29
112.724,21:53:10.096,1175.0,1008.0,inhale,29
112.746,21:53:10.118,1175.0,1007.0,inhale,29
112.768,21:53:10.140,1175.0,1006.0,inhale,29
112.790,21:53:10.162,1176.0,1009.0,inhale,29
112.812,21:53:10.184,1173.0,1005.0,inhale,29
112.834,21:53:10.206,1173.0,1007.0,inhale,29
112.856,21:53:10.228,1176.0,1007.0,inhale,29
112.878,21:53:10.250,1184.0,1008.0,inhale,29
112.900,21:53:10.272,1174.0,1008.0,inhale,29
112.923,21:53:10.295,1176.0,1009.0,inhale,29
112.944,21:53:10.316,1177.0,997.0,inhale,29
112.966,21:53:10.338,1177.0,1008.0,inhale,29
112.989,21:53:10.361,1175.0,1013.0,inhale,29
113.010,21:53:10.382,1175.0,1008.0,inhale,29
113.032,21:53:10.404,1174.0,1010.0,inhale,29
113.054,21:53:10.426,1179.0,1007.0,inhale,29
113.076,21:53:10.448,1172.0,1006.0,inhale,29
113.098,21:53:10.470,1171.0,1005.0,inhale,29
113.120,21:53:10.492,1176.0,1007.0,inhale,29
113.142,21:53:10.514,1174.0,1007.0,inhale,29
113.164,21:53:10.536,1172.0,1005.0,inhale,29
113.186,21:53:10.558,1176.0,1007.0,inhale,29
113.222,21:53:10.594,1176.0,1009.0,inhale,29
113.230,21:53:10.602,1177.0,1011.0,inhale,29
113.252,21:53:10.624,1177.0,1007.0,inhale,29
113.274,21:53:10.646,1177.0,1008.0,inhale,29
113.296,21:53:10.668,1176.0,1021.0,inhale,29
113.318,21:53:10.690,1179.0,1013.0,inhale,29
113.340,21:53:10.712,1181.0,1012.0,inhale,29
113.362,21:53:10.734,1184.0,1012.0,inhale,29
113.384,21:53:10.756,1190.0,1012.0,inhale,29
113.406,21:53:10.778,1184.0,1013.0,inhale,29
113.428,21:53:10.800,1193.0,1014.0,inhale,29
113.450,21:53:10.822,1175.0,1015.0,inhale,29
113.472,21:53:10.844,1183.0,1019.0,inhale,29
113.494,21:53:10.866,1184.0,1013.0,inhale,29
113.516,21:53:10.888,1187.0,1017.0,exhale,29
113.538,21:53:10.910,1187.0,1022.0,exhale,29
113.560,21:53:10.932,1188.0,1011.0,exhale,29
113.582,21:53:10.954,1187.0,1018.0,exhale,29
113.604,21:53:10.976,1187.0,1014.0,exhale,29
113.626,21:53:10.998,1190.0,1022.0,exhale,29
113.648,21:53:11.020,1186.0,1016.0,exhale,29
113.670,21:53:11.042,1187.0,1016.0,exhale,29
113.692,21:53:11.064,1195.0,1015.0,exhale,29
113.714,21:53:11.086,1185.0,1014.0,exhale,29
113.736,21:53:11.108,1185.0,1015.0,exhale,29
113.758,21:53:11.130,1179.0,1007.0,exhale,29
113.780,21:53:11.152,1179.0,1013.0,exhale,29
113.802,21:53:11.174,1181.0,1011.0,exhale,29
113.825,21:53:11.197,1182.0,1013.0,exhale,29
113.846,21:53:11.218,1174.0,1012.0,exhale,29
113.868,21:53:11.240,1185.0,1015.0,exhale,29
113.891,21:53:11.263,1187.0,1016.0,exhale,29
113.912,21:53:11.284,1189.0,1016.0,exhale,29
113.934,21:53:11.306,1188.0,1011.0,exhale,29
113.956,21:53:11.328,1171.0,1021.0,exhale,29
113.978,21:53:11.350,1190.0,1018.0,exhale,29
114.000,21:53:11.372,1188.0,1019.0,exhale,29
114.024,21:53:11.396,1199.0,1018.0,exhale,29
114.044,21:53:11.416,1197.0,1023.0,exhale,29
114.066,21:53:11.438,1194.0,1028.0,exhale,29
114.089,21:53:11.461,1193.0,1015.0,exhale,29
114.110,21:53:11.482,1195.0,1023.0,exhale,29
114.132,21:53:11.504,1199.0,1019.0,exhale,29
114.154,21:53:11.526,1203.0,1024.0,exhale,29
114.176,21:53:11.548,1203.0,1027.0,exhale,29
114.198,21:53:11.570,1199.0,1025.0,exhale,29
114.220,21:53:11.592,1197.0,1024.0,exhale,29
114.242,21:53:11.614,1197.0,1024.0,exhale,29
114.264,21:53:11.636,1194.0,1023.0,exhale,29
114.286,21:53:11.658,1196.0,1023.0,exhale,29
114.308,21:53:11.680,1195.0,1024.0,exhale,29
114.330,21:53:11.702,1195.0,1023.0,exhale,29
114.356,21:53:11.728,1197.0,1020.0,exhale,29
114.374,21:53:11.746,1194.0,1021.0,exhale,29
114.396,21:53:11.768,1194.0,1021.0,exhale,29
114.418,21:53:11.790,1201.0,1019.0,exhale,29
114.440,21:53:11.812,1194.0,1022.0,exhale,29
114.462,21:53:11.834,1193.0,1020.0,exhale,29
114.484,21:53:11.856,1193.0,1017.0,exhale,29
114.506,21:53:11.878,1184.0,1021.0,exhale,29
114.528,21:53:11.900,1197.0,1020.0,exhale,29
114.550,21:53:11.922,1190.0,1018.0,exhale,29
114.572,21:53:11.944,1190.0,1020.0,exhale,29
114.594,21:53:11.966,1189.0,1018.0,exhale,29
114.616,21:53:11.988,1186.0,1015.0,exhale,29
114.638,21:53:12.010,1189.0,1017.0,exhale,29
114.660,21:53:12.032,1186.0,1013.0,exhale,29
114.682,21:53:12.054,1184.0,1016.0,exhale,29
114.704,21:53:12.076,1184.0,1016.0,exhale,29
114.726,21:53:12.098,1177.0,1016.0,exhale,29
114.748,21:53:12.120,1180.0,1012.0,exhale,29
114.770,21:53:12.142,1180.0,1012.0,exhale,29
114.792,21:53:12.164,1180.0,1012.0,exhale,29
114.814,21:53:12.186,1176.0,1013.0,exhale,29
114.836,21:53:12.208,1178.0,1012.0,exhale,29
114.858,21:53:12.230,1177.0,1005.0,exhale,29
114.880,21:53:12.252,1175.0,998.0,exhale,29
114.902,21:53:12.274,1174.0,1007.0,exhale,29
114.924,21:53:12.296,1176.0,1006.0,exhale,29
114.946,21:53:12.318,1173.0,1006.0,exhale,29
114.968,21:53:12.340,1174.0,1006.0,exhale,29
114.991,21:53:12.363,1172.0,1005.0,exhale,29
115.012,21:53:12.384,1168.0,1004.0,exhale,29
115.034,21:53:12.406,1184.0,1015.0,exhale,29
115.056,21:53:12.428,1176.0,1008.0,exhale,29
115.078,21:53:12.450,1167.0,999.0,exhale,29
115.100,21:53:12.472,1175.0,1003.0,exhale,29
115.122,21:53:12.494,1165.0,1001.0,exhale,29
115.144,21:53:12.516,1164.0,999.0,exhale,29
115.166,21:53:12.538,1165.0,998.0,exhale,29
115.188,21:53:12.560,1170.0,992.0,exhale,29
115.210,21:53:12.582,1160.0,997.0,exhale,29
115.232,21:53:12.604,1162.0,997.0,exhale,29
115.254,21:53:12.626,1160.0,996.0,exhale,29
115.276,21:53:12.648,1162.0,994.0,exhale,29
115.298,21:53:12.670,1159.0,992.0,exhale,29
115.320,21:53:12.692,1155.0,993.0,exhale,29
115.342,21:53:12.714,1169.0,991.0,exhale,29
115.364,21:53:12.736,1154.0,990.0,exhale,29
115.386,21:53:12.758,1161.0,990.0,exhale,29
115.408,21:53:12.780,1150.0,982.0,exhale,29
115.430,21:53:12.802,1150.0,987.0,exhale,29
115.452,21:53:12.824,1151.0,993.0,exhale,29
115.474,21:53:12.846,1145.0,985.0,exhale,29
115.496,21:53:12.868,1151.0,984.0,exhale,29
115.518,21:53:12.890,1151.0,988.0,exhale,29
115.540,21:53:12.912,1153.0,979.0,exhale,29
115.562,21:53:12.934,1147.0,989.0,exhale,29
115.584,21:53:12.956,1149.0,985.0,exhale,29
115.606,21:53:12.978,1144.0,984.0,exhale,29
115.628,21:53:13.000,1148.0,982.0,exhale,29
115.654,21:53:13.026,1149.0,984.0,exhale,29
115.672,21:53:13.044,1147.0,983.0,exhale,29
115.694,21:53:13.066,1147.0,982.0,exhale,29
115.716,21:53:13.088,1144.0,978.0,exhale,29
115.738,21:53:13.110,1140.0,982.0,exhale,29
115.760,21:53:13.132,1144.0,987.0,exhale,29
115.782,21:53:13.154,1138.0,980.0,exhale,29
115.804,21:53:13.176,1143.0,981.0,exhale,29
115.826,21:53:13.198,1143.0,980.0,exhale,29
115.848,21:53:13.220,1141.0,978.0,exhale,29
115.870,21:53:13.242,1140.0,979.0,exhale,29
115.892,21:53:13.264,1129.0,977.0,exhale,29
115.914,21:53:13.286,1143.0,985.0,exhale,29
115.936,21:53:13.308,1142.0,976.0,exhale,29
115.958,21:53:13.330,1139.0,978.0,exhale,29
115.980,21:53:13.352,1135.0,977.0,exhale,29
116.002,21:53:13.374,1123.0,973.0,inhale,30
116.024,21:53:13.396,1135.0,975.0,inhale,30
116.046,21:53:13.418,1133.0,973.0,inhale,30
116.068,21:53:13.440,1132.0,971.0,inhale,30
116.090,21:53:13.462,1147.0,975.0,inhale,30
116.112,21:53:13.484,1134.0,974.0,inhale,30
116.134,21:53:13.506,1136.0,974.0,inhale,30
116.158,21:53:13.530,1138.0,975.0,inhale,30
116.178,21:53:13.550,1146.0,977.0,inhale,30
116.200,21:53:13.572,1148.0,977.0,inhale,30
116.224,21:53:13.596,1145.0,984.0,inhale,30
116.245,21:53:13.617,1151.0,986.0,inhale,30
116.266,21:53:13.638,1149.0,994.0,inhale,30
116.288,21:53:13.660,1152.0,992.0,inhale,30
116.310,21:53:13.682,1160.0,987.0,inhale,30
116.332,21:53:13.704,1164.0,997.0,inhale,30
116.354,21:53:13.726,1166.0,1001.0,inhale,30
116.376,21:53:13.748,1165.0,1007.0,inhale,30
116.398,21:53:13.770,1169.0,1003.0,inhale,30
116.420,21:53:13.792,1174.0,1005.0,inhale,30
116.442,21:53:13.814,1180.0,1009.0,inhale,30
116.464,21:53:13.836,1180.0,1009.0,inhale,30
116.486,21:53:13.858,1178.0,1008.0,inhale,30
116.508,21:53:13.880,1183.0,1012.0,inhale,30
116.530,21:53:13.902,1177.0,1011.0,inhale,30
116.552,21:53:13.924,1179.0,1009.0,inhale,30
116.575,21:53:13.947,1182.0,1015.0,inhale,30
116.596,21:53:13.968,1181.0,1012.0,inhale,30
116.618,21:53:13.990,1182.0,1012.0,inhale,30
116.641,21:53:14.013,1177.0,1004.0,inhale,30
116.662,21:53:14.034,1183.0,1011.0,inhale,30
116.684,21:53:14.056,1183.0,1011.0,inhale,30
116.706,21:53:14.078,1182.0,1011.0,inhale,30
116.728,21:53:14.100,1179.0,1013.0,inhale,30
116.750,21:53:14.122,1182.0,1004.0,inhale,30
116.772,21:53:14.144,1182.0,1011.0,inhale,30
116.794,21:53:14.166,1180.0,1004.0,inhale,30
116.816,21:53:14.188,1181.0,1011.0,inhale,30
116.838,21:53:14.210,1186.0,1012.0,inhale,30
116.860,21:53:14.232,1183.0,1011.0,inhale,30
116.882,21:53:14.254,1181.0,1010.0,inhale,30
116.904,21:53:14.276,1181.0,1011.0,inhale,30
116.926,21:53:14.298,1179.0,1011.0,inhale,30
116.948,21:53:14.320,1183.0,1011.0,inhale,30
116.970,21:53:14.342,1181.0,1015.0,inhale,30
116.992,21:53:14.364,1179.0,1011.0,inhale,30
117.014,21:53:14.386,1178.0,1011.0,inhale,30
117.036,21:53:14.408,1181.0,1010.0,inhale,30
117.058,21:53:14.430,1174.0,1010.0,inhale,30
117.080,21:53:14.452,1171.0,1012.0,inhale,30
117.102,21:53:14.474,1175.0,1012.0,inhale,30
117.124,21:53:14.496,1176.0,1014.0,inhale,30
117.146,21:53:14.518,1178.0,1015.0,inhale,30
117.168,21:53:14.540,1179.0,1007.0,inhale,30
117.190,21:53:14.562,1179.0,1008.0,inhale,30
117.212,21:53:14.584,1179.0,1011.0,inhale,30
117.234,21:53:14.606,1180.0,1013.0,inhale,30
117.256,21:53:14.628,1180.0,1010.0,inhale,30
117.278,21:53:14.650,1179.0,1008.0,inhale,30
117.300,21:53:14.672,1182.0,1010.0,inhale,30
117.324,21:53:14.696,1181.0,1015.0,inhale,30
117.344,21:53:14.716,1192.0,1012.0,inhale,30
117.366,21:53:14.738,1177.0,1012.0,inhale,30
117.388,21:53:14.760,1185.0,1019.0,inhale,30
117.410,21:53:14.782,1182.0,1013.0,inhale,30
117.432,21:53:14.804,1183.0,1017.0,inhale,30
117.454,21:53:14.826,1180.0,1020.0,inhale,30
117.476,21:53:14.848,1181.0,1009.0,inhale,30
117.498,21:53:14.870,1180.0,1010.0,inhale,30
117.520,21:53:14.892,1186.0,1012.0,exhale,30
117.542,21:53:14.914,1163.0,1011.0,exhale,30
117.564,21:53:14.936,1177.0,1010.0,exhale,30
117.586,21:53:14.958,1181.0,1009.0,exhale,30
117.608,21:53:14.980,1176.0,1008.0,exhale,30
117.630,21:53:15.002,1178.0,1008.0,exhale,30
117.652,21:53:15.024,1176.0,1005.0,exhale,30
117.674,21:53:15.046,1176.0,1006.0,exhale,30
117.696,21:53:15.068,1175.0,1008.0,exhale,30
117.718,21:53:15.090,1174.0,1006.0,exhale,30
117.740,21:53:15.112,1175.0,1005.0,exhale,30
117.762,21:53:15.134,1177.0,1007.0,exhale,30
117.784,21:53:15.156,1178.0,1009.0,exhale,30
117.806,21:53:15.178,1167.0,1008.0,exhale,30
117.828,21:53:15.200,1172.0,1011.0,exhale,30
117.850,21:53:15.222,1179.0,1016.0,exhale,30
117.872,21:53:15.244,1180.0,1009.0,exhale,30
117.894,21:53:15.266,1181.0,1011.0,exhale,30
117.916,21:53:15.288,1177.0,1013.0,exhale,30
117.938,21:53:15.310,1186.0,1017.0,exhale,30
117.960,21:53:15.332,1184.0,1012.0,exhale,30
117.982,21:53:15.354,1182.0,1015.0,exhale,30
118.004,21:53:15.376,1186.0,1015.0,exhale,30
118.026,21:53:15.398,1185.0,1017.0,exhale,30
118.048,21:53:15.420,1188.0,1016.0,exhale,30
118.072,21:53:15.444,1179.0,1016.0,exhale,30
118.092,21:53:15.464,1187.0,1017.0,exhale,30
118.114,21:53:15.486,1176.0,1017.0,exhale,30
118.136,21:53:15.508,1186.0,1018.0,exhale,30
118.158,21:53:15.530,1190.0,1011.0,exhale,30
118.180,21:53:15.552,1182.0,1007.0,exhale,30
118.202,21:53:15.574,1185.0,1016.0,exhale,30
118.224,21:53:15.596,1186.0,1017.0,exhale,30
118.246,21:53:15.618,1173.0,1014.0,exhale,30
118.268,21:53:15.640,1184.0,1013.0,exhale,30
118.291,21:53:15.663,1184.0,1015.0,exhale,30
118.312,21:53:15.684,1184.0,1013.0,exhale,30
118.334,21:53:15.706,1182.0,1014.0,exhale,30
118.356,21:53:15.728,1184.0,1013.0,exhale,30
118.378,21:53:15.750,1183.0,1013.0,exhale,30
118.400,21:53:15.772,1182.0,1014.0,exhale,30
118.425,21:53:15.797,1183.0,1015.0,exhale,30
118.444,21:53:15.816,1184.0,1010.0,exhale,30
118.466,21:53:15.838,1179.0,1011.0,exhale,30
118.489,21:53:15.861,1187.0,1010.0,exhale,30
118.510,21:53:15.882,1179.0,1001.0,exhale,30
118.532,21:53:15.904,1178.0,1012.0,exhale,30
118.554,21:53:15.926,1180.0,1013.0,exhale,30
118.576,21:53:15.948,1177.0,1009.0,exhale,30
118.598,21:53:15.970,1173.0,1007.0,exhale,30
118.620,21:53:15.992,1175.0,1007.0,exhale,30
118.642,21:53:16.014,1179.0,1004.0,exhale,30
118.664,21:53:16.036,1174.0,1006.0,exhale,30
118.686,21:53:16.058,1174.0,1006.0,exhale,30
118.708,21:53:16.080,1172.0,1004.0,exhale,30
118.730,21:53:16.102,1183.0,1016.0,exhale,30
118.752,21:53:16.124,1170.0,1007.0,exhale,30
118.774,21:53:16.146,1171.0,995.0,exhale,30
118.796,21:53:16.168,1177.0,1003.0,exhale,30
118.818,21:53:16.190,1169.0,1002.0,exhale,30
118.840,21:53:16.212,1168.0,1002.0,exhale,30
118.862,21:53:16.234,1174.0,1003.0,exhale,30
118.884,21:53:16.256,1165.0,998.0,exhale,30
118.906,21:53:16.278,1166.0,998.0,exhale,30
118.928,21:53:16.300,1165.0,995.0,exhale,30
118.950,21:53:16.322,1159.0,990.0,exhale,30
118.972,21:53:16.344,1161.0,997.0,exhale,30
118.994,21:53:16.366,1160.0,994.0,exhale,30
119.016,21:53:16.388,1159.0,992.0,exhale,30
119.038,21:53:16.410,1163.0,992.0,exhale,30
119.060,21:53:16.432,1157.0,992.0,exhale,30
119.082,21:53:16.454,1156.0,992.0,exhale,30
119.104,21:53:16.476,1156.0,989.0,exhale,30
119.126,21:53:16.498,1151.0,988.0,exhale,30
119.148,21:53:16.520,1157.0,992.0,exhale,30
119.170,21:53:16.542,1153.0,990.0,exhale,30
119.192,21:53:16.564,1157.0,988.0,exhale,30
119.238,21:53:16.610,1155.0,988.0,exhale,30
119.238,21:53:16.610,1154.0,988.0,exhale,30
119.258,21:53:16.630,1151.0,986.0,exhale,30
119.280,21:53:16.652,1148.0,983.0,exhale,30
119.302,21:53:16.674,1156.0,986.0,exhale,30
119.324,21:53:16.696,1150.0,984.0,exhale,30
119.346,21:53:16.718,1148.0,982.0,exhale,30
119.368,21:53:16.740,1154.0,986.0,exhale,30
119.390,21:53:16.762,1154.0,980.0,exhale,30
119.412,21:53:16.784,1146.0,982.0,exhale,30
119.434,21:53:16.806,1147.0,982.0,exhale,30
119.457,21:53:16.829,1154.0,975.0,exhale,30
119.478,21:53:16.850,1145.0,987.0,exhale,30
119.500,21:53:16.872,1146.0,982.0,exhale,30
119.524,21:53:16.896,1149.0,982.0,exhale,30
119.544,21:53:16.916,1139.0,982.0,exhale,30
119.566,21:53:16.938,1144.0,982.0,exhale,30
119.588,21:53:16.960,1143.0,982.0,exhale,30
119.610,21:53:16.982,1142.0,983.0,exhale,30
119.632,21:53:17.004,1142.0,979.0,exhale,30
119.654,21:53:17.026,1146.0,976.0,exhale,30
119.676,21:53:17.048,1142.0,980.0,exhale,30
119.698,21:53:17.070,1140.0,983.0,exhale,30
119.720,21:53:17.092,1142.0,977.0,exhale,30
119.742,21:53:17.114,1140.0,979.0,exhale,30
119.764,21:53:17.136,1136.0,979.0,exhale,30
119.786,21:53:17.158,1137.0,974.0,exhale,30
119.808,21:53:17.180,1134.0,973.0,exhale,30
119.830,21:53:17.202,1131.0,973.0,exhale,30
119.852,21:53:17.224,1126.0,969.0,exhale,30
119.874,21:53:17.246,1140.0,975.0,exhale,30
119.896,21:53:17.268,1132.0,969.0,exhale,30
119.918,21:53:17.290,1132.0,973.0,exhale,30
119.940,21:53:17.312,1134.0,971.0,exhale,30
119.962,21:53:17.334,1135.0,972.0,exhale,30
119.984,21:53:17.356,1135.0,977.0,exhale,30
120.006,21:53:17.378,1137.0,977.0,inhale,31
