elapsed_s,timestamp,raw,mv,phase,cycle_index,det_phase,event
0.000,14:54:20.545,51.0,972.0,,,unknown,
0.001,14:54:20.546,1144.0,979.0,,,unknown,
0.001,14:54:20.546,1141.0,981.0,,,unknown,
0.001,14:54:20.546,1140.0,979.0,,,unknown,
0.001,14:54:20.546,1143.0,979.0,,,unknown,
0.001,14:54:20.546,1134.0,977.0,,,unknown,
0.001,14:54:20.546,1149.0,975.0,,,unknown,
0.001,14:54:20.546,1142.0,981.0,,,unknown,
0.009,14:54:20.554,1141.0,977.0,,,unknown,
0.029,14:54:20.574,1119.0,975.0,,,unknown,
0.049,14:54:20.594,1139.0,978.0,,,unknown,
0.069,14:54:20.614,1140.0,977.0,,,unknown,
0.089,14:54:20.634,1144.0,977.0,,,unknown,
0.109,14:54:20.654,1144.0,979.0,,,unknown,
0.129,14:54:20.674,1139.0,969.0,,,unknown,
0.149,14:54:20.694,1133.0,978.0,,,unknown,
0.169,14:54:20.714,1143.0,979.0,,,unknown,
0.189,14:54:20.734,1147.0,974.0,,,unknown,
0.209,14:54:20.754,1146.0,981.0,,,unknown,
0.229,14:54:20.774,1148.0,987.0,,,unknown,
0.253,14:54:20.798,1158.0,993.0,,,unknown,
0.269,14:54:20.814,1161.0,1000.0,,,unknown,
0.289,14:54:20.834,1165.0,996.0,,,unknown,
0.309,14:54:20.854,1167.0,997.0,,,unknown,
0.329,14:54:20.874,1167.0,1000.0,,,unknown,
0.349,14:54:20.894,1175.0,1002.0,,,unknown,
0.369,14:54:20.914,1171.0,1008.0,,,unknown,
0.389,14:54:20.934,1167.0,1005.0,,,unknown,
0.409,14:54:20.954,1173.0,992.0,,,unknown,
0.429,14:54:20.974,1181.0,1000.0,,,unknown,
0.449,14:54:20.994,1170.0,1008.0,,,unknown,
0.469,14:54:21.014,1178.0,1010.0,,,unknown,
0.489,14:54:21.034,1176.0,1008.0,,,unknown,
0.509,14:54:21.054,1177.0,1009.0,,,unknown,
0.529,14:54:21.074,1178.0,1001.0,,,unknown,
0.549,14:54:21.094,1179.0,1011.0,,,unknown,
0.569,14:54:21.114,1177.0,1015.0,,,unknown,
0.589,14:54:21.134,1183.0,1000.0,,,unknown,
0.609,14:54:21.154,1177.0,1015.0,,,unknown,
0.629,14:54:21.174,1191.0,1009.0,,,unknown,
0.649,14:54:21.194,1145.0,1012.0,,,unknown,
0.669,14:54:21.214,1170.0,1008.0,,,unknown,
0.689,14:54:21.234,1178.0,1009.0,,,unknown,
0.709,14:54:21.254,1176.0,1008.0,,,unknown,
0.729,14:54:21.274,1184.0,1006.0,,,unknown,
0.749,14:54:21.294,1177.0,1014.0,,,unknown,
0.769,14:54:21.314,1167.0,1009.0,,,unknown,
0.789,14:54:21.334,1169.0,1008.0,,,unknown,
0.809,14:54:21.354,1171.0,1005.0,,,unknown,
0.829,14:54:21.374,1172.0,1003.0,,,unknown,
0.849,14:54:21.394,1176.0,1003.0,,,unknown,
0.869,14:54:21.414,1175.0,1007.0,,,unknown,
0.889,14:54:21.434,1164.0,1005.0,,,unknown,
0.909,14:54:21.454,1173.0,1002.0,,,unknown,
0.929,14:54:21.474,1171.0,1007.0,,,unknown,
0.949,14:54:21.494,1163.0,1004.0,,,unknown,
0.969,14:54:21.514,1167.0,1003.0,,,unknown,
0.990,14:54:21.535,1171.0,1001.0,,,unknown,
1.009,14:54:21.554,1167.0,1002.0,,,unknown,
1.029,14:54:21.574,1163.0,1001.0,,,unknown,
1.049,14:54:21.594,1160.0,995.0,,,unknown,
1.069,14:54:21.614,1173.0,998.0,,,unknown,
1.089,14:54:21.634,1429.0,1001.0,,,unknown,
1.109,14:54:21.654,1173.0,998.0,,,unknown,
1.129,14:54:21.674,1165.0,985.0,,,unknown,
1.149,14:54:21.694,1165.0,1001.0,,,unknown,
1.169,14:54:21.714,1159.0,1000.0,,,unknown,
1.189,14:54:21.734,1164.0,998.0,,,unknown,
1.209,14:54:21.754,1161.0,1000.0,,,unknown,
1.229,14:54:21.774,1161.0,992.0,,,unknown,
1.253,14:54:21.798,1175.0,984.0,,,unknown,
1.269,14:54:21.814,1165.0,999.0,,,unknown,
1.289,14:54:21.834,1087.0,995.0,,,unknown,
1.309,14:54:21.854,1150.0,996.0,,,unknown,
1.329,14:54:21.874,1163.0,987.0,,,unknown,
1.349,14:54:21.894,1171.0,997.0,,,unknown,
1.369,14:54:21.914,1166.0,999.0,,,unknown,
1.389,14:54:21.934,1174.0,1000.0,,,unknown,
1.409,14:54:21.954,1165.0,994.0,,,unknown,
1.429,14:54:21.974,1156.0,999.0,,,unknown,
1.449,14:54:21.994,1165.0,997.0,,,unknown,
1.469,14:54:22.014,1162.0,996.0,,,unknown,
1.489,14:54:22.035,1171.0,1002.0,,,unknown,
1.509,14:54:22.054,1171.0,1002.0,,,unknown,
1.529,14:54:22.074,1170.0,1001.0,,,unknown,
1.549,14:54:22.094,1165.0,1002.0,,,unknown,
1.569,14:54:22.114,1166.0,1004.0,,,unknown,
1.589,14:54:22.134,1183.0,1004.0,,,unknown,
1.609,14:54:22.154,1173.0,1005.0,,,unknown,
1.629,14:54:22.174,1178.0,1006.0,,,unknown,
1.649,14:54:22.194,1192.0,1007.0,,,unknown,
1.669,14:54:22.214,1179.0,1012.0,,,unknown,
1.689,14:54:22.235,1179.0,1009.0,,,unknown,
1.709,14:54:22.254,1191.0,1008.0,,,unknown,
1.729,14:54:22.274,1181.0,1026.0,,,unknown,
1.749,14:54:22.294,1169.0,1005.0,,,unknown,
1.769,14:54:22.314,1180.0,1009.0,,,unknown,
1.789,14:54:22.334,1173.0,1008.0,,,unknown,
1.809,14:54:22.354,1173.0,1006.0,,,unknown,
1.829,14:54:22.374,1179.0,1005.0,,,unknown,
1.849,14:54:22.394,1173.0,1020.0,,,unknown,
1.869,14:54:22.414,1175.0,1006.0,,,unknown,
1.889,14:54:22.434,1180.0,1010.0,,,unknown,
1.909,14:54:22.454,1165.0,1010.0,,,unknown,
1.929,14:54:22.474,1126.0,1003.0,,,unknown,
1.949,14:54:22.494,1173.0,1002.0,,,unknown,
1.969,14:54:22.514,1179.0,998.0,,,unknown,
1.989,14:54:22.534,1191.0,999.0,,,unknown,
2.009,14:54:22.554,1149.0,994.0,,,unknown,
2.029,14:54:22.574,1149.0,993.0,,,unknown,
2.049,14:54:22.594,1165.0,991.0,,,unknown,
2.069,14:54:22.614,1160.0,994.0,,,unknown,
2.089,14:54:22.634,1167.0,997.0,,,unknown,
2.109,14:54:22.654,1180.0,1003.0,,,unknown,
2.129,14:54:22.674,1173.0,988.0,,,unknown,
2.149,14:54:22.694,1180.0,1007.0,,,unknown,
2.169,14:54:22.714,1170.0,999.0,,,unknown,
2.189,14:54:22.734,1171.0,991.0,,,unknown,
2.209,14:54:22.754,1162.0,994.0,,,unknown,
2.229,14:54:22.774,1159.0,994.0,,,unknown,
2.253,14:54:22.798,1162.0,994.0,,,unknown,
2.269,14:54:22.814,1069.0,999.0,,,unknown,
2.289,14:54:22.834,1165.0,995.0,,,unknown,
2.309,14:54:22.854,1158.0,987.0,,,unknown,
2.329,14:54:22.874,1148.0,988.0,,,unknown,
2.349,14:54:22.894,1145.0,990.0,,,unknown,
2.369,14:54:22.914,1146.0,992.0,,,unknown,
2.389,14:54:22.934,1151.0,987.0,,,unknown,
2.409,14:54:22.954,1163.0,987.0,,,unknown,
2.429,14:54:22.974,1149.0,982.0,,,unknown,
2.449,14:54:22.994,1157.0,992.0,,,unknown,
2.469,14:54:23.015,1238.0,989.0,,,unknown,
2.489,14:54:23.034,1159.0,995.0,,,unknown,
2.509,14:54:23.054,1149.0,993.0,,,unknown,
2.529,14:54:23.074,1159.0,997.0,,,unknown,
2.549,14:54:23.094,1173.0,999.0,,,unknown,
2.569,14:54:23.114,1161.0,1008.0,,,unknown,
2.589,14:54:23.135,1181.0,1012.0,,,unknown,
2.609,14:54:23.154,1180.0,1021.0,,,unknown,
2.629,14:54:23.174,1179.0,1010.0,,,unknown,
2.649,14:54:23.194,1179.0,1016.0,,,unknown,
2.669,14:54:23.214,1177.0,1003.0,,,unknown,
2.689,14:54:23.234,1170.0,1004.0,,,unknown,
2.709,14:54:23.254,1167.0,1001.0,,,unknown,
2.729,14:54:23.274,1171.0,1006.0,,,unknown,
2.749,14:54:23.294,1176.0,1004.0,,,unknown,
2.769,14:54:23.314,1164.0,1005.0,,,unknown,
2.789,14:54:23.334,1177.0,1001.0,,,unknown,
2.809,14:54:23.354,1171.0,1004.0,,,unknown,
2.829,14:54:23.374,1167.0,1000.0,,,unknown,
2.849,14:54:23.394,1180.0,1013.0,,,unknown,
2.869,14:54:23.414,1187.0,1019.0,,,unknown,
2.889,14:54:23.434,1179.0,1017.0,,,unknown,
2.910,14:54:23.455,1189.0,1014.0,,,unknown,
2.929,14:54:23.474,1187.0,1014.0,,,unknown,
2.949,14:54:23.494,1341.0,1020.0,,,unknown,
2.969,14:54:23.514,1199.0,1024.0,,,unknown,
2.989,14:54:23.534,1204.0,1021.0,,,unknown,
3.009,14:54:23.554,1191.0,1023.0,,,unknown,
3.029,14:54:23.574,1191.0,1016.0,,,unknown,
3.049,14:54:23.594,1197.0,1019.0,,,unknown,
3.069,14:54:23.614,1197.0,1019.0,,,unknown,
3.089,14:54:23.634,1181.0,1013.0,,,unknown,
3.109,14:54:23.654,1193.0,1017.0,,,unknown,
3.129,14:54:23.674,1205.0,1033.0,,,unknown,
3.149,14:54:23.694,1207.0,1035.0,,,unknown,
3.169,14:54:23.714,1223.0,1045.0,,,unknown,
3.189,14:54:23.734,1229.0,1081.0,,,unknown,
3.209,14:54:23.754,1269.0,1062.0,,,unknown,
3.229,14:54:23.774,1250.0,1069.0,,,unknown,
3.253,14:54:23.798,1251.0,1088.0,,,unknown,
3.269,14:54:23.814,1271.0,1070.0,,,unknown,
3.289,14:54:23.834,1257.0,1076.0,,,unknown,
3.309,14:54:23.854,1243.0,1074.0,,,unknown,
3.329,14:54:23.874,1275.0,1078.0,,,unknown,
3.349,14:54:23.894,1271.0,1087.0,,,unknown,
3.369,14:54:23.914,1263.0,1096.0,,,unknown,
3.389,14:54:23.935,1303.0,1105.0,,,unknown,
3.409,14:54:23.954,1515.0,1114.0,,,unknown,
3.429,14:54:23.974,1293.0,1100.0,,,unknown,
3.449,14:54:23.994,1279.0,1087.0,,,unknown,
3.469,14:54:24.014,1263.0,1081.0,,,unknown,
3.490,14:54:24.035,1253.0,1079.0,,,unknown,
3.509,14:54:24.054,1253.0,1070.0,,,unknown,
3.529,14:54:24.074,1247.0,1065.0,,,unknown,
3.549,14:54:24.094,1241.0,1070.0,,,unknown,
3.569,14:54:24.114,1245.0,1067.0,,,unknown,
3.589,14:54:24.134,1240.0,1067.0,,,unknown,
3.609,14:54:24.154,1239.0,1057.0,,,unknown,
3.629,14:54:24.174,1205.0,1058.0,,,unknown,
3.649,14:54:24.194,1231.0,1062.0,,,unknown,
3.669,14:54:24.214,1261.0,1060.0,,,unknown,
3.689,14:54:24.234,1246.0,1064.0,,,unknown,
3.709,14:54:24.254,1243.0,1063.0,,,unknown,
3.729,14:54:24.274,1245.0,1061.0,,,unknown,
3.749,14:54:24.294,1192.0,1062.0,,,unknown,
3.769,14:54:24.314,1234.0,1056.0,,,unknown,
3.790,14:54:24.335,1251.0,1064.0,,,unknown,
3.809,14:54:24.354,1243.0,1062.0,,,unknown,
3.829,14:54:24.374,1245.0,1061.0,,,unknown,
3.849,14:54:24.394,1255.0,1065.0,,,unknown,
3.869,14:54:24.414,1244.0,1065.0,,,unknown,
3.889,14:54:24.434,1245.0,1067.0,,,unknown,
3.909,14:54:24.454,1243.0,1066.0,,,unknown,
3.929,14:54:24.474,1240.0,1065.0,,,unknown,
3.949,14:54:24.494,1259.0,1067.0,,,unknown,
3.969,14:54:24.514,1253.0,1068.0,,,unknown,
3.989,14:54:24.534,1243.0,1063.0,,,unknown,
4.009,14:54:24.554,1251.0,1072.0,,,unknown,
4.029,14:54:24.574,1233.0,1061.0,,,unknown,
4.049,14:54:24.594,1241.0,1067.0,,,unknown,
4.069,14:54:24.614,1233.0,1064.0,,,unknown,
4.089,14:54:24.634,1243.0,1064.0,,,unknown,
4.109,14:54:24.654,1239.0,1061.0,,,unknown,
4.129,14:54:24.674,1245.0,1060.0,,,unknown,
4.149,14:54:24.694,1245.0,1064.0,,,unknown,
4.169,14:54:24.714,1229.0,1060.0,,,unknown,
4.190,14:54:24.735,1243.0,1059.0,,,unknown,
4.209,14:54:24.754,1251.0,1061.0,,,unknown,
4.229,14:54:24.774,1244.0,1058.0,,,unknown,
4.253,14:54:24.798,1237.0,1068.0,,,unknown,
4.269,14:54:24.814,1215.0,1061.0,,,unknown,
4.289,14:54:24.834,1245.0,1061.0,,,unknown,
4.309,14:54:24.854,1237.0,1057.0,,,unknown,
4.329,14:54:24.874,1239.0,1062.0,,,unknown,
4.349,14:54:24.894,1237.0,1058.0,,,unknown,
4.369,14:54:24.914,1227.0,1057.0,,,unknown,
4.389,14:54:24.934,1235.0,1058.0,,,unknown,
4.409,14:54:24.954,1227.0,1058.0,,,unknown,
4.429,14:54:24.974,1235.0,1054.0,,,unknown,
4.449,14:54:24.994,1224.0,1050.0,,,unknown,
4.469,14:54:25.014,1240.0,1054.0,,,unknown,
4.490,14:54:25.035,1237.0,1055.0,,,unknown,
4.509,14:54:25.054,1238.0,1055.0,,,unknown,
4.529,14:54:25.074,1229.0,1067.0,,,unknown,
4.549,14:54:25.094,1229.0,1048.0,,,unknown,
4.569,14:54:25.114,1225.0,1050.0,,,unknown,
4.589,14:54:25.134,1235.0,1050.0,,,unknown,
4.609,14:54:25.154,1212.0,1054.0,,,unknown,
4.629,14:54:25.174,1235.0,1054.0,,,unknown,
4.649,14:54:25.194,1236.0,1046.0,,,unknown,
4.669,14:54:25.214,1235.0,1053.0,,,unknown,
4.689,14:54:25.234,1221.0,1056.0,,,unknown,
4.709,14:54:25.254,1244.0,1055.0,,,unknown,
4.729,14:54:25.274,1228.0,1055.0,,,unknown,
4.749,14:54:25.294,1236.0,1054.0,,,unknown,
4.769,14:54:25.314,1227.0,1054.0,,,unknown,
4.789,14:54:25.334,1245.0,1062.0,,,unknown,
4.809,14:54:25.354,1237.0,1060.0,,,unknown,
4.829,14:54:25.374,1235.0,1044.0,,,unknown,
4.849,14:54:25.394,1228.0,1060.0,,,unknown,
4.869,14:54:25.414,1239.0,1062.0,,,unknown,
4.889,14:54:25.434,1246.0,1068.0,,,unknown,
4.909,14:54:25.454,1242.0,1058.0,,,unknown,
4.929,14:54:25.474,1231.0,1056.0,,,unknown,
4.949,14:54:25.494,1247.0,1066.0,,,unknown,
4.969,14:54:25.514,1247.0,1080.0,,,unknown,
4.989,14:54:25.534,1247.0,1061.0,,,unknown,
5.009,14:54:25.554,1237.0,1058.0,,,unknown,
5.029,14:54:25.574,1223.0,1049.0,,,unknown,
5.049,14:54:25.594,1235.0,1059.0,,,unknown,
5.069,14:54:25.614,1235.0,1064.0,,,unknown,
5.089,14:54:25.634,1239.0,1060.0,,,unknown,
5.109,14:54:25.654,1240.0,1036.0,,,unknown,
5.129,14:54:25.674,1240.0,1058.0,,,unknown,
5.149,14:54:25.694,1239.0,1062.0,,,unknown,
5.169,14:54:25.714,1234.0,1064.0,,,unknown,
5.189,14:54:25.734,1251.0,1069.0,,,unknown,
5.209,14:54:25.754,1226.0,1054.0,,,unknown,
5.229,14:54:25.774,1237.0,1056.0,,,unknown,
5.253,14:54:25.798,1255.0,1071.0,,,unknown,
5.269,14:54:25.814,1235.0,1067.0,,,unknown,
5.289,14:54:25.835,1245.0,1072.0,,,unknown,
5.309,14:54:25.854,1258.0,1080.0,,,unknown,
5.329,14:54:25.874,1255.0,1058.0,,,unknown,
5.349,14:54:25.894,1259.0,1080.0,,,unknown,
5.369,14:54:25.914,1253.0,1078.0,,,unknown,
5.389,14:54:25.934,1267.0,1074.0,,,unknown,
5.409,14:54:25.954,1257.0,1061.0,,,unknown,
5.429,14:54:25.974,1231.0,1057.0,,,unknown,
5.449,14:54:25.994,1228.0,1069.0,,,unknown,
5.469,14:54:26.014,1259.0,1069.0,,,unknown,
5.489,14:54:26.035,1245.0,1069.0,,,unknown,
5.509,14:54:26.054,1241.0,1064.0,,,unknown,
5.529,14:54:26.074,1241.0,1078.0,,,unknown,
5.549,14:54:26.094,1229.0,1074.0,,,unknown,
5.569,14:54:26.114,1234.0,1054.0,,,unknown,
5.589,14:54:26.134,1209.0,1058.0,,,unknown,
5.609,14:54:26.154,1207.0,1050.0,,,unknown,
5.629,14:54:26.174,1208.0,1039.0,,,unknown,
5.649,14:54:26.194,1243.0,1052.0,,,unknown,
5.669,14:54:26.214,1235.0,1064.0,,,unknown,
5.689,14:54:26.234,1253.0,1067.0,,,unknown,
5.709,14:54:26.254,1238.0,1060.0,,,unknown,
5.729,14:54:26.274,1247.0,1054.0,,,unknown,
5.749,14:54:26.294,1239.0,1059.0,,,unknown,
5.769,14:54:26.314,907.0,1055.0,,,unknown,
5.790,14:54:26.335,1238.0,1055.0,,,unknown,
5.809,14:54:26.354,1190.0,1055.0,,,unknown,
5.829,14:54:26.374,1244.0,1067.0,,,unknown,
5.849,14:54:26.394,1215.0,1060.0,,,unknown,
5.869,14:54:26.414,1113.0,1047.0,,,unknown,
5.889,14:54:26.434,1225.0,1050.0,,,unknown,
5.909,14:54:26.454,1230.0,1044.0,,,unknown,
5.929,14:54:26.474,1141.0,1036.0,,,unknown,
5.949,14:54:26.494,1210.0,1053.0,,,unknown,
5.969,14:54:26.514,1239.0,1061.0,,,unknown,
5.989,14:54:26.534,1381.0,1169.0,,,unknown,
6.009,14:54:26.554,1461.0,1226.0,,,unknown,
6.029,14:54:26.574,1372.0,1175.0,,,unknown,
6.049,14:54:26.594,1461.0,1223.0,,,unknown,
6.069,14:54:26.614,1246.0,1073.0,,,unknown,
6.090,14:54:26.635,1289.0,1092.0,,,unknown,
6.109,14:54:26.654,1243.0,1075.0,,,unknown,
6.129,14:54:26.674,1240.0,1060.0,,,unknown,
6.149,14:54:26.694,1310.0,1095.0,,,unknown,
6.169,14:54:26.714,1227.0,1059.0,,,unknown,
6.189,14:54:26.735,1237.0,1057.0,,,unknown,
6.209,14:54:26.754,1291.0,1068.0,,,unknown,
6.229,14:54:26.774,1255.0,1068.0,,,unknown,
6.253,14:54:26.798,1268.0,1081.0,,,unknown,
6.269,14:54:26.814,1245.0,1077.0,,,unknown,
6.289,14:54:26.834,1318.0,1083.0,,,unknown,
6.309,14:54:26.854,1269.0,1081.0,,,unknown,
6.329,14:54:26.874,1240.0,1043.0,,,unknown,
6.349,14:54:26.894,1224.0,1041.0,,,unknown,
6.369,14:54:26.914,1200.0,1046.0,,,unknown,
6.389,14:54:26.934,681.0,469.0,,,unknown,
6.409,14:54:26.954,1279.0,1049.0,,,unknown,
6.429,14:54:26.974,1201.0,1022.0,,,unknown,
6.449,14:54:26.994,1223.0,1045.0,,,unknown,
6.469,14:54:27.014,1285.0,1046.0,,,unknown,
6.489,14:54:27.034,1261.0,1068.0,,,unknown,
6.509,14:54:27.054,1211.0,1025.0,,,unknown,
6.529,14:54:27.074,1199.0,1009.0,,,unknown,
6.549,14:54:27.094,1198.0,1028.0,,,unknown,
6.569,14:54:27.114,1195.0,1039.0,,,unknown,
6.589,14:54:27.134,1203.0,1029.0,,,unknown,
6.609,14:54:27.154,1197.0,1027.0,,,unknown,
6.629,14:54:27.174,1197.0,1026.0,,,unknown,
6.649,14:54:27.194,1197.0,1026.0,,,unknown,
6.669,14:54:27.214,1215.0,1025.0,,,unknown,
6.689,14:54:27.234,1205.0,1047.0,,,unknown,
6.709,14:54:27.254,1197.0,1029.0,,,unknown,
6.729,14:54:27.274,1208.0,1026.0,,,unknown,
6.749,14:54:27.294,1207.0,1026.0,,,unknown,
6.769,14:54:27.314,1203.0,1040.0,,,unknown,
6.789,14:54:27.334,1209.0,1038.0,,,unknown,
6.809,14:54:27.354,1215.0,1030.0,,,unknown,
6.829,14:54:27.374,1204.0,1030.0,,,unknown,
6.849,14:54:27.394,1208.0,1041.0,,,unknown,
6.869,14:54:27.414,1211.0,1034.0,,,unknown,
6.889,14:54:27.434,1206.0,1040.0,,,unknown,
6.909,14:54:27.454,1233.0,1040.0,,,unknown,
6.929,14:54:27.474,1215.0,1044.0,,,unknown,
6.949,14:54:27.494,1215.0,1051.0,,,unknown,
6.969,14:54:27.514,1231.0,1052.0,,,unknown,
6.989,14:54:27.534,1231.0,1059.0,,,unknown,
7.009,14:54:27.554,1241.0,1057.0,,,unknown,
7.029,14:54:27.574,1237.0,1057.0,,,unknown,
7.049,14:54:27.594,1259.0,1061.0,,,unknown,
7.069,14:54:27.614,1238.0,1063.0,,,unknown,
7.089,14:54:27.634,1243.0,1066.0,,,unknown,
7.109,14:54:27.654,1255.0,1057.0,,,unknown,
7.129,14:54:27.674,1239.0,1059.0,,,unknown,
7.149,14:54:27.694,1183.0,1062.0,,,unknown,
7.169,14:54:27.714,1246.0,1055.0,,,unknown,
7.189,14:54:27.734,1235.0,1056.0,,,unknown,
7.209,14:54:27.754,1247.0,1055.0,,,unknown,
7.229,14:54:27.774,1235.0,1067.0,,,unknown,
7.253,14:54:27.798,1229.0,1053.0,,,unknown,
7.269,14:54:27.814,1227.0,1057.0,,,unknown,
7.290,14:54:27.835,1245.0,1057.0,,,unknown,
7.309,14:54:27.854,1227.0,1052.0,,,unknown,
7.329,14:54:27.874,1227.0,1050.0,,,unknown,
7.349,14:54:27.894,1229.0,1053.0,,,unknown,
7.369,14:54:27.914,1227.0,1044.0,,,unknown,
7.391,14:54:27.936,1238.0,1051.0,,,unknown,
7.409,14:54:27.954,1228.0,1049.0,,,unknown,
7.429,14:54:27.974,1225.0,1045.0,,,unknown,
7.449,14:54:27.994,1225.0,1043.0,,,unknown,
7.469,14:54:28.014,1226.0,1043.0,,,unknown,
7.489,14:54:28.034,1235.0,1047.0,,,unknown,
7.509,14:54:28.054,1225.0,1058.0,,,unknown,
7.529,14:54:28.074,1209.0,1040.0,,,unknown,
7.549,14:54:28.094,1224.0,1044.0,,,unknown,
7.569,14:54:28.114,1225.0,1044.0,,,unknown,
7.590,14:54:28.136,1230.0,1041.0,,,unknown,
7.609,14:54:28.154,1215.0,1039.0,,,unknown,
7.629,14:54:28.174,1226.0,1040.0,,,unknown,
7.649,14:54:28.194,1222.0,1045.0,,,unknown,
7.669,14:54:28.214,1235.0,1043.0,,,unknown,
7.689,14:54:28.234,1210.0,1044.0,,,unknown,
7.709,14:54:28.254,1209.0,1045.0,,,unknown,
7.729,14:54:28.274,1209.0,1041.0,,,unknown,
7.749,14:54:28.294,1213.0,1039.0,,,unknown,
7.769,14:54:28.314,1209.0,1050.0,,,unknown,
7.789,14:54:28.334,1209.0,1046.0,,,unknown,
7.809,14:54:28.354,1212.0,1044.0,,,unknown,
7.829,14:54:28.374,1211.0,1038.0,,,unknown,
7.849,14:54:28.394,1209.0,1036.0,,,unknown,
7.869,14:54:28.414,1211.0,1036.0,,,unknown,
7.889,14:54:28.434,1227.0,1037.0,,,unknown,
7.909,14:54:28.454,1213.0,1042.0,,,unknown,
7.929,14:54:28.474,1264.0,1039.0,,,unknown,
7.949,14:54:28.494,1212.0,1039.0,,,unknown,
7.969,14:54:28.514,1216.0,1041.0,,,unknown,
7.989,14:54:28.534,1213.0,1045.0,,,unknown,
8.009,14:54:28.554,1222.0,1037.0,,,unknown,
8.029,14:54:28.574,1229.0,1039.0,,,unknown,
8.049,14:54:28.594,1213.0,1040.0,,,unknown,
8.069,14:54:28.614,1227.0,1037.0,,,unknown,
8.089,14:54:28.634,1208.0,1040.0,,,unknown,
8.109,14:54:28.654,1223.0,1047.0,,,unknown,
8.129,14:54:28.674,1215.0,1038.0,,,unknown,
8.149,14:54:28.694,1223.0,1037.0,,,unknown,
8.169,14:54:28.714,1221.0,1030.0,,,unknown,
8.189,14:54:28.734,1209.0,1035.0,,,unknown,
8.209,14:54:28.754,1205.0,1034.0,,,unknown,
8.229,14:54:28.774,1207.0,1036.0,,,unknown,
8.253,14:54:28.798,1202.0,1037.0,,,unknown,
8.269,14:54:28.814,1205.0,1042.0,,,unknown,
8.289,14:54:28.834,1214.0,1033.0,,,unknown,
8.309,14:54:28.854,1227.0,1035.0,,,unknown,
8.329,14:54:28.874,1243.0,1032.0,,,unknown,
8.349,14:54:28.894,1203.0,1037.0,,,unknown,
8.369,14:54:28.914,1173.0,1035.0,,,unknown,
8.389,14:54:28.934,1206.0,1033.0,,,unknown,
8.409,14:54:28.954,1209.0,1036.0,,,unknown,
8.429,14:54:28.974,1207.0,1034.0,,,unknown,
8.449,14:54:28.994,1196.0,1033.0,,,unknown,
8.469,14:54:29.014,1222.0,1035.0,,,unknown,
8.489,14:54:29.034,1207.0,1031.0,,,unknown,
8.509,14:54:29.054,1208.0,1034.0,,,unknown,
8.529,14:54:29.074,1215.0,1025.0,,,unknown,
8.549,14:54:29.094,1203.0,1033.0,,,unknown,
8.569,14:54:29.114,1207.0,1031.0,,,unknown,
8.589,14:54:29.134,1203.0,1018.0,,,unknown,
8.609,14:54:29.154,1205.0,1027.0,,,unknown,
8.629,14:54:29.174,1198.0,1024.0,,,unknown,
8.649,14:54:29.194,1199.0,1028.0,,,unknown,
8.669,14:54:29.214,1199.0,1028.0,,,unknown,
8.689,14:54:29.234,1203.0,1025.0,,,unknown,
8.709,14:54:29.254,1193.0,1024.0,,,unknown,
8.729,14:54:29.274,1194.0,1025.0,,,unknown,
8.749,14:54:29.294,1207.0,1024.0,,,unknown,
8.769,14:54:29.314,1197.0,1025.0,,,unknown,
8.789,14:54:29.334,1195.0,1023.0,,,unknown,
8.809,14:54:29.354,1203.0,1028.0,,,unknown,
8.829,14:54:29.374,1203.0,1025.0,,,unknown,
8.849,14:54:29.394,1199.0,1027.0,,,unknown,
8.869,14:54:29.414,1199.0,1029.0,,,unknown,
8.889,14:54:29.434,1204.0,1032.0,,,unknown,
8.909,14:54:29.454,1205.0,1031.0,,,unknown,
8.929,14:54:29.474,1205.0,1021.0,,,unknown,
8.949,14:54:29.494,1210.0,1033.0,,,unknown,
8.969,14:54:29.514,1207.0,1033.0,,,unknown,
8.990,14:54:29.535,1213.0,1035.0,,,unknown,
9.009,14:54:29.554,1284.0,1034.0,,,unknown,
9.029,14:54:29.574,1211.0,1034.0,,,unknown,
9.049,14:54:29.594,1215.0,1036.0,,,unknown,
9.069,14:54:29.614,1221.0,1038.0,,,unknown,
9.090,14:54:29.635,1215.0,1035.0,,,unknown,
9.109,14:54:29.654,1213.0,1037.0,,,unknown,
9.129,14:54:29.674,1215.0,1037.0,,,unknown,
9.149,14:54:29.694,1213.0,1037.0,,,unknown,
9.169,14:54:29.714,1213.0,1039.0,,,unknown,
9.190,14:54:29.735,1221.0,1039.0,,,unknown,
9.209,14:54:29.754,1215.0,1041.0,,,unknown,
9.229,14:54:29.774,1215.0,1040.0,,,unknown,
9.253,14:54:29.798,1215.0,1044.0,,,unknown,
9.269,14:54:29.814,1215.0,1052.0,,,unknown,
9.290,14:54:29.835,1223.0,1043.0,,,unknown,
9.309,14:54:29.854,1223.0,1045.0,,,unknown,
9.329,14:54:29.874,1215.0,1048.0,,,unknown,
9.349,14:54:29.894,1223.0,1047.0,,,unknown,
9.369,14:54:29.914,1215.0,1052.0,,,unknown,
9.389,14:54:29.934,1225.0,1047.0,,,unknown,
9.409,14:54:29.954,1224.0,1044.0,,,unknown,
9.429,14:54:29.974,1223.0,1042.0,,,unknown,
9.449,14:54:29.994,1227.0,1046.0,,,unknown,
9.469,14:54:30.014,1223.0,1045.0,,,unknown,
9.489,14:54:30.034,1224.0,1043.0,,,unknown,
9.509,14:54:30.054,1221.0,1049.0,,,unknown,
9.529,14:54:30.074,1223.0,1037.0,,,unknown,
9.549,14:54:30.094,1211.0,1045.0,,,unknown,
9.569,14:54:30.114,1213.0,1040.0,,,unknown,
9.589,14:54:30.134,1216.0,1038.0,,,unknown,
9.609,14:54:30.154,1211.0,1039.0,,,unknown,
9.629,14:54:30.174,1212.0,1038.0,,,unknown,
9.649,14:54:30.194,1215.0,1042.0,,,unknown,
9.669,14:54:30.214,1224.0,1037.0,,,unknown,
9.689,14:54:30.234,1227.0,1037.0,,,unknown,
9.709,14:54:30.254,1205.0,1034.0,,,unknown,
9.729,14:54:30.274,1210.0,1035.0,,,unknown,
9.749,14:54:30.294,1208.0,1043.0,,,unknown,
9.769,14:54:30.314,1223.0,1034.0,,,unknown,
9.789,14:54:30.334,1211.0,1039.0,,,unknown,
9.809,14:54:30.354,1209.0,1033.0,,,unknown,
9.829,14:54:30.374,1213.0,1038.0,,,unknown,
9.849,14:54:30.394,1214.0,1039.0,,,unknown,
9.869,14:54:30.414,1213.0,1038.0,,,unknown,
9.889,14:54:30.434,1211.0,1040.0,,,unknown,
9.909,14:54:30.454,1215.0,1042.0,,,unknown,
9.929,14:54:30.474,1224.0,1051.0,,,unknown,
9.949,14:54:30.494,1204.0,1049.0,,,unknown,
9.969,14:54:30.514,1228.0,1050.0,,,unknown,
9.993,14:54:30.538,1227.0,1053.0,,,unknown,
10.009,14:54:30.554,1227.0,1052.0,,,unknown,
10.029,14:54:30.574,1244.0,1055.0,,,unknown,
10.049,14:54:30.594,1229.0,1048.0,,,unknown,
10.069,14:54:30.614,1240.0,1053.0,,,unknown,
10.089,14:54:30.634,1243.0,1055.0,,,unknown,
10.109,14:54:30.654,1240.0,1058.0,,,unknown,
10.129,14:54:30.674,1239.0,1055.0,,,unknown,
10.149,14:54:30.694,1221.0,1056.0,,,unknown,
10.169,14:54:30.714,1224.0,1053.0,,,unknown,
10.190,14:54:30.735,1245.0,1047.0,,,unknown,
10.209,14:54:30.754,1235.0,1062.0,,,unknown,
10.229,14:54:30.774,1229.0,1053.0,,,unknown,
10.253,14:54:30.798,1235.0,1049.0,,,unknown,
10.269,14:54:30.814,1223.0,1036.0,,,unknown,
10.289,14:54:30.834,1235.0,1053.0,,,unknown,
10.309,14:54:30.854,1229.0,1046.0,,,unknown,
10.329,14:54:30.874,1225.0,1049.0,,,unknown,
10.349,14:54:30.894,1264.0,1051.0,,,unknown,
10.369,14:54:30.914,1261.0,1046.0,,,unknown,
10.389,14:54:30.934,1227.0,1047.0,,,unknown,
10.409,14:54:30.954,1223.0,1047.0,,,unknown,
10.429,14:54:30.974,1222.0,1049.0,,,unknown,
10.449,14:54:30.994,1227.0,1052.0,,,unknown,
10.469,14:54:31.014,1242.0,1054.0,,,unknown,
10.490,14:54:31.035,1227.0,1062.0,,,unknown,
10.509,14:54:31.054,1233.0,1055.0,,,unknown,
10.529,14:54:31.074,1233.0,1050.0,,,unknown,
10.549,14:54:31.094,1228.0,1051.0,,,unknown,
10.569,14:54:31.114,1224.0,1050.0,,,unknown,
10.595,14:54:31.140,1221.0,1062.0,,,unknown,
10.609,14:54:31.154,1215.0,1050.0,,,unknown,
10.629,14:54:31.174,1227.0,1039.0,,,unknown,
10.649,14:54:31.194,1213.0,1050.0,,,unknown,
10.669,14:54:31.214,1223.0,1038.0,,,unknown,
10.689,14:54:31.234,1221.0,1032.0,,,unknown,
10.709,14:54:31.254,1211.0,1038.0,,,unknown,
10.729,14:54:31.274,1211.0,1039.0,,,unknown,
10.749,14:54:31.294,1207.0,1039.0,,,unknown,
10.769,14:54:31.314,1210.0,1035.0,,,unknown,
10.789,14:54:31.334,1215.0,1034.0,,,unknown,
10.809,14:54:31.355,1209.0,1033.0,,,unknown,
10.829,14:54:31.374,1211.0,1037.0,,,unknown,
10.849,14:54:31.394,1221.0,1041.0,,,unknown,
10.869,14:54:31.414,1228.0,1039.0,,,unknown,
10.889,14:54:31.434,1221.0,1037.0,,,unknown,
10.909,14:54:31.454,1215.0,1036.0,,,unknown,
10.929,14:54:31.474,1213.0,1039.0,,,unknown,
10.949,14:54:31.494,1213.0,1036.0,,,unknown,
10.969,14:54:31.514,1208.0,1032.0,,,unknown,
10.989,14:54:31.534,1196.0,1030.0,,,unknown,
11.009,14:54:31.554,1205.0,1031.0,,,unknown,
11.029,14:54:31.574,1225.0,1031.0,,,unknown,
11.049,14:54:31.594,1213.0,1048.0,,,unknown,
11.069,14:54:31.614,1225.0,1042.0,,,unknown,
11.089,14:54:31.634,1212.0,1037.0,,,unknown,
11.109,14:54:31.654,1207.0,1034.0,,,unknown,
11.129,14:54:31.674,1177.0,1028.0,,,unknown,
11.149,14:54:31.694,1203.0,1028.0,,,unknown,
11.169,14:54:31.714,1205.0,1029.0,,,unknown,
11.190,14:54:31.735,1208.0,1027.0,,,unknown,
11.209,14:54:31.754,1212.0,1028.0,,,unknown,
11.229,14:54:31.774,1205.0,1031.0,,,unknown,
11.265,14:54:31.810,1202.0,1034.0,,,unknown,
11.270,14:54:31.815,1203.0,1017.0,,,unknown,
11.289,14:54:31.834,1195.0,1025.0,,,unknown,
11.309,14:54:31.854,1194.0,1016.0,,,unknown,
11.329,14:54:31.874,1199.0,1023.0,,,unknown,
11.349,14:54:31.894,1190.0,1022.0,,,unknown,
11.369,14:54:31.914,1203.0,1023.0,,,unknown,
11.389,14:54:31.934,1193.0,1023.0,,,unknown,
11.409,14:54:31.954,1195.0,1024.0,,,unknown,
11.429,14:54:31.974,1199.0,1019.0,,,unknown,
11.449,14:54:31.994,1205.0,1015.0,,,unknown,
11.469,14:54:32.014,1195.0,1023.0,,,unknown,
11.489,14:54:32.034,1195.0,1019.0,,,unknown,
11.509,14:54:32.054,1196.0,1023.0,,,unknown,
11.529,14:54:32.074,1205.0,1025.0,,,unknown,
11.549,14:54:32.094,1199.0,1022.0,,,unknown,
11.569,14:54:32.114,1193.0,1028.0,,,unknown,
11.589,14:54:32.134,1205.0,1030.0,,,unknown,
11.609,14:54:32.154,1198.0,1024.0,,,unknown,
11.629,14:54:32.174,1195.0,1035.0,,,unknown,
11.649,14:54:32.194,1212.0,1028.0,,,unknown,
11.669,14:54:32.214,1208.0,1030.0,,,unknown,
11.689,14:54:32.234,1209.0,1033.0,,,unknown,
11.709,14:54:32.254,1204.0,1040.0,,,unknown,
11.729,14:54:32.274,1209.0,1031.0,,,unknown,
11.749,14:54:32.294,1203.0,1032.0,,,unknown,
11.769,14:54:32.314,1197.0,1034.0,,,unknown,
11.789,14:54:32.334,1207.0,1032.0,,,unknown,
11.809,14:54:32.354,1209.0,1032.0,,,unknown,
11.829,14:54:32.374,1203.0,1032.0,,,unknown,
11.849,14:54:32.395,1203.0,1020.0,,,unknown,
11.869,14:54:32.414,1197.0,1027.0,,,unknown,
11.889,14:54:32.434,1199.0,1032.0,,,unknown,
11.909,14:54:32.454,1207.0,1031.0,,,unknown,
11.929,14:54:32.474,1199.0,1025.0,,,unknown,
11.949,14:54:32.494,1197.0,1027.0,,,unknown,
11.969,14:54:32.514,1195.0,1023.0,,,unknown,
11.989,14:54:32.534,1197.0,1025.0,,,unknown,
12.009,14:54:32.554,1223.0,1028.0,,,inhale,
12.029,14:54:32.574,1193.0,1023.0,,,inhale,
12.049,14:54:32.594,1203.0,1022.0,,,inhale,
12.069,14:54:32.614,1199.0,1021.0,,,inhale,
12.089,14:54:32.634,1213.0,1028.0,,,inhale,
12.109,14:54:32.654,1205.0,1027.0,,,inhale,
12.129,14:54:32.674,1211.0,1033.0,,,inhale,
12.149,14:54:32.694,1221.0,1035.0,,,inhale,
12.169,14:54:32.714,1204.0,1037.0,,,inhale,
12.190,14:54:32.735,1214.0,1041.0,,,inhale,
12.209,14:54:32.754,1211.0,1039.0,,,inhale,
12.229,14:54:32.774,1210.0,1038.0,,,inhale,
12.253,14:54:32.798,1209.0,1045.0,,,inhale,
12.269,14:54:32.814,1225.0,1047.0,,,inhale,
12.289,14:54:32.835,1310.0,1043.0,,,inhale,
12.309,14:54:32.854,1213.0,1040.0,,,inhale,
12.329,14:54:32.874,1221.0,1044.0,,,inhale,
12.349,14:54:32.894,1213.0,1043.0,,,inhale,
12.369,14:54:32.914,1303.0,1041.0,,,inhale,
12.390,14:54:32.935,1222.0,1043.0,,,inhale,
12.409,14:54:32.954,1227.0,1042.0,,,inhale,
12.429,14:54:32.974,1258.0,1044.0,,,inhale,
12.449,14:54:32.994,1285.0,1039.0,,,inhale,
12.469,14:54:33.014,1213.0,1041.0,,,inhale,
12.490,14:54:33.035,1229.0,1041.0,,,inhale,
12.509,14:54:33.054,1223.0,1042.0,,,inhale,
12.529,14:54:33.074,1215.0,1042.0,,,inhale,
12.549,14:54:33.094,1223.0,1037.0,,,inhale,
12.569,14:54:33.114,1212.0,1036.0,,,inhale,
12.589,14:54:33.134,1211.0,1044.0,,,inhale,
12.609,14:54:33.154,1215.0,1034.0,,,inhale,
12.629,14:54:33.174,1206.0,1034.0,,,inhale,
12.649,14:54:33.194,1206.0,1035.0,,,inhale,
12.669,14:54:33.214,1209.0,1034.0,,,inhale,
12.689,14:54:33.234,1205.0,1036.0,,,inhale,
12.709,14:54:33.254,1205.0,1034.0,,,inhale,
12.729,14:54:33.274,1203.0,1030.0,,,inhale,
12.749,14:54:33.294,1202.0,1030.0,,,inhale,
12.769,14:54:33.314,1203.0,1029.0,,,inhale,
12.789,14:54:33.334,1202.0,1028.0,,,inhale,
12.810,14:54:33.355,1205.0,1027.0,,,inhale,
12.829,14:54:33.374,1195.0,1026.0,,,inhale,
12.849,14:54:33.394,1198.0,1024.0,,,inhale,
12.869,14:54:33.414,1198.0,1025.0,,,inhale,
12.889,14:54:33.434,1199.0,1025.0,,,inhale,
12.909,14:54:33.454,1198.0,1024.0,,,inhale,
12.929,14:54:33.474,1197.0,1024.0,,,inhale,
12.949,14:54:33.494,1199.0,1024.0,,,inhale,
12.969,14:54:33.514,1198.0,1019.0,,,inhale,
12.990,14:54:33.535,1197.0,1025.0,,,inhale,
13.009,14:54:33.554,1197.0,1024.0,,,inhale,
13.029,14:54:33.574,1198.0,1031.0,,,inhale,
13.049,14:54:33.594,1195.0,1023.0,,,inhale,
13.069,14:54:33.614,1195.0,1026.0,,,inhale,
13.089,14:54:33.634,1195.0,1022.0,,,inhale,
13.109,14:54:33.654,1196.0,1016.0,,,inhale,
13.129,14:54:33.674,1193.0,1021.0,,,inhale,
13.149,14:54:33.694,1196.0,1023.0,,,inhale,
13.169,14:54:33.714,1194.0,1019.0,,,inhale,
13.189,14:54:33.734,1190.0,1021.0,,,inhale,
13.209,14:54:33.754,1193.0,1020.0,,,inhale,
13.229,14:54:33.774,1192.0,1021.0,,,exhale,exhale_onset
13.253,14:54:33.798,1193.0,1020.0,,,exhale,
13.269,14:54:33.814,1193.0,1020.0,,,exhale,
13.290,14:54:33.835,1192.0,1017.0,,,exhale,
13.309,14:54:33.854,1192.0,1018.0,,,exhale,
13.329,14:54:33.874,1191.0,1020.0,,,exhale,
13.349,14:54:33.894,1191.0,1020.0,,,exhale,
13.369,14:54:33.914,1189.0,1019.0,,,exhale,
13.389,14:54:33.934,1189.0,1016.0,,,exhale,
13.409,14:54:33.954,1189.0,1019.0,,,exhale,
13.429,14:54:33.974,1188.0,1016.0,,,exhale,
13.449,14:54:33.994,1184.0,1015.0,,,exhale,
13.469,14:54:34.014,1187.0,1016.0,,,exhale,
13.489,14:54:34.034,1187.0,1013.0,,,exhale,
13.509,14:54:34.054,1183.0,1015.0,,,exhale,
13.529,14:54:34.074,1183.0,1016.0,,,exhale,
13.549,14:54:34.094,1181.0,1010.0,,,exhale,
13.569,14:54:34.114,1183.0,1012.0,,,exhale,
13.589,14:54:34.134,1183.0,1011.0,,,exhale,
13.609,14:54:34.154,1181.0,1011.0,,,exhale,
13.629,14:54:34.174,1181.0,1010.0,,,exhale,
13.649,14:54:34.194,1179.0,1010.0,,,exhale,
13.669,14:54:34.214,1180.0,1010.0,,,exhale,
13.689,14:54:34.234,1181.0,1006.0,,,exhale,
13.709,14:54:34.254,1183.0,1011.0,,,exhale,
13.729,14:54:34.274,1199.0,1012.0,,,exhale,
13.749,14:54:34.294,1183.0,1013.0,,,exhale,
13.769,14:54:34.314,1183.0,1015.0,,,exhale,
13.790,14:54:34.335,1189.0,1017.0,,,exhale,
13.809,14:54:34.354,1193.0,1018.0,,,exhale,
13.829,14:54:34.374,1193.0,1019.0,,,exhale,
13.849,14:54:34.394,1193.0,1020.0,,,exhale,
13.869,14:54:34.414,1194.0,1021.0,,,exhale,
13.890,14:54:34.435,1195.0,1021.0,,,exhale,
13.909,14:54:34.454,1159.0,1021.0,,,exhale,
13.929,14:54:34.474,1196.0,1024.0,,,exhale,
13.949,14:54:34.494,1197.0,1024.0,,,exhale,
13.969,14:54:34.514,1199.0,1026.0,,,exhale,
13.990,14:54:34.535,1205.0,1027.0,,,exhale,
14.009,14:54:34.554,1204.0,1028.0,,,exhale,
14.029,14:54:34.574,1203.0,1028.0,,,exhale,
14.049,14:54:34.594,1203.0,1029.0,,,exhale,
14.069,14:54:34.614,1203.0,1029.0,,,exhale,
14.090,14:54:34.635,1204.0,1031.0,,,exhale,
14.109,14:54:34.654,1205.0,1032.0,,,exhale,
14.129,14:54:34.674,1197.0,1032.0,,,exhale,
14.149,14:54:34.694,1209.0,1028.0,,,exhale,
14.169,14:54:34.714,1209.0,1034.0,,,exhale,
14.189,14:54:34.734,1209.0,1034.0,,,exhale,
14.209,14:54:34.754,1209.0,1034.0,,,exhale,
14.229,14:54:34.774,1210.0,1037.0,,,exhale,
14.253,14:54:34.798,1211.0,1036.0,,,exhale,
14.269,14:54:34.814,1212.0,1038.0,,,exhale,
14.289,14:54:34.834,1212.0,1036.0,,,exhale,
14.309,14:54:34.854,1203.0,1035.0,,,exhale,
14.329,14:54:34.874,1212.0,1036.0,,,exhale,
14.349,14:54:34.894,1211.0,1036.0,,,exhale,
14.369,14:54:34.914,1215.0,1037.0,,,exhale,
14.389,14:54:34.934,1189.0,1038.0,,,exhale,
14.409,14:54:34.954,1213.0,1036.0,,,exhale,
14.429,14:54:34.974,1211.0,1048.0,,,exhale,
14.449,14:54:34.994,1211.0,1035.0,,,exhale,
14.469,14:54:35.014,1209.0,1035.0,,,exhale,
14.489,14:54:35.034,1209.0,1034.0,,,exhale,
14.509,14:54:35.054,1209.0,1035.0,,,exhale,
14.529,14:54:35.074,1210.0,1040.0,,,exhale,
14.549,14:54:35.094,1209.0,1032.0,,,exhale,
14.569,14:54:35.114,1209.0,1033.0,,,exhale,
14.589,14:54:35.134,1207.0,1032.0,,,exhale,
14.609,14:54:35.154,1207.0,1032.0,,,exhale,
14.629,14:54:35.174,1205.0,1030.0,,,exhale,
14.649,14:54:35.194,1205.0,1031.0,,,exhale,
14.669,14:54:35.214,1204.0,1029.0,,,exhale,
14.689,14:54:35.234,1213.0,1025.0,,,exhale,
14.715,14:54:35.260,1199.0,1027.0,,,exhale,
14.732,14:54:35.277,1199.0,1025.0,,,exhale,
14.749,14:54:35.294,1203.0,1029.0,,,exhale,
14.769,14:54:35.314,1205.0,1025.0,,,exhale,
14.789,14:54:35.334,1199.0,1023.0,,,exhale,
14.809,14:54:35.354,1199.0,1027.0,,,exhale,
14.829,14:54:35.374,1204.0,1027.0,,,exhale,
14.849,14:54:35.394,1199.0,1025.0,,,exhale,
14.869,14:54:35.414,1203.0,1030.0,,,exhale,
14.889,14:54:35.434,1204.0,1030.0,,,exhale,
14.909,14:54:35.454,1205.0,1033.0,,,exhale,
14.955,14:54:35.500,1207.0,1032.0,,,exhale,
14.955,14:54:35.500,1208.0,1036.0,,,exhale,
14.969,14:54:35.514,1227.0,1032.0,,,exhale,
14.989,14:54:35.534,1208.0,1035.0,,,exhale,
15.009,14:54:35.554,1209.0,1033.0,,,exhale,
15.029,14:54:35.574,1209.0,1033.0,,,exhale,
15.049,14:54:35.594,1209.0,1035.0,,,exhale,
15.069,14:54:35.614,1213.0,1037.0,,,exhale,
15.089,14:54:35.634,1210.0,1030.0,,,exhale,
15.109,14:54:35.654,1211.0,1040.0,,,exhale,
15.129,14:54:35.674,1213.0,1036.0,,,exhale,
15.149,14:54:35.694,1199.0,1038.0,,,exhale,
15.169,14:54:35.714,1211.0,1035.0,,,exhale,
15.189,14:54:35.734,1213.0,1036.0,,,exhale,
15.209,14:54:35.754,1211.0,1035.0,,,exhale,
15.229,14:54:35.774,1211.0,1035.0,,,exhale,
15.253,14:54:35.798,1210.0,1036.0,,,exhale,
15.269,14:54:35.814,1211.0,1036.0,,,exhale,
15.289,14:54:35.834,1211.0,1035.0,,,exhale,
15.309,14:54:35.854,1209.0,1035.0,,,exhale,
15.329,14:54:35.874,1209.0,1034.0,,,exhale,
15.349,14:54:35.894,1208.0,1034.0,,,exhale,
15.369,14:54:35.914,1207.0,1033.0,,,exhale,
15.391,14:54:35.936,1209.0,1028.0,,,exhale,
15.409,14:54:35.954,1208.0,1034.0,,,exhale,
15.429,14:54:35.974,1209.0,1034.0,,,exhale,
15.449,14:54:35.994,1208.0,1033.0,,,exhale,
15.469,14:54:36.014,1215.0,1033.0,,,exhale,
15.489,14:54:36.034,1212.0,1032.0,,,exhale,
15.509,14:54:36.054,1205.0,1031.0,,,exhale,
15.529,14:54:36.074,1204.0,1032.0,,,exhale,
15.549,14:54:36.094,1203.0,1029.0,,,exhale,
15.569,14:54:36.114,1200.0,1029.0,,,exhale,
15.589,14:54:36.134,1203.0,1027.0,,,exhale,
15.609,14:54:36.154,1197.0,1026.0,,,exhale,
15.629,14:54:36.174,1199.0,1028.0,,,exhale,
15.649,14:54:36.194,1199.0,1028.0,,,exhale,
15.669,14:54:36.214,1198.0,1030.0,,,exhale,
15.689,14:54:36.234,1199.0,1028.0,,,exhale,
15.709,14:54:36.254,1196.0,1025.0,,,exhale,
15.729,14:54:36.274,1197.0,1023.0,,,exhale,
15.749,14:54:36.294,1225.0,1025.0,,,exhale,
15.769,14:54:36.314,1197.0,1024.0,,,exhale,
15.789,14:54:36.334,1195.0,1023.0,,,exhale,
15.809,14:54:36.354,1193.0,1023.0,,,exhale,
15.829,14:54:36.374,1191.0,1023.0,,,exhale,
15.849,14:54:36.394,1191.0,1020.0,,,exhale,
15.869,14:54:36.414,1193.0,1021.0,,,exhale,
15.889,14:54:36.434,1189.0,1020.0,,,exhale,
15.909,14:54:36.454,1191.0,1020.0,,,exhale,
15.929,14:54:36.474,1193.0,1020.0,,,exhale,
15.949,14:54:36.494,1192.0,1020.0,,,exhale,
15.969,14:54:36.514,1191.0,1020.0,,,exhale,
15.989,14:54:36.534,1191.0,1019.0,,,exhale,
16.009,14:54:36.554,1191.0,1019.0,,,exhale,
16.029,14:54:36.574,1192.0,1021.0,,,exhale,
16.049,14:54:36.594,1087.0,1015.0,,,exhale,
16.069,14:54:36.614,1191.0,1020.0,,,exhale,
16.090,14:54:36.635,1193.0,1019.0,,,exhale,
16.109,14:54:36.654,1193.0,1022.0,,,exhale,
16.129,14:54:36.674,1193.0,1020.0,,,exhale,
16.149,14:54:36.694,1199.0,1020.0,,,exhale,
16.169,14:54:36.714,1197.0,1024.0,,,exhale,
16.190,14:54:36.735,1197.0,1025.0,,,exhale,
16.209,14:54:36.754,1203.0,1026.0,,,exhale,
16.229,14:54:36.774,1203.0,1028.0,,,exhale,
16.253,14:54:36.798,1199.0,1024.0,,,exhale,
16.269,14:54:36.814,1203.0,1025.0,,,exhale,
16.289,14:54:36.834,1197.0,1025.0,,,exhale,
16.309,14:54:36.854,1197.0,1024.0,,,exhale,
16.329,14:54:36.874,1199.0,1025.0,,,exhale,
16.349,14:54:36.894,1197.0,1025.0,,,exhale,
16.369,14:54:36.914,1199.0,1025.0,,,exhale,
16.389,14:54:36.934,1315.0,1025.0,,,exhale,
16.409,14:54:36.954,1201.0,1026.0,,,exhale,
16.429,14:54:36.974,1131.0,1026.0,,,exhale,
16.449,14:54:36.994,1199.0,1026.0,,,exhale,
16.469,14:54:37.014,1199.0,1027.0,,,exhale,
16.489,14:54:37.034,1200.0,1025.0,,,exhale,
16.509,14:54:37.054,1199.0,1025.0,,,exhale,
16.529,14:54:37.074,1197.0,1025.0,,,exhale,
16.549,14:54:37.094,1200.0,1025.0,,,exhale,
16.569,14:54:37.114,1199.0,1026.0,,,exhale,
16.589,14:54:37.134,1204.0,1024.0,,,exhale,
16.609,14:54:37.154,1199.0,1025.0,,,exhale,
16.629,14:54:37.174,1203.0,1027.0,,,exhale,
16.649,14:54:37.194,1199.0,1026.0,,,exhale,
16.669,14:54:37.214,1205.0,1028.0,,,exhale,
16.689,14:54:37.234,1205.0,1027.0,,,exhale,
16.709,14:54:37.254,1205.0,1028.0,,,exhale,
16.729,14:54:37.274,1204.0,1028.0,,,inhale,inhale_onset
16.749,14:54:37.294,1203.0,1028.0,,,inhale,
16.769,14:54:37.314,1199.0,1027.0,,,inhale,
16.790,14:54:37.335,1203.0,1034.0,,,inhale,
16.809,14:54:37.354,1203.0,1030.0,,,inhale,
16.829,14:54:37.374,1237.0,1029.0,,,inhale,
16.849,14:54:37.394,1196.0,1029.0,,,inhale,
16.869,14:54:37.414,1203.0,1026.0,,,inhale,
16.890,14:54:37.435,1199.0,1026.0,,,inhale,
16.909,14:54:37.454,1197.0,1027.0,,,inhale,
16.929,14:54:37.474,1198.0,1025.0,,,inhale,
16.949,14:54:37.494,1199.0,1027.0,,,inhale,
16.969,14:54:37.514,1191.0,1025.0,,,inhale,
16.991,14:54:37.536,1195.0,1025.0,,,inhale,
17.009,14:54:37.554,1196.0,1024.0,,,inhale,
17.029,14:54:37.574,1198.0,1019.0,,,inhale,
17.049,14:54:37.594,1196.0,1024.0,,,inhale,
17.069,14:54:37.614,1196.0,1023.0,,,inhale,
17.089,14:54:37.634,1196.0,1022.0,,,inhale,
17.109,14:54:37.654,1195.0,1022.0,,,inhale,
17.129,14:54:37.674,1209.0,1021.0,,,inhale,
17.149,14:54:37.694,1193.0,1023.0,,,inhale,
17.169,14:54:37.714,1193.0,1022.0,,,inhale,
17.189,14:54:37.734,1193.0,1022.0,,,inhale,
17.209,14:54:37.754,1237.0,1021.0,,,inhale,
17.229,14:54:37.774,1115.0,1016.0,,,inhale,
17.253,14:54:37.798,1194.0,1021.0,,,inhale,
17.269,14:54:37.814,1192.0,1029.0,,,inhale,
17.290,14:54:37.835,1195.0,1026.0,,,inhale,
17.309,14:54:37.854,1194.0,1024.0,,,inhale,
17.329,14:54:37.874,1196.0,1023.0,,,inhale,
17.349,14:54:37.894,1198.0,1023.0,,,inhale,
17.369,14:54:37.914,1196.0,1024.0,,,inhale,
17.390,14:54:37.935,1199.0,1024.0,,,inhale,
17.409,14:54:37.954,1198.0,1025.0,,,inhale,
17.429,14:54:37.974,1199.0,1026.0,,,inhale,
17.449,14:54:37.994,1199.0,1025.0,,,inhale,
17.469,14:54:38.014,1188.0,1025.0,,,inhale,
17.489,14:54:38.034,1203.0,1029.0,,,inhale,
17.509,14:54:38.054,1196.0,1027.0,,,inhale,
17.529,14:54:38.074,1199.0,1023.0,,,inhale,
17.549,14:54:38.094,1203.0,1030.0,,,inhale,
17.569,14:54:38.114,1203.0,1025.0,,,inhale,
17.589,14:54:38.134,1203.0,1035.0,,,inhale,
17.609,14:54:38.154,1203.0,1029.0,,,inhale,
17.630,14:54:38.175,1203.0,1030.0,,,inhale,
17.649,14:54:38.194,1203.0,1030.0,,,inhale,
17.669,14:54:38.214,1202.0,1031.0,,,inhale,
17.689,14:54:38.234,1207.0,1031.0,,,inhale,
17.709,14:54:38.254,1202.0,1031.0,,,inhale,
17.729,14:54:38.274,1204.0,1034.0,,,inhale,
17.749,14:54:38.294,1205.0,1026.0,,,inhale,
17.769,14:54:38.314,1205.0,1031.0,,,inhale,
17.789,14:54:38.334,1204.0,1032.0,,,inhale,
17.809,14:54:38.354,1205.0,1032.0,,,inhale,
17.829,14:54:38.374,1205.0,1030.0,,,inhale,
17.849,14:54:38.394,1205.0,1031.0,,,inhale,
17.869,14:54:38.414,1206.0,1031.0,,,inhale,
17.889,14:54:38.434,1205.0,1031.0,,,inhale,
17.909,14:54:38.454,1205.0,1030.0,,,inhale,
17.929,14:54:38.474,1207.0,1029.0,,,inhale,
17.949,14:54:38.494,1205.0,1029.0,,,inhale,
17.969,14:54:38.514,1203.0,1029.0,,,inhale,
17.989,14:54:38.534,1203.0,1029.0,,,inhale,
18.009,14:54:38.554,1203.0,1034.0,,,inhale,
18.029,14:54:38.574,1199.0,1027.0,,,inhale,
18.049,14:54:38.594,1206.0,1033.0,,,inhale,
18.069,14:54:38.614,1200.0,1027.0,,,inhale,
18.089,14:54:38.634,1197.0,1025.0,,,inhale,
18.109,14:54:38.654,1197.0,1024.0,,,inhale,
18.129,14:54:38.674,1199.0,1025.0,,,inhale,
18.149,14:54:38.694,1197.0,1023.0,,,inhale,
18.169,14:54:38.714,1196.0,1024.0,,,inhale,
18.189,14:54:38.734,1197.0,1017.0,,,inhale,
18.209,14:54:38.754,1195.0,1022.0,,,inhale,
18.229,14:54:38.774,1195.0,1022.0,,,inhale,
18.253,14:54:38.798,1191.0,1022.0,,,inhale,
18.269,14:54:38.814,1193.0,1021.0,,,inhale,
18.290,14:54:38.835,1140.0,1016.0,,,exhale,exhale_onset
18.315,14:54:38.860,1191.0,1021.0,,,exhale,
18.332,14:54:38.877,1194.0,1021.0,,,exhale,
18.349,14:54:38.894,1191.0,1020.0,,,exhale,
18.369,14:54:38.914,1190.0,1019.0,,,exhale,
18.389,14:54:38.934,1191.0,1019.0,,,exhale,
18.409,14:54:38.954,1189.0,1018.0,,,exhale,
18.429,14:54:38.974,1191.0,1016.0,,,exhale,
18.449,14:54:38.994,1189.0,1021.0,,,exhale,
18.469,14:54:39.014,1189.0,1017.0,,,exhale,
18.489,14:54:39.034,1189.0,1015.0,,,exhale,
18.509,14:54:39.054,1189.0,1017.0,,,exhale,
18.529,14:54:39.074,1189.0,1018.0,,,exhale,
18.549,14:54:39.094,1187.0,1018.0,,,exhale,
18.569,14:54:39.114,1191.0,1019.0,,,exhale,
18.590,14:54:39.135,1189.0,1017.0,,,exhale,
18.609,14:54:39.154,1189.0,1017.0,,,exhale,
18.629,14:54:39.174,1188.0,1019.0,,,exhale,
18.649,14:54:39.194,1189.0,1016.0,,,exhale,
18.669,14:54:39.214,1191.0,1017.0,,,exhale,
18.689,14:54:39.234,1187.0,1013.0,,,exhale,
18.709,14:54:39.254,1188.0,1021.0,,,exhale,
18.729,14:54:39.274,1179.0,1014.0,,,exhale,
18.749,14:54:39.294,1184.0,1014.0,,,exhale,
18.769,14:54:39.314,1187.0,1013.0,,,exhale,
18.789,14:54:39.334,1188.0,1013.0,,,exhale,
18.809,14:54:39.354,1184.0,1014.0,,,exhale,
18.829,14:54:39.374,1183.0,1013.0,,,exhale,
18.849,14:54:39.394,1187.0,1013.0,,,exhale,
18.869,14:54:39.414,1187.0,1013.0,,,exhale,
18.890,14:54:39.435,1183.0,1013.0,,,exhale,
18.909,14:54:39.454,1183.0,1012.0,,,exhale,
18.929,14:54:39.474,1187.0,1017.0,,,exhale,
18.949,14:54:39.494,1181.0,1012.0,,,exhale,
18.969,14:54:39.514,1182.0,1009.0,,,exhale,
18.989,14:54:39.534,1181.0,1013.0,,,exhale,
19.009,14:54:39.554,1183.0,1010.0,,,exhale,
19.029,14:54:39.574,1183.0,1015.0,,,exhale,
19.049,14:54:39.594,1183.0,1012.0,,,exhale,
19.069,14:54:39.614,1181.0,1011.0,,,exhale,
19.089,14:54:39.634,1181.0,1011.0,,,exhale,
19.109,14:54:39.654,1179.0,1011.0,,,exhale,
19.129,14:54:39.674,1181.0,1012.0,,,exhale,
19.149,14:54:39.694,1179.0,1012.0,,,exhale,
19.169,14:54:39.714,1181.0,1012.0,,,exhale,
19.189,14:54:39.734,1181.0,1006.0,,,exhale,
19.209,14:54:39.754,1179.0,1011.0,,,exhale,
19.229,14:54:39.774,1181.0,1006.0,,,exhale,
19.253,14:54:39.798,1179.0,1011.0,,,exhale,
19.269,14:54:39.814,1179.0,1011.0,,,exhale,
19.290,14:54:39.835,1183.0,1017.0,,,exhale,
19.309,14:54:39.854,1183.0,1012.0,,,exhale,
19.329,14:54:39.874,1183.0,1012.0,,,exhale,
19.349,14:54:39.894,1167.0,1012.0,,,exhale,
19.369,14:54:39.914,1186.0,1014.0,,,exhale,
19.390,14:54:39.935,1188.0,1014.0,,,exhale,
19.409,14:54:39.954,1188.0,1014.0,,,exhale,
19.429,14:54:39.974,1187.0,1021.0,,,exhale,
19.449,14:54:39.994,1188.0,1016.0,,,exhale,
19.469,14:54:40.014,1189.0,1017.0,,,exhale,
19.490,14:54:40.035,1188.0,1017.0,,,exhale,
19.509,14:54:40.054,1188.0,1016.0,,,exhale,
19.529,14:54:40.074,1189.0,1016.0,,,exhale,
19.549,14:54:40.094,1190.0,1017.0,,,inhale,inhale_onset
19.569,14:54:40.114,1189.0,1018.0,,,inhale,
19.589,14:54:40.134,1192.0,1022.0,,,inhale,
19.609,14:54:40.154,1189.0,1022.0,,,inhale,
19.629,14:54:40.174,1190.0,1020.0,,,inhale,
19.649,14:54:40.194,1191.0,1018.0,,,inhale,
19.669,14:54:40.214,1192.0,1019.0,,,inhale,
19.690,14:54:40.235,1191.0,1019.0,,,inhale,
19.709,14:54:40.254,1193.0,1014.0,,,inhale,
19.729,14:54:40.274,1192.0,1018.0,,,inhale,
19.749,14:54:40.294,1189.0,1019.0,,,inhale,
19.769,14:54:40.314,1193.0,1021.0,,,inhale,
19.790,14:54:40.335,1192.0,1020.0,,,inhale,
19.809,14:54:40.354,1193.0,1023.0,,,inhale,
19.829,14:54:40.374,1193.0,1021.0,,,inhale,
19.849,14:54:40.394,1193.0,1021.0,,,inhale,
19.869,14:54:40.414,1195.0,1016.0,,,inhale,
19.889,14:54:40.434,1193.0,1023.0,,,inhale,
19.909,14:54:40.454,1195.0,1022.0,,,inhale,
19.929,14:54:40.474,1193.0,1022.0,,,inhale,
19.949,14:54:40.494,1193.0,1022.0,,,inhale,
19.969,14:54:40.514,1193.0,1021.0,,,inhale,
19.989,14:54:40.534,1255.0,1025.0,,,inhale,
20.009,14:54:40.554,1195.0,1022.0,,,inhale,
20.029,14:54:40.574,1192.0,1020.0,,,inhale,
20.049,14:54:40.594,1195.0,1020.0,,,inhale,
20.069,14:54:40.614,1203.0,1022.0,,,inhale,
20.089,14:54:40.634,1192.0,1022.0,,,inhale,
20.109,14:54:40.654,1195.0,1021.0,,,inhale,
20.129,14:54:40.674,1195.0,1020.0,,,inhale,
20.149,14:54:40.694,1203.0,1022.0,,,inhale,
20.169,14:54:40.714,1193.0,1022.0,,,inhale,
20.189,14:54:40.735,1193.0,1023.0,,,inhale,
20.209,14:54:40.754,1191.0,1021.0,,,inhale,
20.229,14:54:40.774,1195.0,1021.0,,,inhale,
20.253,14:54:40.798,1193.0,1018.0,,,inhale,
20.269,14:54:40.814,1193.0,1022.0,,,inhale,
20.289,14:54:40.834,1192.0,1021.0,,,inhale,
20.309,14:54:40.854,1191.0,1020.0,,,inhale,
20.329,14:54:40.874,1193.0,1022.0,,,inhale,
20.349,14:54:40.894,1193.0,1025.0,,,inhale,
20.369,14:54:40.914,1192.0,1019.0,,,inhale,
20.389,14:54:40.934,1190.0,1014.0,,,inhale,
20.409,14:54:40.954,1191.0,1019.0,,,inhale,
20.429,14:54:40.974,1191.0,1019.0,,,inhale,
20.449,14:54:40.994,1191.0,1019.0,,,inhale,
20.469,14:54:41.014,1189.0,1018.0,,,inhale,
20.490,14:54:41.035,1187.0,1018.0,,,inhale,
20.509,14:54:41.054,1190.0,1019.0,,,inhale,
20.529,14:54:41.074,1191.0,1018.0,,,inhale,
20.549,14:54:41.094,1189.0,1022.0,,,inhale,
20.569,14:54:41.114,1189.0,1018.0,,,inhale,
20.589,14:54:41.134,1193.0,1017.0,,,inhale,
20.609,14:54:41.154,1188.0,1018.0,,,inhale,
20.629,14:54:41.174,1191.0,1013.0,,,inhale,
20.649,14:54:41.194,1191.0,1017.0,,,inhale,
20.669,14:54:41.214,1189.0,1018.0,,,inhale,
20.689,14:54:41.234,1189.0,1017.0,,,inhale,
20.709,14:54:41.254,1173.0,1016.0,,,inhale,
20.729,14:54:41.274,1187.0,1016.0,,,inhale,
20.749,14:54:41.294,1189.0,1016.0,,,inhale,
20.769,14:54:41.314,1187.0,1017.0,,,exhale,exhale_onset
20.789,14:54:41.335,1187.0,1015.0,,,exhale,
20.809,14:54:41.354,1188.0,1011.0,,,exhale,
20.829,14:54:41.374,1187.0,1016.0,,,exhale,
20.849,14:54:41.394,1183.0,1017.0,,,exhale,
20.869,14:54:41.414,1187.0,1021.0,,,exhale,
20.889,14:54:41.434,1183.0,1015.0,,,exhale,
20.909,14:54:41.454,1161.0,1013.0,,,exhale,
20.929,14:54:41.474,1183.0,1016.0,,,exhale,
20.949,14:54:41.494,1183.0,1016.0,,,exhale,
20.969,14:54:41.514,1185.0,1013.0,,,exhale,
20.989,14:54:41.534,1183.0,1019.0,,,exhale,
21.009,14:54:41.554,1181.0,1013.0,,,exhale,
21.029,14:54:41.574,1183.0,1013.0,,,exhale,
21.049,14:54:41.594,1183.0,1015.0,,,exhale,
21.069,14:54:41.614,1183.0,1012.0,,,exhale,
21.089,14:54:41.634,1181.0,1012.0,,,exhale,
21.109,14:54:41.654,1182.0,1012.0,,,exhale,
21.129,14:54:41.674,1183.0,1012.0,,,exhale,
21.149,14:54:41.694,1181.0,1012.0,,,exhale,
21.169,14:54:41.714,1178.0,1010.0,,,exhale,
21.189,14:54:41.734,1182.0,1011.0,,,exhale,
21.209,14:54:41.754,1183.0,1012.0,,,exhale,
21.229,14:54:41.774,1189.0,1011.0,,,exhale,
21.254,14:54:41.799,1186.0,1019.0,,,exhale,
21.269,14:54:41.814,1187.0,1012.0,,,exhale,
21.289,14:54:41.834,1183.0,1013.0,,,exhale,
21.309,14:54:41.854,1182.0,1013.0,,,exhale,
21.329,14:54:41.874,1183.0,1012.0,,,exhale,
21.349,14:54:41.894,1183.0,1011.0,,,exhale,
21.369,14:54:41.914,1183.0,1017.0,,,exhale,
21.389,14:54:41.934,1187.0,1019.0,,,exhale,
21.409,14:54:41.954,1189.0,1015.0,,,exhale,
21.429,14:54:41.974,1129.0,1015.0,,,exhale,
21.449,14:54:41.994,1187.0,1015.0,,,exhale,
21.469,14:54:42.014,1187.0,1015.0,,,exhale,
21.490,14:54:42.035,1184.0,1016.0,,,exhale,
21.509,14:54:42.054,1189.0,1016.0,,,exhale,
21.529,14:54:42.074,1188.0,1017.0,,,exhale,
21.549,14:54:42.094,1187.0,1016.0,,,exhale,
21.569,14:54:42.114,1183.0,1017.0,,,exhale,
21.589,14:54:42.134,1189.0,1016.0,,,exhale,
21.609,14:54:42.154,1187.0,1018.0,,,exhale,
21.629,14:54:42.174,1190.0,1018.0,,,exhale,
21.649,14:54:42.194,1193.0,1016.0,,,exhale,
21.669,14:54:42.214,1181.0,1016.0,,,exhale,
21.689,14:54:42.234,1191.0,1022.0,,,exhale,
21.709,14:54:42.254,1189.0,1020.0,,,exhale,
21.732,14:54:42.277,1190.0,1018.0,,,exhale,
21.755,14:54:42.300,1191.0,1020.0,,,exhale,
21.769,14:54:42.314,1190.0,1019.0,,,exhale,
21.789,14:54:42.334,1193.0,1019.0,,,exhale,
21.809,14:54:42.354,1191.0,1019.0,,,exhale,
21.829,14:54:42.374,1192.0,1020.0,,,exhale,
21.849,14:54:42.394,1191.0,1022.0,,,exhale,
21.869,14:54:42.414,1193.0,1021.0,,,exhale,
21.889,14:54:42.434,1195.0,1025.0,,,exhale,
21.909,14:54:42.454,1195.0,1021.0,,,exhale,
21.929,14:54:42.474,1196.0,1020.0,,,exhale,
21.949,14:54:42.494,1195.0,1021.0,,,exhale,
21.969,14:54:42.514,1173.0,1021.0,,,exhale,
21.990,14:54:42.535,1193.0,1022.0,,,exhale,
22.009,14:54:42.554,1194.0,1021.0,,,exhale,
22.029,14:54:42.574,1193.0,1021.0,,,exhale,
22.049,14:54:42.594,1193.0,1020.0,,,exhale,
22.069,14:54:42.614,1194.0,1020.0,,,exhale,
22.090,14:54:42.635,1193.0,1021.0,,,exhale,
22.109,14:54:42.654,1193.0,1026.0,,,exhale,
22.129,14:54:42.674,1192.0,1020.0,,,exhale,
22.149,14:54:42.694,1191.0,1016.0,,,exhale,
22.169,14:54:42.714,1193.0,1020.0,,,exhale,
22.189,14:54:42.735,1191.0,1018.0,,,exhale,
22.209,14:54:42.754,1181.0,1021.0,,,exhale,
22.229,14:54:42.774,1192.0,1020.0,,,exhale,
22.253,14:54:42.798,1189.0,1019.0,,,exhale,
22.269,14:54:42.814,1190.0,1019.0,,,exhale,
22.289,14:54:42.834,1190.0,1018.0,,,exhale,
22.309,14:54:42.854,1189.0,1018.0,,,exhale,
22.329,14:54:42.874,1189.0,1017.0,,,exhale,
22.349,14:54:42.894,1189.0,1018.0,,,exhale,
22.369,14:54:42.914,1189.0,1017.0,,,exhale,
22.389,14:54:42.934,1189.0,1017.0,,,exhale,
22.409,14:54:42.954,1188.0,1011.0,,,exhale,
22.429,14:54:42.974,1182.0,1017.0,,,exhale,
22.449,14:54:42.994,1187.0,1017.0,,,exhale,
22.469,14:54:43.014,1187.0,1017.0,,,exhale,
22.489,14:54:43.034,1187.0,1014.0,,,exhale,
22.509,14:54:43.054,1183.0,1014.0,,,exhale,
22.529,14:54:43.074,1183.0,1012.0,,,exhale,
22.549,14:54:43.094,1183.0,1012.0,,,exhale,
22.569,14:54:43.114,1107.0,1013.0,,,exhale,
22.590,14:54:43.135,1181.0,1011.0,,,exhale,
22.609,14:54:43.154,1183.0,1010.0,,,exhale,
22.629,14:54:43.174,1181.0,1011.0,,,exhale,
22.649,14:54:43.194,1182.0,1010.0,,,exhale,
22.669,14:54:43.214,1179.0,1017.0,,,exhale,
22.689,14:54:43.235,1189.0,1009.0,,,exhale,
22.709,14:54:43.254,1181.0,1010.0,,,exhale,
22.729,14:54:43.274,1177.0,1009.0,,,exhale,
22.749,14:54:43.294,1172.0,1009.0,,,exhale,
22.769,14:54:43.314,1178.0,1009.0,,,exhale,
22.789,14:54:43.335,1179.0,1010.0,,,exhale,
22.809,14:54:43.354,1179.0,1009.0,,,exhale,
22.829,14:54:43.374,1179.0,1009.0,,,exhale,
22.849,14:54:43.394,1177.0,1008.0,,,exhale,
22.869,14:54:43.414,1177.0,1009.0,,,exhale,
22.889,14:54:43.434,1179.0,1013.0,,,exhale,
22.909,14:54:43.454,1179.0,1008.0,,,exhale,
22.929,14:54:43.474,1177.0,1008.0,,,exhale,
22.949,14:54:43.494,1179.0,1008.0,,,exhale,
22.969,14:54:43.514,1177.0,1008.0,,,exhale,
22.989,14:54:43.534,1175.0,1008.0,,,exhale,
23.009,14:54:43.554,1179.0,1007.0,,,exhale,
23.029,14:54:43.574,1175.0,1005.0,,,exhale,
23.049,14:54:43.594,1177.0,1010.0,,,exhale,
23.069,14:54:43.614,1177.0,1008.0,,,exhale,
23.089,14:54:43.634,1179.0,1007.0,,,exhale,
23.109,14:54:43.654,1177.0,1007.0,,,exhale,
23.129,14:54:43.674,1177.0,1007.0,,,exhale,
23.149,14:54:43.694,1175.0,1008.0,,,exhale,
23.169,14:54:43.714,1177.0,1007.0,,,exhale,
23.189,14:54:43.734,1177.0,1007.0,,,exhale,
23.209,14:54:43.754,1174.0,1007.0,,,exhale,
23.229,14:54:43.774,1176.0,1007.0,,,exhale,
23.253,14:54:43.798,1177.0,1007.0,,,exhale,
23.269,14:54:43.814,1177.0,1007.0,,,exhale,
23.289,14:54:43.834,1177.0,1007.0,,,exhale,
23.309,14:54:43.854,1177.0,1008.0,,,exhale,
23.329,14:54:43.874,1178.0,1008.0,,,exhale,
23.349,14:54:43.894,1179.0,1008.0,,,exhale,
23.369,14:54:43.914,1179.0,1009.0,,,exhale,
23.390,14:54:43.935,1179.0,1011.0,,,exhale,
23.409,14:54:43.954,1179.0,1008.0,,,exhale,
23.429,14:54:43.974,1182.0,1010.0,,,exhale,
23.449,14:54:43.994,1182.0,1010.0,,,exhale,
23.469,14:54:44.014,1181.0,1011.0,,,exhale,
23.489,14:54:44.034,1182.0,1009.0,,,exhale,
23.509,14:54:44.054,1182.0,1012.0,,,exhale,
23.529,14:54:44.074,1183.0,1008.0,,,exhale,
23.549,14:54:44.094,1183.0,1014.0,,,exhale,
23.569,14:54:44.114,1187.0,1013.0,,,exhale,
23.589,14:54:44.134,1199.0,1013.0,,,exhale,
23.609,14:54:44.154,1183.0,1015.0,,,exhale,
23.629,14:54:44.174,1187.0,1012.0,,,inhale,inhale_onset
23.649,14:54:44.194,1189.0,1018.0,,,inhale,
23.669,14:54:44.214,1187.0,1013.0,,,inhale,
23.690,14:54:44.235,1183.0,1017.0,,,inhale,
23.709,14:54:44.254,1187.0,1017.0,,,inhale,
23.729,14:54:44.274,1189.0,1016.0,,,inhale,
23.749,14:54:44.294,1190.0,1020.0,,,inhale,
23.769,14:54:44.314,1188.0,1016.0,,,inhale,
23.789,14:54:44.334,1183.0,1016.0,,,inhale,
23.809,14:54:44.354,1191.0,1016.0,,,inhale,
23.829,14:54:44.374,1189.0,1017.0,,,inhale,
23.849,14:54:44.394,1189.0,1019.0,,,inhale,
23.869,14:54:44.414,1188.0,1017.0,,,inhale,
23.890,14:54:44.435,1187.0,1019.0,,,inhale,
23.909,14:54:44.454,1189.0,1017.0,,,inhale,
23.929,14:54:44.474,1189.0,1017.0,,,inhale,
23.949,14:54:44.494,1187.0,1017.0,,,inhale,
23.969,14:54:44.514,1189.0,1018.0,,,inhale,
23.989,14:54:44.534,1191.0,1016.0,,,inhale,
24.009,14:54:44.554,1191.0,1018.0,,,inhale,
24.029,14:54:44.574,1206.0,1018.0,,,inhale,
24.049,14:54:44.594,1191.0,1016.0,,,inhale,
24.069,14:54:44.614,1192.0,1016.0,,,inhale,
24.089,14:54:44.634,1189.0,1016.0,,,inhale,
24.109,14:54:44.654,1191.0,1021.0,,,inhale,
24.129,14:54:44.674,1191.0,1016.0,,,inhale,
24.149,14:54:44.694,1199.0,1018.0,,,inhale,
24.169,14:54:44.714,1191.0,1018.0,,,inhale,
24.189,14:54:44.734,1191.0,1018.0,,,inhale,
24.209,14:54:44.754,1193.0,1018.0,,,inhale,
24.229,14:54:44.774,1193.0,1018.0,,,inhale,
24.253,14:54:44.798,1189.0,1018.0,,,inhale,
24.269,14:54:44.814,1181.0,1014.0,,,inhale,
24.289,14:54:44.834,1189.0,1019.0,,,inhale,
24.309,14:54:44.854,1207.0,1018.0,,,inhale,
24.329,14:54:44.874,1190.0,1015.0,,,inhale,
24.349,14:54:44.894,1189.0,1017.0,,,inhale,
24.369,14:54:44.914,1187.0,1018.0,,,inhale,
24.389,14:54:44.934,1189.0,1017.0,,,inhale,
24.409,14:54:44.954,1183.0,1016.0,,,inhale,
24.429,14:54:44.974,1187.0,1015.0,,,inhale,
24.449,14:54:44.994,1186.0,1015.0,,,inhale,
24.469,14:54:45.014,1183.0,1015.0,,,inhale,
24.489,14:54:45.034,1188.0,1010.0,,,inhale,
24.509,14:54:45.054,1188.0,1012.0,,,inhale,
24.529,14:54:45.074,1187.0,1014.0,,,inhale,
24.549,14:54:45.094,1181.0,1015.0,,,inhale,
24.569,14:54:45.114,1183.0,1014.0,,,inhale,
24.589,14:54:45.134,1181.0,1020.0,,,inhale,
24.609,14:54:45.154,1182.0,1012.0,,,inhale,
24.629,14:54:45.174,1180.0,1013.0,,,inhale,
24.649,14:54:45.194,1181.0,1009.0,,,inhale,
24.669,14:54:45.214,1181.0,1011.0,,,inhale,
24.689,14:54:45.234,1171.0,1005.0,,,inhale,
24.709,14:54:45.254,1181.0,1009.0,,,inhale,
24.729,14:54:45.274,1183.0,1017.0,,,inhale,
24.749,14:54:45.294,1179.0,1010.0,,,inhale,
24.769,14:54:45.314,1182.0,1009.0,,,inhale,
24.790,14:54:45.335,1179.0,1009.0,,,inhale,
24.809,14:54:45.354,1183.0,1009.0,,,inhale,
24.829,14:54:45.374,1179.0,1010.0,,,exhale,exhale_onset
24.849,14:54:45.394,1178.0,1009.0,,,exhale,
24.869,14:54:45.414,1178.0,1008.0,,,exhale,
24.889,14:54:45.434,1182.0,1010.0,,,exhale,
24.909,14:54:45.454,1180.0,1014.0,,,exhale,
24.929,14:54:45.474,1181.0,1013.0,,,exhale,
24.949,14:54:45.494,1180.0,1011.0,,,exhale,
24.969,14:54:45.514,1181.0,1011.0,,,exhale,
24.990,14:54:45.535,1181.0,1012.0,,,exhale,
25.009,14:54:45.554,1181.0,1016.0,,,exhale,
25.029,14:54:45.574,1183.0,1012.0,,,exhale,
25.049,14:54:45.594,1182.0,1012.0,,,exhale,
25.069,14:54:45.614,1183.0,1014.0,,,exhale,
25.089,14:54:45.634,1177.0,1013.0,,,exhale,
25.109,14:54:45.654,1183.0,1015.0,,,exhale,
25.129,14:54:45.674,1184.0,1015.0,,,exhale,
25.149,14:54:45.694,1188.0,1014.0,,,exhale,
25.169,14:54:45.714,1187.0,1016.0,,,exhale,
25.194,14:54:45.739,1187.0,1014.0,,,exhale,
25.212,14:54:45.757,1188.0,1014.0,,,exhale,
25.229,14:54:45.774,1183.0,1017.0,,,exhale,
25.252,14:54:45.798,1184.0,1015.0,,,exhale,
25.269,14:54:45.814,1187.0,1017.0,,,exhale,
25.289,14:54:45.834,1189.0,1018.0,,,exhale,
25.309,14:54:45.854,1189.0,1017.0,,,exhale,
25.329,14:54:45.874,1187.0,1018.0,,,exhale,
25.349,14:54:45.894,1188.0,1018.0,,,exhale,
25.369,14:54:45.914,1191.0,1019.0,,,exhale,
25.389,14:54:45.934,1189.0,1018.0,,,exhale,
25.409,14:54:45.954,1191.0,1017.0,,,exhale,
25.429,14:54:45.974,1189.0,1017.0,,,exhale,
25.449,14:54:45.994,1189.0,1018.0,,,exhale,
25.469,14:54:46.014,1189.0,1018.0,,,exhale,
25.489,14:54:46.034,1191.0,1020.0,,,exhale,
25.509,14:54:46.054,1191.0,1020.0,,,exhale,
25.529,14:54:46.074,1199.0,1019.0,,,exhale,
25.549,14:54:46.094,1206.0,1019.0,,,exhale,
25.569,14:54:46.114,1191.0,1014.0,,,exhale,
25.589,14:54:46.134,1189.0,1018.0,,,exhale,
25.609,14:54:46.154,1191.0,1016.0,,,exhale,
25.629,14:54:46.174,1191.0,1018.0,,,exhale,
25.649,14:54:46.194,1169.0,1019.0,,,exhale,
25.669,14:54:46.214,1191.0,1019.0,,,exhale,
25.689,14:54:46.234,1191.0,1016.0,,,exhale,
25.709,14:54:46.254,1190.0,1014.0,,,exhale,
25.729,14:54:46.274,1193.0,1018.0,,,exhale,
25.749,14:54:46.294,1191.0,1019.0,,,exhale,
25.769,14:54:46.314,1193.0,1019.0,,,exhale,
25.789,14:54:46.334,1193.0,1021.0,,,exhale,
25.809,14:54:46.354,1195.0,1021.0,,,exhale,
25.829,14:54:46.374,1193.0,1019.0,,,exhale,
25.849,14:54:46.394,1077.0,1020.0,,,exhale,
25.869,14:54:46.414,1199.0,1018.0,,,exhale,
25.889,14:54:46.434,1191.0,1022.0,,,exhale,
25.909,14:54:46.454,1191.0,1020.0,,,exhale,
25.929,14:54:46.474,1190.0,1018.0,,,exhale,
25.949,14:54:46.494,1191.0,1019.0,,,exhale,
25.969,14:54:46.514,1191.0,1018.0,,,exhale,
25.990,14:54:46.535,1189.0,1016.0,,,exhale,
26.009,14:54:46.554,1190.0,1018.0,,,exhale,
26.029,14:54:46.574,1189.0,1018.0,,,exhale,
26.049,14:54:46.594,1191.0,1017.0,,,exhale,
26.069,14:54:46.614,1189.0,1020.0,,,exhale,
26.089,14:54:46.634,1188.0,1018.0,,,exhale,
26.109,14:54:46.654,1188.0,1017.0,,,exhale,
26.129,14:54:46.674,1190.0,1017.0,,,exhale,
26.149,14:54:46.694,1188.0,1016.0,,,exhale,
26.169,14:54:46.714,1187.0,1017.0,,,exhale,
26.189,14:54:46.734,1195.0,1023.0,,,exhale,
26.209,14:54:46.754,1183.0,1016.0,,,exhale,
26.229,14:54:46.774,1183.0,1014.0,,,exhale,
26.253,14:54:46.798,1184.0,1009.0,,,exhale,
26.269,14:54:46.814,1187.0,1013.0,,,exhale,
26.289,14:54:46.834,1183.0,1017.0,,,exhale,
26.309,14:54:46.854,1184.0,1014.0,,,exhale,
26.329,14:54:46.874,1183.0,1011.0,,,exhale,
26.349,14:54:46.894,1183.0,1011.0,,,exhale,
26.369,14:54:46.914,1183.0,1010.0,,,exhale,
26.389,14:54:46.934,1181.0,1013.0,,,exhale,
26.409,14:54:46.954,1182.0,1013.0,,,exhale,
26.429,14:54:46.974,1183.0,1019.0,,,exhale,
26.449,14:54:46.994,1181.0,1012.0,,,exhale,
26.469,14:54:47.014,1182.0,1009.0,,,exhale,
26.489,14:54:47.034,1179.0,1012.0,,,exhale,
26.509,14:54:47.054,1181.0,1011.0,,,exhale,
26.529,14:54:47.074,1182.0,1012.0,,,exhale,
26.549,14:54:47.094,1181.0,1010.0,,,exhale,
26.569,14:54:47.114,1179.0,1010.0,,,exhale,
26.590,14:54:47.135,1179.0,1010.0,,,exhale,
26.609,14:54:47.154,1179.0,1008.0,,,exhale,
26.629,14:54:47.174,1179.0,1007.0,,,exhale,
26.649,14:54:47.194,1179.0,1007.0,,,exhale,
26.669,14:54:47.214,1178.0,1006.0,,,exhale,
26.689,14:54:47.234,1176.0,1007.0,,,exhale,
26.709,14:54:47.254,1176.0,1007.0,,,exhale,
26.729,14:54:47.274,1187.0,1008.0,,,exhale,
26.749,14:54:47.294,1175.0,1005.0,,,exhale,
26.769,14:54:47.314,1177.0,1007.0,,,exhale,
26.789,14:54:47.334,1175.0,1005.0,,,exhale,
26.809,14:54:47.354,1177.0,1008.0,,,exhale,
26.829,14:54:47.374,1180.0,1007.0,,,exhale,
26.849,14:54:47.394,1178.0,1009.0,,,exhale,
26.869,14:54:47.414,1181.0,1010.0,,,exhale,
26.890,14:54:47.435,1181.0,1011.0,,,exhale,
26.909,14:54:47.454,1180.0,1011.0,,,exhale,
26.929,14:54:47.474,1180.0,1011.0,,,exhale,
26.949,14:54:47.494,1183.0,1014.0,,,exhale,
26.969,14:54:47.514,1187.0,1010.0,,,exhale,
26.989,14:54:47.534,1190.0,1016.0,,,exhale,
27.009,14:54:47.554,1187.0,1013.0,,,exhale,
27.029,14:54:47.574,1187.0,1013.0,,,exhale,
27.049,14:54:47.594,1184.0,1014.0,,,exhale,
27.069,14:54:47.614,1188.0,1015.0,,,exhale,
27.090,14:54:47.635,1188.0,1015.0,,,exhale,
27.109,14:54:47.654,1187.0,1015.0,,,exhale,
27.129,14:54:47.674,1189.0,1016.0,,,exhale,
27.149,14:54:47.694,1191.0,1016.0,,,exhale,
27.169,14:54:47.714,1187.0,1011.0,,,exhale,
27.189,14:54:47.734,1188.0,1018.0,,,exhale,
27.209,14:54:47.754,1191.0,1021.0,,,exhale,
27.229,14:54:47.774,1191.0,1019.0,,,exhale,
27.253,14:54:47.798,1190.0,1018.0,,,inhale,inhale_onset
27.269,14:54:47.814,1191.0,1017.0,,,inhale,
27.289,14:54:47.834,1187.0,1026.0,,,inhale,
27.309,14:54:47.854,1187.0,1018.0,,,inhale,
27.329,14:54:47.874,1189.0,1018.0,,,inhale,
27.349,14:54:47.894,1188.0,1018.0,,,inhale,
27.369,14:54:47.914,1191.0,1019.0,,,inhale,
27.389,14:54:47.934,1189.0,1018.0,,,inhale,
27.409,14:54:47.954,1189.0,1018.0,,,inhale,
27.429,14:54:47.974,1189.0,1018.0,,,inhale,
27.449,14:54:47.994,1203.0,1017.0,,,inhale,
27.469,14:54:48.014,1189.0,1018.0,,,inhale,
27.489,14:54:48.034,1191.0,1013.0,,,inhale,
27.509,14:54:48.054,1184.0,1017.0,,,inhale,
27.529,14:54:48.074,1191.0,1019.0,,,inhale,
27.549,14:54:48.094,1189.0,1018.0,,,inhale,
27.569,14:54:48.114,1191.0,1018.0,,,inhale,
27.589,14:54:48.134,1191.0,1018.0,,,inhale,
27.609,14:54:48.154,1191.0,1016.0,,,inhale,
27.629,14:54:48.174,1245.0,1018.0,,,inhale,
27.649,14:54:48.194,1191.0,1018.0,,,inhale,
27.669,14:54:48.214,1189.0,1019.0,,,inhale,
27.689,14:54:48.234,1190.0,1019.0,,,inhale,
27.709,14:54:48.254,1191.0,1020.0,,,inhale,
27.729,14:54:48.274,1192.0,1019.0,,,inhale,
27.749,14:54:48.294,1195.0,1022.0,,,inhale,
27.769,14:54:48.314,1195.0,1019.0,,,inhale,
27.789,14:54:48.334,1194.0,1022.0,,,inhale,
27.809,14:54:48.354,1195.0,1022.0,,,inhale,
27.829,14:54:48.374,1188.0,1023.0,,,inhale,
27.849,14:54:48.394,1195.0,1021.0,,,inhale,
27.869,14:54:48.414,1195.0,1024.0,,,inhale,
27.889,14:54:48.434,1199.0,1023.0,,,inhale,
27.909,14:54:48.454,1200.0,1027.0,,,inhale,
27.929,14:54:48.474,1199.0,1025.0,,,inhale,
27.949,14:54:48.494,1199.0,1024.0,,,inhale,
27.969,14:54:48.514,1197.0,1026.0,,,inhale,
27.989,14:54:48.534,1199.0,1019.0,,,inhale,
28.009,14:54:48.554,1253.0,1023.0,,,inhale,
28.029,14:54:48.574,1199.0,1025.0,,,inhale,
28.049,14:54:48.594,1199.0,1030.0,,,inhale,
28.069,14:54:48.614,1198.0,1024.0,,,inhale,
28.089,14:54:48.634,1197.0,1025.0,,,inhale,
28.109,14:54:48.654,1196.0,1024.0,,,inhale,
28.129,14:54:48.674,1197.0,1025.0,,,inhale,
28.149,14:54:48.694,1196.0,1024.0,,,inhale,
28.169,14:54:48.714,1197.0,1025.0,,,inhale,
28.189,14:54:48.734,1197.0,1024.0,,,inhale,
28.209,14:54:48.754,1195.0,1022.0,,,inhale,
28.229,14:54:48.774,1195.0,1024.0,,,inhale,
28.253,14:54:48.798,1197.0,1023.0,,,inhale,
28.269,14:54:48.814,1197.0,1026.0,,,inhale,
28.289,14:54:48.834,1194.0,1022.0,,,inhale,
28.309,14:54:48.854,1195.0,1023.0,,,inhale,
28.329,14:54:48.874,1193.0,1021.0,,,inhale,
28.349,14:54:48.894,1191.0,1019.0,,,inhale,
28.369,14:54:48.914,1193.0,1021.0,,,inhale,
28.389,14:54:48.934,1159.0,1021.0,,,inhale,
28.409,14:54:48.954,1193.0,1021.0,,,inhale,
28.429,14:54:48.974,1193.0,1021.0,,,inhale,
28.449,14:54:48.994,1193.0,1020.0,,,inhale,
28.469,14:54:49.014,1193.0,1020.0,,,inhale,
28.489,14:54:49.034,1194.0,1025.0,,,inhale,
28.509,14:54:49.054,1193.0,1022.0,,,inhale,
28.529,14:54:49.074,1194.0,1018.0,,,inhale,
28.549,14:54:49.094,1192.0,1021.0,,,exhale,exhale_onset
28.569,14:54:49.114,1193.0,1016.0,,,exhale,
28.589,14:54:49.134,1193.0,1021.0,,,exhale,
28.609,14:54:49.154,1194.0,1023.0,,,exhale,
28.629,14:54:49.174,1193.0,1021.0,,,exhale,
28.649,14:54:49.194,1195.0,1018.0,,,exhale,
28.669,14:54:49.215,1195.0,1022.0,,,exhale,
28.689,14:54:49.234,1195.0,1022.0,,,exhale,
28.709,14:54:49.254,1195.0,1023.0,,,exhale,
28.729,14:54:49.274,1197.0,1020.0,,,exhale,
28.749,14:54:49.294,1196.0,1024.0,,,exhale,
28.769,14:54:49.314,1196.0,1024.0,,,exhale,
28.789,14:54:49.334,1197.0,1024.0,,,exhale,
28.809,14:54:49.354,1197.0,1025.0,,,exhale,
28.829,14:54:49.374,1195.0,1024.0,,,exhale,
28.849,14:54:49.394,1203.0,1026.0,,,exhale,
28.869,14:54:49.414,1194.0,1025.0,,,exhale,
28.889,14:54:49.434,1199.0,1030.0,,,exhale,
28.909,14:54:49.454,1198.0,1027.0,,,exhale,
28.929,14:54:49.474,1205.0,1028.0,,,exhale,
28.949,14:54:49.494,1199.0,1028.0,,,exhale,
28.969,14:54:49.514,1195.0,1031.0,,,exhale,
28.990,14:54:49.535,1205.0,1030.0,,,exhale,
29.009,14:54:49.554,1205.0,1030.0,,,exhale,
29.029,14:54:49.574,1203.0,1030.0,,,exhale,
29.049,14:54:49.594,1203.0,1029.0,,,exhale,
29.069,14:54:49.614,1205.0,1029.0,,,exhale,
29.089,14:54:49.634,1204.0,1030.0,,,exhale,
29.109,14:54:49.654,1203.0,1032.0,,,exhale,
29.129,14:54:49.674,1203.0,1027.0,,,exhale,
29.149,14:54:49.694,1199.0,1029.0,,,exhale,
29.169,14:54:49.714,1200.0,1031.0,,,exhale,
29.189,14:54:49.734,1203.0,1027.0,,,exhale,
29.209,14:54:49.754,1203.0,1032.0,,,exhale,
29.229,14:54:49.774,1203.0,1028.0,,,exhale,
29.253,14:54:49.798,1196.0,1025.0,,,exhale,
29.269,14:54:49.814,1205.0,1029.0,,,exhale,
29.289,14:54:49.834,1200.0,1028.0,,,exhale,
29.309,14:54:49.854,1203.0,1025.0,,,exhale,
29.329,14:54:49.874,1195.0,1027.0,,,exhale,
29.349,14:54:49.894,1200.0,1026.0,,,exhale,
29.369,14:54:49.914,1197.0,1026.0,,,exhale,
29.389,14:54:49.934,1199.0,1031.0,,,exhale,
29.409,14:54:49.954,1197.0,1026.0,,,exhale,
29.429,14:54:49.974,1203.0,1026.0,,,exhale,
29.449,14:54:49.994,1203.0,1030.0,,,exhale,
29.469,14:54:50.014,1199.0,1027.0,,,exhale,
29.489,14:54:50.034,1203.0,1026.0,,,exhale,
29.509,14:54:50.054,1203.0,1026.0,,,exhale,
29.529,14:54:50.074,1199.0,1028.0,,,exhale,
29.549,14:54:50.094,1199.0,1025.0,,,exhale,
29.569,14:54:50.114,1199.0,1024.0,,,exhale,
29.589,14:54:50.134,1199.0,1024.0,,,exhale,
29.609,14:54:50.154,1199.0,1025.0,,,exhale,
29.629,14:54:50.174,1199.0,1022.0,,,exhale,
29.649,14:54:50.194,1199.0,1021.0,,,exhale,
29.669,14:54:50.214,1197.0,1025.0,,,exhale,
29.689,14:54:50.234,1197.0,1021.0,,,exhale,
29.709,14:54:50.254,1197.0,1025.0,,,exhale,
29.729,14:54:50.274,1199.0,1024.0,,,exhale,
29.749,14:54:50.294,1196.0,1028.0,,,exhale,
29.769,14:54:50.314,1199.0,1024.0,,,exhale,
29.790,14:54:50.335,1197.0,1025.0,,,exhale,
29.809,14:54:50.354,1196.0,1024.0,,,exhale,
29.829,14:54:50.374,1197.0,1024.0,,,exhale,
29.849,14:54:50.394,1195.0,1029.0,,,exhale,
29.869,14:54:50.414,1198.0,1024.0,,,exhale,
29.889,14:54:50.434,1196.0,1024.0,,,exhale,
29.909,14:54:50.454,1193.0,1022.0,,,exhale,
29.929,14:54:50.474,1203.0,1022.0,,,exhale,
29.949,14:54:50.494,1193.0,1021.0,,,exhale,
29.969,14:54:50.514,1194.0,1018.0,,,exhale,
29.990,14:54:50.535,1193.0,1022.0,,,exhale,
30.009,14:54:50.554,1193.0,1027.0,,,exhale,
30.029,14:54:50.574,1194.0,1021.0,,,exhale,
30.049,14:54:50.594,1193.0,1020.0,,,unknown,
30.069,14:54:50.614,1191.0,1019.0,,,unknown,
30.090,14:54:50.635,1191.0,1019.0,,,unknown,
30.109,14:54:50.654,1191.0,1018.0,,,unknown,
30.129,14:54:50.674,1189.0,1019.0,,,unknown,
30.149,14:54:50.694,1189.0,1016.0,,,unknown,
30.169,14:54:50.714,1190.0,1011.0,,,unknown,
30.189,14:54:50.734,1191.0,1014.0,,,exhale,
30.209,14:54:50.754,1189.0,1017.0,,,exhale,
30.229,14:54:50.774,1189.0,1013.0,,,exhale,
30.253,14:54:50.798,1189.0,1016.0,,,exhale,
30.269,14:54:50.814,1189.0,1016.0,,,exhale,
30.290,14:54:50.835,1171.0,1016.0,,,exhale,
30.309,14:54:50.854,1187.0,1018.0,,,exhale,
30.329,14:54:50.874,1183.0,1012.0,,,exhale,
30.349,14:54:50.894,1183.0,1015.0,,,exhale,
30.369,14:54:50.914,1187.0,1012.0,,,exhale,
30.389,14:54:50.934,1183.0,1009.0,,,exhale,
30.409,14:54:50.954,1183.0,1012.0,,,exhale,
30.429,14:54:50.974,1183.0,1012.0,,,exhale,
30.449,14:54:50.994,1186.0,1012.0,,,exhale,
30.469,14:54:51.014,1183.0,1013.0,,,exhale,
30.489,14:54:51.034,1187.0,1015.0,,,exhale,
30.509,14:54:51.054,1183.0,1017.0,,,exhale,
30.529,14:54:51.074,1189.0,1016.0,,,exhale,
30.549,14:54:51.094,1189.0,1019.0,,,exhale,
30.569,14:54:51.114,1189.0,1018.0,,,exhale,
30.589,14:54:51.134,1239.0,1018.0,,,exhale,
30.609,14:54:51.154,1193.0,1020.0,,,exhale,
30.629,14:54:51.174,1193.0,1018.0,,,exhale,
30.649,14:54:51.194,1192.0,1020.0,,,exhale,
30.669,14:54:51.214,1193.0,1019.0,,,exhale,
30.689,14:54:51.234,1191.0,1020.0,,,exhale,
30.709,14:54:51.254,1195.0,1022.0,,,exhale,
30.729,14:54:51.274,1195.0,1021.0,,,exhale,
30.749,14:54:51.294,1261.0,1021.0,,,exhale,
30.769,14:54:51.314,1195.0,1020.0,,,exhale,
30.789,14:54:51.334,1194.0,1020.0,,,exhale,
30.809,14:54:51.354,1192.0,1023.0,,,exhale,
30.829,14:54:51.374,1191.0,1022.0,,,exhale,
30.849,14:54:51.394,1193.0,1017.0,,,exhale,
30.869,14:54:51.414,1193.0,1023.0,,,exhale,
30.889,14:54:51.434,1195.0,1021.0,,,exhale,
30.909,14:54:51.454,1197.0,1022.0,,,exhale,
30.929,14:54:51.474,1193.0,1021.0,,,exhale,
30.949,14:54:51.494,1195.0,1022.0,,,exhale,
30.969,14:54:51.514,1196.0,1021.0,,,exhale,
30.989,14:54:51.534,1195.0,1021.0,,,exhale,
31.009,14:54:51.554,1195.0,1022.0,,,exhale,
31.029,14:54:51.574,1194.0,1022.0,,,exhale,
31.049,14:54:51.594,1195.0,1023.0,,,exhale,
31.069,14:54:51.614,1195.0,1024.0,,,exhale,
31.090,14:54:51.635,1196.0,1022.0,,,exhale,
31.109,14:54:51.654,1195.0,1022.0,,,exhale,
31.129,14:54:51.674,1195.0,1022.0,,,exhale,
31.149,14:54:51.694,1195.0,1022.0,,,exhale,
31.169,14:54:51.714,1195.0,1022.0,,,exhale,
31.189,14:54:51.734,1196.0,1023.0,,,exhale,
31.209,14:54:51.754,1195.0,1026.0,,,exhale,
31.229,14:54:51.774,1198.0,1020.0,,,exhale,
31.253,14:54:51.798,1195.0,1018.0,,,exhale,
31.269,14:54:51.814,1195.0,1023.0,,,exhale,
31.289,14:54:51.834,1194.0,1022.0,,,exhale,
31.309,14:54:51.854,1194.0,1023.0,,,exhale,
31.329,14:54:51.874,1195.0,1023.0,,,exhale,
31.349,14:54:51.894,1188.0,1022.0,,,exhale,
31.369,14:54:51.914,1197.0,1019.0,,,exhale,
31.391,14:54:51.936,1194.0,1022.0,,,inhale,inhale_onset
31.409,14:54:51.954,1195.0,1022.0,,,inhale,
31.429,14:54:51.974,1199.0,1023.0,,,inhale,
31.449,14:54:51.994,1197.0,1022.0,,,inhale,
31.469,14:54:52.014,1196.0,1022.0,,,inhale,
31.489,14:54:52.034,1195.0,1022.0,,,inhale,
31.509,14:54:52.054,1195.0,1024.0,,,inhale,
31.529,14:54:52.074,1194.0,1022.0,,,inhale,
31.549,14:54:52.094,1197.0,1022.0,,,inhale,
31.569,14:54:52.114,1195.0,1021.0,,,inhale,
31.589,14:54:52.134,1195.0,1022.0,,,inhale,
31.609,14:54:52.154,1193.0,1026.0,,,inhale,
31.629,14:54:52.174,1195.0,1021.0,,,inhale,
31.649,14:54:52.194,1192.0,1020.0,,,inhale,
31.669,14:54:52.214,1195.0,1021.0,,,inhale,
31.690,14:54:52.235,1194.0,1020.0,,,inhale,
31.709,14:54:52.254,1192.0,1022.0,,,inhale,
31.729,14:54:52.274,1191.0,1020.0,,,inhale,
31.749,14:54:52.294,1193.0,1019.0,,,inhale,
31.769,14:54:52.314,1195.0,1020.0,,,inhale,
31.789,14:54:52.334,1193.0,1018.0,,,inhale,
31.809,14:54:52.354,1245.0,1019.0,,,inhale,
31.829,14:54:52.374,1191.0,1018.0,,,inhale,
31.849,14:54:52.394,1191.0,1017.0,,,inhale,
31.869,14:54:52.414,1191.0,1018.0,,,inhale,
31.889,14:54:52.434,1188.0,1017.0,,,inhale,
31.909,14:54:52.454,1183.0,1020.0,,,inhale,
31.929,14:54:52.474,1189.0,1024.0,,,inhale,
31.949,14:54:52.494,1187.0,1018.0,,,inhale,
31.969,14:54:52.514,1171.0,1017.0,,,inhale,
31.989,14:54:52.534,1184.0,1018.0,,,inhale,
32.009,14:54:52.554,1187.0,1018.0,,,inhale,
32.029,14:54:52.574,1189.0,1015.0,,,inhale,
32.049,14:54:52.594,1159.0,1015.0,,,inhale,
32.069,14:54:52.614,1189.0,1017.0,,,inhale,
32.090,14:54:52.635,1184.0,1013.0,,,inhale,
32.109,14:54:52.654,1180.0,1017.0,,,inhale,
32.129,14:54:52.674,1187.0,1016.0,,,inhale,
32.152,14:54:52.697,1187.0,1015.0,,,inhale,
32.169,14:54:52.714,1186.0,1017.0,,,inhale,
32.189,14:54:52.734,1189.0,1016.0,,,inhale,
32.209,14:54:52.754,1184.0,1013.0,,,inhale,
32.229,14:54:52.774,1187.0,1012.0,,,inhale,
32.253,14:54:52.798,1183.0,1013.0,,,inhale,
32.269,14:54:52.814,1182.0,1013.0,,,inhale,
32.289,14:54:52.834,1183.0,1017.0,,,inhale,
32.309,14:54:52.854,1183.0,1015.0,,,inhale,
32.329,14:54:52.874,1183.0,1013.0,,,inhale,
32.349,14:54:52.894,1181.0,1010.0,,,inhale,
32.369,14:54:52.914,1183.0,1014.0,,,inhale,
32.389,14:54:52.934,1183.0,1011.0,,,inhale,
32.409,14:54:52.954,1183.0,1012.0,,,inhale,
32.429,14:54:52.974,1180.0,1015.0,,,inhale,
32.449,14:54:52.994,1187.0,1013.0,,,inhale,
32.469,14:54:53.014,1183.0,1019.0,,,inhale,
32.489,14:54:53.034,1182.0,1012.0,,,inhale,
32.509,14:54:53.054,1188.0,1014.0,,,inhale,
32.529,14:54:53.074,1184.0,1014.0,,,inhale,
32.549,14:54:53.094,1187.0,1013.0,,,inhale,
32.569,14:54:53.114,1183.0,1013.0,,,inhale,
32.589,14:54:53.134,1184.0,1014.0,,,inhale,
32.609,14:54:53.154,1189.0,1014.0,,,inhale,
32.629,14:54:53.174,1151.0,1018.0,,,inhale,
32.649,14:54:53.194,1179.0,1016.0,,,inhale,
32.669,14:54:53.214,1187.0,1018.0,,,inhale,
32.689,14:54:53.234,1189.0,1017.0,,,inhale,
32.709,14:54:53.254,1191.0,1018.0,,,inhale,
32.729,14:54:53.274,1191.0,1017.0,,,inhale,
32.749,14:54:53.294,1189.0,1016.0,,,inhale,
32.769,14:54:53.314,1191.0,1018.0,,,inhale,
32.790,14:54:53.335,1193.0,1019.0,,,inhale,
32.809,14:54:53.354,1193.0,1020.0,,,inhale,
32.829,14:54:53.374,1199.0,1024.0,,,inhale,
32.849,14:54:53.394,1192.0,1020.0,,,inhale,
32.869,14:54:53.414,1193.0,1021.0,,,inhale,
32.890,14:54:53.435,1193.0,1023.0,,,inhale,
32.909,14:54:53.454,1193.0,1021.0,,,inhale,
32.929,14:54:53.474,1195.0,1021.0,,,inhale,
32.949,14:54:53.494,1192.0,1022.0,,,inhale,
32.969,14:54:53.514,1193.0,1021.0,,,inhale,
32.990,14:54:53.536,1193.0,1025.0,,,inhale,
33.009,14:54:53.554,1195.0,1021.0,,,inhale,
33.029,14:54:53.574,1195.0,1021.0,,,inhale,
33.049,14:54:53.594,1195.0,1023.0,,,inhale,
33.069,14:54:53.614,1195.0,1023.0,,,inhale,
33.089,14:54:53.634,1199.0,1023.0,,,inhale,
33.109,14:54:53.654,1195.0,1023.0,,,inhale,
33.129,14:54:53.674,1195.0,1024.0,,,inhale,
33.149,14:54:53.694,1195.0,1022.0,,,inhale,
33.169,14:54:53.714,1195.0,1022.0,,,inhale,
33.189,14:54:53.734,1194.0,1023.0,,,inhale,
33.209,14:54:53.754,1197.0,1024.0,,,inhale,
33.229,14:54:53.774,1195.0,1023.0,,,inhale,
33.253,14:54:53.798,1195.0,1023.0,,,inhale,
33.269,14:54:53.814,1193.0,1023.0,,,inhale,
33.289,14:54:53.834,1196.0,1022.0,,,inhale,
33.309,14:54:53.854,1195.0,1022.0,,,inhale,
33.329,14:54:53.874,1195.0,1027.0,,,inhale,
33.349,14:54:53.894,1195.0,1023.0,,,inhale,
33.369,14:54:53.914,1189.0,1023.0,,,inhale,
33.389,14:54:53.934,1195.0,1024.0,,,inhale,
33.409,14:54:53.954,1193.0,1024.0,,,inhale,
33.429,14:54:53.974,1195.0,1023.0,,,inhale,
33.449,14:54:53.994,1191.0,1024.0,,,inhale,
33.469,14:54:54.014,1183.0,1023.0,,,inhale,
33.489,14:54:54.034,1207.0,1023.0,,,inhale,
33.509,14:54:54.054,1197.0,1024.0,,,inhale,
33.529,14:54:54.074,1194.0,1022.0,,,inhale,
33.549,14:54:54.094,1195.0,1022.0,,,inhale,
33.569,14:54:54.114,1195.0,1024.0,,,inhale,
33.590,14:54:54.135,1190.0,1021.0,,,inhale,
33.609,14:54:54.154,1195.0,1023.0,,,inhale,
33.629,14:54:54.174,1190.0,1024.0,,,inhale,
33.649,14:54:54.194,1195.0,1021.0,,,inhale,
33.675,14:54:54.220,1195.0,1023.0,,,inhale,
33.689,14:54:54.234,1194.0,1022.0,,,inhale,
33.709,14:54:54.254,1189.0,1023.0,,,inhale,
33.729,14:54:54.274,1193.0,1020.0,,,inhale,
33.749,14:54:54.294,1193.0,1021.0,,,inhale,
33.769,14:54:54.314,1175.0,1020.0,,,inhale,
33.789,14:54:54.334,1192.0,1024.0,,,inhale,
33.809,14:54:54.354,1189.0,1020.0,,,inhale,
33.829,14:54:54.374,1193.0,1018.0,,,inhale,
33.849,14:54:54.394,1191.0,1023.0,,,inhale,
33.869,14:54:54.414,1190.0,1016.0,,,inhale,
33.889,14:54:54.434,1191.0,1021.0,,,inhale,
33.909,14:54:54.454,1191.0,1018.0,,,inhale,
33.929,14:54:54.474,1188.0,1016.0,,,inhale,
33.949,14:54:54.494,1189.0,1018.0,,,inhale,
33.969,14:54:54.514,1188.0,1019.0,,,exhale,exhale_onset
33.991,14:54:54.536,1189.0,1015.0,,,exhale,
34.009,14:54:54.554,1187.0,1017.0,,,exhale,
34.029,14:54:54.574,1189.0,1016.0,,,exhale,
34.049,14:54:54.594,1187.0,1016.0,,,exhale,
34.069,14:54:54.614,1189.0,1016.0,,,exhale,
34.089,14:54:54.634,1187.0,1015.0,,,exhale,
34.109,14:54:54.654,1184.0,1015.0,,,exhale,
34.129,14:54:54.674,1184.0,1014.0,,,exhale,
34.149,14:54:54.694,1183.0,1013.0,,,exhale,
34.169,14:54:54.714,1183.0,1013.0,,,exhale,
34.189,14:54:54.734,1181.0,1012.0,,,exhale,
34.209,14:54:54.754,1183.0,1012.0,,,exhale,
34.229,14:54:54.774,1187.0,1017.0,,,exhale,
34.253,14:54:54.798,1179.0,1012.0,,,exhale,
34.269,14:54:54.814,1181.0,1011.0,,,exhale,
34.290,14:54:54.835,1181.0,1012.0,,,exhale,
34.309,14:54:54.854,1193.0,1014.0,,,exhale,
34.329,14:54:54.874,1181.0,1010.0,,,exhale,
34.349,14:54:54.894,1187.0,1010.0,,,exhale,
34.369,14:54:54.914,1180.0,1010.0,,,exhale,
34.389,14:54:54.935,1181.0,1011.0,,,exhale,
34.409,14:54:54.954,1181.0,1011.0,,,exhale,
34.429,14:54:54.974,1183.0,1011.0,,,exhale,
34.449,14:54:54.994,1181.0,1011.0,,,exhale,
34.469,14:54:55.014,1181.0,1009.0,,,exhale,
34.490,14:54:55.035,1192.0,1009.0,,,exhale,
34.509,14:54:55.054,1182.0,1010.0,,,exhale,
34.529,14:54:55.074,1181.0,1011.0,,,exhale,
34.549,14:54:55.094,1181.0,1008.0,,,exhale,
34.569,14:54:55.114,1181.0,1010.0,,,exhale,
34.591,14:54:55.136,1182.0,1010.0,,,exhale,
34.609,14:54:55.154,1179.0,1009.0,,,exhale,
34.629,14:54:55.174,1179.0,1009.0,,,exhale,
34.649,14:54:55.194,1180.0,1008.0,,,exhale,
34.669,14:54:55.214,1179.0,1008.0,,,exhale,
34.689,14:54:55.234,1177.0,1008.0,,,exhale,
34.709,14:54:55.254,1178.0,1006.0,,,exhale,
34.729,14:54:55.274,1177.0,1007.0,,,exhale,
34.749,14:54:55.294,1176.0,1006.0,,,exhale,
34.769,14:54:55.314,1177.0,1008.0,,,exhale,
34.789,14:54:55.334,1175.0,1008.0,,,exhale,
34.809,14:54:55.354,1175.0,1005.0,,,exhale,
34.829,14:54:55.374,1176.0,1007.0,,,exhale,
34.849,14:54:55.394,1176.0,1007.0,,,exhale,
34.869,14:54:55.414,1175.0,1001.0,,,exhale,
34.890,14:54:55.435,1176.0,1007.0,,,exhale,
34.909,14:54:55.454,1173.0,1005.0,,,exhale,
34.929,14:54:55.474,1175.0,1005.0,,,exhale,
34.949,14:54:55.494,1175.0,1006.0,,,exhale,
34.969,14:54:55.514,1175.0,1006.0,,,exhale,
34.990,14:54:55.535,1173.0,1005.0,,,exhale,
35.010,14:54:55.555,1177.0,1006.0,,,exhale,
35.029,14:54:55.574,1175.0,1005.0,,,exhale,
35.049,14:54:55.594,1174.0,1001.0,,,exhale,
35.069,14:54:55.614,1173.0,1006.0,,,exhale,
35.089,14:54:55.634,1174.0,1003.0,,,exhale,
35.109,14:54:55.654,1172.0,1006.0,,,exhale,
35.129,14:54:55.674,1173.0,1006.0,,,exhale,
35.149,14:54:55.694,1173.0,1005.0,,,exhale,
35.169,14:54:55.714,1173.0,1004.0,,,exhale,
35.189,14:54:55.734,1175.0,998.0,,,exhale,
35.209,14:54:55.754,1173.0,1003.0,,,exhale,
35.229,14:54:55.774,1175.0,1003.0,,,exhale,
35.253,14:54:55.798,1174.0,1005.0,,,exhale,
35.269,14:54:55.814,1173.0,1004.0,,,exhale,
35.289,14:54:55.834,1173.0,1004.0,,,exhale,
35.309,14:54:55.854,1167.0,1003.0,,,exhale,
35.329,14:54:55.874,1171.0,1005.0,,,exhale,
35.349,14:54:55.894,1173.0,1003.0,,,exhale,
35.369,14:54:55.914,1173.0,1004.0,,,exhale,
35.390,14:54:55.935,1173.0,1002.0,,,exhale,
35.409,14:54:55.954,1173.0,1007.0,,,exhale,
35.429,14:54:55.974,1174.0,1004.0,,,exhale,
35.449,14:54:55.994,1173.0,1004.0,,,exhale,
35.469,14:54:56.014,1174.0,1004.0,,,exhale,
35.489,14:54:56.034,1173.0,1003.0,,,exhale,
35.509,14:54:56.054,1173.0,1003.0,,,exhale,
35.529,14:54:56.074,1169.0,1003.0,,,exhale,
35.549,14:54:56.094,1173.0,1004.0,,,inhale,inhale_onset
35.569,14:54:56.114,1172.0,1003.0,,,inhale,
35.589,14:54:56.134,1172.0,1004.0,,,inhale,
35.609,14:54:56.154,1171.0,1003.0,,,inhale,
35.632,14:54:56.177,1171.0,1003.0,,,inhale,
35.649,14:54:56.194,1171.0,1002.0,,,inhale,
35.669,14:54:56.214,1171.0,1002.0,,,inhale,
35.689,14:54:56.234,1171.0,1003.0,,,inhale,
35.709,14:54:56.254,1171.0,1005.0,,,inhale,
35.729,14:54:56.274,1171.0,1003.0,,,inhale,
35.749,14:54:56.294,1171.0,1003.0,,,inhale,
35.769,14:54:56.314,1171.0,1003.0,,,inhale,
35.789,14:54:56.334,1169.0,1002.0,,,inhale,
35.809,14:54:56.354,1171.0,1004.0,,,inhale,
35.829,14:54:56.374,1171.0,1003.0,,,inhale,
35.849,14:54:56.394,1171.0,1006.0,,,inhale,
35.869,14:54:56.414,1173.0,1002.0,,,inhale,
35.889,14:54:56.434,1171.0,1003.0,,,inhale,
35.909,14:54:56.454,1173.0,1004.0,,,inhale,
35.929,14:54:56.474,1171.0,1004.0,,,inhale,
35.949,14:54:56.494,1177.0,1005.0,,,inhale,
35.969,14:54:56.514,1175.0,1010.0,,,inhale,
35.990,14:54:56.535,1175.0,1004.0,,,inhale,
36.009,14:54:56.554,1175.0,1008.0,,,inhale,
36.029,14:54:56.574,1179.0,1002.0,,,inhale,
36.049,14:54:56.594,1199.0,1007.0,,,inhale,
36.069,14:54:56.614,1177.0,1012.0,,,inhale,
36.089,14:54:56.634,1180.0,1008.0,,,inhale,
36.109,14:54:56.654,1179.0,1008.0,,,inhale,
36.129,14:54:56.674,1182.0,1008.0,,,inhale,
36.149,14:54:56.694,1179.0,1009.0,,,inhale,
36.169,14:54:56.714,1181.0,1011.0,,,inhale,
36.190,14:54:56.735,1183.0,1011.0,,,inhale,
36.209,14:54:56.754,1181.0,1010.0,,,inhale,
36.229,14:54:56.774,1187.0,1016.0,,,inhale,
36.253,14:54:56.798,1181.0,1012.0,,,inhale,
36.269,14:54:56.814,1183.0,1012.0,,,inhale,
36.289,14:54:56.834,1187.0,1014.0,,,inhale,
36.309,14:54:56.854,1183.0,1015.0,,,inhale,
36.329,14:54:56.874,1096.0,1013.0,,,inhale,
36.349,14:54:56.894,1184.0,1014.0,,,inhale,
36.369,14:54:56.914,1188.0,1014.0,,,inhale,
36.390,14:54:56.935,1187.0,1014.0,,,inhale,
36.409,14:54:56.954,1187.0,1016.0,,,inhale,
36.429,14:54:56.974,1187.0,1018.0,,,inhale,
36.449,14:54:56.994,1187.0,1017.0,,,inhale,
36.469,14:54:57.014,1191.0,1017.0,,,inhale,
36.489,14:54:57.034,1189.0,1018.0,,,inhale,
36.509,14:54:57.054,1191.0,1014.0,,,inhale,
36.529,14:54:57.074,1189.0,1017.0,,,inhale,
36.549,14:54:57.094,1190.0,1018.0,,,inhale,
36.569,14:54:57.114,1191.0,1017.0,,,inhale,
36.590,14:54:57.135,1191.0,1018.0,,,inhale,
36.609,14:54:57.154,1191.0,1018.0,,,inhale,
36.629,14:54:57.174,1189.0,1021.0,,,inhale,
36.649,14:54:57.194,1193.0,1019.0,,,inhale,
36.669,14:54:57.214,1192.0,1019.0,,,inhale,
36.690,14:54:57.235,1191.0,1019.0,,,inhale,
36.709,14:54:57.254,1192.0,1020.0,,,inhale,
36.729,14:54:57.274,1192.0,1018.0,,,inhale,
36.749,14:54:57.294,1191.0,1019.0,,,inhale,
36.769,14:54:57.314,1192.0,1022.0,,,inhale,
36.789,14:54:57.334,1191.0,1031.0,,,inhale,
36.809,14:54:57.354,1195.0,1020.0,,,inhale,
36.829,14:54:57.374,1191.0,1020.0,,,inhale,
36.849,14:54:57.394,1190.0,1019.0,,,inhale,
36.869,14:54:57.414,1191.0,1019.0,,,inhale,
36.889,14:54:57.434,1193.0,1019.0,,,inhale,
36.909,14:54:57.454,1191.0,1020.0,,,inhale,
36.929,14:54:57.474,1191.0,1018.0,,,inhale,
36.949,14:54:57.494,1192.0,1019.0,,,inhale,
36.969,14:54:57.514,1192.0,1020.0,,,inhale,
36.989,14:54:57.534,1189.0,1020.0,,,inhale,
37.009,14:54:57.554,1192.0,1020.0,,,inhale,
37.029,14:54:57.574,1191.0,1020.0,,,inhale,
37.049,14:54:57.594,1191.0,1020.0,,,inhale,
37.069,14:54:57.614,1189.0,1020.0,,,inhale,
37.089,14:54:57.634,1192.0,1024.0,,,inhale,
37.109,14:54:57.654,1193.0,1020.0,,,inhale,
37.129,14:54:57.674,1192.0,1020.0,,,inhale,
37.149,14:54:57.694,1191.0,1019.0,,,inhale,
37.169,14:54:57.714,1197.0,1020.0,,,inhale,
37.189,14:54:57.734,1191.0,1020.0,,,inhale,
37.209,14:54:57.754,1191.0,1018.0,,,inhale,
37.229,14:54:57.774,1190.0,1017.0,,,inhale,
37.253,14:54:57.798,1189.0,1018.0,,,inhale,
37.269,14:54:57.814,1190.0,1017.0,,,inhale,
37.289,14:54:57.834,1195.0,1021.0,,,inhale,
37.309,14:54:57.854,1189.0,1018.0,,,inhale,
37.329,14:54:57.874,1190.0,1015.0,,,inhale,
37.349,14:54:57.894,1189.0,1019.0,,,inhale,
37.369,14:54:57.914,1187.0,1018.0,,,inhale,
37.389,14:54:57.934,1188.0,1014.0,,,inhale,
37.409,14:54:57.954,1187.0,1019.0,,,inhale,
37.429,14:54:57.974,1184.0,1017.0,,,exhale,exhale_onset
37.449,14:54:57.994,1188.0,1016.0,,,exhale,
37.469,14:54:58.014,1187.0,1018.0,,,exhale,
37.491,14:54:58.036,1189.0,1016.0,,,exhale,
37.509,14:54:58.054,1189.0,1016.0,,,exhale,
37.529,14:54:58.074,1188.0,1015.0,,,exhale,
37.549,14:54:58.094,1156.0,1015.0,,,exhale,
37.569,14:54:58.114,1188.0,1016.0,,,exhale,
37.590,14:54:58.135,1187.0,1014.0,,,exhale,
37.609,14:54:58.154,1187.0,1016.0,,,exhale,
37.629,14:54:58.174,1190.0,1015.0,,,exhale,
37.649,14:54:58.194,1187.0,1014.0,,,exhale,
37.669,14:54:58.214,1187.0,1015.0,,,exhale,
37.689,14:54:58.234,1196.0,1011.0,,,exhale,
37.709,14:54:58.254,1189.0,1012.0,,,exhale,
37.729,14:54:58.274,1187.0,1013.0,,,exhale,
37.749,14:54:58.294,1187.0,1017.0,,,exhale,
37.769,14:54:58.314,1183.0,1012.0,,,exhale,
37.790,14:54:58.335,1183.0,1013.0,,,exhale,
37.809,14:54:58.354,1182.0,1012.0,,,exhale,
37.829,14:54:58.374,1187.0,1012.0,,,exhale,
37.849,14:54:58.394,1183.0,1013.0,,,exhale,
37.869,14:54:58.414,1182.0,1011.0,,,exhale,
37.889,14:54:58.434,1182.0,1012.0,,,exhale,
37.909,14:54:58.454,1187.0,1013.0,,,exhale,
37.929,14:54:58.474,1182.0,1012.0,,,exhale,
37.949,14:54:58.494,1183.0,1013.0,,,exhale,
37.969,14:54:58.514,1182.0,1011.0,,,exhale,
37.989,14:54:58.534,1183.0,1013.0,,,exhale,
38.009,14:54:58.554,1181.0,1013.0,,,exhale,
38.029,14:54:58.574,1181.0,1012.0,,,exhale,
38.049,14:54:58.594,1178.0,1011.0,,,exhale,
38.069,14:54:58.614,1181.0,1010.0,,,exhale,
38.089,14:54:58.634,1181.0,1011.0,,,exhale,
38.109,14:54:58.654,1179.0,1011.0,,,exhale,
38.129,14:54:58.674,1182.0,1008.0,,,exhale,
38.149,14:54:58.694,1180.0,1009.0,,,exhale,
38.169,14:54:58.714,1180.0,1010.0,,,exhale,
38.189,14:54:58.734,1181.0,1011.0,,,exhale,
38.209,14:54:58.754,1238.0,1011.0,,,exhale,
38.229,14:54:58.774,1181.0,1010.0,,,exhale,
38.253,14:54:58.798,1179.0,1006.0,,,exhale,
38.269,14:54:58.814,1182.0,1010.0,,,exhale,
38.290,14:54:58.835,1181.0,1008.0,,,exhale,
38.309,14:54:58.854,1176.0,1010.0,,,exhale,
38.329,14:54:58.874,1177.0,1008.0,,,exhale,
38.349,14:54:58.894,1150.0,1015.0,,,exhale,
38.369,14:54:58.914,1179.0,1007.0,,,exhale,
38.390,14:54:58.935,1181.0,1008.0,,,exhale,
38.409,14:54:58.954,1183.0,1005.0,,,exhale,
38.429,14:54:58.974,1177.0,1010.0,,,exhale,
38.449,14:54:58.994,1180.0,1008.0,,,exhale,
38.469,14:54:59.014,1179.0,1005.0,,,exhale,
38.489,14:54:59.034,1191.0,1009.0,,,exhale,
38.509,14:54:59.054,1181.0,1009.0,,,exhale,
38.529,14:54:59.074,1179.0,1008.0,,,exhale,
38.549,14:54:59.094,1181.0,1010.0,,,exhale,
38.569,14:54:59.114,1178.0,1009.0,,,exhale,
38.589,14:54:59.134,1177.0,1004.0,,,exhale,
38.609,14:54:59.154,1173.0,1006.0,,,exhale,
38.629,14:54:59.174,1179.0,1009.0,,,exhale,
38.649,14:54:59.194,1179.0,1008.0,,,exhale,
38.669,14:54:59.214,1179.0,1009.0,,,exhale,
38.689,14:54:59.234,1179.0,1009.0,,,exhale,
38.709,14:54:59.254,1179.0,1009.0,,,exhale,
38.729,14:54:59.274,1181.0,1013.0,,,exhale,
38.749,14:54:59.294,1179.0,1010.0,,,exhale,
38.769,14:54:59.314,1176.0,1011.0,,,exhale,
38.789,14:54:59.334,1183.0,1009.0,,,exhale,
38.809,14:54:59.354,1189.0,1007.0,,,exhale,
38.829,14:54:59.374,1179.0,1009.0,,,exhale,
38.849,14:54:59.394,1177.0,1009.0,,,exhale,
38.869,14:54:59.414,1180.0,1010.0,,,exhale,
38.889,14:54:59.434,1181.0,1012.0,,,exhale,
38.909,14:54:59.454,1179.0,1010.0,,,exhale,
38.929,14:54:59.474,1181.0,1010.0,,,exhale,
38.949,14:54:59.494,1179.0,1010.0,,,exhale,
38.969,14:54:59.514,1181.0,1005.0,,,exhale,
38.990,14:54:59.535,1181.0,1010.0,,,exhale,
39.009,14:54:59.554,1181.0,1010.0,,,exhale,
39.029,14:54:59.574,1150.0,1010.0,,,exhale,
39.049,14:54:59.594,1181.0,1010.0,,,exhale,
39.069,14:54:59.614,1179.0,1012.0,,,exhale,
39.089,14:54:59.634,1181.0,1010.0,,,exhale,
39.109,14:54:59.654,1180.0,1011.0,,,exhale,
39.129,14:54:59.674,1182.0,1011.0,,,inhale,inhale_onset
39.149,14:54:59.694,1181.0,1010.0,,,inhale,
39.169,14:54:59.714,1182.0,1012.0,,,inhale,
39.189,14:54:59.734,1181.0,1009.0,,,inhale,
39.209,14:54:59.754,1182.0,1014.0,,,inhale,
39.229,14:54:59.774,1183.0,1013.0,,,inhale,
39.253,14:54:59.798,1183.0,1014.0,,,inhale,
39.269,14:54:59.814,1184.0,1013.0,,,inhale,
39.289,14:54:59.834,1181.0,1021.0,,,inhale,
39.309,14:54:59.854,1181.0,1015.0,,,inhale,
39.329,14:54:59.874,1187.0,1018.0,,,inhale,
39.349,14:54:59.894,1184.0,1016.0,,,inhale,
39.369,14:54:59.914,1187.0,1016.0,,,inhale,
39.390,14:54:59.935,1189.0,1017.0,,,inhale,
39.409,14:54:59.954,1191.0,1016.0,,,inhale,
39.429,14:54:59.974,1189.0,1016.0,,,inhale,
39.449,14:54:59.994,1189.0,1012.0,,,inhale,
39.469,14:55:00.014,1191.0,1018.0,,,inhale,
39.490,14:55:00.035,1186.0,1014.0,,,inhale,
39.509,14:55:00.054,1191.0,1018.0,,,inhale,
39.529,14:55:00.074,1191.0,1022.0,,,inhale,
39.549,14:55:00.094,1193.0,1019.0,,,inhale,
39.569,14:55:00.114,1195.0,1020.0,,,inhale,
39.590,14:55:00.135,1180.0,1020.0,,,inhale,
39.609,14:55:00.154,1192.0,1020.0,,,inhale,
39.629,14:55:00.174,1183.0,1019.0,,,inhale,
39.649,14:55:00.194,1191.0,1020.0,,,inhale,
39.669,14:55:00.214,1192.0,1020.0,,,inhale,
39.690,14:55:00.235,1193.0,1017.0,,,inhale,
39.709,14:55:00.254,1191.0,1019.0,,,inhale,
39.729,14:55:00.274,1193.0,1024.0,,,inhale,
39.749,14:55:00.294,1191.0,1022.0,,,inhale,
39.769,14:55:00.314,1193.0,1021.0,,,inhale,
39.789,14:55:00.334,1192.0,1021.0,,,inhale,
39.809,14:55:00.354,1193.0,1025.0,,,inhale,
39.829,14:55:00.374,1194.0,1019.0,,,inhale,
39.849,14:55:00.394,1193.0,1019.0,,,inhale,
39.869,14:55:00.414,1190.0,1021.0,,,inhale,
39.894,14:55:00.439,1191.0,1019.0,,,inhale,
39.909,14:55:00.454,1192.0,1019.0,,,inhale,
39.929,14:55:00.474,1191.0,1019.0,,,inhale,
39.949,14:55:00.494,1192.0,1021.0,,,inhale,
39.969,14:55:00.514,1189.0,1019.0,,,inhale,
39.989,14:55:00.534,1189.0,1017.0,,,inhale,
40.009,14:55:00.554,1189.0,1018.0,,,inhale,
40.029,14:55:00.574,1189.0,1017.0,,,inhale,
40.049,14:55:00.594,1191.0,1018.0,,,inhale,
40.069,14:55:00.614,1191.0,1017.0,,,inhale,
40.089,14:55:00.634,1190.0,1018.0,,,inhale,
40.109,14:55:00.654,1190.0,1021.0,,,inhale,
40.129,14:55:00.674,1190.0,1014.0,,,inhale,
40.149,14:55:00.694,1189.0,1021.0,,,inhale,
40.169,14:55:00.714,1189.0,1016.0,,,inhale,
40.189,14:55:00.734,1187.0,1015.0,,,inhale,
40.209,14:55:00.754,1192.0,1017.0,,,inhale,
40.229,14:55:00.774,1183.0,1016.0,,,inhale,
40.253,14:55:00.798,1189.0,1015.0,,,inhale,
40.269,14:55:00.814,1189.0,1014.0,,,inhale,
40.290,14:55:00.835,1187.0,1018.0,,,inhale,
40.309,14:55:00.854,1187.0,1014.0,,,inhale,
40.329,14:55:00.874,1172.0,1015.0,,,exhale,exhale_onset
40.349,14:55:00.894,1184.0,1014.0,,,exhale,
40.369,14:55:00.914,1191.0,1015.0,,,exhale,
40.389,14:55:00.934,1183.0,1013.0,,,exhale,
40.409,14:55:00.954,1183.0,1011.0,,,exhale,
40.429,14:55:00.974,1184.0,1013.0,,,exhale,
40.449,14:55:00.994,1184.0,1012.0,,,exhale,
40.469,14:55:01.014,1182.0,1012.0,,,exhale,
40.489,14:55:01.034,1183.0,1013.0,,,exhale,
40.509,14:55:01.054,1183.0,1015.0,,,exhale,
40.529,14:55:01.074,1183.0,1013.0,,,exhale,
40.549,14:55:01.094,1187.0,1011.0,,,exhale,
40.569,14:55:01.114,1183.0,1012.0,,,exhale,
40.589,14:55:01.134,1181.0,1012.0,,,exhale,
40.609,14:55:01.154,1181.0,1012.0,,,exhale,
40.629,14:55:01.174,1181.0,1011.0,,,exhale,
40.649,14:55:01.194,1183.0,1012.0,,,exhale,
40.669,14:55:01.214,1181.0,1013.0,,,exhale,
40.689,14:55:01.234,1181.0,1018.0,,,exhale,
40.709,14:55:01.254,1181.0,1012.0,,,exhale,
40.729,14:55:01.274,1179.0,1010.0,,,exhale,
40.749,14:55:01.294,1179.0,1011.0,,,exhale,
40.769,14:55:01.314,1180.0,1011.0,,,exhale,
40.789,14:55:01.335,1181.0,1010.0,,,exhale,
40.809,14:55:01.354,1189.0,1009.0,,,exhale,
40.829,14:55:01.374,1183.0,1009.0,,,exhale,
40.849,14:55:01.394,1179.0,1009.0,,,exhale,
40.869,14:55:01.414,1177.0,1009.0,,,exhale,
40.889,14:55:01.434,1178.0,1008.0,,,exhale,
40.909,14:55:01.454,1179.0,1007.0,,,exhale,
40.929,14:55:01.474,1175.0,1008.0,,,exhale,
40.949,14:55:01.494,1177.0,1008.0,,,exhale,
40.969,14:55:01.514,1177.0,1007.0,,,exhale,
40.990,14:55:01.536,1177.0,1014.0,,,exhale,
41.009,14:55:01.554,1175.0,1006.0,,,exhale,
41.029,14:55:01.574,1175.0,1006.0,,,exhale,
41.049,14:55:01.594,1173.0,1007.0,,,exhale,
41.069,14:55:01.614,1175.0,1007.0,,,exhale,
41.089,14:55:01.634,1174.0,1008.0,,,exhale,
41.109,14:55:01.654,1175.0,1001.0,,,exhale,
41.129,14:55:01.674,1177.0,1007.0,,,exhale,
41.149,14:55:01.694,1176.0,1007.0,,,exhale,
41.169,14:55:01.714,1173.0,1005.0,,,exhale,
41.189,14:55:01.734,1175.0,1007.0,,,exhale,
41.209,14:55:01.754,1174.0,1005.0,,,exhale,
41.229,14:55:01.774,1069.0,1005.0,,,exhale,
41.253,14:55:01.798,1176.0,1004.0,,,exhale,
41.269,14:55:01.814,1173.0,1005.0,,,exhale,
41.289,14:55:01.834,1175.0,1005.0,,,exhale,
41.309,14:55:01.854,1157.0,1003.0,,,exhale,
41.329,14:55:01.874,1173.0,1005.0,,,exhale,
41.349,14:55:01.894,1173.0,1007.0,,,exhale,
41.369,14:55:01.914,1166.0,1004.0,,,exhale,
41.389,14:55:01.934,1171.0,998.0,,,exhale,
41.409,14:55:01.954,1174.0,1004.0,,,exhale,
41.429,14:55:01.974,1171.0,1003.0,,,exhale,
41.449,14:55:01.994,1175.0,1004.0,,,exhale,
41.469,14:55:02.014,1173.0,1012.0,,,exhale,
41.489,14:55:02.034,1171.0,996.0,,,exhale,
41.509,14:55:02.054,1173.0,1004.0,,,exhale,
41.529,14:55:02.074,1177.0,1002.0,,,exhale,
41.549,14:55:02.094,1171.0,1003.0,,,exhale,
41.569,14:55:02.114,1171.0,1004.0,,,exhale,
41.590,14:55:02.135,1171.0,1008.0,,,exhale,
41.609,14:55:02.154,1181.0,1002.0,,,exhale,
41.629,14:55:02.174,1172.0,1003.0,,,exhale,
41.649,14:55:02.194,1171.0,1003.0,,,exhale,
41.669,14:55:02.214,1172.0,1003.0,,,exhale,
41.691,14:55:02.236,1167.0,1005.0,,,exhale,
41.709,14:55:02.254,1171.0,1004.0,,,exhale,
41.729,14:55:02.274,1171.0,1002.0,,,exhale,
41.749,14:55:02.294,1171.0,1002.0,,,exhale,
41.769,14:55:02.314,1171.0,1002.0,,,exhale,
41.790,14:55:02.335,1171.0,1003.0,,,exhale,
41.809,14:55:02.354,1171.0,1002.0,,,exhale,
41.829,14:55:02.374,1171.0,1001.0,,,exhale,
41.849,14:55:02.394,1167.0,1000.0,,,exhale,
41.869,14:55:02.414,1167.0,1001.0,,,exhale,
41.890,14:55:02.435,1171.0,1002.0,,,exhale,
41.909,14:55:02.454,1170.0,1001.0,,,exhale,
41.929,14:55:02.474,1166.0,1002.0,,,exhale,
41.949,14:55:02.494,1167.0,1001.0,,,exhale,
41.969,14:55:02.514,1171.0,1003.0,,,exhale,
41.989,14:55:02.534,1171.0,1004.0,,,exhale,
42.009,14:55:02.554,1172.0,1006.0,,,exhale,
42.029,14:55:02.574,1174.0,1004.0,,,exhale,
42.049,14:55:02.594,1171.0,1004.0,,,exhale,
42.069,14:55:02.614,1175.0,1004.0,,,exhale,
42.089,14:55:02.635,1175.0,1006.0,,,exhale,
42.109,14:55:02.654,1172.0,1007.0,,,exhale,
42.129,14:55:02.674,1176.0,1007.0,,,inhale,inhale_onset
42.149,14:55:02.694,1176.0,1008.0,,,inhale,
42.169,14:55:02.714,1177.0,1007.0,,,inhale,
42.189,14:55:02.734,1179.0,1008.0,,,inhale,
42.209,14:55:02.754,1179.0,1006.0,,,inhale,
42.229,14:55:02.774,1171.0,1009.0,,,inhale,
42.253,14:55:02.798,1181.0,1008.0,,,inhale,
42.269,14:55:02.814,1182.0,1011.0,,,inhale,
42.289,14:55:02.834,1183.0,1011.0,,,inhale,
42.309,14:55:02.854,1184.0,1012.0,,,inhale,
42.329,14:55:02.874,1183.0,1012.0,,,inhale,
42.349,14:55:02.894,1187.0,1014.0,,,inhale,
42.369,14:55:02.914,1189.0,1014.0,,,inhale,
42.389,14:55:02.934,1175.0,1014.0,,,inhale,
42.409,14:55:02.954,1187.0,1018.0,,,inhale,
42.429,14:55:02.974,1187.0,1015.0,,,inhale,
42.449,14:55:02.994,1187.0,1021.0,,,inhale,
42.469,14:55:03.014,1187.0,1019.0,,,inhale,
42.489,14:55:03.034,1189.0,1016.0,,,inhale,
42.509,14:55:03.054,1189.0,1016.0,,,inhale,
42.529,14:55:03.074,1193.0,1012.0,,,inhale,
42.565,14:55:03.110,1190.0,1017.0,,,inhale,
42.571,14:55:03.116,1191.0,1014.0,,,inhale,
42.589,14:55:03.134,1180.0,1017.0,,,inhale,
42.609,14:55:03.154,1189.0,1017.0,,,inhale,
42.629,14:55:03.174,1189.0,1017.0,,,inhale,
42.649,14:55:03.194,1191.0,1020.0,,,inhale,
42.669,14:55:03.214,1188.0,1018.0,,,inhale,
42.689,14:55:03.234,1189.0,1018.0,,,inhale,
42.709,14:55:03.254,1189.0,1020.0,,,inhale,
42.729,14:55:03.274,1189.0,1018.0,,,inhale,
42.749,14:55:03.294,1189.0,1016.0,,,inhale,
42.769,14:55:03.314,1126.0,1018.0,,,inhale,
42.789,14:55:03.334,1184.0,1016.0,,,inhale,
42.809,14:55:03.354,1189.0,1017.0,,,inhale,
42.829,14:55:03.374,1189.0,1017.0,,,inhale,
42.849,14:55:03.394,1190.0,1017.0,,,inhale,
42.869,14:55:03.414,1189.0,1018.0,,,inhale,
42.890,14:55:03.435,1191.0,1020.0,,,inhale,
42.909,14:55:03.454,1190.0,1022.0,,,inhale,
42.929,14:55:03.474,1189.0,1018.0,,,inhale,
42.949,14:55:03.494,1191.0,1020.0,,,inhale,
42.969,14:55:03.514,1263.0,1017.0,,,inhale,
42.991,14:55:03.536,1189.0,1018.0,,,inhale,
43.009,14:55:03.554,1190.0,1018.0,,,inhale,
43.029,14:55:03.574,1189.0,1018.0,,,inhale,
43.049,14:55:03.594,1192.0,1018.0,,,inhale,
43.069,14:55:03.614,1187.0,1017.0,,,inhale,
43.089,14:55:03.634,1189.0,1017.0,,,inhale,
43.109,14:55:03.654,1191.0,1018.0,,,inhale,
43.129,14:55:03.674,1191.0,1019.0,,,inhale,
43.149,14:55:03.694,1191.0,1021.0,,,inhale,
43.169,14:55:03.714,1191.0,1019.0,,,inhale,
43.189,14:55:03.734,1193.0,1018.0,,,inhale,
43.209,14:55:03.754,1191.0,1018.0,,,inhale,
43.229,14:55:03.774,1191.0,1022.0,,,inhale,
43.253,14:55:03.798,1193.0,1017.0,,,inhale,
43.269,14:55:03.814,1195.0,1020.0,,,inhale,
43.290,14:55:03.835,1191.0,1021.0,,,inhale,
43.309,14:55:03.854,1192.0,1020.0,,,inhale,
43.329,14:55:03.874,1229.0,1020.0,,,inhale,
43.349,14:55:03.894,1193.0,1020.0,,,inhale,
43.369,14:55:03.914,1193.0,1019.0,,,inhale,
43.389,14:55:03.934,1193.0,1018.0,,,inhale,
43.409,14:55:03.954,1192.0,1019.0,,,inhale,
43.429,14:55:03.974,1192.0,1019.0,,,inhale,
43.449,14:55:03.994,1192.0,1019.0,,,inhale,
43.469,14:55:04.014,1190.0,1018.0,,,inhale,
43.489,14:55:04.034,1189.0,1020.0,,,inhale,
43.509,14:55:04.054,1189.0,1017.0,,,inhale,
43.529,14:55:04.074,1189.0,1016.0,,,inhale,
43.549,14:55:04.094,1189.0,1018.0,,,inhale,
43.569,14:55:04.114,1191.0,1018.0,,,inhale,
43.590,14:55:04.135,1183.0,1018.0,,,inhale,
43.609,14:55:04.154,1190.0,1017.0,,,exhale,exhale_onset
43.629,14:55:04.174,1189.0,1017.0,,,exhale,
43.649,14:55:04.194,1189.0,1015.0,,,exhale,
43.669,14:55:04.214,1189.0,1024.0,,,exhale,
43.689,14:55:04.234,1189.0,1012.0,,,exhale,
43.709,14:55:04.254,1177.0,1014.0,,,exhale,
43.729,14:55:04.274,1183.0,1013.0,,,exhale,
43.749,14:55:04.294,1187.0,1013.0,,,exhale,
43.769,14:55:04.314,1187.0,1013.0,,,exhale,
43.789,14:55:04.334,1189.0,1014.0,,,exhale,
43.809,14:55:04.354,1167.0,1014.0,,,exhale,
43.829,14:55:04.374,1183.0,1017.0,,,exhale,
43.849,14:55:04.394,1189.0,1013.0,,,exhale,
43.869,14:55:04.414,1181.0,1013.0,,,exhale,
43.890,14:55:04.436,1178.0,1012.0,,,exhale,
43.909,14:55:04.454,1183.0,1011.0,,,exhale,
43.929,14:55:04.474,1183.0,1020.0,,,exhale,
43.949,14:55:04.494,1187.0,1013.0,,,exhale,
43.969,14:55:04.514,1181.0,1013.0,,,exhale,
43.989,14:55:04.534,1183.0,1013.0,,,exhale,
44.009,14:55:04.554,1183.0,1013.0,,,exhale,
44.029,14:55:04.574,1183.0,1009.0,,,exhale,
44.049,14:55:04.594,1182.0,1012.0,,,exhale,
44.069,14:55:04.614,1183.0,1012.0,,,exhale,
44.090,14:55:04.635,1182.0,1015.0,,,exhale,
44.109,14:55:04.654,1183.0,1012.0,,,exhale,
44.129,14:55:04.674,1183.0,1010.0,,,exhale,
44.149,14:55:04.694,1181.0,1016.0,,,exhale,
44.169,14:55:04.714,1180.0,1017.0,,,exhale,
44.190,14:55:04.735,1181.0,1011.0,,,exhale,
44.209,14:55:04.754,1171.0,1011.0,,,exhale,
44.229,14:55:04.774,1181.0,1010.0,,,exhale,
44.253,14:55:04.798,1181.0,1011.0,,,exhale,
44.269,14:55:04.814,1181.0,1011.0,,,exhale,
44.290,14:55:04.835,1294.0,1011.0,,,exhale,
44.309,14:55:04.854,1181.0,1010.0,,,exhale,
44.329,14:55:04.874,1183.0,1012.0,,,exhale,
44.349,14:55:04.894,1181.0,1011.0,,,exhale,
44.369,14:55:04.914,1179.0,1012.0,,,exhale,
44.389,14:55:04.934,1180.0,1006.0,,,exhale,
44.409,14:55:04.954,1179.0,1010.0,,,exhale,
44.429,14:55:04.974,1183.0,1011.0,,,exhale,
44.449,14:55:04.994,1179.0,1014.0,,,exhale,
44.469,14:55:05.014,1183.0,1011.0,,,exhale,
44.490,14:55:05.035,1181.0,1011.0,,,exhale,
44.509,14:55:05.054,1181.0,1011.0,,,exhale,
44.529,14:55:05.074,1183.0,1010.0,,,exhale,
44.549,14:55:05.094,1189.0,1012.0,,,exhale,
44.569,14:55:05.114,1183.0,1007.0,,,exhale,
44.590,14:55:05.135,1143.0,1012.0,,,exhale,
44.609,14:55:05.154,1183.0,1013.0,,,exhale,
44.629,14:55:05.174,1196.0,1019.0,,,exhale,
44.649,14:55:05.194,1187.0,1013.0,,,exhale,
44.669,14:55:05.214,1183.0,1014.0,,,exhale,
44.689,14:55:05.234,1189.0,1017.0,,,exhale,
44.709,14:55:05.254,1189.0,1015.0,,,exhale,
44.729,14:55:05.274,1187.0,1017.0,,,exhale,
44.749,14:55:05.294,1189.0,1014.0,,,exhale,
44.769,14:55:05.314,1184.0,1018.0,,,exhale,
44.791,14:55:05.336,1188.0,1016.0,,,exhale,
44.809,14:55:05.354,1187.0,1009.0,,,exhale,
44.829,14:55:05.374,1189.0,1015.0,,,exhale,
44.849,14:55:05.394,1189.0,1017.0,,,exhale,
44.869,14:55:05.414,1189.0,1017.0,,,exhale,
44.889,14:55:05.434,1189.0,1018.0,,,exhale,
44.909,14:55:05.454,1191.0,1020.0,,,inhale,inhale_onset
44.929,14:55:05.474,1191.0,1021.0,,,inhale,
44.949,14:55:05.494,1195.0,1020.0,,,inhale,
44.969,14:55:05.514,1196.0,1020.0,,,inhale,
44.989,14:55:05.534,1194.0,1019.0,,,inhale,
45.009,14:55:05.554,1193.0,1021.0,,,inhale,
45.029,14:55:05.574,1193.0,1022.0,,,inhale,
45.049,14:55:05.594,1193.0,1020.0,,,inhale,
45.069,14:55:05.614,1191.0,1021.0,,,inhale,
45.089,14:55:05.634,1195.0,1022.0,,,inhale,
45.109,14:55:05.654,1196.0,1022.0,,,inhale,
45.129,14:55:05.674,1197.0,1023.0,,,inhale,
45.149,14:55:05.694,1195.0,1023.0,,,inhale,
45.169,14:55:05.714,1198.0,1024.0,,,inhale,
45.189,14:55:05.734,1195.0,1023.0,,,inhale,
45.209,14:55:05.754,1195.0,1022.0,,,inhale,
45.229,14:55:05.774,1196.0,1022.0,,,inhale,
45.253,14:55:05.798,1196.0,1027.0,,,inhale,
45.269,14:55:05.814,1194.0,1022.0,,,inhale,
45.289,14:55:05.834,1195.0,1023.0,,,inhale,
45.309,14:55:05.854,1195.0,1022.0,,,inhale,
45.329,14:55:05.874,1195.0,1028.0,,,inhale,
45.349,14:55:05.894,1196.0,1022.0,,,inhale,
45.369,14:55:05.914,1197.0,1023.0,,,inhale,
45.389,14:55:05.934,1195.0,1022.0,,,inhale,
45.409,14:55:05.954,1195.0,1024.0,,,inhale,
45.429,14:55:05.974,1197.0,1022.0,,,inhale,
45.449,14:55:05.994,1195.0,1021.0,,,inhale,
45.469,14:55:06.014,1197.0,1023.0,,,inhale,
45.489,14:55:06.034,1193.0,1021.0,,,inhale,
45.509,14:55:06.054,1194.0,1021.0,,,inhale,
45.529,14:55:06.074,1196.0,1020.0,,,inhale,
45.549,14:55:06.094,1183.0,1021.0,,,inhale,
45.569,14:55:06.114,1194.0,1021.0,,,inhale,
45.590,14:55:06.135,1192.0,1024.0,,,inhale,
45.609,14:55:06.154,1193.0,1020.0,,,inhale,
45.629,14:55:06.174,1193.0,1026.0,,,inhale,
45.649,14:55:06.194,1193.0,1020.0,,,inhale,
45.669,14:55:06.214,1191.0,1020.0,,,inhale,
45.690,14:55:06.235,1193.0,1019.0,,,inhale,
45.709,14:55:06.254,1191.0,1019.0,,,inhale,
45.729,14:55:06.274,1207.0,1019.0,,,inhale,
45.749,14:55:06.294,1192.0,1020.0,,,inhale,
45.769,14:55:06.314,1192.0,1018.0,,,inhale,
45.791,14:55:06.336,1193.0,1020.0,,,inhale,
45.809,14:55:06.354,1191.0,1019.0,,,inhale,
45.829,14:55:06.374,1191.0,1025.0,,,inhale,
45.849,14:55:06.394,1189.0,1018.0,,,inhale,
45.869,14:55:06.414,1190.0,1018.0,,,inhale,
45.889,14:55:06.434,1191.0,1013.0,,,inhale,
45.909,14:55:06.454,1189.0,1017.0,,,inhale,
45.929,14:55:06.474,1189.0,1023.0,,,inhale,
45.949,14:55:06.494,1189.0,1017.0,,,inhale,
45.978,14:55:06.523,1187.0,1021.0,,,inhale,
45.995,14:55:06.540,1189.0,1016.0,,,inhale,
46.009,14:55:06.554,1189.0,1015.0,,,inhale,
46.029,14:55:06.574,1189.0,1015.0,,,inhale,
46.049,14:55:06.594,1188.0,1016.0,,,inhale,
46.069,14:55:06.614,1191.0,1015.0,,,inhale,
46.089,14:55:06.634,1187.0,1016.0,,,inhale,
46.109,14:55:06.654,1183.0,1011.0,,,inhale,
46.129,14:55:06.674,1181.0,1013.0,,,exhale,exhale_onset
46.149,14:55:06.694,1181.0,1012.0,,,exhale,
46.169,14:55:06.714,1183.0,1012.0,,,exhale,
46.190,14:55:06.735,1181.0,1011.0,,,exhale,
46.209,14:55:06.754,1183.0,1012.0,,,exhale,
46.229,14:55:06.774,1180.0,1011.0,,,exhale,
46.253,14:55:06.798,1183.0,1014.0,,,exhale,
46.269,14:55:06.814,1180.0,1009.0,,,exhale,
46.289,14:55:06.834,1184.0,1012.0,,,exhale,
46.309,14:55:06.854,1180.0,1009.0,,,exhale,
46.329,14:55:06.874,1181.0,1010.0,,,exhale,
46.349,14:55:06.894,1181.0,1009.0,,,exhale,
46.369,14:55:06.914,1179.0,1009.0,,,exhale,
46.389,14:55:06.934,1179.0,1009.0,,,exhale,
46.409,14:55:06.954,1180.0,1008.0,,,exhale,
46.429,14:55:06.974,1180.0,1009.0,,,exhale,
46.449,14:55:06.994,1179.0,1008.0,,,exhale,
46.469,14:55:07.014,1178.0,1008.0,,,exhale,
46.489,14:55:07.034,1175.0,1008.0,,,exhale,
46.509,14:55:07.054,1179.0,1009.0,,,exhale,
46.529,14:55:07.074,1179.0,1008.0,,,exhale,
46.549,14:55:07.094,1177.0,1007.0,,,exhale,
46.569,14:55:07.114,1175.0,1006.0,,,exhale,
46.589,14:55:07.134,1177.0,1007.0,,,exhale,
46.609,14:55:07.154,1172.0,1007.0,,,exhale,
46.629,14:55:07.174,1179.0,1008.0,,,exhale,
46.649,14:55:07.194,1176.0,1008.0,,,exhale,
46.669,14:55:07.214,1175.0,1007.0,,,exhale,
46.689,14:55:07.234,1176.0,1011.0,,,exhale,
46.709,14:55:07.254,1175.0,1007.0,,,exhale,
46.729,14:55:07.274,1177.0,1008.0,,,exhale,
46.749,14:55:07.294,1176.0,1005.0,,,exhale,
46.769,14:55:07.314,1176.0,1007.0,,,exhale,
46.789,14:55:07.334,1176.0,1006.0,,,exhale,
46.809,14:55:07.354,1176.0,1007.0,,,exhale,
46.829,14:55:07.374,1175.0,1006.0,,,exhale,
46.849,14:55:07.394,1176.0,1008.0,,,exhale,
46.869,14:55:07.414,1177.0,1007.0,,,exhale,
46.889,14:55:07.434,1159.0,1003.0,,,exhale,
46.909,14:55:07.454,1175.0,1007.0,,,exhale,
46.929,14:55:07.474,1175.0,1006.0,,,exhale,
46.949,14:55:07.494,1177.0,1007.0,,,exhale,
46.969,14:55:07.514,1175.0,1007.0,,,exhale,
46.990,14:55:07.535,1173.0,1011.0,,,exhale,
47.009,14:55:07.554,1173.0,1002.0,,,exhale,
47.029,14:55:07.574,1174.0,1006.0,,,exhale,
47.049,14:55:07.594,1174.0,1007.0,,,exhale,
47.069,14:55:07.614,1172.0,1004.0,,,exhale,
47.090,14:55:07.635,1173.0,1005.0,,,exhale,
47.109,14:55:07.654,1173.0,1004.0,,,exhale,
47.129,14:55:07.674,1174.0,1004.0,,,exhale,
47.149,14:55:07.694,1176.0,1009.0,,,exhale,
47.169,14:55:07.714,1173.0,1004.0,,,exhale,
47.190,14:55:07.735,1173.0,1004.0,,,exhale,
47.209,14:55:07.754,1175.0,1001.0,,,exhale,
47.229,14:55:07.774,1171.0,1003.0,,,exhale,
47.253,14:55:07.798,1173.0,998.0,,,exhale,
47.269,14:55:07.814,1166.0,1005.0,,,exhale,
47.290,14:55:07.835,1171.0,1002.0,,,exhale,
47.309,14:55:07.854,1173.0,1003.0,,,exhale,
47.329,14:55:07.874,1167.0,1003.0,,,exhale,
47.349,14:55:07.894,1173.0,1004.0,,,exhale,
47.369,14:55:07.914,1167.0,1003.0,,,exhale,
47.390,14:55:07.935,1173.0,1003.0,,,exhale,
47.409,14:55:07.954,1171.0,1003.0,,,exhale,
47.429,14:55:07.974,1171.0,1000.0,,,exhale,
47.449,14:55:07.994,1167.0,1001.0,,,exhale,
47.469,14:55:08.014,1169.0,1002.0,,,exhale,
47.489,14:55:08.034,1171.0,1002.0,,,exhale,
47.509,14:55:08.054,1171.0,1003.0,,,exhale,
47.529,14:55:08.074,1169.0,1002.0,,,exhale,
47.549,14:55:08.094,1166.0,1000.0,,,exhale,
47.569,14:55:08.114,1173.0,1001.0,,,exhale,
47.589,14:55:08.134,1169.0,1001.0,,,exhale,
47.609,14:55:08.154,1171.0,998.0,,,exhale,
47.629,14:55:08.174,1173.0,1000.0,,,exhale,
47.649,14:55:08.194,1170.0,1000.0,,,exhale,
47.669,14:55:08.214,1170.0,999.0,,,exhale,
47.689,14:55:08.234,1177.0,997.0,,,exhale,
47.709,14:55:08.254,1165.0,1000.0,,,exhale,
47.729,14:55:08.274,1171.0,1000.0,,,exhale,
47.749,14:55:08.294,1167.0,999.0,,,exhale,
47.769,14:55:08.314,1166.0,995.0,,,exhale,
47.789,14:55:08.334,1170.0,999.0,,,exhale,
47.809,14:55:08.354,1167.0,1001.0,,,exhale,
47.829,14:55:08.374,1171.0,1005.0,,,exhale,
47.849,14:55:08.394,1170.0,1001.0,,,exhale,
47.869,14:55:08.414,1169.0,999.0,,,exhale,
47.889,14:55:08.434,1167.0,1003.0,,,exhale,
47.909,14:55:08.454,1171.0,1003.0,,,exhale,
47.929,14:55:08.474,1173.0,1005.0,,,exhale,
47.949,14:55:08.494,1175.0,1004.0,,,exhale,
47.969,14:55:08.514,1173.0,1005.0,,,inhale,inhale_onset
47.991,14:55:08.536,1175.0,1006.0,,,inhale,
48.009,14:55:08.554,1175.0,1006.0,,,inhale,
48.029,14:55:08.574,1175.0,1005.0,,,inhale,
48.049,14:55:08.594,1177.0,1008.0,,,inhale,
48.069,14:55:08.614,1177.0,1008.0,,,inhale,
48.089,14:55:08.634,1179.0,1007.0,,,inhale,
48.109,14:55:08.654,1178.0,1009.0,,,inhale,
48.129,14:55:08.674,1177.0,1009.0,,,inhale,
48.149,14:55:08.694,1179.0,1008.0,,,inhale,
48.169,14:55:08.714,1179.0,1009.0,,,inhale,
48.189,14:55:08.734,1180.0,1011.0,,,inhale,
48.209,14:55:08.754,1181.0,1011.0,,,inhale,
48.229,14:55:08.774,1181.0,1014.0,,,inhale,
48.253,14:55:08.798,1181.0,1012.0,,,inhale,
48.269,14:55:08.814,1182.0,1012.0,,,inhale,
48.289,14:55:08.834,1183.0,1012.0,,,inhale,
48.309,14:55:08.854,1182.0,1013.0,,,inhale,
48.329,14:55:08.874,1163.0,1012.0,,,inhale,
48.349,14:55:08.894,1187.0,1015.0,,,inhale,
48.369,14:55:08.914,1187.0,1015.0,,,inhale,
48.390,14:55:08.935,1188.0,1018.0,,,inhale,
48.409,14:55:08.954,1188.0,1017.0,,,inhale,
48.429,14:55:08.974,1189.0,1017.0,,,inhale,
48.449,14:55:08.994,1199.0,1016.0,,,inhale,
48.469,14:55:09.014,1189.0,1017.0,,,inhale,
48.489,14:55:09.034,1187.0,1016.0,,,inhale,
48.509,14:55:09.054,1188.0,1017.0,,,inhale,
48.529,14:55:09.074,1189.0,1017.0,,,inhale,
48.549,14:55:09.094,1189.0,1017.0,,,inhale,
48.569,14:55:09.114,1203.0,1017.0,,,inhale,
48.589,14:55:09.134,1187.0,1016.0,,,inhale,
48.609,14:55:09.154,1188.0,1016.0,,,inhale,
48.629,14:55:09.174,1189.0,1015.0,,,inhale,
48.649,14:55:09.194,1189.0,1017.0,,,inhale,
48.669,14:55:09.214,1189.0,1017.0,,,inhale,
48.689,14:55:09.234,1189.0,1020.0,,,inhale,
48.709,14:55:09.254,1188.0,1015.0,,,inhale,
48.729,14:55:09.274,1183.0,1016.0,,,inhale,
48.749,14:55:09.294,1187.0,1017.0,,,inhale,
48.769,14:55:09.314,1183.0,1014.0,,,inhale,
48.790,14:55:09.335,1188.0,1015.0,,,inhale,
48.809,14:55:09.354,1183.0,1017.0,,,inhale,
48.829,14:55:09.374,1189.0,1013.0,,,inhale,
48.849,14:55:09.394,1183.0,1013.0,,,inhale,
48.869,14:55:09.414,1181.0,1012.0,,,inhale,
48.889,14:55:09.434,1183.0,1012.0,,,inhale,
48.909,14:55:09.454,1187.0,1013.0,,,inhale,
48.929,14:55:09.474,1187.0,1014.0,,,inhale,
48.949,14:55:09.494,1257.0,1014.0,,,inhale,
48.969,14:55:09.514,1187.0,1016.0,,,inhale,
48.990,14:55:09.535,1183.0,1013.0,,,inhale,
49.009,14:55:09.554,1184.0,1013.0,,,inhale,
49.029,14:55:09.574,1191.0,1012.0,,,inhale,
49.049,14:55:09.594,1183.0,1012.0,,,inhale,
49.069,14:55:09.614,1181.0,1009.0,,,inhale,
49.089,14:55:09.634,1193.0,1012.0,,,inhale,
49.109,14:55:09.654,1187.0,1012.0,,,inhale,
49.129,14:55:09.674,1177.0,1012.0,,,inhale,
49.149,14:55:09.694,1181.0,1012.0,,,inhale,
49.169,14:55:09.714,1181.0,1013.0,,,inhale,
49.189,14:55:09.734,1183.0,1012.0,,,inhale,
49.209,14:55:09.754,1184.0,1010.0,,,inhale,
49.229,14:55:09.774,1182.0,1011.0,,,exhale,exhale_onset
49.264,14:55:09.809,1181.0,1012.0,,,exhale,
49.276,14:55:09.821,1180.0,1010.0,,,exhale,
49.289,14:55:09.834,1181.0,1009.0,,,exhale,
49.309,14:55:09.854,1171.0,1009.0,,,exhale,
49.329,14:55:09.874,1179.0,1000.0,,,exhale,
49.349,14:55:09.894,1180.0,1013.0,,,exhale,
49.369,14:55:09.914,1179.0,1009.0,,,exhale,
49.389,14:55:09.934,1181.0,1010.0,,,exhale,
49.409,14:55:09.954,1179.0,1009.0,,,exhale,
49.429,14:55:09.974,1178.0,1008.0,,,exhale,
49.449,14:55:09.994,1179.0,1009.0,,,exhale,
49.469,14:55:10.014,1181.0,1008.0,,,exhale,
49.489,14:55:10.034,1177.0,1009.0,,,exhale,
49.509,14:55:10.054,1187.0,1008.0,,,exhale,
49.529,14:55:10.074,1177.0,1011.0,,,exhale,
49.549,14:55:10.094,1178.0,1007.0,,,exhale,
49.569,14:55:10.114,1176.0,1007.0,,,exhale,
49.589,14:55:10.134,1177.0,1007.0,,,exhale,
49.609,14:55:10.154,1175.0,1010.0,,,exhale,
49.629,14:55:10.174,1176.0,1006.0,,,exhale,
49.649,14:55:10.194,1173.0,1007.0,,,exhale,
49.669,14:55:10.214,1174.0,1006.0,,,exhale,
49.689,14:55:10.234,1175.0,1006.0,,,exhale,
49.709,14:55:10.254,1173.0,1006.0,,,exhale,
49.729,14:55:10.274,1175.0,1004.0,,,exhale,
49.749,14:55:10.294,1175.0,1006.0,,,exhale,
49.769,14:55:10.314,1173.0,1006.0,,,exhale,
49.789,14:55:10.334,1175.0,1004.0,,,exhale,
49.809,14:55:10.354,1176.0,1006.0,,,exhale,
49.829,14:55:10.374,1175.0,1006.0,,,exhale,
49.849,14:55:10.394,1175.0,1006.0,,,exhale,
49.869,14:55:10.414,1175.0,1007.0,,,exhale,
49.890,14:55:10.435,1175.0,1007.0,,,exhale,
49.909,14:55:10.454,1173.0,1007.0,,,exhale,
49.929,14:55:10.474,1177.0,1004.0,,,exhale,
49.949,14:55:10.494,1177.0,1009.0,,,exhale,
49.969,14:55:10.514,1177.0,1007.0,,,exhale,
49.989,14:55:10.534,1178.0,1008.0,,,exhale,
50.009,14:55:10.554,1175.0,1007.0,,,exhale,
50.029,14:55:10.574,1179.0,1008.0,,,exhale,
50.049,14:55:10.594,1177.0,1008.0,,,exhale,
50.069,14:55:10.614,1179.0,1009.0,,,exhale,
50.089,14:55:10.634,1179.0,1009.0,,,exhale,
50.109,14:55:10.654,1179.0,1008.0,,,exhale,
50.129,14:55:10.674,1180.0,1007.0,,,exhale,
50.149,14:55:10.694,1179.0,1008.0,,,exhale,
50.169,14:55:10.714,1179.0,1008.0,,,exhale,
50.189,14:55:10.734,1179.0,1009.0,,,exhale,
50.209,14:55:10.754,1181.0,1008.0,,,exhale,
50.229,14:55:10.774,1179.0,1006.0,,,exhale,
50.253,14:55:10.798,1180.0,1010.0,,,exhale,
50.269,14:55:10.814,1180.0,1010.0,,,exhale,
50.289,14:55:10.834,1181.0,1009.0,,,exhale,
50.309,14:55:10.854,1179.0,1010.0,,,exhale,
50.329,14:55:10.874,1179.0,1009.0,,,exhale,
50.349,14:55:10.894,1180.0,1010.0,,,exhale,
50.369,14:55:10.914,1181.0,1010.0,,,exhale,
50.389,14:55:10.934,1180.0,1009.0,,,exhale,
50.409,14:55:10.954,1181.0,1012.0,,,exhale,
50.429,14:55:10.974,1182.0,1011.0,,,exhale,
50.449,14:55:10.994,1181.0,1011.0,,,inhale,inhale_onset
50.469,14:55:11.014,1181.0,1011.0,,,inhale,
50.491,14:55:11.036,1180.0,1011.0,,,inhale,
50.509,14:55:11.054,1182.0,1011.0,,,inhale,
50.529,14:55:11.074,1181.0,1011.0,,,inhale,
50.549,14:55:11.094,1183.0,1012.0,,,inhale,
50.569,14:55:11.114,1181.0,1011.0,,,inhale,
50.589,14:55:11.134,1181.0,1010.0,,,inhale,
50.609,14:55:11.154,1181.0,1011.0,,,inhale,
50.629,14:55:11.174,1181.0,1011.0,,,inhale,
50.649,14:55:11.194,1181.0,1012.0,,,inhale,
50.669,14:55:11.214,1181.0,1008.0,,,inhale,
50.689,14:55:11.234,1179.0,1011.0,,,inhale,
50.709,14:55:11.254,1165.0,1009.0,,,inhale,
50.729,14:55:11.274,1179.0,1010.0,,,inhale,
50.749,14:55:11.294,1179.0,1013.0,,,inhale,
50.769,14:55:11.314,1214.0,1009.0,,,inhale,
50.789,14:55:11.334,1176.0,1010.0,,,inhale,
50.809,14:55:11.354,1178.0,1008.0,,,inhale,
50.829,14:55:11.374,1177.0,1008.0,,,inhale,
50.849,14:55:11.394,1177.0,1009.0,,,inhale,
50.869,14:55:11.414,1176.0,1008.0,,,inhale,
50.890,14:55:11.435,1177.0,1007.0,,,inhale,
50.910,14:55:11.455,1175.0,1002.0,,,inhale,
50.929,14:55:11.474,1174.0,1007.0,,,inhale,
50.949,14:55:11.494,1175.0,1006.0,,,inhale,
50.969,14:55:11.514,1176.0,1006.0,,,inhale,
50.989,14:55:11.535,1175.0,1004.0,,,inhale,
51.009,14:55:11.554,1171.0,1005.0,,,inhale,
51.029,14:55:11.574,1179.0,1003.0,,,inhale,
51.049,14:55:11.594,1172.0,1005.0,,,inhale,
51.069,14:55:11.614,1171.0,1003.0,,,inhale,
51.089,14:55:11.634,1171.0,1004.0,,,inhale,
51.109,14:55:11.654,1171.0,1003.0,,,inhale,
51.129,14:55:11.674,1169.0,1003.0,,,inhale,
51.149,14:55:11.694,1175.0,1002.0,,,inhale,
51.169,14:55:11.714,1171.0,1003.0,,,inhale,
51.189,14:55:11.735,1172.0,1001.0,,,inhale,
51.209,14:55:11.754,1301.0,1001.0,,,inhale,
51.229,14:55:11.774,1171.0,1002.0,,,inhale,
51.253,14:55:11.798,1171.0,1002.0,,,inhale,
51.269,14:55:11.814,1171.0,999.0,,,inhale,
51.289,14:55:11.834,1171.0,1007.0,,,inhale,
51.309,14:55:11.854,1171.0,1000.0,,,inhale,
51.329,14:55:11.874,1177.0,1007.0,,,inhale,
51.349,14:55:11.894,1167.0,1001.0,,,inhale,
51.369,14:55:11.914,1171.0,1000.0,,,inhale,
51.390,14:55:11.935,1167.0,1000.0,,,inhale,
51.409,14:55:11.954,1160.0,999.0,,,inhale,
51.429,14:55:11.974,1169.0,1000.0,,,inhale,
51.449,14:55:11.994,1167.0,999.0,,,inhale,
51.469,14:55:12.014,1167.0,998.0,,,inhale,
51.490,14:55:12.035,1171.0,999.0,,,inhale,
51.509,14:55:12.054,1171.0,1001.0,,,inhale,
51.529,14:55:12.074,1171.0,1001.0,,,inhale,
51.549,14:55:12.094,1169.0,1001.0,,,inhale,
51.569,14:55:12.114,1173.0,1003.0,,,inhale,
51.589,14:55:12.134,1171.0,1001.0,,,inhale,
51.609,14:55:12.154,1171.0,1001.0,,,inhale,
51.629,14:55:12.174,1170.0,998.0,,,inhale,
51.649,14:55:12.194,1165.0,1000.0,,,inhale,
51.669,14:55:12.214,1161.0,998.0,,,inhale,
51.689,14:55:12.235,1167.0,997.0,,,inhale,
51.709,14:55:12.254,1167.0,1000.0,,,inhale,
51.729,14:55:12.274,1167.0,999.0,,,inhale,
51.749,14:55:12.294,1165.0,998.0,,,inhale,
51.769,14:55:12.314,1165.0,999.0,,,inhale,
51.789,14:55:12.334,1165.0,998.0,,,inhale,
51.809,14:55:12.354,1165.0,1002.0,,,inhale,
51.829,14:55:12.374,1167.0,998.0,,,inhale,
51.849,14:55:12.394,1165.0,997.0,,,inhale,
51.869,14:55:12.414,1175.0,997.0,,,inhale,
51.889,14:55:12.434,1165.0,996.0,,,inhale,
51.909,14:55:12.454,1165.0,997.0,,,inhale,
51.929,14:55:12.474,1172.0,998.0,,,inhale,
51.949,14:55:12.494,1167.0,1001.0,,,inhale,
51.969,14:55:12.514,1169.0,999.0,,,inhale,
51.990,14:55:12.535,1167.0,1011.0,,,inhale,
52.009,14:55:12.554,1171.0,1002.0,,,inhale,
52.029,14:55:12.574,1172.0,1002.0,,,inhale,
52.049,14:55:12.594,1171.0,1008.0,,,inhale,
52.069,14:55:12.614,1173.0,1004.0,,,inhale,
52.089,14:55:12.635,1175.0,1004.0,,,inhale,
52.109,14:55:12.654,1173.0,1005.0,,,inhale,
52.129,14:55:12.674,1175.0,1007.0,,,inhale,
52.149,14:55:12.694,1178.0,1006.0,,,inhale,
52.169,14:55:12.714,1175.0,1007.0,,,inhale,
52.190,14:55:12.735,1234.0,1005.0,,,inhale,
52.209,14:55:12.754,1177.0,1008.0,,,inhale,
52.229,14:55:12.774,1178.0,1006.0,,,inhale,
52.253,14:55:12.798,1177.0,1008.0,,,inhale,
52.269,14:55:12.814,1179.0,1009.0,,,inhale,
52.290,14:55:12.835,1179.0,1008.0,,,inhale,
52.309,14:55:12.854,1178.0,1011.0,,,inhale,
52.329,14:55:12.874,1181.0,1010.0,,,inhale,
52.349,14:55:12.894,1180.0,1010.0,,,inhale,
52.369,14:55:12.914,1180.0,1010.0,,,inhale,
52.409,14:55:12.954,1182.0,1010.0,,,inhale,
52.409,14:55:12.954,1179.0,1011.0,,,inhale,
52.429,14:55:12.974,1179.0,1010.0,,,inhale,
52.449,14:55:12.994,1179.0,1010.0,,,inhale,
52.469,14:55:13.014,1179.0,1010.0,,,inhale,
52.489,14:55:13.034,1180.0,1010.0,,,inhale,
52.509,14:55:13.054,1182.0,1010.0,,,inhale,
52.529,14:55:13.074,1187.0,1011.0,,,inhale,
52.549,14:55:13.094,1181.0,1011.0,,,inhale,
52.569,14:55:13.114,1180.0,1012.0,,,inhale,
52.589,14:55:13.134,1179.0,1012.0,,,inhale,
52.609,14:55:13.154,1181.0,1008.0,,,inhale,
52.629,14:55:13.174,1182.0,1015.0,,,inhale,
52.649,14:55:13.194,1183.0,1015.0,,,inhale,
52.669,14:55:13.214,1181.0,1013.0,,,inhale,
52.690,14:55:13.235,1181.0,1012.0,,,inhale,
52.710,14:55:13.256,1193.0,1012.0,,,inhale,
52.729,14:55:13.274,1195.0,1013.0,,,inhale,
52.749,14:55:13.294,1183.0,1009.0,,,inhale,
52.769,14:55:13.314,1183.0,1012.0,,,inhale,
52.789,14:55:13.334,1181.0,1011.0,,,inhale,
52.809,14:55:13.354,1181.0,1011.0,,,inhale,
52.829,14:55:13.374,1180.0,1010.0,,,inhale,
52.849,14:55:13.394,1181.0,1012.0,,,inhale,
52.869,14:55:13.414,1180.0,1009.0,,,inhale,
52.889,14:55:13.434,1181.0,1010.0,,,inhale,
52.909,14:55:13.454,1181.0,1011.0,,,inhale,
52.929,14:55:13.474,1181.0,1017.0,,,inhale,
52.949,14:55:13.494,1173.0,1010.0,,,inhale,
52.969,14:55:13.514,1181.0,1009.0,,,inhale,
52.990,14:55:13.535,1181.0,1010.0,,,inhale,
53.009,14:55:13.554,1179.0,1010.0,,,inhale,
53.038,14:55:13.583,1179.0,1010.0,,,inhale,
53.049,14:55:13.594,1173.0,1004.0,,,inhale,
53.085,14:55:13.630,1159.0,1008.0,,,inhale,
53.091,14:55:13.637,1177.0,1005.0,,,inhale,
53.109,14:55:13.654,1173.0,1008.0,,,inhale,
53.129,14:55:13.674,1178.0,1011.0,,,inhale,
53.149,14:55:13.694,1175.0,1007.0,,,inhale,
53.169,14:55:13.714,1175.0,1007.0,,,inhale,
53.189,14:55:13.734,1175.0,1005.0,,,inhale,
53.209,14:55:13.754,1173.0,1009.0,,,inhale,
53.229,14:55:13.774,1175.0,1000.0,,,inhale,
53.253,14:55:13.798,1172.0,1007.0,,,exhale,exhale_onset
53.269,14:55:13.814,1173.0,1006.0,,,exhale,
53.291,14:55:13.836,1173.0,1008.0,,,exhale,
53.309,14:55:13.854,1173.0,1004.0,,,exhale,
53.329,14:55:13.874,1173.0,1012.0,,,exhale,
53.349,14:55:13.894,1174.0,1004.0,,,exhale,
53.369,14:55:13.914,1171.0,1005.0,,,exhale,
53.390,14:55:13.935,1173.0,1003.0,,,exhale,
53.409,14:55:13.954,1173.0,1002.0,,,exhale,
53.429,14:55:13.974,1171.0,1004.0,,,exhale,
53.449,14:55:13.994,1173.0,1004.0,,,exhale,
53.469,14:55:14.014,1175.0,1004.0,,,exhale,
53.492,14:55:14.037,1171.0,1005.0,,,exhale,
53.509,14:55:14.054,1172.0,1004.0,,,exhale,
53.529,14:55:14.074,1175.0,1004.0,,,exhale,
53.549,14:55:14.094,1172.0,1005.0,,,exhale,
53.569,14:55:14.114,1174.0,1006.0,,,exhale,
53.589,14:55:14.134,1177.0,1005.0,,,exhale,
53.609,14:55:14.154,1175.0,1007.0,,,exhale,
53.629,14:55:14.174,1173.0,1006.0,,,exhale,
53.649,14:55:14.194,1177.0,1007.0,,,exhale,
53.669,14:55:14.214,1176.0,1007.0,,,exhale,
53.689,14:55:14.235,1177.0,1007.0,,,exhale,
53.709,14:55:14.254,1188.0,1007.0,,,exhale,
53.729,14:55:14.274,1179.0,1008.0,,,exhale,
53.749,14:55:14.294,1178.0,1008.0,,,exhale,
53.769,14:55:14.314,1177.0,1008.0,,,exhale,
53.791,14:55:14.336,1179.0,1008.0,,,exhale,
53.809,14:55:14.354,1177.0,1005.0,,,exhale,
53.829,14:55:14.374,1178.0,1009.0,,,exhale,
53.849,14:55:14.394,1180.0,1011.0,,,exhale,
53.869,14:55:14.414,1179.0,1009.0,,,exhale,
53.890,14:55:14.435,1179.0,1009.0,,,exhale,
53.909,14:55:14.454,1180.0,1007.0,,,exhale,
53.929,14:55:14.474,1180.0,1002.0,,,exhale,
53.949,14:55:14.494,1181.0,1012.0,,,exhale,
53.969,14:55:14.514,1183.0,1011.0,,,exhale,
53.989,14:55:14.534,1181.0,1011.0,,,exhale,
54.009,14:55:14.554,1181.0,1011.0,,,exhale,
54.029,14:55:14.574,1177.0,1010.0,,,exhale,
54.049,14:55:14.594,1181.0,1011.0,,,exhale,
54.069,14:55:14.614,1181.0,1010.0,,,exhale,
54.090,14:55:14.635,1181.0,1011.0,,,exhale,
54.110,14:55:14.655,1181.0,1010.0,,,exhale,
54.129,14:55:14.674,1188.0,1010.0,,,exhale,
54.149,14:55:14.694,1180.0,1008.0,,,exhale,
54.169,14:55:14.714,1179.0,1009.0,,,exhale,
54.189,14:55:14.734,1197.0,1004.0,,,exhale,
54.209,14:55:14.754,1160.0,1008.0,,,exhale,
54.229,14:55:14.774,1179.0,1009.0,,,exhale,
54.253,14:55:14.798,1177.0,1009.0,,,exhale,
54.269,14:55:14.814,1178.0,1009.0,,,exhale,
54.289,14:55:14.834,1179.0,1007.0,,,exhale,
54.309,14:55:14.854,1178.0,1008.0,,,exhale,
54.329,14:55:14.874,1178.0,1007.0,,,exhale,
54.349,14:55:14.894,1222.0,1008.0,,,exhale,
54.369,14:55:14.914,1177.0,1007.0,,,exhale,
54.389,14:55:14.934,1175.0,1005.0,,,exhale,
54.409,14:55:14.954,1177.0,1007.0,,,exhale,
54.429,14:55:14.974,1176.0,1006.0,,,exhale,
54.449,14:55:14.994,1165.0,1007.0,,,exhale,
54.469,14:55:15.014,1175.0,1007.0,,,exhale,
54.489,14:55:15.035,1175.0,1004.0,,,exhale,
54.509,14:55:15.054,1175.0,1008.0,,,exhale,
54.529,14:55:15.074,1177.0,1006.0,,,exhale,
54.549,14:55:15.094,1177.0,1011.0,,,exhale,
54.569,14:55:15.114,1177.0,996.0,,,exhale,
54.589,14:55:15.134,1176.0,1012.0,,,exhale,
54.609,14:55:15.154,1179.0,1008.0,,,exhale,
54.629,14:55:15.174,1179.0,1012.0,,,exhale,
54.649,14:55:15.194,1178.0,1015.0,,,exhale,
54.669,14:55:15.214,1179.0,1006.0,,,exhale,
54.689,14:55:15.234,1175.0,1005.0,,,exhale,
54.709,14:55:15.254,1163.0,1002.0,,,exhale,
54.729,14:55:15.274,1167.0,1005.0,,,exhale,
54.749,14:55:15.294,1177.0,1004.0,,,exhale,
54.769,14:55:15.314,1171.0,991.0,,,exhale,
54.790,14:55:15.335,1163.0,1010.0,,,exhale,
54.809,14:55:15.354,1179.0,1003.0,,,exhale,
54.829,14:55:15.374,1173.0,1004.0,,,exhale,
54.849,14:55:15.394,1178.0,1002.0,,,exhale,
54.869,14:55:15.414,1171.0,1002.0,,,exhale,
54.890,14:55:15.435,1175.0,1003.0,,,exhale,
54.909,14:55:15.454,1166.0,1003.0,,,exhale,
54.929,14:55:15.474,1178.0,1002.0,,,exhale,
54.949,14:55:15.494,1166.0,1001.0,,,exhale,
54.969,14:55:15.514,1165.0,1002.0,,,exhale,
54.989,14:55:15.534,1167.0,997.0,,,exhale,
55.009,14:55:15.554,1151.0,1001.0,,,exhale,
55.029,14:55:15.574,1169.0,1003.0,,,exhale,
55.049,14:55:15.594,1164.0,999.0,,,exhale,
55.069,14:55:15.614,1171.0,1000.0,,,exhale,
55.090,14:55:15.635,1173.0,999.0,,,exhale,
55.109,14:55:15.654,1147.0,1000.0,,,exhale,
55.129,14:55:15.674,1165.0,998.0,,,exhale,
55.149,14:55:15.694,1175.0,995.0,,,exhale,
55.169,14:55:15.714,1164.0,999.0,,,exhale,
55.189,14:55:15.734,1163.0,1001.0,,,exhale,
55.209,14:55:15.754,1163.0,995.0,,,exhale,
55.229,14:55:15.774,1165.0,996.0,,,exhale,
55.253,14:55:15.798,1163.0,999.0,,,exhale,
55.269,14:55:15.814,1161.0,995.0,,,exhale,
55.290,14:55:15.835,1171.0,995.0,,,exhale,
55.309,14:55:15.854,1161.0,996.0,,,exhale,
55.329,14:55:15.874,1171.0,988.0,,,exhale,
55.349,14:55:15.894,1164.0,1002.0,,,exhale,
55.369,14:55:15.914,1159.0,997.0,,,exhale,
55.390,14:55:15.935,1165.0,1010.0,,,exhale,
55.409,14:55:15.954,1172.0,1000.0,,,exhale,
55.429,14:55:15.974,1177.0,1007.0,,,exhale,
55.449,14:55:15.994,1179.0,1012.0,,,exhale,
55.469,14:55:16.014,1189.0,1027.0,,,exhale,
55.489,14:55:16.034,1205.0,1025.0,,,exhale,
55.509,14:55:16.054,1205.0,1030.0,,,exhale,
55.529,14:55:16.074,1211.0,1047.0,,,exhale,
55.549,14:55:16.094,1209.0,1033.0,,,inhale,inhale_onset
55.569,14:55:16.114,1207.0,1032.0,,,inhale,
55.589,14:55:16.134,1205.0,1027.0,,,inhale,
55.609,14:55:16.154,1207.0,1024.0,,,inhale,
55.629,14:55:16.174,1197.0,1024.0,,,inhale,
55.649,14:55:16.194,1203.0,1023.0,,,inhale,
55.669,14:55:16.214,1187.0,1035.0,,,inhale,
55.690,14:55:16.235,1189.0,1021.0,,,inhale,
55.709,14:55:16.254,1193.0,1018.0,,,inhale,
55.729,14:55:16.274,1189.0,1019.0,,,inhale,
55.749,14:55:16.294,1195.0,1019.0,,,inhale,
55.769,14:55:16.314,1195.0,1021.0,,,inhale,
55.789,14:55:16.334,1191.0,1025.0,,,inhale,
55.809,14:55:16.354,1191.0,1020.0,,,inhale,
55.829,14:55:16.374,1182.0,1023.0,,,inhale,
55.849,14:55:16.394,1191.0,1022.0,,,inhale,
55.869,14:55:16.414,1193.0,1025.0,,,inhale,
55.889,14:55:16.434,1183.0,1019.0,,,inhale,
55.909,14:55:16.454,1181.0,1016.0,,,inhale,
55.929,14:55:16.474,1189.0,1013.0,,,inhale,
55.949,14:55:16.494,1181.0,1014.0,,,inhale,
55.969,14:55:16.514,1186.0,1016.0,,,inhale,
55.989,14:55:16.534,1187.0,1013.0,,,inhale,
56.009,14:55:16.554,1187.0,1017.0,,,inhale,
56.029,14:55:16.574,1263.0,1014.0,,,inhale,
56.049,14:55:16.594,1190.0,1014.0,,,inhale,
56.069,14:55:16.614,1187.0,1014.0,,,inhale,
56.089,14:55:16.634,1191.0,1016.0,,,inhale,
56.109,14:55:16.654,1191.0,1015.0,,,inhale,
56.129,14:55:16.674,1191.0,1017.0,,,inhale,
56.149,14:55:16.694,1187.0,1013.0,,,inhale,
56.169,14:55:16.714,1191.0,1017.0,,,inhale,
56.190,14:55:16.735,1189.0,1017.0,,,inhale,
56.209,14:55:16.754,1139.0,1016.0,,,inhale,
56.229,14:55:16.774,1191.0,1019.0,,,inhale,
56.253,14:55:16.798,1183.0,1021.0,,,inhale,
56.269,14:55:16.814,1191.0,1017.0,,,inhale,
56.290,14:55:16.835,1187.0,1017.0,,,inhale,
56.309,14:55:16.854,1189.0,1018.0,,,inhale,
56.329,14:55:16.874,1191.0,1017.0,,,inhale,
56.349,14:55:16.894,1191.0,1022.0,,,inhale,
56.369,14:55:16.914,1199.0,1020.0,,,inhale,
56.389,14:55:16.934,1193.0,1019.0,,,inhale,
56.409,14:55:16.954,1195.0,1023.0,,,inhale,
56.429,14:55:16.974,1205.0,1027.0,,,inhale,
56.449,14:55:16.994,1192.0,1029.0,,,inhale,
56.469,14:55:17.014,1197.0,1029.0,,,inhale,
56.489,14:55:17.034,1205.0,1031.0,,,inhale,
56.509,14:55:17.054,1209.0,1032.0,,,inhale,
56.529,14:55:17.074,1208.0,1033.0,,,inhale,
56.549,14:55:17.094,1209.0,1036.0,,,inhale,
56.573,14:55:17.118,1211.0,1035.0,,,inhale,
56.590,14:55:17.135,1213.0,1035.0,,,inhale,
56.609,14:55:17.154,1209.0,1037.0,,,inhale,
56.629,14:55:17.174,1211.0,1037.0,,,inhale,
56.649,14:55:17.194,1221.0,1042.0,,,inhale,
56.669,14:55:17.214,1205.0,1034.0,,,inhale,
56.689,14:55:17.234,1208.0,1031.0,,,inhale,
56.709,14:55:17.254,1207.0,1029.0,,,inhale,
56.729,14:55:17.274,1211.0,1035.0,,,inhale,
56.749,14:55:17.294,1207.0,1031.0,,,inhale,
56.769,14:55:17.314,1199.0,1029.0,,,inhale,
56.789,14:55:17.335,1199.0,1024.0,,,inhale,
56.809,14:55:17.354,1198.0,1036.0,,,inhale,
56.829,14:55:17.374,1209.0,1025.0,,,inhale,
56.849,14:55:17.394,1196.0,1032.0,,,inhale,
56.869,14:55:17.414,1207.0,1027.0,,,inhale,
56.889,14:55:17.434,1203.0,1027.0,,,inhale,
56.909,14:55:17.454,1199.0,1027.0,,,inhale,
56.929,14:55:17.474,1204.0,1029.0,,,inhale,
56.949,14:55:17.494,1205.0,1032.0,,,inhale,
56.969,14:55:17.514,1211.0,1029.0,,,inhale,
56.990,14:55:17.535,1199.0,1022.0,,,inhale,
57.009,14:55:17.554,1203.0,1028.0,,,inhale,
57.029,14:55:17.574,1197.0,1024.0,,,inhale,
57.049,14:55:17.594,1195.0,1028.0,,,inhale,
57.069,14:55:17.614,1192.0,1025.0,,,inhale,
57.089,14:55:17.634,1199.0,1025.0,,,inhale,
57.109,14:55:17.654,1195.0,1023.0,,,exhale,exhale_onset
57.129,14:55:17.674,1205.0,1025.0,,,exhale,
57.149,14:55:17.694,1203.0,1023.0,,,exhale,
57.169,14:55:17.714,1205.0,1024.0,,,exhale,
57.189,14:55:17.734,1205.0,1021.0,,,exhale,
57.209,14:55:17.754,1187.0,1021.0,,,exhale,
57.229,14:55:17.774,1191.0,1024.0,,,exhale,
57.253,14:55:17.798,1193.0,1020.0,,,exhale,
57.269,14:55:17.814,1194.0,1020.0,,,exhale,
57.290,14:55:17.835,1198.0,1023.0,,,exhale,
57.309,14:55:17.854,1187.0,1021.0,,,exhale,
57.329,14:55:17.874,1193.0,1020.0,,,exhale,
57.349,14:55:17.894,1191.0,1021.0,,,exhale,
57.369,14:55:17.914,1199.0,1019.0,,,exhale,
57.390,14:55:17.935,1187.0,1013.0,,,exhale,
57.409,14:55:17.954,1189.0,1020.0,,,exhale,
57.429,14:55:17.974,1192.0,1020.0,,,exhale,
57.449,14:55:17.994,1191.0,1015.0,,,exhale,
57.469,14:55:18.014,1190.0,1021.0,,,exhale,
57.489,14:55:18.034,1191.0,1020.0,,,exhale,
57.509,14:55:18.054,1189.0,1019.0,,,exhale,
57.529,14:55:18.074,1195.0,1008.0,,,exhale,
57.549,14:55:18.094,1191.0,1018.0,,,exhale,
57.569,14:55:18.114,1181.0,1018.0,,,exhale,
57.589,14:55:18.134,1191.0,1018.0,,,exhale,
57.609,14:55:18.154,1189.0,1019.0,,,exhale,
57.629,14:55:18.174,1183.0,1017.0,,,exhale,
57.649,14:55:18.194,1183.0,1020.0,,,exhale,
57.669,14:55:18.214,1188.0,1018.0,,,exhale,
57.690,14:55:18.235,1189.0,1015.0,,,exhale,
57.709,14:55:18.254,1191.0,1016.0,,,exhale,
57.729,14:55:18.274,1183.0,1016.0,,,exhale,
57.749,14:55:18.294,1191.0,1017.0,,,exhale,
57.769,14:55:18.314,1184.0,1017.0,,,exhale,
57.789,14:55:18.334,1187.0,1019.0,,,exhale,
57.809,14:55:18.354,1189.0,1018.0,,,exhale,
57.829,14:55:18.374,1191.0,1023.0,,,exhale,
57.849,14:55:18.394,1189.0,1017.0,,,exhale,
57.869,14:55:18.414,1189.0,1018.0,,,exhale,
57.889,14:55:18.434,1193.0,1023.0,,,exhale,
57.909,14:55:18.454,1195.0,1013.0,,,exhale,
57.929,14:55:18.474,1192.0,1022.0,,,exhale,
57.949,14:55:18.494,1193.0,1025.0,,,exhale,
57.969,14:55:18.514,1195.0,1021.0,,,exhale,
57.989,14:55:18.534,1193.0,1021.0,,,exhale,
58.009,14:55:18.554,1192.0,1023.0,,,exhale,
58.029,14:55:18.574,1191.0,1020.0,,,exhale,
58.049,14:55:18.594,1193.0,1020.0,,,exhale,
58.069,14:55:18.614,1191.0,1020.0,,,exhale,
58.089,14:55:18.634,1193.0,1018.0,,,exhale,
58.109,14:55:18.654,1190.0,1018.0,,,exhale,
58.129,14:55:18.674,1190.0,1017.0,,,exhale,
58.149,14:55:18.694,1192.0,1018.0,,,exhale,
58.169,14:55:18.714,1189.0,1019.0,,,exhale,
58.189,14:55:18.734,1189.0,1017.0,,,exhale,
58.209,14:55:18.754,1191.0,1018.0,,,exhale,
58.229,14:55:18.774,1189.0,1015.0,,,exhale,
58.253,14:55:18.798,1187.0,1017.0,,,exhale,
58.269,14:55:18.814,1188.0,1019.0,,,exhale,
58.289,14:55:18.834,1187.0,1016.0,,,exhale,
58.309,14:55:18.854,1177.0,1015.0,,,exhale,
58.329,14:55:18.874,1189.0,1017.0,,,exhale,
58.349,14:55:18.894,1275.0,1019.0,,,exhale,
58.369,14:55:18.914,1189.0,1015.0,,,exhale,
58.389,14:55:18.934,1189.0,1011.0,,,exhale,
58.409,14:55:18.954,1183.0,1013.0,,,exhale,
58.429,14:55:18.974,1187.0,1013.0,,,exhale,
58.449,14:55:18.994,1181.0,1011.0,,,exhale,
58.469,14:55:19.014,1187.0,1013.0,,,exhale,
58.490,14:55:19.035,1187.0,1008.0,,,exhale,
58.509,14:55:19.054,1177.0,1012.0,,,exhale,
58.529,14:55:19.074,1182.0,1012.0,,,exhale,
58.549,14:55:19.094,1183.0,1014.0,,,exhale,
58.569,14:55:19.114,1181.0,1012.0,,,exhale,
58.591,14:55:19.136,1187.0,1012.0,,,exhale,
58.609,14:55:19.154,1184.0,1011.0,,,exhale,
58.629,14:55:19.174,1181.0,1018.0,,,exhale,
58.649,14:55:19.194,1181.0,1010.0,,,exhale,
58.669,14:55:19.214,1181.0,1011.0,,,exhale,
58.689,14:55:19.234,1181.0,1010.0,,,exhale,
58.709,14:55:19.254,1181.0,1010.0,,,exhale,
58.729,14:55:19.274,1179.0,1010.0,,,exhale,
58.749,14:55:19.294,1182.0,1009.0,,,exhale,
58.769,14:55:19.314,1181.0,1010.0,,,exhale,
58.789,14:55:19.334,1179.0,1000.0,,,exhale,
58.809,14:55:19.354,1179.0,1009.0,,,exhale,
58.829,14:55:19.374,1179.0,1008.0,,,exhale,
58.849,14:55:19.394,1177.0,1008.0,,,exhale,
58.869,14:55:19.414,1175.0,1007.0,,,exhale,
58.890,14:55:19.435,1177.0,1008.0,,,exhale,
58.909,14:55:19.454,1176.0,1007.0,,,exhale,
58.929,14:55:19.474,1175.0,1007.0,,,exhale,
58.949,14:55:19.494,1175.0,1007.0,,,exhale,
58.969,14:55:19.514,1193.0,1007.0,,,exhale,
58.989,14:55:19.534,1174.0,1005.0,,,exhale,
59.009,14:55:19.554,1175.0,1000.0,,,exhale,
59.029,14:55:19.574,1173.0,1004.0,,,exhale,
59.049,14:55:19.594,1174.0,1006.0,,,exhale,
59.069,14:55:19.614,1173.0,1006.0,,,exhale,
59.089,14:55:19.634,1175.0,1003.0,,,exhale,
59.109,14:55:19.654,1175.0,1005.0,,,exhale,
59.129,14:55:19.674,1172.0,1003.0,,,exhale,
59.149,14:55:19.694,1171.0,1006.0,,,exhale,
59.169,14:55:19.714,1173.0,1003.0,,,exhale,
59.189,14:55:19.734,1175.0,1004.0,,,exhale,
59.209,14:55:19.754,1175.0,1002.0,,,exhale,
59.229,14:55:19.774,1173.0,1006.0,,,exhale,
59.253,14:55:19.798,1173.0,1003.0,,,exhale,
59.269,14:55:19.814,1172.0,1003.0,,,exhale,
59.290,14:55:19.835,1173.0,1003.0,,,exhale,
59.309,14:55:19.854,1173.0,1004.0,,,exhale,
59.329,14:55:19.874,1171.0,1000.0,,,exhale,
59.349,14:55:19.894,1167.0,1004.0,,,exhale,
59.369,14:55:19.914,1171.0,1006.0,,,exhale,
59.389,14:55:19.934,1173.0,1003.0,,,exhale,
59.409,14:55:19.954,1171.0,997.0,,,exhale,
59.429,14:55:19.974,1146.0,1002.0,,,exhale,
59.449,14:55:19.994,1170.0,1002.0,,,exhale,
59.469,14:55:20.014,1163.0,1002.0,,,exhale,
59.489,14:55:20.034,1167.0,1003.0,,,exhale,
59.509,14:55:20.054,1167.0,1001.0,,,exhale,
59.529,14:55:20.074,1167.0,1001.0,,,exhale,
59.549,14:55:20.094,1171.0,1001.0,,,exhale,
59.569,14:55:20.114,1166.0,1001.0,,,exhale,
59.589,14:55:20.135,1189.0,1000.0,,,exhale,
59.609,14:55:20.154,1169.0,999.0,,,exhale,
59.629,14:55:20.174,1167.0,999.0,,,exhale,
59.649,14:55:20.194,1167.0,1001.0,,,exhale,
59.669,14:55:20.214,1166.0,998.0,,,exhale,
59.689,14:55:20.234,1167.0,999.0,,,exhale,
59.709,14:55:20.254,1165.0,999.0,,,exhale,
59.729,14:55:20.274,1167.0,1000.0,,,exhale,
59.749,14:55:20.294,1166.0,1001.0,,,exhale,
59.769,14:55:20.314,1169.0,999.0,,,exhale,
59.789,14:55:20.334,1167.0,1000.0,,,exhale,
59.809,14:55:20.354,1170.0,1000.0,,,exhale,
59.829,14:55:20.374,1169.0,1001.0,,,exhale,
59.849,14:55:20.394,1171.0,1001.0,,,exhale,
59.869,14:55:20.414,1175.0,1002.0,,,exhale,
59.889,14:55:20.434,1170.0,1001.0,,,exhale,
59.909,14:55:20.454,1171.0,1003.0,,,exhale,
59.929,14:55:20.474,1173.0,1004.0,,,exhale,
59.949,14:55:20.494,1173.0,1005.0,,,inhale,inhale_onset
59.969,14:55:20.514,1171.0,1004.0,,,inhale,
59.989,14:55:20.534,1175.0,1006.0,,,inhale,
60.009,14:55:20.554,1177.0,1011.0,,,inhale,
60.029,14:55:20.574,1176.0,1003.0,,,inhale,
60.049,14:55:20.594,1178.0,1008.0,,,inhale,
60.069,14:55:20.614,1177.0,1008.0,,,inhale,
60.095,14:55:20.640,1179.0,1009.0,,,inhale,
60.109,14:55:20.654,1179.0,1010.0,,,inhale,
60.129,14:55:20.674,1179.0,1010.0,,,inhale,
60.149,14:55:20.694,1180.0,1009.0,,,inhale,
60.169,14:55:20.714,1181.0,1010.0,,,inhale,
60.189,14:55:20.734,1179.0,1010.0,,,inhale,
60.209,14:55:20.754,1180.0,1010.0,,,inhale,
60.229,14:55:20.774,1187.0,1012.0,,,inhale,
60.253,14:55:20.798,1179.0,1012.0,,,inhale,
60.269,14:55:20.814,1181.0,1012.0,,,inhale,
60.289,14:55:20.834,1181.0,1013.0,,,inhale,
60.309,14:55:20.854,1181.0,1012.0,,,inhale,
60.329,14:55:20.874,1182.0,1013.0,,,inhale,
60.349,14:55:20.894,1183.0,1013.0,,,inhale,
60.369,14:55:20.914,1181.0,1012.0,,,inhale,
60.389,14:55:20.934,1183.0,1013.0,,,inhale,
60.409,14:55:20.954,1183.0,1013.0,,,inhale,
60.429,14:55:20.974,1183.0,1012.0,,,inhale,
60.449,14:55:20.994,1182.0,1013.0,,,inhale,
60.469,14:55:21.014,1181.0,1013.0,,,inhale,
60.489,14:55:21.034,1183.0,1013.0,,,inhale,
60.509,14:55:21.054,1183.0,1012.0,,,inhale,
60.529,14:55:21.074,1183.0,1013.0,,,inhale,
60.549,14:55:21.094,1183.0,1014.0,,,inhale,
60.569,14:55:21.114,1182.0,1011.0,,,inhale,
60.589,14:55:21.134,1187.0,1016.0,,,inhale,
60.609,14:55:21.154,1189.0,1018.0,,,inhale,
60.629,14:55:21.174,1187.0,1021.0,,,inhale,
60.649,14:55:21.194,1189.0,1017.0,,,inhale,
60.669,14:55:21.214,1191.0,1018.0,,,inhale,
60.689,14:55:21.234,1189.0,1018.0,,,inhale,
60.709,14:55:21.254,1191.0,1018.0,,,inhale,
60.729,14:55:21.274,1193.0,1018.0,,,inhale,
60.749,14:55:21.294,1189.0,1019.0,,,inhale,
60.769,14:55:21.314,1193.0,1019.0,,,inhale,
60.789,14:55:21.335,1191.0,1013.0,,,inhale,
60.809,14:55:21.354,1191.0,1012.0,,,inhale,
60.829,14:55:21.374,1191.0,1020.0,,,inhale,
60.849,14:55:21.394,1193.0,1018.0,,,inhale,
60.869,14:55:21.414,1193.0,1019.0,,,inhale,
60.889,14:55:21.434,1193.0,1014.0,,,inhale,
60.909,14:55:21.454,1193.0,1018.0,,,inhale,
60.929,14:55:21.474,1194.0,1020.0,,,inhale,
60.949,14:55:21.494,1196.0,1020.0,,,inhale,
60.969,14:55:21.514,1199.0,1022.0,,,inhale,
60.989,14:55:21.534,1195.0,1023.0,,,inhale,
61.009,14:55:21.554,1194.0,1028.0,,,inhale,
61.029,14:55:21.574,1213.0,1021.0,,,inhale,
61.049,14:55:21.594,1193.0,1021.0,,,inhale,
61.069,14:55:21.614,1195.0,1022.0,,,inhale,
61.089,14:55:21.634,1195.0,1023.0,,,inhale,
61.109,14:55:21.654,1193.0,1021.0,,,inhale,
61.129,14:55:21.674,1195.0,1017.0,,,inhale,
61.149,14:55:21.694,1193.0,1019.0,,,inhale,
61.169,14:55:21.714,1192.0,1020.0,,,inhale,
61.190,14:55:21.735,1193.0,1019.0,,,inhale,
61.209,14:55:21.754,1195.0,1019.0,,,inhale,
61.229,14:55:21.774,1191.0,1018.0,,,inhale,
61.253,14:55:21.798,1190.0,1018.0,,,inhale,
61.269,14:55:21.814,1189.0,1018.0,,,inhale,
61.289,14:55:21.834,1191.0,1019.0,,,inhale,
61.309,14:55:21.854,1189.0,1017.0,,,inhale,
61.329,14:55:21.874,1189.0,1016.0,,,inhale,
61.349,14:55:21.894,1191.0,1018.0,,,inhale,
61.369,14:55:21.914,1189.0,1017.0,,,inhale,
61.390,14:55:21.935,1183.0,1016.0,,,inhale,
61.409,14:55:21.954,1187.0,1016.0,,,inhale,
61.429,14:55:21.974,1189.0,1015.0,,,inhale,
61.449,14:55:21.994,1187.0,1015.0,,,inhale,
61.469,14:55:22.014,1187.0,1013.0,,,inhale,
61.489,14:55:22.034,1183.0,1013.0,,,inhale,
61.509,14:55:22.054,1183.0,1014.0,,,inhale,
61.529,14:55:22.074,1187.0,1012.0,,,exhale,exhale_onset
61.549,14:55:22.094,1183.0,1012.0,,,exhale,
61.569,14:55:22.114,1183.0,1013.0,,,exhale,
61.591,14:55:22.136,1165.0,1013.0,,,exhale,
61.609,14:55:22.154,1183.0,1012.0,,,exhale,
61.629,14:55:22.174,1187.0,1019.0,,,exhale,
61.649,14:55:22.194,1172.0,1014.0,,,exhale,
61.669,14:55:22.214,1184.0,1013.0,,,exhale,
61.689,14:55:22.234,1193.0,1015.0,,,exhale,
61.709,14:55:22.254,1187.0,1015.0,,,exhale,
61.729,14:55:22.274,1187.0,1017.0,,,exhale,
61.749,14:55:22.294,1187.0,1017.0,,,exhale,
61.769,14:55:22.314,1187.0,1017.0,,,exhale,
61.791,14:55:22.336,1111.0,1018.0,,,exhale,
61.809,14:55:22.354,1188.0,1018.0,,,exhale,
61.829,14:55:22.374,1189.0,1011.0,,,exhale,
61.849,14:55:22.394,1191.0,1017.0,,,exhale,
61.869,14:55:22.414,1193.0,1015.0,,,exhale,
61.890,14:55:22.435,1191.0,1017.0,,,exhale,
61.909,14:55:22.454,1191.0,1023.0,,,exhale,
61.929,14:55:22.474,1191.0,1019.0,,,exhale,
61.949,14:55:22.494,1195.0,1021.0,,,exhale,
61.969,14:55:22.514,1193.0,1021.0,,,exhale,
61.990,14:55:22.535,1191.0,1021.0,,,exhale,
62.009,14:55:22.554,1194.0,1021.0,,,exhale,
62.029,14:55:22.574,1193.0,1022.0,,,exhale,
62.049,14:55:22.594,1195.0,1022.0,,,exhale,
62.069,14:55:22.614,1193.0,1022.0,,,exhale,
62.089,14:55:22.634,1196.0,1022.0,,,exhale,
62.109,14:55:22.654,1195.0,1022.0,,,exhale,
62.129,14:55:22.674,1180.0,1029.0,,,exhale,
62.149,14:55:22.694,1195.0,1024.0,,,exhale,
62.169,14:55:22.714,1195.0,1028.0,,,exhale,
62.189,14:55:22.735,1196.0,1024.0,,,exhale,
62.209,14:55:22.754,1196.0,1024.0,,,exhale,
62.229,14:55:22.774,1195.0,1024.0,,,exhale,
62.253,14:55:22.798,1199.0,1021.0,,,exhale,
62.269,14:55:22.814,1197.0,1017.0,,,exhale,
62.289,14:55:22.834,1196.0,1023.0,,,exhale,
62.309,14:55:22.854,1196.0,1023.0,,,exhale,
62.329,14:55:22.874,1195.0,1029.0,,,exhale,
62.349,14:55:22.894,1193.0,1026.0,,,exhale,
62.369,14:55:22.914,1196.0,1023.0,,,exhale,
62.390,14:55:22.935,1193.0,1020.0,,,exhale,
62.409,14:55:22.954,1194.0,1022.0,,,exhale,
62.429,14:55:22.974,1193.0,1021.0,,,exhale,
62.449,14:55:22.994,1194.0,1026.0,,,exhale,
62.469,14:55:23.014,1195.0,1024.0,,,exhale,
62.489,14:55:23.034,1195.0,1021.0,,,exhale,
62.509,14:55:23.054,1193.0,1021.0,,,exhale,
62.529,14:55:23.074,1192.0,1019.0,,,exhale,
62.549,14:55:23.094,1193.0,1020.0,,,exhale,
62.569,14:55:23.114,1193.0,1020.0,,,exhale,
62.589,14:55:23.134,1194.0,1019.0,,,exhale,
62.609,14:55:23.154,1190.0,1019.0,,,exhale,
62.629,14:55:23.174,1189.0,1020.0,,,exhale,
62.649,14:55:23.194,1192.0,1018.0,,,exhale,
62.669,14:55:23.214,1195.0,1019.0,,,exhale,
62.689,14:55:23.234,1189.0,1018.0,,,exhale,
62.709,14:55:23.254,1189.0,1018.0,,,exhale,
62.729,14:55:23.274,1311.0,1014.0,,,exhale,
62.749,14:55:23.294,1189.0,1018.0,,,exhale,
62.769,14:55:23.314,1203.0,1018.0,,,exhale,
62.789,14:55:23.334,1181.0,1016.0,,,exhale,
62.809,14:55:23.354,1187.0,1016.0,,,exhale,
62.829,14:55:23.374,1187.0,1012.0,,,exhale,
62.849,14:55:23.394,1189.0,1014.0,,,exhale,
62.869,14:55:23.414,1223.0,1014.0,,,exhale,
62.889,14:55:23.434,1187.0,1014.0,,,exhale,
62.909,14:55:23.454,1189.0,1013.0,,,exhale,
62.929,14:55:23.474,1182.0,1013.0,,,exhale,
62.949,14:55:23.494,1182.0,1016.0,,,exhale,
62.969,14:55:23.514,1187.0,1013.0,,,exhale,
62.989,14:55:23.534,1183.0,1012.0,,,exhale,
63.009,14:55:23.554,1183.0,1012.0,,,exhale,
63.029,14:55:23.574,1182.0,1011.0,,,exhale,
63.049,14:55:23.594,1182.0,1011.0,,,exhale,
63.069,14:55:23.614,1181.0,1011.0,,,exhale,
63.089,14:55:23.634,1181.0,1014.0,,,exhale,
63.109,14:55:23.654,1180.0,1010.0,,,exhale,
63.129,14:55:23.674,1181.0,1013.0,,,exhale,
63.149,14:55:23.694,1182.0,1012.0,,,exhale,
63.169,14:55:23.714,1182.0,1012.0,,,exhale,
63.189,14:55:23.734,1181.0,1005.0,,,exhale,
63.209,14:55:23.754,1179.0,1010.0,,,exhale,
63.229,14:55:23.774,1180.0,1010.0,,,exhale,
63.253,14:55:23.798,1181.0,1009.0,,,exhale,
63.269,14:55:23.814,1182.0,1006.0,,,exhale,
63.290,14:55:23.835,1177.0,1009.0,,,exhale,
63.309,14:55:23.854,1178.0,1009.0,,,exhale,
63.329,14:55:23.874,1181.0,1008.0,,,exhale,
63.349,14:55:23.894,1175.0,1007.0,,,exhale,
63.369,14:55:23.914,1175.0,1008.0,,,exhale,
63.390,14:55:23.935,1175.0,1008.0,,,exhale,
63.409,14:55:23.954,1173.0,1008.0,,,exhale,
63.429,14:55:23.974,1177.0,1007.0,,,exhale,
63.449,14:55:23.994,1177.0,1007.0,,,exhale,
63.469,14:55:24.014,1173.0,1007.0,,,exhale,
63.489,14:55:24.035,1174.0,1005.0,,,exhale,
63.509,14:55:24.054,1175.0,1003.0,,,exhale,
63.529,14:55:24.074,1175.0,1006.0,,,exhale,
63.549,14:55:24.094,1172.0,1007.0,,,exhale,
63.569,14:55:24.114,1175.0,1006.0,,,exhale,
63.589,14:55:24.135,1173.0,1005.0,,,exhale,
63.609,14:55:24.154,1176.0,1002.0,,,exhale,
63.629,14:55:24.174,1173.0,1000.0,,,exhale,
63.649,14:55:24.194,1173.0,1004.0,,,exhale,
63.669,14:55:24.214,1150.0,1005.0,,,exhale,
63.690,14:55:24.235,1162.0,1005.0,,,exhale,
63.709,14:55:24.254,1173.0,1004.0,,,exhale,
63.729,14:55:24.274,1173.0,1004.0,,,exhale,
63.749,14:55:24.294,1159.0,1004.0,,,exhale,
63.769,14:55:24.314,1174.0,1003.0,,,exhale,
63.789,14:55:24.335,1172.0,1002.0,,,exhale,
63.809,14:55:24.354,1172.0,1003.0,,,exhale,
63.829,14:55:24.374,1172.0,1004.0,,,exhale,
63.849,14:55:24.394,1173.0,996.0,,,exhale,
63.869,14:55:24.414,1171.0,1004.0,,,exhale,
63.889,14:55:24.435,1171.0,1003.0,,,exhale,
63.909,14:55:24.454,1171.0,1003.0,,,exhale,
63.929,14:55:24.474,1172.0,1004.0,,,exhale,
63.949,14:55:24.494,1173.0,1005.0,,,exhale,
63.969,14:55:24.514,1177.0,1003.0,,,exhale,
63.990,14:55:24.535,1171.0,1002.0,,,exhale,
64.009,14:55:24.554,1171.0,1001.0,,,exhale,
64.029,14:55:24.574,1171.0,1003.0,,,exhale,
64.049,14:55:24.594,1171.0,1003.0,,,exhale,
64.082,14:55:24.627,1171.0,1002.0,,,exhale,
64.089,14:55:24.634,1171.0,1003.0,,,exhale,
64.109,14:55:24.654,1171.0,1002.0,,,exhale,
64.129,14:55:24.674,1169.0,1002.0,,,exhale,
64.149,14:55:24.694,1171.0,1002.0,,,exhale,
64.169,14:55:24.714,1171.0,1006.0,,,exhale,
64.189,14:55:24.734,1171.0,998.0,,,exhale,
64.209,14:55:24.754,1167.0,1002.0,,,exhale,
64.229,14:55:24.774,1173.0,1001.0,,,exhale,
64.253,14:55:24.798,1170.0,1003.0,,,exhale,
64.269,14:55:24.814,1158.0,1003.0,,,exhale,
64.289,14:55:24.834,1236.0,1003.0,,,exhale,
64.309,14:55:24.854,1171.0,1003.0,,,exhale,
64.329,14:55:24.874,1173.0,1006.0,,,exhale,
64.349,14:55:24.894,1173.0,1006.0,,,exhale,
64.369,14:55:24.914,1176.0,1008.0,,,exhale,
64.390,14:55:24.935,1179.0,1007.0,,,inhale,inhale_onset
64.409,14:55:24.954,1177.0,1008.0,,,inhale,
64.429,14:55:24.974,1179.0,1008.0,,,inhale,
64.449,14:55:24.994,1181.0,1009.0,,,inhale,
64.469,14:55:25.014,1100.0,1009.0,,,inhale,
64.490,14:55:25.035,1181.0,1014.0,,,inhale,
64.509,14:55:25.054,1181.0,1011.0,,,inhale,
64.529,14:55:25.074,1181.0,1011.0,,,inhale,
64.549,14:55:25.094,1183.0,1012.0,,,inhale,
64.569,14:55:25.114,1184.0,1014.0,,,inhale,
64.589,14:55:25.135,1183.0,1014.0,,,inhale,
64.609,14:55:25.154,1187.0,1014.0,,,inhale,
64.629,14:55:25.174,1182.0,1011.0,,,inhale,
64.649,14:55:25.194,1187.0,1015.0,,,inhale,
64.669,14:55:25.214,1187.0,1017.0,,,inhale,
64.690,14:55:25.235,1189.0,1017.0,,,inhale,
64.709,14:55:25.254,1191.0,1011.0,,,inhale,
64.729,14:55:25.274,1189.0,1024.0,,,inhale,
64.749,14:55:25.294,1189.0,1019.0,,,inhale,
64.769,14:55:25.314,1188.0,1018.0,,,inhale,
64.789,14:55:25.334,1189.0,1018.0,,,inhale,
64.809,14:55:25.354,1189.0,1018.0,,,inhale,
64.829,14:55:25.374,1181.0,1017.0,,,inhale,
64.849,14:55:25.394,1188.0,1018.0,,,inhale,
64.869,14:55:25.414,1189.0,1017.0,,,inhale,
64.889,14:55:25.434,1189.0,1020.0,,,inhale,
64.909,14:55:25.454,1189.0,1019.0,,,inhale,
64.929,14:55:25.474,1192.0,1017.0,,,inhale,
64.949,14:55:25.494,1190.0,1018.0,,,inhale,
64.969,14:55:25.514,1191.0,1017.0,,,inhale,
64.991,14:55:25.536,1189.0,1018.0,,,inhale,
65.009,14:55:25.554,1188.0,1014.0,,,inhale,
65.029,14:55:25.574,1188.0,1017.0,,,inhale,
65.049,14:55:25.594,1191.0,1017.0,,,inhale,
65.069,14:55:25.614,1191.0,1022.0,,,inhale,
65.089,14:55:25.634,1191.0,1017.0,,,inhale,
65.109,14:55:25.654,1191.0,1021.0,,,inhale,
65.129,14:55:25.674,1189.0,1025.0,,,inhale,
65.149,14:55:25.694,1191.0,1019.0,,,inhale,
65.169,14:55:25.714,1191.0,1020.0,,,inhale,
65.190,14:55:25.735,1193.0,1018.0,,,inhale,
65.209,14:55:25.754,1193.0,1019.0,,,inhale,
65.229,14:55:25.774,1194.0,1020.0,,,inhale,
65.253,14:55:25.798,1191.0,1021.0,,,inhale,
65.269,14:55:25.814,1193.0,1020.0,,,inhale,
65.290,14:55:25.835,1200.0,1016.0,,,inhale,
65.309,14:55:25.854,1194.0,1024.0,,,inhale,
65.329,14:55:25.874,1195.0,1022.0,,,inhale,
65.349,14:55:25.894,1194.0,1024.0,,,inhale,
65.369,14:55:25.914,1193.0,1023.0,,,inhale,
65.390,14:55:25.935,1193.0,1021.0,,,inhale,
65.409,14:55:25.954,1197.0,1024.0,,,inhale,
65.429,14:55:25.974,1174.0,1024.0,,,inhale,
65.449,14:55:25.994,1197.0,1024.0,,,inhale,
65.469,14:55:26.014,1195.0,1024.0,,,inhale,
65.489,14:55:26.034,1196.0,1023.0,,,inhale,
65.509,14:55:26.054,1195.0,1022.0,,,inhale,
65.529,14:55:26.074,1195.0,1022.0,,,inhale,
65.549,14:55:26.094,1196.0,1025.0,,,inhale,
65.569,14:55:26.114,1195.0,1023.0,,,inhale,
65.590,14:55:26.135,1195.0,1023.0,,,inhale,
65.609,14:55:26.154,1195.0,1022.0,,,inhale,
65.629,14:55:26.174,1194.0,1022.0,,,inhale,
65.649,14:55:26.194,1193.0,1021.0,,,inhale,
65.669,14:55:26.214,1194.0,1019.0,,,inhale,
65.690,14:55:26.235,1193.0,1021.0,,,inhale,
65.709,14:55:26.254,1192.0,1021.0,,,inhale,
65.729,14:55:26.274,1193.0,1020.0,,,inhale,
65.749,14:55:26.294,1193.0,1022.0,,,inhale,
65.769,14:55:26.314,1192.0,1021.0,,,inhale,
65.790,14:55:26.335,1207.0,1020.0,,,inhale,
65.809,14:55:26.354,1189.0,1020.0,,,inhale,
65.829,14:55:26.374,1195.0,1019.0,,,inhale,
65.849,14:55:26.394,1190.0,1019.0,,,inhale,
65.869,14:55:26.414,1191.0,1019.0,,,inhale,
65.889,14:55:26.434,1190.0,1022.0,,,inhale,
65.909,14:55:26.454,1189.0,1016.0,,,exhale,exhale_onset
65.929,14:55:26.474,1190.0,1018.0,,,exhale,
65.949,14:55:26.494,1191.0,1017.0,,,exhale,
65.969,14:55:26.514,1188.0,1018.0,,,exhale,
65.990,14:55:26.535,1189.0,1019.0,,,exhale,
66.009,14:55:26.554,1188.0,1017.0,,,exhale,
66.029,14:55:26.574,1171.0,1017.0,,,exhale,
66.049,14:55:26.594,1189.0,1017.0,,,exhale,
66.069,14:55:26.614,1182.0,1018.0,,,exhale,
66.089,14:55:26.634,1189.0,1016.0,,,exhale,
66.109,14:55:26.654,1187.0,1015.0,,,exhale,
66.129,14:55:26.674,1183.0,1019.0,,,exhale,
66.149,14:55:26.694,1187.0,1018.0,,,exhale,
66.169,14:55:26.714,1187.0,1016.0,,,exhale,
66.189,14:55:26.735,1189.0,1014.0,,,exhale,
66.209,14:55:26.754,1179.0,1014.0,,,exhale,
66.229,14:55:26.774,1187.0,1014.0,,,exhale,
66.253,14:55:26.798,1183.0,1014.0,,,exhale,
66.269,14:55:26.814,1187.0,1013.0,,,exhale,
66.289,14:55:26.834,1183.0,1012.0,,,exhale,
66.309,14:55:26.854,1187.0,1014.0,,,exhale,
66.329,14:55:26.874,1173.0,1014.0,,,exhale,
66.349,14:55:26.894,1187.0,1013.0,,,exhale,
66.369,14:55:26.914,1183.0,1019.0,,,exhale,
66.389,14:55:26.934,1183.0,1012.0,,,exhale,
66.409,14:55:26.954,1183.0,1011.0,,,exhale,
66.429,14:55:26.974,1187.0,1013.0,,,exhale,
66.449,14:55:26.994,1181.0,1013.0,,,exhale,
66.469,14:55:27.014,1189.0,1014.0,,,exhale,
66.489,14:55:27.034,1183.0,1013.0,,,exhale,
66.510,14:55:27.055,1187.0,1015.0,,,exhale,
66.529,14:55:27.074,1187.0,1015.0,,,exhale,
66.549,14:55:27.094,1187.0,1015.0,,,exhale,
66.569,14:55:27.114,1190.0,1014.0,,,exhale,
66.589,14:55:27.134,1184.0,1015.0,,,exhale,
66.609,14:55:27.154,1189.0,1017.0,,,exhale,
66.629,14:55:27.174,1189.0,1018.0,,,exhale,
66.649,14:55:27.194,1189.0,1015.0,,,exhale,
66.669,14:55:27.214,1189.0,1018.0,,,exhale,
66.689,14:55:27.235,1187.0,1021.0,,,exhale,
66.709,14:55:27.254,1189.0,1017.0,,,exhale,
66.729,14:55:27.274,1187.0,1018.0,,,exhale,
66.749,14:55:27.294,1189.0,1018.0,,,exhale,
66.769,14:55:27.314,1190.0,1018.0,,,exhale,
66.789,14:55:27.334,1190.0,1021.0,,,exhale,
66.809,14:55:27.354,1193.0,1021.0,,,exhale,
66.829,14:55:27.374,1193.0,1021.0,,,exhale,
66.849,14:55:27.394,1193.0,1022.0,,,exhale,
66.869,14:55:27.414,1195.0,1024.0,,,exhale,
66.890,14:55:27.435,1193.0,1020.0,,,exhale,
66.909,14:55:27.455,1195.0,1023.0,,,exhale,
66.929,14:55:27.474,1193.0,1022.0,,,exhale,
66.949,14:55:27.494,1197.0,1023.0,,,exhale,
66.969,14:55:27.514,1197.0,1024.0,,,exhale,
66.990,14:55:27.535,1206.0,1024.0,,,exhale,
67.009,14:55:27.554,1199.0,1025.0,,,exhale,
67.029,14:55:27.574,1199.0,1023.0,,,exhale,
67.049,14:55:27.594,1199.0,1025.0,,,exhale,
67.069,14:55:27.614,1199.0,1025.0,,,exhale,
67.090,14:55:27.635,1199.0,1025.0,,,exhale,
67.109,14:55:27.654,1199.0,1024.0,,,inhale,inhale_onset
67.129,14:55:27.674,1198.0,1033.0,,,inhale,
67.149,14:55:27.694,1195.0,1024.0,,,inhale,
67.169,14:55:27.714,1193.0,1025.0,,,inhale,
67.189,14:55:27.734,1268.0,1026.0,,,inhale,
67.209,14:55:27.754,1199.0,1027.0,,,inhale,
67.229,14:55:27.774,1199.0,1025.0,,,inhale,
67.253,14:55:27.798,1201.0,1025.0,,,inhale,
67.269,14:55:27.814,1199.0,1026.0,,,inhale,
67.289,14:55:27.834,1199.0,1022.0,,,inhale,
67.309,14:55:27.854,1199.0,1028.0,,,inhale,
67.329,14:55:27.874,1199.0,1026.0,,,inhale,
67.349,14:55:27.894,1199.0,1027.0,,,inhale,
67.369,14:55:27.914,1205.0,1024.0,,,inhale,
67.390,14:55:27.935,1199.0,1028.0,,,inhale,
67.409,14:55:27.954,1199.0,1025.0,,,inhale,
67.429,14:55:27.974,1195.0,1026.0,,,inhale,
67.459,14:55:28.004,1199.0,1024.0,,,inhale,
67.469,14:55:28.014,1191.0,1025.0,,,inhale,
67.489,14:55:28.034,1199.0,1025.0,,,inhale,
67.509,14:55:28.054,1197.0,1027.0,,,inhale,
67.529,14:55:28.074,1202.0,1023.0,,,inhale,
67.549,14:55:28.094,1196.0,1024.0,,,inhale,
67.569,14:55:28.114,1197.0,1024.0,,,inhale,
67.589,14:55:28.135,1197.0,1023.0,,,inhale,
67.609,14:55:28.154,1197.0,1025.0,,,inhale,
67.629,14:55:28.174,1195.0,1027.0,,,inhale,
67.649,14:55:28.194,1197.0,1024.0,,,inhale,
67.669,14:55:28.214,1197.0,1023.0,,,inhale,
67.689,14:55:28.234,1196.0,1018.0,,,inhale,
67.709,14:55:28.254,1195.0,1022.0,,,inhale,
67.729,14:55:28.274,1194.0,1021.0,,,inhale,
67.749,14:55:28.294,1197.0,1018.0,,,inhale,
67.769,14:55:28.314,1193.0,1022.0,,,inhale,
67.789,14:55:28.334,1193.0,1021.0,,,inhale,
67.809,14:55:28.354,1192.0,1021.0,,,inhale,
67.829,14:55:28.374,1195.0,1019.0,,,inhale,
67.849,14:55:28.394,1193.0,1019.0,,,inhale,
67.869,14:55:28.414,1191.0,1020.0,,,inhale,
67.890,14:55:28.435,1192.0,1019.0,,,inhale,
67.909,14:55:28.454,1190.0,1018.0,,,inhale,
67.929,14:55:28.474,1190.0,1019.0,,,inhale,
67.949,14:55:28.494,1191.0,1018.0,,,inhale,
67.969,14:55:28.514,1189.0,1017.0,,,inhale,
67.989,14:55:28.534,1187.0,1017.0,,,inhale,
68.009,14:55:28.554,1189.0,1017.0,,,inhale,
68.029,14:55:28.574,1184.0,1017.0,,,inhale,
68.049,14:55:28.594,1188.0,1017.0,,,inhale,
68.069,14:55:28.614,1191.0,1017.0,,,inhale,
68.089,14:55:28.634,1188.0,1016.0,,,inhale,
68.109,14:55:28.654,1188.0,1015.0,,,inhale,
68.129,14:55:28.674,1193.0,1007.0,,,inhale,
68.149,14:55:28.694,1193.0,1015.0,,,inhale,
68.169,14:55:28.714,1188.0,1010.0,,,inhale,
68.189,14:55:28.734,1183.0,1013.0,,,inhale,
68.209,14:55:28.754,1187.0,1015.0,,,inhale,
68.229,14:55:28.774,1183.0,1012.0,,,inhale,
68.253,14:55:28.798,1184.0,1012.0,,,inhale,
68.269,14:55:28.814,1181.0,1012.0,,,inhale,
68.289,14:55:28.834,1183.0,1013.0,,,inhale,
68.309,14:55:28.854,1183.0,1012.0,,,inhale,
68.329,14:55:28.874,1181.0,1013.0,,,inhale,
68.349,14:55:28.894,1181.0,1005.0,,,inhale,
68.369,14:55:28.914,1182.0,1011.0,,,inhale,
68.389,14:55:28.934,1181.0,1012.0,,,inhale,
68.409,14:55:28.954,1181.0,1010.0,,,inhale,
68.429,14:55:28.974,1180.0,1010.0,,,inhale,
68.449,14:55:28.994,1181.0,1010.0,,,inhale,
68.469,14:55:29.014,1181.0,1012.0,,,inhale,
68.490,14:55:29.035,1181.0,1010.0,,,inhale,
68.509,14:55:29.054,1176.0,1009.0,,,inhale,
68.529,14:55:29.074,1181.0,1009.0,,,inhale,
68.549,14:55:29.094,1180.0,1008.0,,,inhale,
68.569,14:55:29.114,1180.0,1008.0,,,inhale,
68.589,14:55:29.134,1179.0,1004.0,,,inhale,
68.609,14:55:29.154,1181.0,1014.0,,,inhale,
68.629,14:55:29.174,1178.0,1008.0,,,inhale,
68.649,14:55:29.194,1179.0,1007.0,,,inhale,
68.669,14:55:29.214,1179.0,1007.0,,,inhale,
68.689,14:55:29.234,1177.0,1007.0,,,inhale,
68.709,14:55:29.254,1177.0,1008.0,,,inhale,
68.729,14:55:29.274,1177.0,1003.0,,,inhale,
68.749,14:55:29.294,1177.0,1007.0,,,inhale,
68.769,14:55:29.314,1177.0,1008.0,,,inhale,
68.789,14:55:29.334,1176.0,1007.0,,,inhale,
68.809,14:55:29.354,1179.0,1006.0,,,inhale,
68.829,14:55:29.374,1175.0,1005.0,,,inhale,
68.849,14:55:29.394,1177.0,1003.0,,,inhale,
68.869,14:55:29.414,1175.0,1012.0,,,inhale,
68.889,14:55:29.434,1176.0,1006.0,,,inhale,
68.909,14:55:29.454,1175.0,1005.0,,,inhale,
68.929,14:55:29.474,1171.0,1005.0,,,inhale,
68.949,14:55:29.494,1173.0,1005.0,,,inhale,
68.969,14:55:29.514,1174.0,1005.0,,,inhale,
68.990,14:55:29.535,1171.0,1005.0,,,inhale,
69.009,14:55:29.554,1173.0,1005.0,,,inhale,
69.029,14:55:29.574,1173.0,1004.0,,,inhale,
69.049,14:55:29.594,1171.0,1003.0,,,inhale,
69.069,14:55:29.614,1173.0,1004.0,,,inhale,
69.089,14:55:29.634,1163.0,1004.0,,,inhale,
69.109,14:55:29.654,1173.0,1003.0,,,inhale,
69.129,14:55:29.674,1171.0,1000.0,,,inhale,
69.149,14:55:29.694,1173.0,1004.0,,,inhale,
69.169,14:55:29.714,1171.0,1003.0,,,inhale,
69.189,14:55:29.734,1173.0,1004.0,,,inhale,
69.209,14:55:29.754,1171.0,1006.0,,,inhale,
69.229,14:55:29.774,1175.0,1004.0,,,inhale,
69.253,14:55:29.798,1173.0,1006.0,,,inhale,
69.269,14:55:29.814,1173.0,1005.0,,,inhale,
69.289,14:55:29.835,1173.0,1004.0,,,inhale,
69.309,14:55:29.854,1174.0,1002.0,,,inhale,
69.329,14:55:29.874,1173.0,1007.0,,,inhale,
69.349,14:55:29.894,1175.0,1006.0,,,inhale,
69.369,14:55:29.914,1175.0,1007.0,,,inhale,
69.389,14:55:29.934,1175.0,1007.0,,,inhale,
69.409,14:55:29.954,1177.0,1008.0,,,inhale,
69.429,14:55:29.974,1179.0,1006.0,,,inhale,
69.449,14:55:29.994,1177.0,1011.0,,,inhale,
69.469,14:55:30.014,1179.0,1007.0,,,inhale,
69.490,14:55:30.035,1179.0,1009.0,,,inhale,
69.509,14:55:30.054,1181.0,1015.0,,,inhale,
69.529,14:55:30.074,1179.0,1011.0,,,inhale,
69.549,14:55:30.094,1184.0,1016.0,,,inhale,
69.569,14:55:30.114,1183.0,1013.0,,,inhale,
69.590,14:55:30.135,1175.0,1018.0,,,inhale,
69.609,14:55:30.154,1183.0,1013.0,,,inhale,
69.629,14:55:30.174,1187.0,1012.0,,,inhale,
69.649,14:55:30.194,1187.0,1014.0,,,inhale,
69.669,14:55:30.214,1188.0,1017.0,,,inhale,
69.689,14:55:30.234,1193.0,1019.0,,,inhale,
69.709,14:55:30.254,1188.0,1017.0,,,inhale,
69.729,14:55:30.274,1189.0,1016.0,,,inhale,
69.749,14:55:30.294,1190.0,1017.0,,,inhale,
69.769,14:55:30.314,1190.0,1018.0,,,inhale,
69.791,14:55:30.336,1191.0,1019.0,,,inhale,
69.809,14:55:30.354,1191.0,1017.0,,,inhale,
69.829,14:55:30.374,1191.0,1014.0,,,inhale,
69.849,14:55:30.394,1191.0,1022.0,,,inhale,
69.869,14:55:30.414,1191.0,1019.0,,,inhale,
69.890,14:55:30.435,1191.0,1019.0,,,inhale,
69.909,14:55:30.454,1191.0,1024.0,,,inhale,
69.929,14:55:30.474,1191.0,1019.0,,,inhale,
69.949,14:55:30.494,1191.0,1018.0,,,inhale,
69.969,14:55:30.514,1193.0,1019.0,,,inhale,
69.990,14:55:30.535,1188.0,1019.0,,,inhale,
70.009,14:55:30.554,1191.0,1012.0,,,inhale,
70.029,14:55:30.574,1191.0,1015.0,,,inhale,
70.049,14:55:30.594,1191.0,1020.0,,,inhale,
70.069,14:55:30.614,1211.0,1019.0,,,inhale,
70.090,14:55:30.635,1197.0,1020.0,,,inhale,
70.109,14:55:30.654,1191.0,1019.0,,,inhale,
70.129,14:55:30.674,1192.0,1019.0,,,inhale,
70.149,14:55:30.694,1192.0,1019.0,,,inhale,
70.169,14:55:30.714,1191.0,1020.0,,,inhale,
70.189,14:55:30.734,1192.0,1020.0,,,inhale,
70.209,14:55:30.754,1193.0,1020.0,,,inhale,
70.229,14:55:30.774,1197.0,1020.0,,,inhale,
70.253,14:55:30.798,1183.0,1016.0,,,inhale,
70.269,14:55:30.814,1191.0,1024.0,,,inhale,
70.289,14:55:30.834,1191.0,1025.0,,,inhale,
70.309,14:55:30.854,1191.0,1020.0,,,inhale,
70.329,14:55:30.874,1191.0,1021.0,,,inhale,
70.349,14:55:30.894,1192.0,1020.0,,,inhale,
70.369,14:55:30.914,1191.0,1019.0,,,inhale,
70.389,14:55:30.934,1191.0,1018.0,,,inhale,
70.409,14:55:30.954,1190.0,1019.0,,,inhale,
70.429,14:55:30.974,1192.0,1019.0,,,inhale,
70.449,14:55:30.994,1191.0,1019.0,,,inhale,
70.469,14:55:31.014,1197.0,1015.0,,,inhale,
70.489,14:55:31.034,1191.0,1021.0,,,inhale,
70.509,14:55:31.054,1191.0,1018.0,,,inhale,
70.529,14:55:31.074,1194.0,1016.0,,,inhale,
70.549,14:55:31.094,1191.0,1020.0,,,inhale,
70.569,14:55:31.114,1193.0,1019.0,,,inhale,
70.589,14:55:31.134,1165.0,1018.0,,,inhale,
70.609,14:55:31.154,1193.0,1020.0,,,inhale,
70.629,14:55:31.174,1191.0,1025.0,,,inhale,
70.649,14:55:31.194,1191.0,1018.0,,,inhale,
70.669,14:55:31.214,1191.0,1024.0,,,inhale,
70.690,14:55:31.235,1191.0,1018.0,,,inhale,
70.709,14:55:31.254,1191.0,1017.0,,,inhale,
70.729,14:55:31.274,1190.0,1020.0,,,inhale,
70.749,14:55:31.294,1191.0,1018.0,,,inhale,
70.769,14:55:31.314,1189.0,1018.0,,,inhale,
70.789,14:55:31.334,1190.0,1017.0,,,inhale,
70.809,14:55:31.354,1189.0,1018.0,,,inhale,
70.829,14:55:31.374,1194.0,1019.0,,,inhale,
70.849,14:55:31.394,1190.0,1012.0,,,inhale,
70.869,14:55:31.414,1190.0,1018.0,,,inhale,
70.889,14:55:31.434,1189.0,1018.0,,,inhale,
70.909,14:55:31.454,1183.0,1017.0,,,exhale,exhale_onset
70.929,14:55:31.474,1189.0,1016.0,,,exhale,
70.949,14:55:31.494,1187.0,1017.0,,,exhale,
70.969,14:55:31.514,1189.0,1010.0,,,exhale,
70.990,14:55:31.535,1189.0,1020.0,,,exhale,
71.009,14:55:31.554,1187.0,1016.0,,,exhale,
71.030,14:55:31.576,1183.0,1015.0,,,exhale,
71.049,14:55:31.594,1187.0,1013.0,,,exhale,
71.069,14:55:31.614,1191.0,1014.0,,,exhale,
71.100,14:55:31.645,1183.0,1010.0,,,exhale,
71.118,14:55:31.663,1187.0,1012.0,,,exhale,
71.129,14:55:31.674,1061.0,1013.0,,,exhale,
71.149,14:55:31.694,1183.0,1012.0,,,exhale,
71.169,14:55:31.714,1183.0,1012.0,,,exhale,
71.189,14:55:31.734,1182.0,1007.0,,,exhale,
71.209,14:55:31.754,1182.0,1014.0,,,exhale,
71.229,14:55:31.774,1183.0,1015.0,,,exhale,
71.253,14:55:31.798,1181.0,1012.0,,,exhale,
71.269,14:55:31.814,1182.0,1014.0,,,exhale,
71.289,14:55:31.834,1179.0,1012.0,,,exhale,
71.309,14:55:31.854,1183.0,1011.0,,,exhale,
71.329,14:55:31.874,1181.0,1011.0,,,exhale,
71.349,14:55:31.894,1181.0,1014.0,,,exhale,
71.369,14:55:31.914,1180.0,1010.0,,,exhale,
71.391,14:55:31.937,1180.0,1004.0,,,exhale,
71.413,14:55:31.958,1179.0,1010.0,,,exhale,
71.429,14:55:31.974,1181.0,1009.0,,,exhale,
71.449,14:55:31.994,1181.0,1009.0,,,exhale,
71.469,14:55:32.014,1177.0,1010.0,,,exhale,
71.489,14:55:32.034,1179.0,1009.0,,,exhale,
71.509,14:55:32.054,1179.0,1010.0,,,exhale,
71.529,14:55:32.074,1179.0,1008.0,,,exhale,
71.549,14:55:32.094,1179.0,1009.0,,,exhale,
71.569,14:55:32.114,1179.0,1009.0,,,exhale,
71.589,14:55:32.134,1179.0,1008.0,,,exhale,
71.609,14:55:32.154,1177.0,1008.0,,,exhale,
71.629,14:55:32.174,1179.0,1008.0,,,exhale,
71.649,14:55:32.194,1178.0,1008.0,,,exhale,
71.669,14:55:32.214,1177.0,1005.0,,,exhale,
71.690,14:55:32.235,1179.0,1007.0,,,exhale,
71.709,14:55:32.254,1177.0,1008.0,,,exhale,
71.729,14:55:32.274,1179.0,1009.0,,,exhale,
71.749,14:55:32.294,1179.0,1007.0,,,exhale,
71.769,14:55:32.314,1192.0,1009.0,,,exhale,
71.789,14:55:32.334,1193.0,1009.0,,,exhale,
71.809,14:55:32.354,1179.0,1009.0,,,exhale,
71.829,14:55:32.374,1179.0,1010.0,,,exhale,
71.849,14:55:32.394,1177.0,1010.0,,,exhale,
71.869,14:55:32.414,1179.0,1010.0,,,exhale,
71.890,14:55:32.435,1177.0,1011.0,,,exhale,
71.909,14:55:32.454,1179.0,1009.0,,,exhale,
71.929,14:55:32.474,1173.0,1011.0,,,exhale,
71.949,14:55:32.494,1180.0,1009.0,,,exhale,
71.969,14:55:32.514,1180.0,1010.0,,,exhale,
71.990,14:55:32.535,1179.0,1009.0,,,exhale,
72.009,14:55:32.554,1181.0,1005.0,,,exhale,
72.029,14:55:32.574,1182.0,1010.0,,,exhale,
72.049,14:55:32.594,1179.0,1010.0,,,exhale,
72.069,14:55:32.614,1179.0,1010.0,,,exhale,
72.089,14:55:32.634,1183.0,1011.0,,,exhale,
72.109,14:55:32.654,1182.0,1011.0,,,exhale,
72.129,14:55:32.674,1181.0,1012.0,,,exhale,
72.149,14:55:32.694,1183.0,1009.0,,,exhale,
72.169,14:55:32.714,1189.0,1014.0,,,exhale,
72.189,14:55:32.734,1183.0,1011.0,,,exhale,
72.209,14:55:32.754,1184.0,1014.0,,,exhale,
72.229,14:55:32.774,1189.0,1015.0,,,exhale,
72.253,14:55:32.798,1188.0,1016.0,,,inhale,inhale_onset
72.269,14:55:32.814,1229.0,1017.0,,,inhale,
72.290,14:55:32.835,1189.0,1017.0,,,inhale,
72.309,14:55:32.854,1191.0,1018.0,,,inhale,
72.329,14:55:32.874,1191.0,1021.0,,,inhale,
72.349,14:55:32.894,1191.0,1018.0,,,inhale,
72.369,14:55:32.914,1191.0,1019.0,,,inhale,
72.389,14:55:32.935,1197.0,1019.0,,,inhale,
72.409,14:55:32.954,1197.0,1016.0,,,inhale,
72.429,14:55:32.974,1193.0,1020.0,,,inhale,
72.449,14:55:32.994,1191.0,1025.0,,,inhale,
72.469,14:55:33.014,1199.0,1027.0,,,inhale,
72.490,14:55:33.035,1191.0,1021.0,,,inhale,
72.509,14:55:33.054,1194.0,1021.0,,,inhale,
72.529,14:55:33.074,1194.0,1024.0,,,inhale,
72.549,14:55:33.094,1194.0,1023.0,,,inhale,
72.569,14:55:33.114,1195.0,1021.0,,,inhale,
72.589,14:55:33.134,1195.0,1022.0,,,inhale,
72.609,14:55:33.154,1195.0,1024.0,,,inhale,
72.629,14:55:33.174,1195.0,1021.0,,,inhale,
72.649,14:55:33.194,1195.0,1023.0,,,inhale,
72.669,14:55:33.214,1195.0,1022.0,,,inhale,
72.689,14:55:33.234,1193.0,1022.0,,,inhale,
72.709,14:55:33.254,1195.0,1021.0,,,inhale,
72.729,14:55:33.274,1195.0,1022.0,,,inhale,
72.749,14:55:33.294,1187.0,1020.0,,,inhale,
72.769,14:55:33.314,1187.0,1020.0,,,inhale,
72.790,14:55:33.335,1203.0,1022.0,,,inhale,
72.809,14:55:33.354,1193.0,1021.0,,,inhale,
72.829,14:55:33.374,1191.0,1022.0,,,inhale,
72.849,14:55:33.394,1195.0,1025.0,,,inhale,
72.869,14:55:33.414,1192.0,1020.0,,,inhale,
72.889,14:55:33.434,1193.0,1021.0,,,inhale,
72.909,14:55:33.454,1193.0,1020.0,,,inhale,
72.929,14:55:33.474,1195.0,1020.0,,,inhale,
72.949,14:55:33.494,1193.0,1021.0,,,inhale,
72.969,14:55:33.514,1193.0,1020.0,,,inhale,
72.992,14:55:33.537,1193.0,1020.0,,,inhale,
73.009,14:55:33.554,1183.0,1021.0,,,inhale,
73.029,14:55:33.574,1193.0,1021.0,,,inhale,
73.049,14:55:33.594,1192.0,1020.0,,,inhale,
73.069,14:55:33.614,1191.0,1020.0,,,inhale,
73.089,14:55:33.634,1191.0,1022.0,,,inhale,
73.109,14:55:33.654,1191.0,1017.0,,,inhale,
73.129,14:55:33.674,1191.0,1016.0,,,inhale,
73.149,14:55:33.694,1182.0,1017.0,,,inhale,
73.169,14:55:33.714,1189.0,1016.0,,,inhale,
73.189,14:55:33.734,1189.0,1016.0,,,inhale,
73.209,14:55:33.754,1188.0,1013.0,,,inhale,
73.229,14:55:33.774,1187.0,1023.0,,,inhale,
73.253,14:55:33.798,1188.0,1018.0,,,inhale,
73.269,14:55:33.814,1184.0,1013.0,,,inhale,
73.291,14:55:33.836,1183.0,1017.0,,,inhale,
73.310,14:55:33.855,1183.0,1013.0,,,inhale,
73.329,14:55:33.874,1181.0,1010.0,,,inhale,
73.349,14:55:33.894,1183.0,1012.0,,,inhale,
73.369,14:55:33.914,1285.0,1013.0,,,inhale,
73.391,14:55:33.936,1255.0,1011.0,,,inhale,
73.409,14:55:33.954,1182.0,1011.0,,,inhale,
73.429,14:55:33.974,1181.0,1013.0,,,inhale,
73.449,14:55:33.994,1181.0,1011.0,,,inhale,
73.469,14:55:34.014,1180.0,1009.0,,,exhale,exhale_onset
73.490,14:55:34.035,1179.0,1009.0,,,exhale,
73.509,14:55:34.054,1179.0,1007.0,,,exhale,
73.529,14:55:34.074,1179.0,1006.0,,,exhale,
73.549,14:55:34.094,1177.0,1008.0,,,exhale,
73.569,14:55:34.114,1176.0,1008.0,,,exhale,
73.589,14:55:34.134,1181.0,1006.0,,,exhale,
73.609,14:55:34.154,1177.0,1007.0,,,exhale,
73.629,14:55:34.174,1177.0,1005.0,,,exhale,
73.649,14:55:34.194,1178.0,1007.0,,,exhale,
73.669,14:55:34.214,1176.0,1007.0,,,exhale,
73.690,14:55:34.235,1174.0,1006.0,,,exhale,
73.709,14:55:34.254,1177.0,1008.0,,,exhale,
73.729,14:55:34.274,1177.0,1007.0,,,exhale,
73.749,14:55:34.294,1176.0,1005.0,,,exhale,
73.769,14:55:34.314,1177.0,1007.0,,,exhale,
73.789,14:55:34.334,1177.0,1007.0,,,exhale,
73.809,14:55:34.354,1179.0,1011.0,,,exhale,
73.829,14:55:34.374,1176.0,1007.0,,,exhale,
73.849,14:55:34.394,1176.0,1008.0,,,exhale,
73.869,14:55:34.414,1175.0,1006.0,,,exhale,
73.889,14:55:34.434,1175.0,1007.0,,,exhale,
73.909,14:55:34.454,1176.0,1006.0,,,exhale,
73.929,14:55:34.474,1176.0,1006.0,,,exhale,
73.949,14:55:34.494,1174.0,1005.0,,,exhale,
73.969,14:55:34.514,1172.0,1007.0,,,exhale,
73.989,14:55:34.534,1177.0,1003.0,,,exhale,
74.009,14:55:34.554,1175.0,1009.0,,,exhale,
74.029,14:55:34.574,1175.0,1007.0,,,exhale,
74.049,14:55:34.594,1176.0,1005.0,,,exhale,
74.069,14:55:34.614,1174.0,1000.0,,,exhale,
74.089,14:55:34.634,1174.0,1005.0,,,exhale,
74.109,14:55:34.654,1173.0,1004.0,,,exhale,
74.129,14:55:34.674,1175.0,1002.0,,,exhale,
74.149,14:55:34.694,1173.0,1004.0,,,exhale,
74.169,14:55:34.714,1173.0,1003.0,,,exhale,
74.189,14:55:34.734,1183.0,1000.0,,,exhale,
74.209,14:55:34.754,1173.0,1000.0,,,exhale,
74.229,14:55:34.774,1172.0,1002.0,,,exhale,
74.253,14:55:34.798,1171.0,1002.0,,,exhale,
74.269,14:55:34.814,1175.0,1003.0,,,exhale,
74.289,14:55:34.834,1171.0,1003.0,,,exhale,
74.309,14:55:34.854,1171.0,1004.0,,,exhale,
74.329,14:55:34.874,1170.0,1001.0,,,exhale,
74.349,14:55:34.894,1170.0,1001.0,,,exhale,
74.369,14:55:34.914,1171.0,999.0,,,exhale,
74.389,14:55:34.934,1173.0,1008.0,,,exhale,
74.409,14:55:34.954,1170.0,997.0,,,exhale,
74.429,14:55:34.974,1167.0,1002.0,,,exhale,
74.449,14:55:34.994,1170.0,1000.0,,,exhale,
74.469,14:55:35.014,1182.0,1000.0,,,exhale,
74.489,14:55:35.034,1141.0,1001.0,,,exhale,
74.509,14:55:35.054,1167.0,1000.0,,,exhale,
74.529,14:55:35.074,1170.0,999.0,,,exhale,
74.549,14:55:35.094,1169.0,999.0,,,exhale,
74.569,14:55:35.114,1173.0,1000.0,,,exhale,
74.590,14:55:35.135,1171.0,999.0,,,exhale,
74.609,14:55:35.154,1167.0,1000.0,,,exhale,
74.629,14:55:35.174,1169.0,1000.0,,,exhale,
74.649,14:55:35.195,1167.0,999.0,,,exhale,
74.669,14:55:35.214,1167.0,999.0,,,exhale,
74.690,14:55:35.235,1171.0,1004.0,,,exhale,
74.709,14:55:35.254,1167.0,1000.0,,,exhale,
74.729,14:55:35.274,1166.0,1000.0,,,exhale,
74.749,14:55:35.294,1171.0,998.0,,,exhale,
74.769,14:55:35.314,1171.0,1000.0,,,exhale,
74.789,14:55:35.335,1171.0,1001.0,,,exhale,
74.809,14:55:35.354,1171.0,1002.0,,,exhale,
74.829,14:55:35.374,1172.0,1002.0,,,exhale,
74.849,14:55:35.394,1173.0,1008.0,,,exhale,
74.869,14:55:35.414,1174.0,1003.0,,,exhale,
74.891,14:55:35.436,1175.0,1006.0,,,exhale,
74.909,14:55:35.454,1175.0,1007.0,,,inhale,inhale_onset
74.929,14:55:35.474,1171.0,1007.0,,,inhale,
74.949,14:55:35.494,1179.0,1008.0,,,inhale,
74.969,14:55:35.514,1179.0,1008.0,,,inhale,
74.989,14:55:35.534,1178.0,1009.0,,,inhale,
75.009,14:55:35.554,1179.0,1009.0,,,inhale,
75.029,14:55:35.574,1179.0,1009.0,,,inhale,
75.049,14:55:35.594,1181.0,1011.0,,,inhale,
75.069,14:55:35.614,1180.0,1011.0,,,inhale,
75.090,14:55:35.635,1182.0,1014.0,,,inhale,
75.109,14:55:35.654,1182.0,1012.0,,,inhale,
75.129,14:55:35.674,1187.0,1013.0,,,inhale,
75.149,14:55:35.694,1182.0,1013.0,,,inhale,
75.169,14:55:35.714,1183.0,1013.0,,,inhale,
75.189,14:55:35.734,1183.0,1014.0,,,inhale,
75.209,14:55:35.754,1187.0,1012.0,,,inhale,
75.229,14:55:35.774,1195.0,1013.0,,,inhale,
75.253,14:55:35.798,1196.0,1016.0,,,inhale,
75.269,14:55:35.814,1188.0,1014.0,,,inhale,
75.290,14:55:35.835,1183.0,1015.0,,,inhale,
75.309,14:55:35.854,1186.0,1016.0,,,inhale,
75.329,14:55:35.874,1188.0,1014.0,,,inhale,
75.349,14:55:35.894,1189.0,1016.0,,,inhale,
75.369,14:55:35.914,1187.0,1017.0,,,inhale,
75.389,14:55:35.934,1187.0,1016.0,,,inhale,
75.409,14:55:35.954,1188.0,1017.0,,,inhale,
75.429,14:55:35.974,1173.0,1016.0,,,inhale,
75.449,14:55:35.994,1187.0,1015.0,,,inhale,
75.469,14:55:36.014,1173.0,1016.0,,,inhale,
75.489,14:55:36.034,1189.0,1017.0,,,inhale,
75.509,14:55:36.054,1188.0,1016.0,,,inhale,
75.529,14:55:36.074,1188.0,1016.0,,,inhale,
75.549,14:55:36.094,1184.0,1019.0,,,inhale,
75.569,14:55:36.114,1189.0,1022.0,,,inhale,
75.589,14:55:36.134,1187.0,1016.0,,,inhale,
75.609,14:55:36.154,1188.0,1016.0,,,inhale,
75.629,14:55:36.174,1187.0,1018.0,,,inhale,
75.649,14:55:36.194,1187.0,1019.0,,,inhale,
75.669,14:55:36.214,1183.0,1016.0,,,inhale,
75.689,14:55:36.234,1190.0,1013.0,,,inhale,
75.709,14:55:36.254,1190.0,1016.0,,,inhale,
75.729,14:55:36.274,1183.0,1015.0,,,inhale,
75.749,14:55:36.294,1187.0,1015.0,,,inhale,
75.769,14:55:36.314,1187.0,1014.0,,,inhale,
75.789,14:55:36.334,1183.0,1014.0,,,inhale,
75.809,14:55:36.354,1187.0,1013.0,,,inhale,
75.829,14:55:36.374,1183.0,1013.0,,,inhale,
75.849,14:55:36.394,1183.0,1013.0,,,inhale,
75.869,14:55:36.414,1184.0,1012.0,,,inhale,
75.889,14:55:36.434,1187.0,1011.0,,,inhale,
75.909,14:55:36.454,1187.0,1014.0,,,inhale,
75.929,14:55:36.474,1183.0,1013.0,,,inhale,
75.949,14:55:36.494,1183.0,1013.0,,,inhale,
75.969,14:55:36.514,1175.0,1016.0,,,inhale,
75.990,14:55:36.535,1181.0,1013.0,,,inhale,
76.009,14:55:36.554,1190.0,1012.0,,,inhale,
76.029,14:55:36.574,1182.0,1016.0,,,inhale,
76.049,14:55:36.594,1183.0,1010.0,,,inhale,
76.069,14:55:36.614,1183.0,1010.0,,,inhale,
76.089,14:55:36.634,1179.0,1009.0,,,inhale,
76.109,14:55:36.654,1182.0,1014.0,,,inhale,
76.129,14:55:36.674,1177.0,1011.0,,,inhale,
76.149,14:55:36.694,1179.0,1008.0,,,exhale,exhale_onset
76.169,14:55:36.714,1180.0,1010.0,,,exhale,
76.190,14:55:36.735,1112.0,1010.0,,,exhale,
76.209,14:55:36.754,1179.0,1010.0,,,exhale,
76.229,14:55:36.774,1178.0,1009.0,,,exhale,
76.253,14:55:36.798,1179.0,1009.0,,,exhale,
76.269,14:55:36.814,1179.0,1008.0,,,exhale,
76.290,14:55:36.835,1183.0,1008.0,,,exhale,
76.309,14:55:36.854,1182.0,1010.0,,,exhale,
76.329,14:55:36.874,1181.0,1008.0,,,exhale,
76.349,14:55:36.894,1178.0,1009.0,,,exhale,
76.369,14:55:36.914,1177.0,1008.0,,,exhale,
76.389,14:55:36.934,1177.0,1015.0,,,exhale,
76.409,14:55:36.954,1178.0,1010.0,,,exhale,
76.429,14:55:36.974,1179.0,1007.0,,,exhale,
76.449,14:55:36.994,1179.0,1008.0,,,exhale,
76.469,14:55:37.014,1179.0,1008.0,,,exhale,
76.490,14:55:37.035,1177.0,1009.0,,,exhale,
76.509,14:55:37.054,1176.0,1008.0,,,exhale,
76.529,14:55:37.074,1177.0,1004.0,,,exhale,
76.549,14:55:37.094,1175.0,1007.0,,,exhale,
76.569,14:55:37.114,1177.0,1007.0,,,exhale,
76.589,14:55:37.134,1176.0,1007.0,,,exhale,
76.609,14:55:37.154,1177.0,1007.0,,,exhale,
76.629,14:55:37.174,1176.0,1004.0,,,exhale,
76.649,14:55:37.194,1177.0,1006.0,,,exhale,
76.669,14:55:37.214,1175.0,1007.0,,,exhale,
76.690,14:55:37.235,1173.0,1002.0,,,exhale,
76.709,14:55:37.254,1173.0,1006.0,,,exhale,
76.729,14:55:37.274,1175.0,1000.0,,,exhale,
76.749,14:55:37.294,1174.0,1006.0,,,exhale,
76.769,14:55:37.314,1176.0,1000.0,,,exhale,
76.789,14:55:37.334,1177.0,1006.0,,,exhale,
76.809,14:55:37.354,1172.0,1004.0,,,exhale,
76.829,14:55:37.374,1175.0,1005.0,,,exhale,
76.849,14:55:37.394,1146.0,1006.0,,,exhale,
76.869,14:55:37.414,1171.0,1002.0,,,exhale,
76.889,14:55:37.434,1183.0,1004.0,,,exhale,
76.909,14:55:37.454,1171.0,1002.0,,,exhale,
76.929,14:55:37.474,1173.0,1004.0,,,exhale,
76.949,14:55:37.494,1173.0,1003.0,,,exhale,
76.969,14:55:37.514,1171.0,1001.0,,,exhale,
76.989,14:55:37.534,1193.0,1004.0,,,exhale,
77.009,14:55:37.554,1167.0,1004.0,,,exhale,
77.029,14:55:37.574,1170.0,1000.0,,,exhale,
77.049,14:55:37.594,1175.0,1004.0,,,exhale,
77.069,14:55:37.614,1173.0,1004.0,,,exhale,
77.089,14:55:37.634,1173.0,1004.0,,,exhale,
77.109,14:55:37.654,1171.0,1004.0,,,exhale,
77.129,14:55:37.674,1172.0,1004.0,,,exhale,
77.149,14:55:37.694,1173.0,1005.0,,,exhale,
77.169,14:55:37.714,1173.0,1004.0,,,exhale,
77.189,14:55:37.734,1173.0,1004.0,,,exhale,
77.209,14:55:37.754,1173.0,1001.0,,,exhale,
77.229,14:55:37.774,1172.0,1003.0,,,exhale,
77.253,14:55:37.798,1174.0,1006.0,,,exhale,
77.269,14:55:37.814,1174.0,1002.0,,,exhale,
77.289,14:55:37.834,1175.0,1007.0,,,exhale,
77.309,14:55:37.854,1175.0,1004.0,,,exhale,
77.329,14:55:37.874,1175.0,1006.0,,,exhale,
77.349,14:55:37.894,1176.0,1008.0,,,exhale,
77.369,14:55:37.914,1177.0,1007.0,,,exhale,
77.389,14:55:37.934,1176.0,1007.0,,,exhale,
77.409,14:55:37.954,1178.0,1007.0,,,exhale,
77.429,14:55:37.974,1179.0,1009.0,,,exhale,
77.449,14:55:37.994,1187.0,1009.0,,,exhale,
77.469,14:55:38.014,1178.0,1010.0,,,exhale,
77.490,14:55:38.035,1179.0,1012.0,,,exhale,
77.509,14:55:38.054,1181.0,1010.0,,,inhale,inhale_onset
77.529,14:55:38.074,1181.0,1010.0,,,inhale,
77.549,14:55:38.094,1179.0,1010.0,,,inhale,
77.569,14:55:38.114,1191.0,1011.0,,,inhale,
77.589,14:55:38.134,1180.0,1011.0,,,inhale,
77.609,14:55:38.154,1183.0,1004.0,,,inhale,
77.629,14:55:38.174,1182.0,1011.0,,,inhale,
77.649,14:55:38.194,1181.0,1013.0,,,inhale,
77.669,14:55:38.214,1181.0,1012.0,,,inhale,
77.689,14:55:38.235,1192.0,1011.0,,,inhale,
77.709,14:55:38.254,1183.0,1011.0,,,inhale,
77.729,14:55:38.274,1179.0,1010.0,,,inhale,
77.749,14:55:38.294,1180.0,1011.0,,,inhale,
77.769,14:55:38.314,1187.0,1011.0,,,inhale,
77.791,14:55:38.336,1181.0,1014.0,,,inhale,
77.809,14:55:38.354,1181.0,1016.0,,,inhale,
77.829,14:55:38.374,1183.0,1010.0,,,inhale,
77.849,14:55:38.394,1183.0,1009.0,,,inhale,
77.869,14:55:38.414,1180.0,1010.0,,,inhale,
77.889,14:55:38.434,1182.0,1011.0,,,inhale,
77.909,14:55:38.454,1179.0,1010.0,,,inhale,
77.929,14:55:38.474,1173.0,1012.0,,,inhale,
77.949,14:55:38.494,1179.0,1012.0,,,inhale,
77.969,14:55:38.514,1179.0,1010.0,,,inhale,
77.989,14:55:38.534,1181.0,1011.0,,,inhale,
78.009,14:55:38.554,1181.0,1010.0,,,inhale,
78.029,14:55:38.574,1178.0,1014.0,,,inhale,
78.049,14:55:38.594,1180.0,1010.0,,,inhale,
78.069,14:55:38.614,1181.0,1009.0,,,inhale,
78.089,14:55:38.634,1181.0,1009.0,,,inhale,
78.109,14:55:38.654,1180.0,1010.0,,,inhale,
78.129,14:55:38.674,1179.0,1007.0,,,inhale,
78.149,14:55:38.694,1179.0,1009.0,,,inhale,
78.169,14:55:38.714,1180.0,1010.0,,,inhale,
78.189,14:55:38.734,1179.0,1010.0,,,inhale,
78.209,14:55:38.754,1181.0,1009.0,,,inhale,
78.229,14:55:38.774,1179.0,1010.0,,,inhale,
78.253,14:55:38.798,1178.0,1008.0,,,inhale,
78.269,14:55:38.814,1179.0,1009.0,,,inhale,
78.291,14:55:38.836,1177.0,1009.0,,,inhale,
78.309,14:55:38.854,1179.0,1007.0,,,inhale,
78.332,14:55:38.877,1183.0,1010.0,,,inhale,
78.355,14:55:38.900,1177.0,1007.0,,,inhale,
78.369,14:55:38.914,1179.0,1007.0,,,inhale,
78.389,14:55:38.934,1177.0,1008.0,,,inhale,
78.409,14:55:38.954,1177.0,1007.0,,,inhale,
78.429,14:55:38.974,1177.0,1007.0,,,inhale,
78.449,14:55:38.994,1176.0,1007.0,,,inhale,
78.469,14:55:39.014,1192.0,1007.0,,,inhale,
78.489,14:55:39.034,1179.0,1007.0,,,inhale,
78.509,14:55:39.054,1176.0,1009.0,,,inhale,
78.529,14:55:39.074,1173.0,1010.0,,,inhale,
78.549,14:55:39.094,1176.0,1005.0,,,inhale,
78.569,14:55:39.114,1177.0,1005.0,,,inhale,
78.589,14:55:39.135,1173.0,1004.0,,,inhale,
78.609,14:55:39.154,1172.0,1004.0,,,inhale,
78.629,14:55:39.174,1174.0,1004.0,,,inhale,
78.649,14:55:39.194,1159.0,1002.0,,,inhale,
78.669,14:55:39.214,1169.0,999.0,,,inhale,
78.689,14:55:39.234,1173.0,1002.0,,,inhale,
78.709,14:55:39.254,1171.0,1003.0,,,inhale,
78.729,14:55:39.274,1171.0,1005.0,,,exhale,exhale_onset
78.749,14:55:39.294,1171.0,1002.0,,,exhale,
78.769,14:55:39.314,1170.0,1001.0,,,exhale,
78.789,14:55:39.335,1169.0,999.0,,,exhale,
78.809,14:55:39.354,1167.0,999.0,,,exhale,
78.829,14:55:39.374,1173.0,1001.0,,,exhale,
78.849,14:55:39.394,1169.0,1000.0,,,exhale,
78.869,14:55:39.414,1159.0,999.0,,,exhale,
78.890,14:55:39.435,1167.0,999.0,,,exhale,
78.909,14:55:39.454,1167.0,1000.0,,,exhale,
78.929,14:55:39.474,1165.0,999.0,,,exhale,
78.949,14:55:39.494,1171.0,997.0,,,exhale,
78.969,14:55:39.514,1166.0,998.0,,,exhale,
78.990,14:55:39.535,1165.0,998.0,,,exhale,
79.009,14:55:39.554,1180.0,997.0,,,exhale,
79.029,14:55:39.574,1167.0,998.0,,,exhale,
79.049,14:55:39.594,1167.0,998.0,,,exhale,
79.069,14:55:39.614,1165.0,998.0,,,exhale,
79.089,14:55:39.634,1165.0,997.0,,,exhale,
79.109,14:55:39.654,1165.0,998.0,,,exhale,
79.129,14:55:39.674,1167.0,999.0,,,exhale,
79.149,14:55:39.694,1167.0,999.0,,,exhale,
79.169,14:55:39.714,1167.0,1000.0,,,exhale,
79.189,14:55:39.734,1167.0,993.0,,,exhale,
79.209,14:55:39.754,1165.0,1003.0,,,exhale,
79.229,14:55:39.774,1163.0,997.0,,,exhale,
79.253,14:55:39.798,1167.0,998.0,,,exhale,
79.269,14:55:39.814,1165.0,999.0,,,exhale,
79.289,14:55:39.834,1165.0,1000.0,,,exhale,
79.309,14:55:39.854,1165.0,998.0,,,exhale,
79.329,14:55:39.874,1164.0,998.0,,,exhale,
79.349,14:55:39.894,1163.0,999.0,,,exhale,
79.369,14:55:39.914,1164.0,998.0,,,exhale,
79.390,14:55:39.936,1167.0,998.0,,,exhale,
79.409,14:55:39.954,1165.0,1000.0,,,exhale,
79.429,14:55:39.974,1164.0,1003.0,,,exhale,
79.449,14:55:39.994,1164.0,997.0,,,exhale,
79.469,14:55:40.014,1166.0,997.0,,,exhale,
79.490,14:55:40.035,1158.0,995.0,,,exhale,
79.509,14:55:40.054,1163.0,994.0,,,exhale,
79.529,14:55:40.074,1163.0,997.0,,,exhale,
79.549,14:55:40.094,1166.0,995.0,,,exhale,
79.569,14:55:40.114,1161.0,994.0,,,exhale,
79.589,14:55:40.134,1169.0,994.0,,,exhale,
79.609,14:55:40.154,1163.0,993.0,,,exhale,
79.629,14:55:40.174,1162.0,994.0,,,exhale,
79.649,14:55:40.194,1163.0,995.0,,,exhale,
79.669,14:55:40.214,1159.0,995.0,,,exhale,
79.689,14:55:40.234,1157.0,995.0,,,exhale,
79.709,14:55:40.254,1161.0,997.0,,,exhale,
79.729,14:55:40.274,1163.0,993.0,,,exhale,
79.749,14:55:40.294,1163.0,994.0,,,exhale,
79.769,14:55:40.314,1131.0,995.0,,,exhale,
79.789,14:55:40.334,1161.0,992.0,,,exhale,
79.809,14:55:40.354,1160.0,993.0,,,exhale,
79.829,14:55:40.374,1161.0,993.0,,,exhale,
79.849,14:55:40.394,1161.0,993.0,,,exhale,
79.869,14:55:40.414,1161.0,995.0,,,exhale,
79.894,14:55:40.439,1161.0,994.0,,,exhale,
79.909,14:55:40.454,1159.0,994.0,,,exhale,
79.929,14:55:40.474,1161.0,993.0,,,exhale,
79.949,14:55:40.494,1160.0,995.0,,,exhale,
79.969,14:55:40.514,1161.0,990.0,,,exhale,
79.989,14:55:40.534,1161.0,990.0,,,exhale,
80.009,14:55:40.554,1161.0,1002.0,,,exhale,
80.029,14:55:40.574,1171.0,995.0,,,exhale,
80.049,14:55:40.594,1163.0,996.0,,,exhale,
80.069,14:55:40.614,1165.0,995.0,,,exhale,
80.089,14:55:40.635,1177.0,997.0,,,exhale,
80.109,14:55:40.654,1171.0,998.0,,,exhale,
80.129,14:55:40.674,1171.0,1001.0,,,exhale,
80.149,14:55:40.694,1172.0,1003.0,,,inhale,inhale_onset
80.169,14:55:40.714,1171.0,1002.0,,,inhale,
80.189,14:55:40.734,1176.0,1006.0,,,inhale,
80.209,14:55:40.754,1173.0,996.0,,,inhale,
80.229,14:55:40.774,1173.0,1005.0,,,inhale,
80.253,14:55:40.798,1174.0,1009.0,,,inhale,
80.269,14:55:40.814,1177.0,1008.0,,,inhale,
80.289,14:55:40.834,1176.0,1009.0,,,inhale,
80.309,14:55:40.854,1177.0,1007.0,,,inhale,
80.329,14:55:40.874,1177.0,1011.0,,,inhale,
80.349,14:55:40.894,1176.0,1006.0,,,inhale,
80.370,14:55:40.915,1179.0,1011.0,,,inhale,
80.389,14:55:40.935,1179.0,1008.0,,,inhale,
80.409,14:55:40.954,1179.0,1008.0,,,inhale,
80.429,14:55:40.974,1180.0,1008.0,,,inhale,
80.449,14:55:40.994,1179.0,1009.0,,,inhale,
80.469,14:55:41.014,1179.0,1009.0,,,inhale,
80.490,14:55:41.035,1179.0,1010.0,,,inhale,
80.509,14:55:41.054,1179.0,1010.0,,,inhale,
80.529,14:55:41.074,1179.0,1009.0,,,inhale,
80.549,14:55:41.094,1145.0,1015.0,,,inhale,
80.569,14:55:41.114,1180.0,1009.0,,,inhale,
80.589,14:55:41.134,1180.0,1006.0,,,inhale,
80.609,14:55:41.154,1180.0,1009.0,,,inhale,
80.629,14:55:41.174,1180.0,1013.0,,,inhale,
80.649,14:55:41.194,1181.0,1011.0,,,inhale,
80.669,14:55:41.214,1181.0,1016.0,,,inhale,
80.689,14:55:41.234,1184.0,1010.0,,,inhale,
80.709,14:55:41.254,1181.0,1020.0,,,inhale,
80.729,14:55:41.274,1181.0,1010.0,,,inhale,
80.749,14:55:41.294,1183.0,1011.0,,,inhale,
80.769,14:55:41.314,1182.0,1012.0,,,inhale,
80.789,14:55:41.334,1183.0,1014.0,,,inhale,
80.809,14:55:41.354,1183.0,1014.0,,,inhale,
80.829,14:55:41.374,1189.0,1014.0,,,inhale,
80.849,14:55:41.394,1183.0,1014.0,,,inhale,
80.869,14:55:41.414,1181.0,1008.0,,,inhale,
80.890,14:55:41.435,1189.0,1013.0,,,inhale,
80.909,14:55:41.454,1182.0,1015.0,,,inhale,
80.929,14:55:41.474,1188.0,1015.0,,,inhale,
80.949,14:55:41.494,1187.0,1014.0,,,inhale,
80.969,14:55:41.514,1187.0,1015.0,,,inhale,
80.990,14:55:41.535,1181.0,1012.0,,,inhale,
81.009,14:55:41.554,1183.0,1013.0,,,inhale,
81.029,14:55:41.574,1182.0,1015.0,,,inhale,
81.049,14:55:41.594,1187.0,1017.0,,,inhale,
81.069,14:55:41.614,1183.0,1013.0,,,inhale,
81.089,14:55:41.634,1183.0,1017.0,,,inhale,
81.109,14:55:41.654,1177.0,1014.0,,,inhale,
81.129,14:55:41.674,1181.0,1013.0,,,inhale,
81.149,14:55:41.694,1183.0,1011.0,,,inhale,
81.169,14:55:41.714,1182.0,1011.0,,,inhale,
81.190,14:55:41.735,1181.0,1011.0,,,inhale,
81.209,14:55:41.754,1183.0,1013.0,,,inhale,
81.229,14:55:41.774,1179.0,1011.0,,,inhale,
81.253,14:55:41.798,1182.0,1010.0,,,inhale,
81.269,14:55:41.814,1181.0,1011.0,,,inhale,
81.290,14:55:41.835,1179.0,1011.0,,,inhale,
81.309,14:55:41.854,1179.0,1009.0,,,inhale,
81.329,14:55:41.874,1179.0,1011.0,,,inhale,
81.349,14:55:41.894,1179.0,1010.0,,,inhale,
81.369,14:55:41.914,1173.0,1003.0,,,inhale,
81.390,14:55:41.935,1179.0,1005.0,,,inhale,
81.409,14:55:41.954,1182.0,1009.0,,,inhale,
81.429,14:55:41.974,1178.0,1008.0,,,exhale,exhale_onset
81.449,14:55:41.994,1178.0,1012.0,,,exhale,
81.469,14:55:42.014,1178.0,1008.0,,,exhale,
81.489,14:55:42.034,1177.0,1008.0,,,exhale,
81.509,14:55:42.054,1176.0,1011.0,,,exhale,
81.529,14:55:42.074,1179.0,1007.0,,,exhale,
81.549,14:55:42.094,1177.0,1008.0,,,exhale,
81.569,14:55:42.114,1256.0,1008.0,,,exhale,
81.590,14:55:42.135,1177.0,1009.0,,,exhale,
81.609,14:55:42.154,1176.0,1007.0,,,exhale,
81.629,14:55:42.174,1178.0,1007.0,,,exhale,
81.649,14:55:42.194,1177.0,1007.0,,,exhale,
81.669,14:55:42.214,1181.0,1008.0,,,exhale,
81.692,14:55:42.237,1175.0,1005.0,,,exhale,
81.709,14:55:42.254,1177.0,1007.0,,,exhale,
81.729,14:55:42.274,1176.0,1007.0,,,exhale,
81.749,14:55:42.294,1173.0,1007.0,,,exhale,
81.769,14:55:42.314,1177.0,1007.0,,,exhale,
81.789,14:55:42.334,1177.0,1008.0,,,exhale,
81.809,14:55:42.354,1175.0,1006.0,,,exhale,
81.829,14:55:42.374,1176.0,1007.0,,,exhale,
81.849,14:55:42.394,1175.0,1011.0,,,exhale,
81.869,14:55:42.414,1175.0,1007.0,,,exhale,
81.889,14:55:42.434,1177.0,1006.0,,,exhale,
81.909,14:55:42.454,1175.0,1006.0,,,exhale,
81.929,14:55:42.474,1177.0,1005.0,,,exhale,
81.949,14:55:42.494,1175.0,1006.0,,,exhale,
81.969,14:55:42.514,1175.0,1005.0,,,exhale,
81.989,14:55:42.535,1175.0,1014.0,,,exhale,
82.009,14:55:42.554,1175.0,1006.0,,,exhale,
82.029,14:55:42.574,1175.0,1007.0,,,exhale,
82.049,14:55:42.594,1176.0,1006.0,,,exhale,
82.069,14:55:42.614,1175.0,1008.0,,,exhale,
82.090,14:55:42.635,1176.0,1008.0,,,exhale,
82.109,14:55:42.654,1175.0,1006.0,,,exhale,
82.129,14:55:42.674,1176.0,1007.0,,,exhale,
82.149,14:55:42.694,1174.0,1007.0,,,exhale,
82.169,14:55:42.714,1177.0,1007.0,,,exhale,
82.190,14:55:42.735,1177.0,1008.0,,,exhale,
82.209,14:55:42.754,1176.0,1014.0,,,exhale,
82.229,14:55:42.774,1177.0,1005.0,,,exhale,
82.253,14:55:42.798,1180.0,1008.0,,,exhale,
82.269,14:55:42.814,1179.0,1008.0,,,exhale,
82.291,14:55:42.836,1178.0,1005.0,,,exhale,
82.309,14:55:42.854,1179.0,1010.0,,,exhale,
82.329,14:55:42.874,1179.0,1009.0,,,exhale,
82.349,14:55:42.894,1177.0,1009.0,,,exhale,
82.369,14:55:42.914,1179.0,1010.0,,,exhale,
82.390,14:55:42.935,1182.0,1014.0,,,exhale,
82.409,14:55:42.954,1181.0,1011.0,,,exhale,
82.429,14:55:42.974,1180.0,1012.0,,,exhale,
82.449,14:55:42.994,1181.0,1011.0,,,exhale,
82.469,14:55:43.014,1183.0,1012.0,,,exhale,
82.489,14:55:43.034,1183.0,1009.0,,,exhale,
82.509,14:55:43.054,1183.0,1014.0,,,exhale,
82.529,14:55:43.074,1190.0,1015.0,,,exhale,
82.549,14:55:43.094,1188.0,1015.0,,,exhale,
82.569,14:55:43.114,1187.0,1015.0,,,exhale,
82.590,14:55:43.135,1190.0,1015.0,,,exhale,
82.609,14:55:43.154,1187.0,1015.0,,,exhale,
82.629,14:55:43.174,1189.0,1013.0,,,inhale,inhale_onset
82.649,14:55:43.194,1188.0,1013.0,,,inhale,
82.669,14:55:43.214,1191.0,1014.0,,,inhale,
82.690,14:55:43.235,1187.0,1010.0,,,inhale,
82.709,14:55:43.254,1187.0,1015.0,,,inhale,
82.729,14:55:43.274,1189.0,1014.0,,,inhale,
82.749,14:55:43.294,1179.0,1015.0,,,inhale,
82.769,14:55:43.314,1187.0,1020.0,,,inhale,
82.789,14:55:43.334,1187.0,1014.0,,,inhale,
82.809,14:55:43.354,1187.0,1015.0,,,inhale,
82.829,14:55:43.374,1187.0,1016.0,,,inhale,
82.849,14:55:43.394,1193.0,1014.0,,,inhale,
82.869,14:55:43.414,1187.0,1015.0,,,inhale,
82.890,14:55:43.435,1188.0,1011.0,,,inhale,
82.909,14:55:43.454,1184.0,1013.0,,,inhale,
82.929,14:55:43.474,1190.0,1014.0,,,inhale,
82.949,14:55:43.494,1183.0,1012.0,,,inhale,
82.969,14:55:43.514,1183.0,1011.0,,,inhale,
82.990,14:55:43.535,1183.0,1012.0,,,inhale,
83.009,14:55:43.554,1180.0,1011.0,,,inhale,
83.029,14:55:43.574,1182.0,1004.0,,,inhale,
83.049,14:55:43.594,1182.0,1010.0,,,inhale,
83.069,14:55:43.614,1181.0,1010.0,,,inhale,
83.089,14:55:43.634,1180.0,1011.0,,,inhale,
83.109,14:55:43.654,1179.0,1009.0,,,inhale,
83.129,14:55:43.674,1179.0,1008.0,,,inhale,
83.149,14:55:43.694,1181.0,1010.0,,,inhale,
83.169,14:55:43.714,1180.0,1009.0,,,inhale,
83.189,14:55:43.734,1178.0,1009.0,,,inhale,
83.209,14:55:43.754,1179.0,1009.0,,,inhale,
83.229,14:55:43.774,1178.0,1009.0,,,inhale,
83.253,14:55:43.798,1177.0,1008.0,,,inhale,
83.269,14:55:43.814,1181.0,1013.0,,,inhale,
83.289,14:55:43.835,1178.0,1007.0,,,inhale,
83.309,14:55:43.854,1178.0,1008.0,,,inhale,
83.329,14:55:43.874,1178.0,1007.0,,,inhale,
83.349,14:55:43.894,1177.0,1007.0,,,inhale,
83.369,14:55:43.914,1177.0,1007.0,,,inhale,
83.390,14:55:43.935,1177.0,1008.0,,,inhale,
83.409,14:55:43.954,1177.0,1007.0,,,inhale,
83.429,14:55:43.974,1176.0,1006.0,,,inhale,
83.449,14:55:43.994,1177.0,1010.0,,,inhale,
83.469,14:55:44.014,1177.0,1007.0,,,inhale,
83.489,14:55:44.034,1176.0,1007.0,,,inhale,
83.509,14:55:44.054,1176.0,1010.0,,,inhale,
83.529,14:55:44.074,1176.0,1007.0,,,inhale,
83.549,14:55:44.094,1176.0,1004.0,,,inhale,
83.569,14:55:44.114,1175.0,1005.0,,,inhale,
83.590,14:55:44.135,1175.0,1006.0,,,inhale,
83.609,14:55:44.154,1175.0,1005.0,,,inhale,
83.629,14:55:44.174,1174.0,1006.0,,,inhale,
83.649,14:55:44.194,1174.0,1005.0,,,inhale,
83.669,14:55:44.214,1174.0,1005.0,,,inhale,
83.690,14:55:44.235,1173.0,1004.0,,,inhale,
83.709,14:55:44.254,1173.0,1004.0,,,inhale,
83.729,14:55:44.274,1173.0,1005.0,,,inhale,
83.749,14:55:44.294,1172.0,1004.0,,,inhale,
83.769,14:55:44.314,1183.0,1003.0,,,inhale,
83.789,14:55:44.335,1172.0,1003.0,,,inhale,
83.809,14:55:44.354,1171.0,1002.0,,,inhale,
83.829,14:55:44.374,1181.0,1002.0,,,inhale,
83.849,14:55:44.394,1171.0,1002.0,,,inhale,
83.869,14:55:44.414,1170.0,1002.0,,,inhale,
83.890,14:55:44.435,1171.0,1000.0,,,inhale,
83.909,14:55:44.454,1172.0,1002.0,,,inhale,
83.929,14:55:44.474,1175.0,1000.0,,,inhale,
83.949,14:55:44.494,1165.0,1000.0,,,inhale,
83.969,14:55:44.514,1169.0,1000.0,,,inhale,
83.991,14:55:44.536,1170.0,1000.0,,,inhale,
84.009,14:55:44.554,1179.0,997.0,,,inhale,
84.029,14:55:44.574,1166.0,994.0,,,inhale,
84.049,14:55:44.594,1165.0,998.0,,,inhale,
84.069,14:55:44.614,1169.0,993.0,,,inhale,
84.089,14:55:44.634,1164.0,997.0,,,inhale,
84.109,14:55:44.654,1165.0,996.0,,,inhale,
84.129,14:55:44.674,1166.0,996.0,,,inhale,
84.149,14:55:44.694,1165.0,998.0,,,inhale,
84.169,14:55:44.714,1165.0,998.0,,,inhale,
84.191,14:55:44.736,1167.0,996.0,,,inhale,
84.209,14:55:44.754,1163.0,996.0,,,inhale,
84.229,14:55:44.774,1163.0,997.0,,,inhale,
84.253,14:55:44.798,1165.0,997.0,,,inhale,
84.269,14:55:44.814,1163.0,997.0,,,inhale,
84.290,14:55:44.835,1164.0,997.0,,,inhale,
84.309,14:55:44.854,1165.0,996.0,,,inhale,
84.329,14:55:44.874,1163.0,994.0,,,inhale,
84.349,14:55:44.894,1163.0,995.0,,,inhale,
84.369,14:55:44.914,1165.0,995.0,,,inhale,
84.390,14:55:44.935,1165.0,993.0,,,inhale,
84.409,14:55:44.954,1163.0,996.0,,,inhale,
84.429,14:55:44.974,1164.0,991.0,,,inhale,
84.449,14:55:44.994,1164.0,998.0,,,inhale,
84.469,14:55:45.014,1164.0,990.0,,,inhale,
84.490,14:55:45.035,1165.0,996.0,,,inhale,
84.509,14:55:45.054,1163.0,997.0,,,inhale,
84.529,14:55:45.074,1161.0,992.0,,,inhale,
84.549,14:55:45.094,1162.0,1000.0,,,inhale,
84.569,14:55:45.114,1172.0,995.0,,,inhale,
84.589,14:55:45.135,1163.0,996.0,,,inhale,
84.609,14:55:45.154,1163.0,995.0,,,inhale,
84.629,14:55:45.174,1165.0,995.0,,,inhale,
84.649,14:55:45.194,1162.0,997.0,,,inhale,
84.669,14:55:45.214,1163.0,997.0,,,inhale,
84.690,14:55:45.235,1165.0,996.0,,,inhale,
84.709,14:55:45.254,1163.0,995.0,,,inhale,
84.729,14:55:45.274,1163.0,995.0,,,inhale,
84.749,14:55:45.294,1163.0,995.0,,,inhale,
84.769,14:55:45.314,1161.0,996.0,,,inhale,
84.790,14:55:45.335,1161.0,996.0,,,inhale,
84.809,14:55:45.354,1160.0,994.0,,,inhale,
84.829,14:55:45.374,1161.0,995.0,,,inhale,
84.849,14:55:45.394,1163.0,994.0,,,inhale,
84.869,14:55:45.414,1161.0,994.0,,,inhale,
84.889,14:55:45.434,1163.0,994.0,,,inhale,
84.909,14:55:45.454,1161.0,995.0,,,inhale,
84.929,14:55:45.474,1161.0,995.0,,,inhale,
84.949,14:55:45.494,1163.0,991.0,,,inhale,
84.969,14:55:45.514,1161.0,996.0,,,inhale,
84.990,14:55:45.535,1161.0,995.0,,,inhale,
85.009,14:55:45.554,1161.0,995.0,,,inhale,
85.029,14:55:45.574,1163.0,997.0,,,inhale,
85.049,14:55:45.594,1165.0,996.0,,,inhale,
85.069,14:55:45.614,1165.0,998.0,,,inhale,
85.090,14:55:45.635,1176.0,999.0,,,inhale,
85.109,14:55:45.654,1170.0,1001.0,,,inhale,
85.129,14:55:45.674,1167.0,1005.0,,,inhale,
85.149,14:55:45.694,1171.0,1002.0,,,inhale,
85.169,14:55:45.714,1175.0,1002.0,,,inhale,
85.190,14:55:45.735,1175.0,1007.0,,,inhale,
85.209,14:55:45.754,1176.0,1006.0,,,inhale,
85.229,14:55:45.774,1174.0,1007.0,,,inhale,
85.253,14:55:45.798,1178.0,1008.0,,,inhale,
85.269,14:55:45.814,1178.0,1008.0,,,inhale,
85.289,14:55:45.835,1177.0,1008.0,,,inhale,
85.309,14:55:45.854,1177.0,1011.0,,,inhale,
85.329,14:55:45.874,1177.0,1008.0,,,inhale,
85.349,14:55:45.894,1172.0,1008.0,,,inhale,
85.369,14:55:45.914,1181.0,1015.0,,,inhale,
85.389,14:55:45.934,1179.0,1012.0,,,inhale,
85.409,14:55:45.954,1180.0,1011.0,,,inhale,
85.429,14:55:45.974,1179.0,1013.0,,,inhale,
85.449,14:55:45.994,1180.0,1008.0,,,inhale,
85.469,14:55:46.014,1178.0,1008.0,,,inhale,
85.489,14:55:46.034,1179.0,1008.0,,,inhale,
85.509,14:55:46.054,1178.0,1009.0,,,inhale,
85.529,14:55:46.074,1179.0,1008.0,,,inhale,
85.549,14:55:46.094,1139.0,1009.0,,,inhale,
85.569,14:55:46.114,1177.0,1008.0,,,inhale,
85.592,14:55:46.137,1179.0,1009.0,,,inhale,
85.609,14:55:46.154,1178.0,1006.0,,,inhale,
85.629,14:55:46.174,1177.0,1003.0,,,inhale,
85.649,14:55:46.194,1179.0,1008.0,,,inhale,
85.669,14:55:46.214,1179.0,1009.0,,,inhale,
85.696,14:55:46.241,1179.0,1007.0,,,inhale,
85.714,14:55:46.259,1180.0,1008.0,,,inhale,
85.729,14:55:46.274,1183.0,1009.0,,,inhale,
85.749,14:55:46.294,1179.0,1012.0,,,inhale,
85.769,14:55:46.314,1180.0,1009.0,,,inhale,
85.789,14:55:46.334,1180.0,1007.0,,,inhale,
85.809,14:55:46.354,1175.0,1008.0,,,inhale,
85.829,14:55:46.374,1177.0,1008.0,,,inhale,
85.849,14:55:46.394,1175.0,1011.0,,,inhale,
85.869,14:55:46.414,1175.0,1007.0,,,inhale,
85.890,14:55:46.435,1175.0,1009.0,,,inhale,
85.909,14:55:46.454,1175.0,1005.0,,,inhale,
85.929,14:55:46.474,1175.0,1005.0,,,inhale,
85.949,14:55:46.494,1175.0,1005.0,,,inhale,
85.969,14:55:46.514,1175.0,1006.0,,,inhale,
85.989,14:55:46.535,1175.0,1005.0,,,inhale,
86.009,14:55:46.554,1175.0,1006.0,,,inhale,
86.029,14:55:46.574,1175.0,1006.0,,,inhale,
86.049,14:55:46.594,1175.0,1009.0,,,inhale,
86.069,14:55:46.614,1173.0,1007.0,,,inhale,
86.089,14:55:46.635,1175.0,1008.0,,,inhale,
86.109,14:55:46.654,1176.0,1006.0,,,inhale,
86.129,14:55:46.674,1175.0,1007.0,,,inhale,
86.149,14:55:46.694,1173.0,1004.0,,,inhale,
86.169,14:55:46.714,1173.0,1003.0,,,inhale,
86.190,14:55:46.735,1173.0,1005.0,,,inhale,
86.209,14:55:46.754,1173.0,1008.0,,,inhale,
86.229,14:55:46.774,1171.0,1002.0,,,inhale,
86.253,14:55:46.798,1173.0,1003.0,,,inhale,
86.269,14:55:46.814,1172.0,1003.0,,,inhale,
86.290,14:55:46.835,1172.0,1003.0,,,exhale,exhale_onset
86.309,14:55:46.854,1173.0,1003.0,,,exhale,
86.329,14:55:46.874,1170.0,1005.0,,,exhale,
86.349,14:55:46.894,1173.0,1002.0,,,exhale,
86.369,14:55:46.914,1167.0,1001.0,,,exhale,
86.390,14:55:46.935,1169.0,1001.0,,,exhale,
86.409,14:55:46.954,1167.0,1002.0,,,exhale,
86.429,14:55:46.974,1169.0,1000.0,,,exhale,
86.449,14:55:46.994,1167.0,995.0,,,exhale,
86.469,14:55:47.014,1167.0,999.0,,,exhale,
86.489,14:55:47.034,1167.0,1000.0,,,exhale,
86.509,14:55:47.054,1170.0,999.0,,,exhale,
86.529,14:55:47.074,1170.0,996.0,,,exhale,
86.549,14:55:47.094,1171.0,1000.0,,,exhale,
86.569,14:55:47.114,1171.0,1001.0,,,exhale,
86.590,14:55:47.135,1171.0,1001.0,,,exhale,
86.609,14:55:47.154,1172.0,1002.0,,,exhale,
86.629,14:55:47.174,1172.0,1004.0,,,exhale,
86.649,14:55:47.194,1172.0,1004.0,,,exhale,
86.669,14:55:47.214,1174.0,1003.0,,,exhale,
86.690,14:55:47.235,1173.0,1006.0,,,exhale,
86.709,14:55:47.254,1175.0,1004.0,,,exhale,
86.729,14:55:47.274,1172.0,1003.0,,,exhale,
86.749,14:55:47.294,1167.0,1005.0,,,exhale,
86.769,14:55:47.314,1172.0,1005.0,,,exhale,
86.790,14:55:47.335,1175.0,1004.0,,,exhale,
86.809,14:55:47.354,1173.0,1003.0,,,exhale,
86.829,14:55:47.374,1175.0,1002.0,,,exhale,
86.849,14:55:47.394,1173.0,1005.0,,,exhale,
86.869,14:55:47.414,1173.0,1006.0,,,exhale,
86.890,14:55:47.435,1173.0,1003.0,,,exhale,
86.909,14:55:47.454,1175.0,1012.0,,,exhale,
86.929,14:55:47.474,1171.0,1005.0,,,exhale,
86.949,14:55:47.494,1171.0,1008.0,,,exhale,
86.969,14:55:47.514,1173.0,1005.0,,,exhale,
86.989,14:55:47.534,1171.0,1003.0,,,exhale,
87.009,14:55:47.554,1175.0,1004.0,,,exhale,
87.029,14:55:47.574,1173.0,1014.0,,,exhale,
87.049,14:55:47.594,1181.0,1006.0,,,exhale,
87.069,14:55:47.614,1183.0,1007.0,,,exhale,
87.089,14:55:47.634,1179.0,1006.0,,,exhale,
87.109,14:55:47.654,1175.0,1008.0,,,exhale,
87.129,14:55:47.674,1203.0,1007.0,,,exhale,
87.149,14:55:47.694,1203.0,1010.0,,,exhale,
87.169,14:55:47.714,1187.0,997.0,,,exhale,
87.190,14:55:47.735,1184.0,1015.0,,,exhale,
87.209,14:55:47.754,1181.0,1013.0,,,exhale,
87.229,14:55:47.774,1181.0,1018.0,,,exhale,
87.253,14:55:47.798,1191.0,1013.0,,,exhale,
87.269,14:55:47.814,1183.0,1013.0,,,exhale,
87.290,14:55:47.835,1181.0,1007.0,,,exhale,
87.309,14:55:47.854,1181.0,1012.0,,,exhale,
87.329,14:55:47.874,1183.0,1011.0,,,exhale,
87.349,14:55:47.894,1180.0,1011.0,,,exhale,
87.369,14:55:47.914,1178.0,1011.0,,,exhale,
87.391,14:55:47.936,1179.0,1010.0,,,exhale,
87.409,14:55:47.954,1179.0,1010.0,,,exhale,
87.429,14:55:47.974,1179.0,1019.0,,,exhale,
87.449,14:55:47.994,1178.0,1011.0,,,exhale,
87.469,14:55:48.014,1182.0,1009.0,,,exhale,
87.490,14:55:48.035,1175.0,1007.0,,,exhale,
87.509,14:55:48.054,1173.0,1007.0,,,exhale,
87.529,14:55:48.074,1175.0,1006.0,,,exhale,
87.549,14:55:48.094,1175.0,1006.0,,,exhale,
87.569,14:55:48.114,1175.0,1000.0,,,exhale,
87.590,14:55:48.135,1171.0,1003.0,,,exhale,
87.609,14:55:48.154,1174.0,1008.0,,,exhale,
87.629,14:55:48.174,1171.0,996.0,,,exhale,
87.649,14:55:48.194,1172.0,1005.0,,,exhale,
87.669,14:55:48.214,1171.0,1003.0,,,exhale,
87.690,14:55:48.235,1167.0,1001.0,,,exhale,
